allergen_a,allergen_b,n_pos_a,n_pos_b,n11,n10,n01,n00,phi,odds_ratio,fisher_p,n11_null_mean,n11_null_sd,excess,z_adj,p_perm,fdr_q_unadj,fdr_q_adj,n_prot_a,n_prot_b,n_combinations,same_family_any,identity_global_max,identity_global_top3,window80_max,window80_top3,kmer6_max,kmer6_top3,kmer8_max,kmer8_top3,z_identity_global_max,null_identity_global_max_mean,z_identity_global_top3,null_identity_global_top3_mean,z_window80_max,null_window80_max_mean,z_window80_top3,null_window80_top3_mean,z_kmer6_max,null_kmer6_max_mean,z_kmer6_top3,null_kmer6_top3_mean,z_kmer8_max,null_kmer8_max_mean,z_kmer8_top3,null_kmer8_top3_mean,z_same_family_max,null_same_family_max_mean,z_same_family_top3,null_same_family_top3_mean,z_esm2_cos_max,raw_esm2_cos_max,z_esm2_cos_top3,raw_esm2_cos_top3,z_esm2_cos_centered_max,raw_esm2_cos_centered_max,z_esm2_cos_centered_top3,raw_esm2_cos_centered_top3
Egg White,Egg Yolk,33,14,13,20,1,371,0.5859111330413193,163.09756097560975,7.331810004552713e-15,5.2554,1.652286548998085,7.7446,4.687201505511364,1.999960000799984e-05,4.1131454125540716e-12,0.0067318653626927,5,2,10,0,0.4761904761904761,0.4041615264413192,0.2625,0.2208333333333333,0,0.0,0,0.0,0.4604563135756903,0.4138093947102725,0.7744567347053384,0.3521807803971772,-0.4371426956511426,0.3514325000000021,-0.2865639481216452,0.2492987500000001,-0.2394895249163746,5.4166,-0.2470927235579967,1.9295333333333275,-0.183898652118376,3.7243,-0.1885812034404566,1.2946000000000006,-0.7022862045458502,0.3303,-0.6338603057401718,0.137966666666665,0.08197741417878124,0.9612321241312745,0.948726174934867,0.9604529693390124,-0.39512714889663275,0.3831201668112704,0.24595819892400253,0.3445901699358303
Peanut,Pumpkin Seeds,14,18,10,4,8,383,0.6150505749344252,105.27450980392156,1.3897988203158857e-12,3.35022,1.429743316683103,6.64978,4.651030658724805,3.999920001599968e-05,9.745964227465147e-11,0.0067318653626927,12,9,108,1,0.7175572519083969,0.6280746395250213,0.775,0.7000000000000001,16,12.0,6,5.333333333333333,0.2249237462936212,0.6815218303563529,0.3981929526833256,0.5788471106341166,0.2170694839959068,0.738998750000005,0.555834853525644,0.6168237499999999,-0.3956066686322003,39.8134,-0.3083124366024052,19.62180000000007,-0.4271904149704088,30.4867,-0.3755443687652924,13.655666666666663,0.1588093901216611,0.9754,0.4594306418878594,0.892333333333336,0.5354352332763647,0.9971433818065578,1.0377396487951982,0.9971022276253608,0.4652248761487965,0.9679623828655943,0.9150928053344488,0.9640848135371877
Rice,Wheat Flour,25,16,12,13,4,376,0.5800137164269515,77.46913580246914,2.4231520003912293e-13,4.82174,1.6408788414748965,7.17826,4.374643525507254,5.999880002399952e-05,3.3984706805486985e-11,0.0067318653626927,7,5,35,1,0.4193548387096774,0.3913944250393809,0.4625,0.4125,0,0.0,0,0.0,-0.7110451466891561,0.5390485547690869,-0.5891365332170387,0.4495654731232035,-0.3938923163200135,0.5505475000000012,0.0233818253333735,0.409039999999998,-0.4352461828563075,16.9389,-0.4634759128829085,6.99476666666668,-0.3399047687567817,12.0787,-0.3602226784525197,4.725499999999993,0.5950597792037357,0.7385,-0.3398862690858776,0.4540666666666676,0.2750457763956851,0.9863466511582853,1.0566786471252454,0.9850949146767305,0.3951512688078001,0.8652216824436747,1.2331396849898177,0.8558838826114954
Onion,Tomato,12,19,9,3,10,383,0.5810153787513569,99.1360544217687,2.5675610132405293e-11,3.08232,1.383019673612779,5.91768,4.278811149910544,5.999880002399952e-05,1.3094561167526699e-09,0.0067318653626927,1,2,2,0,0.25,0.2166030534351145,0.1,0.09375,0,0.0,0,0.0,-0.5941024630021666,0.3083093429281695,-0.7951509123383592,0.2675342416680223,-0.6724499606571427,0.1934200000000003,-0.674318922212507,0.1483818749999996,-0.1170669001924758,1.2346,-0.1178134710274664,0.6244,-0.0907110709306561,0.8356,-0.0912239121310659,0.4213,-0.2948839123097942,0.08,-0.2917389988533424,0.04085,0.6065264397730155,0.9456403568998747,0.4187799132282391,0.9201415678390044,0.6824301916679348,0.33928705004480136,0.33367157345956533,0.06202708784728418
Orange,Strawberry,23,21,13,10,8,374,0.5681182135858525,56.64705882352941,1.8403991873575998e-13,5.6556,1.750950781718322,7.3444,4.194521100583114,3.999920001599968e-05,3.3984706805486985e-11,0.0067318653626927,1,3,3,1,0.7938931297709924,0.4198473282442747,0.85,0.3416666666666666,34,11.333333333333334,19,6.333333333333333,4.415702859408509,0.3327490558778404,2.767699574877197,0.2680800863743804,4.036993400988012,0.2252112500000004,2.881868384647873,0.1482712499999997,2.7215379347189788,1.696,2.643498855014752,0.5824999999999997,1.724349891803376,1.1225,1.6836934802901224,0.3849333333333335,2.70801280154532,0.12,2.474520760895476,0.0422666666666661,1.8510189199942217,0.9974804810105897,0.886624116180818,0.9342016325609025,2.501377408538001,0.9629364865086347,1.8401928927519096,0.2977053564080789
Cherry,Peach,13,19,9,4,10,382,0.5558251732878347,76.9047619047619,8.153747630054667e-11,3.28786,1.4172637794002925,5.71214,4.030400044808216,0.0003799924001519,3.049501613640444e-09,0.0214195716085678,4,4,16,1,0.8791208791208791,0.8197258436348167,0.8875,0.8333333333333334,42,37.333333333333336,28,25.33333333333333,2.809032681243787,0.4556034352700146,5.638205399365827,0.3850032228292617,2.1446515788923595,0.4180525000000013,4.585300102394687,0.299389583333334,1.2072189565864533,8.3471,3.4419006746814853,3.1240333333333146,0.8838572636702794,5.79,2.6770669058566763,2.0979333333333323,1.0715538773843742,0.4655,2.925605982032905,0.2154999999999959,1.3808627323933589,0.9986495590926123,2.4403247899273914,0.9925215991760984,1.3526257422681185,0.9861806442760044,2.8428614743004896,0.9633837001962094
Pumpkin Seeds,Strawberry,18,21,11,7,10,377,0.5439684567083717,55.12698412698413,9.05282690373514e-12,4.63614,1.630173579837435,6.36386,3.90379287133007,0.0003199936001279,5.642928769994904e-10,0.0214195716085678,9,3,27,1,0.7404580152671756,0.5445132587578215,0.7875,0.5375,28,10.0,18,6.0,1.4329475153960016,0.5066350386508203,1.3013358522293337,0.4248481561021766,1.263463210925711,0.5037587500000065,1.2244527738220694,0.3684808333333343,0.4160216741140384,13.3372,0.3579432665163916,5.313833333333365,0.2685036360544129,9.372,0.2135178423816368,3.560066666666656,0.7323484869548518,0.6509,0.9214296655693468,0.3599666666666721,1.0318365683051776,0.9971194893311135,0.8185586141678384,0.9767067002236418,0.969575992556919,0.9591386062993892,1.025691258041208,0.74956400500503
Orange,Peanut,23,14,10,13,4,378,0.5375611912560946,65.41975308641975,3.4657702503415146e-11,4.05744,1.5348422219889588,5.94256,3.871772560634411,0.0003799924001519,1.620247592034658e-09,0.0214195716085678,1,12,12,1,0.732824427480916,0.4421119592875318,0.7875,0.3666666666666666,30,10.0,21,7.0,2.184026736822968,0.4252699987690843,1.034586212883631,0.3625971287011005,1.9719646291229316,0.3710862500000033,0.8876598093704,0.2664520833333333,0.9392359041772482,6.4547,0.827921994685052,2.450966666666662,0.7353705760799907,4.4787,0.6749978265719342,1.657200000000004,1.299853097174238,0.3718,0.6565644270365933,0.1685999999999964,1.2000426124401709,0.99668905005246,0.1777490019518915,0.9463141315302556,1.4333770896527835,0.9504060313950543,-0.31270927146670907,0.28263988692448894
Apple,Cherry,20,13,9,11,4,381,0.5403791710593133,70.03381642512078,1.4687191515852834e-10,3.43102,1.4410974150278668,5.56898,3.864402185394463,0.0004199916001679,5.149696525245901e-09,0.0214195716085678,4,4,16,1,0.8260869565217391,0.7628222084568036,0.8375,0.7875,34,28.33333333333333,24,15.0,2.522252248992921,0.4537900789848825,4.888751279233692,0.3847450322544019,1.9324554192335188,0.4164575000000047,4.159071327784745,0.2991412500000001,1.0028169151353516,7.9196,2.684383096246288,2.9773666666666534,0.8038119985958976,5.3812,1.600994866554008,1.9627333333333248,1.0815119235541322,0.4609,2.9216617722453315,0.2141666666666626,1.3539986605719687,0.9979716669757714,2.6755170141210605,0.996361517805101,1.3600707557447638,0.9864488291214524,2.8893185774934302,0.9726154591178383
Pumpkin Seeds,Sesame,18,31,13,5,18,369,0.5237642057246433,49.024570024570025,1.3618312114530013e-12,6.20216,1.790142825139938,6.79784,3.7973729830571497,0.0003199936001279,9.745964227465147e-11,0.0214195716085678,9,4,36,1,0.6111111111111112,0.4661833571231814,0.7375,0.5875,22,10.333333333333334,14,6.0,0.3977867825838871,0.5429974400461646,0.1295217430362751,0.4530560630367053,0.8139998067485625,0.5559362500000016,1.1493598125401996,0.4154400000000008,0.1103637487875242,17.578,0.196524641259355,7.3122666666666785,0.0369083934867583,12.6449,0.0780232436574697,4.955866666666673,0.5787359118286176,0.7491,1.4770262282028703,0.4696999999999994,0.8880023592959678,0.9969168202716767,1.6165574527165956,0.9943981574946911,0.8539825270458635,0.9657094414753694,1.5664050531165719,0.930073255863037
Sesame,Strawberry,31,21,14,17,7,367,0.5190692336982505,40.6,7.888204073690262e-13,7.05952,1.885846592276264,6.94048,3.6802993564936086,0.0003999920001599,8.121167662207347e-11,0.0214195716085678,4,3,12,0,0.3206106870229007,0.2868269968028998,0.225,0.1666666666666666,0,0.0,0,0.0,-0.7711119603291886,0.4310827855542637,-1.0987124263152008,0.3653901647302248,-0.7333380009602303,0.3797000000000024,-0.966384078372183,0.2696191666666664,-0.2628870664448026,6.4867,-0.2715589073303771,2.361533333333321,-0.2015929477813381,4.4751,-0.2079459042566757,1.5903000000000065,-0.7985821041109195,0.3894,-0.7064626381261467,0.169733333333329,-1.07685439928983,0.9386535619267995,-1.240886749764281,0.9270779017103236,-0.560554438641469,0.38490044066202544,-0.9825590931331063,0.15632344122665767
Fig,Soybean,8,16,6,2,10,387,0.517762127853655,95.95238095238096,3.6354954754812753e-08,1.90894,1.1354682190180403,4.09106,3.602971823850757,0.0019799604007919,4.248985336968741e-07,0.060232479560935,13,7,91,1,0.8931297709923665,0.6133103342012415,0.8875,0.6749999999999999,67,26.0,54,18.666666666666668,1.4224001797830286,0.659293424188805,0.4540373300051841,0.5575825702062047,0.9785945035518886,0.7138262500000038,0.576879538523269,0.5856300000000031,0.5559251997503434,35.4815,0.3890395343535728,17.037766666666663,0.505646868219942,26.8596,0.3345433829296589,11.789733333333286,0.2065045896659992,0.9591,0.5658940007560662,0.8438333333333389,0.08395770051641092,0.993051671261038,0.5613049480242613,0.9915550182598358,0.21578220971086082,0.9371186663254031,0.4597395153212678,0.8935655711769934
Pistachio,Sesame,31,31,17,14,14,360,0.5109539416939797,30.005945303210463,1.0119507861731821e-13,9.61678,2.119991139509785,7.38322,3.482665499114895,0.0005799884002319,2.838521955215776e-11,0.0271144577108457,4,4,16,1,0.4139433551198257,0.3929836995038979,0.525,0.4583333333333333,6,3.333333333333333,4,1.3333333333333333,-0.2783990839117227,0.4564475994565998,0.1013501995784895,0.3850708802295038,0.476404748960632,0.419280000000004,1.3376428267510194,0.3000174999999999,-0.0973208184963954,8.8522,0.0026421722225228,3.3056333333333243,-0.0835287681338104,6.2081,-0.0995530135892507,2.2487666666666644,1.0704778123721743,0.466,2.8998379731537134,0.2169666666666622,1.065380378236618,0.9918155308926558,2.2473626913976164,0.9893958773590649,0.9256194016456342,0.8683896618398633,2.2229465104445483,0.8498505144999705
Rice,Sesame,25,31,15,10,16,364,0.5050070243477842,32.61038961038961,8.685740815195024e-13,8.13574,1.994661538306688,6.86426,3.441315665928577,0.0010599788004239,8.121167662207347e-11,0.0457421620798353,7,4,28,1,0.3694267515923566,0.3681221702095005,0.3375,0.3041666666666667,1,0.3333333333333333,0,0.0,-0.8651681016681405,0.5121514276523758,-0.6577204221995178,0.428393174059295,-0.7652758911979961,0.5096287500000002,-0.4970783817341503,0.3728212499999994,-0.3538887652882069,14.0097,-0.3850655779615806,5.549700000000052,-0.2960318836635188,9.9948,-0.3163406425000563,3.778999999999994,0.7209416334945395,0.658,-0.1061232994951834,0.3689333333333389,0.2918483001473385,0.9836589201018113,0.8268392595123224,0.9772304650640318,0.4248446549857442,0.8359718959059749,0.883476886427762,0.7296362465657377
Mulberry,Onion,26,12,9,17,3,376,0.488924878468211,58.39591836734694,8.266452346045075e-10,3.89102,1.488362643847258,5.10898,3.432617730040465,0.0014799704005919,1.9322832358880372e-08,0.0553508929821403,3,1,3,1,0.3257575757575757,0.2619047619047619,0.2625,0.1208333333333333,0,0.0,0,0.0,-0.0602230965970755,0.3319849139770277,-0.1076281583085411,0.2676622183563686,0.2535374465060444,0.2238550000000014,-0.4071862030961511,0.1480016666666665,-0.1276508439813645,1.8225,-0.1291573931880199,0.6246666666666666,-0.0998206158522836,1.2804,-0.1010834372018576,0.4362666666666672,2.8017061805485413,0.113,2.5392486469382174,0.0400333333333328,0.20716827747069813,0.9385462767419462,-1.2745295729460933,0.8626647643251791,0.22826918930124865,0.29459615471291634,-0.10568287445269725,-0.02357329012338022
Sesame,String Bean,31,13,10,21,3,371,0.474465245175164,51.83720930232558,3.7364774048360764e-10,4.71694,1.5917465364812329,5.28306,3.319033450940566,0.0012799744005119,9.528017382331998e-09,0.0512904027633733,4,8,32,1,0.4068965517241379,0.3681617837697692,0.5125,0.4041666666666666,0,0.0,0,0.0,-0.721026297615293,0.5288126589733189,-0.7495203258210253,0.4405719331919246,-0.1014525945123886,0.5354137500000018,0.0614008136400794,0.3952991666666673,-0.4093401953725736,16.3507,-0.4395425901816301,6.594700000000015,-0.319701634055526,11.7167,-0.3410261263167171,4.492133333333338,0.6453143380561522,0.706,1.6541781996987164,0.4215000000000027,0.669877739718478,0.9922252076375903,1.0300296454767992,0.9831664194615582,0.7889526007326055,0.9394272572090454,0.9624971315626129,0.7816980307166141
String Bean,Tomato,13,19,8,5,11,381,0.4895776173191551,51.26877470355731,5.1253561561367345e-09,3.30662,1.4209166673665277,4.693379999999999,3.3030649212515253,0.0022799544009119,9.313460480305809e-08,0.0609073532815057,8,2,16,1,0.8702290076335878,0.5177859504898477,0.8875,0.5166666666666667,54,18.666666666666668,41,13.666666666666666,2.781693596209171,0.4530468447556386,1.6633603847406542,0.3844242380124576,2.162427482854305,0.4146387500000043,1.81478300746294,0.2990254166666679,1.7054499229277704,8.098,1.577789335448702,3.112133333333313,1.4591853416556737,5.6008,1.351577729576381,2.088599999999997,1.089379780090517,0.4573,1.6455257675239638,0.215699999999997,1.3420669203490827,0.9987869914220561,1.3440853411839297,0.9764878226977407,1.355247224048662,0.9823092837846124,0.9685017904192219,0.5997189743379131
Mulberry,Pumpkin Seeds,26,18,11,15,7,372,0.4812250448250836,36.8494623655914,1.8225617704850647e-10,5.46318,1.7122512337855085,5.53682,3.233649297923993,0.0019199616007679,5.680317518011787e-09,0.060232479560935,3,9,27,1,0.5031847133757962,0.4609905310542253,0.525,0.4958333333333333,2,0.6666666666666666,0,0.0,-0.023810758775853,0.5070785429506407,0.378052732412519,0.425746169489102,0.1014924605202749,0.5019275000000002,0.91575157663071,0.3676045833333351,-0.3229560228914766,13.9858,-0.3553764146528405,5.574800000000048,-0.2948116855880958,10.0035,-0.3141488126551408,3.806366666666668,0.75276918405435,0.6383,1.942518007056555,0.3533000000000046,0.6563726897074033,0.9897716411669557,0.35001934246129535,0.9691594598727725,0.847922433374034,0.9270136632731042,0.8034227652031543,0.7049914633188079
Gluten,Rice,5,25,5,0,20,380,0.4358898943540673,204.17073170731703,5.998037847011019e-07,1.70924,1.0232979147833732,3.29076,3.2158376875972,0.0033199336013279,5.33128403557967e-06,0.0733600712601132,1,7,7,0,0.3375,0.3071327877086044,0.3125,0.2291666666666666,0,0.0,0,0.0,-0.3890871258855533,0.3853696394320908,-0.3190330509014717,0.3278985007855837,0.0450777299655236,0.3039962500000012,0.1504697749572938,0.2153570833333335,-0.209652658425081,3.7724,-0.215788557721378,1.3692333333333364,-0.1624790147907956,2.554,-0.1678812947858103,0.911666666666665,-0.5582539110217131,0.2376,-0.5147348856369075,0.0957333333333353,-0.19056181615650056,0.9401137849587982,0.05750731774273029,0.9318707117364982,0.6068381362940592,0.5938376292186166,1.6789198206598575,0.5176580328568344
Egg Yolk,Peanut,14,14,7,7,7,384,0.4820971867007673,51.266666666666666,3.137235447217292e-08,2.75198,1.321917576704387,4.24802,3.2135286457046344,0.0033999320013599,3.8716138367236186e-07,0.0733600712601132,2,12,24,0,0.5277777777777778,0.4914841849148419,0.25,0.2416666666666666,0,0.0,0,0.0,0.2491178910132555,0.4883502527980354,0.8596787663085825,0.4133921112135494,-1.0141211306358286,0.4759387500000045,-0.7973416085255067,0.3499487500000008,-0.3505731745795635,11.402,-0.3765544283013232,4.598633333333346,-0.2709305299102947,7.9996,-0.2909629161227433,3.0860999999999925,-1.207063567921117,0.593,-0.9805412846795212,0.3201666666666724,-0.529757856987143,0.9635934281273515,-0.2877309796374287,0.9553863543365665,-1.0844877205739696,0.4268107995038459,-0.4481883406208998,0.4251467490352511
Apple,Orange,20,23,11,9,12,373,0.4857086317632501,36.17052631578947,1.6718825203467259e-10,5.4459,1.7298766401105028,5.5541,3.210691370250083,0.0022399552008959,5.517212317144196e-09,0.0609073532815057,4,1,4,0,0.2519083969465648,0.2378581701515654,0.175,0.1083333333333333,0,0.0,0,0.0,-0.8812551423418203,0.3503121856942299,-0.9046984001194764,0.2900129336329349,-0.4348060329504821,0.2479362500000013,-0.8188037463543274,0.1693320833333332,-0.1635362208466303,2.3021,-0.1660250549727708,0.7983666666666651,-0.1256414607318944,1.5529,-0.1278966173332121,0.5352666666666666,-0.4121459641215645,0.1452,-0.3959479140166911,0.0525666666666658,0.43043692108476506,0.951782567507961,0.09979926777919662,0.9198187796748258,-0.4404075032404544,0.15940459991056374,-0.2766710160758362,0.027219730733170886
Mulberry,Strawberry,26,21,12,14,9,370,0.483947891738659,33.62068965517241,6.075758378509839e-11,6.19314,1.8088109189188355,5.80686,3.210318966600933,0.0020399592008159,2.434643178817156e-09,0.060232479560935,3,3,9,1,0.5796178343949044,0.3738395605464211,0.6375,0.3083333333333333,4,1.3333333333333333,0,0.0,1.2651450217375004,0.4093955511730484,0.3894717190289107,0.3476965558855117,1.4587878845320352,0.3426050000000027,0.6862945270266859,0.2413533333333342,-0.0559129219068917,5.2414,-0.0700710521396758,1.8838333333333344,-0.1840177990640339,3.6115,-0.1874984443134955,1.276033333333336,1.4936591882346315,0.3095,1.003938229098329,0.1261666666666662,1.259133394756594,0.9889175248670996,0.6331203213726649,0.9524801891852368,1.5186323938889876,0.9372165213100283,1.096573839203901,0.47992807805602394
Rice,Tomato,25,19,11,14,8,372,0.4768159961452162,34.75659229208925,2.455989855217364e-10,5.55384,1.7326919098327902,5.44616,3.143178524176044,0.0027999440011199,7.129632391180463e-09,0.0682942862881872,7,2,14,0,0.3435114503816794,0.3264826776277158,0.25,0.1999999999999999,0,0.0,0,0.0,-0.6832529810013552,0.4430377393272097,-0.6467976387123188,0.3759793144666232,-0.6838683866848059,0.3973625000000046,-0.7376334830381933,0.2847570833333326,-0.2829520811263864,7.3836,-0.2923475217254174,2.783899999999996,-0.2180562459495078,5.1012,-0.226556633208299,1.8697666666666708,-0.857617924248129,0.4238,-0.7429597035543798,0.1922333333333278,-0.2205253515830921,0.960047338047705,0.2650654260787347,0.9545336464789095,-1.0446714609601204,0.2837841214264864,-0.6537471010981258,0.2557463873086629
Casein (nBos d8),"Cow Milk, UHT",15,34,11,4,23,367,0.4592431225265441,39.9645390070922,2.9817292342265205e-10,5.6982,1.7052614931440864,5.3018,3.1090832821333305,0.0025799484010319,7.965476668576562e-09,0.0657886842263154,1,4,4,1,1.0,0.5285099233434841,1.0,0.4333333333333333,208,69.33333333333333,207,69.0,,1.0,-0.0571526644668723,0.5312162124824599,,1.0,-0.3081353937523839,0.4529716666666669,-0.2216183346522869,252.9867,-0.2306361929671493,84.96009999999889,-0.2178747085717381,251.6319,-0.2239326723413575,84.31156666666818,,1.0,-0.359504753545635,0.3760666666667079,,0.9999999999999998,-0.43308064607156743,0.9368457604541248,,0.9999999999999998,0.32131185864455775,0.44781862493644753
Strawberry,String Bean,21,13,8,13,5,379,0.4628364747848112,43.44444444444444,1.3484169856773462e-08,3.55854,1.4576875757171015,4.44146,3.046921764298532,0.0047399052018959,2.1613197970428322e-07,0.0857769941375366,3,8,24,1,0.8778625954198473,0.5525789364187751,0.9125,0.5666666666666665,56,18.666666666666668,42,14.0,2.3338292821040407,0.4966968871562572,1.5191755199710737,0.4165031446044339,1.8746691474326316,0.4857587500000033,1.5793969758563966,0.3535487499999995,1.286207650854342,12.507,1.1059082081255858,4.919333333333359,1.083606223721754,8.8136,0.9862404357097284,3.3253999999999926,0.7995900589021114,0.61,1.0490638029950663,0.327100000000005,1.1529446433459138,0.9984691150213647,1.0348404729004976,0.9781983414981607,1.1067125397488085,0.978176275097896,1.1651253376457635,0.7502563001693048
Peanut,Pistachio,14,31,10,4,21,370,0.4538991581441139,40.2093023255814,1.2442017812070341e-09,5.02528,1.6421208608382016,4.97472,3.029448147599021,0.0031199376012479,2.6846046125274845e-08,0.0729285414291714,12,4,48,1,0.4027777777777778,0.3829710421517361,0.45,0.3583333333333333,1,0.3333333333333333,0,0.0,-0.9942468703734858,0.5725849060353979,-0.8800168809117335,0.4799446040922898,-0.7000821334971822,0.6001312500000027,-0.6506804308832969,0.4612624999999985,-0.4648962932618325,21.2965,-0.5149895004291201,9.343066666666624,-0.3826221525518186,15.4107,-0.4151383328458682,6.325566666666659,0.4618416863668734,0.8242,1.1492470992390635,0.5796333333333319,0.3863903928516676,0.991178354505936,0.5622758373686003,0.9830046600822033,0.07222618425333373,0.8449214022420147,0.5574755081390772,0.7958452966875779
Peanut,Sesame,14,31,10,4,21,370,0.4538991581441139,40.2093023255814,1.2442017812070341e-09,5.03496,1.639175951019292,4.96504,3.0289853855607016,0.0038199236015279,2.6846046125274845e-08,0.073895763464041,12,4,48,1,0.7007299270072993,0.57294792055208,0.8125,0.7166666666666667,20,10.666666666666666,12,6.666666666666667,0.7385169066183231,0.5741189163245269,0.8343618951101803,0.4806804744905776,0.9787400172139232,0.6027000000000008,1.5962284489956071,0.4633058333333348,-0.0410892963569971,21.8546,0.0627440212813058,9.553233333333248,-0.0931650074496955,15.8949,0.0118927352732323,6.482400000000025,0.4557734838700403,0.828,1.1389794006090097,0.5844000000000009,0.7044629606735464,0.995727734741319,1.4098581393591274,0.9952078411291568,0.6649855360589393,0.950780580283695,1.3719143222996941,0.9470116785972524
Orange,Pumpkin Seeds,23,18,10,13,8,374,0.4647683440199391,34.26797385620915,1.3398064620418508e-09,4.98786,1.6689855063480914,5.01214,3.003105767507273,0.0041199176016479,2.7838200933536235e-08,0.0770424591508169,1,9,9,1,0.7404580152671756,0.4783715012722647,0.825,0.375,21,7.0,10,3.333333333333333,2.5227890888000144,0.4034597732194441,1.882002577030566,0.3437928231526915,2.456067517333372,0.332847500000002,1.3418702245946823,0.2377383333333332,0.717843581788047,5.0565,0.6452756180475063,1.8826333333333327,0.3250474051232259,3.5459,0.2956246839661521,1.2927000000000026,1.5593937896110646,0.2914,0.9899528190506788,0.1229666666666667,1.3068797188781163,0.9959319734028893,0.5783318798737338,0.9522445458537537,1.592324085338523,0.9400114965292172,0.1104179443721396,0.2950005652518309
Onion,Sesame,12,31,9,3,22,371,0.4426316444144846,44.81587301587302,5.146475488226026e-09,4.41296,1.5304326311210177,4.58704,2.9972178498573085,0.0037799244015119,9.313460480305809e-08,0.073895763464041,1,4,4,0,0.3484848484848485,0.2601010101010101,0.1875,0.1333333333333333,0,0.0,0,0.0,-0.0319970008412364,0.3521227998355057,-0.5240406609485991,0.2907846693988596,-0.3849705810877763,0.2532500000000001,-0.5020238241995821,0.1713666666666673,-0.1553404192211541,2.5354,-0.1578809117940388,0.8732333333333323,-0.1191503496122071,1.7392,-0.1210396963132644,0.5940999999999997,-0.4317179096833317,0.1571,-0.4129673137916456,0.0574666666666663,-0.007937394057171308,0.9370355487904216,0.07311674990244085,0.9193117318825349,0.16210509126425,0.3484397283496975,0.2805685412818296,0.1262056597470067
Onion,String Bean,12,13,6,6,7,386,0.4638620601355789,51.53333333333333,2.4506465343044773e-07,2.2801,1.2413718177886914,3.7199,2.9966041976258304,0.0074198516029679,2.3301910266861217e-06,0.122427551448971,1,8,8,1,0.3106060606060606,0.2954545454545454,0.25,0.1916666666666666,0,0.0,0,0.0,-0.649158565503617,0.3938739267876912,-0.5920192541768534,0.3354077194350941,-0.340875011211899,0.3165700000000015,-0.3464262403819905,0.225105833333333,-0.2082948823596438,4.4434,-0.2168795716419119,1.623633333333338,-0.1618265367056826,3.1016,-0.1690714552349784,1.1146000000000011,1.668406205330591,0.2643,1.1382616426430967,0.1080666666666685,0.385515029978563,0.9625636928178014,0.3188881031457093,0.9421164424469529,0.45030885222062794,0.5736862827320904,0.33654858132961285,0.30382991875645093
Mulberry,Tomato,26,19,11,15,8,371,0.4659379779484053,32.426944971537004,4.175294656633607e-10,5.73686,1.7583223084520074,5.26314,2.993273744353256,0.0037999240015199,1.0184088271180232e-08,0.073895763464041,3,2,6,1,0.7056277056277056,0.4228612778231098,0.8,0.3541666666666667,40,13.333333333333334,26,8.666666666666666,2.716694933289877,0.3766802419378433,1.6851202150126812,0.3196298958310147,2.807542069552745,0.2899437500000001,1.7984577209007742,0.2025787499999999,2.2827465886687723,3.2275,2.1857582275164527,1.1352333333333366,1.7294741324013174,2.1663,1.6818381027696316,0.753433333333333,1.915910911116892,0.2141,1.529060996944785,0.0811000000000014,1.7630144663301448,0.9958657376883833,0.8345260639942834,0.9478323677727097,1.8383659423133587,0.9350403035227495,1.0819610204822288,0.36943438009361024
Carrot,Rice,12,25,8,4,17,376,0.4392367096489709,40.63809523809524,2.736266232089968e-08,3.77184,1.4766120053690477,4.22816,2.8634197640451,0.0065598688026239,3.569872921401097e-07,0.111517769644607,2,7,14,0,0.3290322580645161,0.3081971791649211,0.2625,0.2208333333333333,0,0.0,0,0.0,-0.7831980022354696,0.4447012878974588,-0.8915952158483071,0.3767565731070927,-0.6334899553987993,0.3994337500000042,-0.5681368294537178,0.2859304166666651,-0.2829810766506992,7.4143,-0.2977665369556342,2.7880333333333143,-0.2148863164400177,5.0691,-0.2263646163973276,1.8545333333333356,-0.862015830258254,0.4263,-0.7468599338420843,0.1937666666666614,-1.330202594744273,0.9337728279204175,-1.1986574207095575,0.9282818476977309,-1.5232106438352957,0.14784363931175568,-1.4884095726740911,0.09179877170672386
Fish,Gluten,4,5,2,2,3,398,0.4410724291775089,113.85714285714286,0.0007261407843931,0.38166,0.5675523274553633,1.61834,2.8514375181155054,0.0394592108157836,0.0021784223531793,0.3613118362632747,9,1,9,0,0.2110091743119266,0.1975873179688109,0.15,0.1291666666666666,0,0.0,0,0.0,-1.476084463599858,0.4025800739066675,-2.113106650173381,0.3436698185656207,-0.9204794197712086,0.3315787500000034,-1.0794541784367009,0.2373037499999989,-0.2088087189006026,4.9202,-0.2185539600048292,1.81136666666667,-0.1615217678293613,3.4555,-0.169266545738892,1.246000000000001,-0.6426726377087897,0.2923,-0.5782956249437744,0.1238,-2.6789195850205183,0.8609483934324943,-2.6402636398815438,0.858233027036071,-1.431214749891042,0.046299971208465414,-1.8954718460981115,-0.07566323766589343
Carrot,Tomato,12,19,7,5,12,381,0.4432856577128438,41.61818181818182,1.036738134390899e-07,3.0808,1.3880458782043188,3.9192,2.823537796221962,0.0087798244035119,1.0766812194640474e-06,0.1296179339571103,2,2,4,0,0.2903225806451613,0.245563063711303,0.075,0.0666666666666666,0,0.0,0,0.0,-0.5582761859912946,0.3518858265585814,-0.8195851883601848,0.2913083916011366,-1.0767777239024208,0.2537375000000005,-1.4249540659484763,0.1716116666666673,-0.1597224659858334,2.2289,-0.1609514088572243,0.7676333333333327,-0.1202972055166892,1.4813,-0.1213857112667609,0.5068666666666669,-0.4299233922720986,0.156,-0.4130812718710618,0.0565999999999995,-0.36573948438313264,0.9317139119595406,0.2502539938312244,0.923038423267679,-0.4997303356324511,0.14291448836249035,-0.5853381759449547,-0.021204457080023758
Cherry,Orange,13,23,8,5,15,377,0.4395261464204496,37.639296187683286,3.1745853206646434e-08,3.80428,1.4912725041386634,4.19572,2.813516636534102,0.0079998400031999,3.8716138367236186e-07,0.1282260069084332,4,1,4,1,0.9694656488549618,0.5012722646310432,0.975,0.4833333333333334,107,35.666666666666664,99,33.0,5.644440208904463,0.350660915547841,3.669508079362188,0.2902564982805887,4.381553208291157,0.2499249999999995,4.211241705762104,0.170444583333333,8.345555776445519,2.1585,7.8956171814820175,0.7549333333333311,9.249473642433015,1.4401,8.867569445493006,0.5009000000000002,2.3776795298721654,0.1503,2.0436068867991994,0.0548666666666661,1.7728843143814546,0.9992541613049656,0.8087866542849963,0.9419232153034268,2.353034418096526,0.9889061794818651,1.6490438089891069,0.35164172790205855
Peanut,Strawberry,14,21,8,6,13,378,0.4434095947772665,36.66381766381766,3.053857498463801e-08,3.77556,1.5065280237685592,4.22444,2.804089889700572,0.0086398272034559,3.8716138367236186e-07,0.1296179339571103,12,3,36,1,0.8015267175572519,0.5574626019027245,0.825,0.5375,37,12.333333333333334,29,9.666666666666666,1.5650723428086255,0.5385882111569634,1.0549148083240172,0.4508075827861461,1.2358242283313967,0.551030000000002,0.8422925498368459,0.4119449999999972,0.4929707257635334,17.0927,0.3347788703296786,7.139033333333385,0.4505896101746021,12.2857,0.3546615572705807,4.847100000000015,0.5921328278278989,0.7404,0.5659764009494996,0.4626000000000028,0.9354818394725744,0.9974038059355093,0.6454253005961599,0.9792695268642543,0.863277830370367,0.9628068564864685,0.9484155746230599,0.8046510355948037
Carrot,Mulberry,12,26,8,4,18,375,0.4295145647029468,38.33933933933934,3.9156447692586406e-08,3.88724,1.4944581567912834,4.11276,2.752007462577883,0.0087798244035119,4.4830137052124433e-07,0.1296179339571103,2,3,6,1,0.4516129032258064,0.3724823563533241,0.525,0.35,0,0.0,0,0.0,0.6164002829168532,0.3774598320369113,0.8613934575812352,0.3200686312458003,1.276129055131932,0.2920937500000021,1.7134800351285533,0.2041995833333336,-0.1982569735683964,3.2735,-0.2012016830858637,1.1493000000000029,-0.1527724661263233,2.2003,-0.1553660046208728,0.7621666666666654,1.8950905592429783,0.2178,3.462406064262014,0.0834000000000015,1.593905976218768,0.9915328358070742,1.4275070389436595,0.9599399359252471,1.833242083554736,0.9357734881928483,2.7595283958514605,0.6674737639208396
Apple,Peach,20,19,9,11,10,375,0.4344775794011601,29.542443064182194,1.6268085871619532e-08,4.68186,1.6226173117528355,4.31814,2.661218987818712,0.0111597768044639,2.401683203678568e-07,0.1526984094464452,4,4,16,1,0.8301886792452831,0.6975679805868485,0.875,0.6166666666666667,52,23.666666666666668,34,14.0,2.5181422053685183,0.4548659395734925,4.086164001923412,0.3847821146290901,2.086811319446708,0.4191487500000042,2.716900249537411,0.2999979166666668,1.7006985535004238,8.047,2.1955041604629004,3.02386666666666,1.2434786173170005,5.4711,1.4832048354817404,1.9976999999999996,1.0631929305158752,0.4694,1.6451157776775938,0.2197333333333295,1.315670783656503,0.9976146836861663,1.4594388175983866,0.9770278823289168,1.3551401151811666,0.9899161724270689,1.6717469633725939,0.7390276466735721
Cherry,Peanut,13,14,6,7,8,384,0.4256270300937752,39.20392156862745,7.723968770798311e-07,2.58092,1.2978643818211515,3.41908,2.6343892689329973,0.0154996900061998,6.46738280659381e-06,0.1850069381591091,4,12,48,1,0.7480916030534351,0.5323693825130914,0.7875,0.5125000000000001,31,10.666666666666666,21,7.0,1.0227648837048648,0.5727259858477857,0.4850709159869053,0.4793718109391418,0.8696693851960761,0.6003087500000028,0.3354267224605456,0.4596533333333341,0.2079499731911444,21.5736,0.073239848805019,9.372633333333244,0.1255208408839196,15.7178,0.0404649368628253,6.371733333333326,0.468362564961208,0.8201,0.2511097754480134,0.5745000000000002,0.8102057004430478,0.997141718825159,0.23206559615313405,0.9782027923387613,0.7165217002902625,0.959288619215356,0.03483482593485951,0.6985766443347233
Peanut,String Bean,14,13,6,8,7,384,0.4256270300937752,39.20392156862745,7.723968770798311e-07,2.586,1.3015698214079796,3.414,2.622986445941785,0.0167596648067038,6.46738280659381e-06,0.1913961720765584,12,8,96,1,0.8320610687022901,0.5782365491712199,0.85,0.6541666666666667,42,16.0,26,9.333333333333334,1.002036619648924,0.6681538759025472,0.1058386176456266,0.5651733948099974,0.7274132923857908,0.7231562500000074,0.3702601987829606,0.5969033333333353,0.0860225879560468,37.1028,-0.088171087831901,18.08376666666674,-0.0391529423415253,28.1061,-0.1507438645022845,12.486166666666652,0.193803146724793,0.9638,0.5323934936900604,0.8595666666666723,0.6486938339499296,0.9977818129391534,0.35026801816817965,0.9900114198634696,0.48923587809554275,0.9670731246193104,0.616194140273086,0.9191884704048893
Rice,String Bean,25,13,8,17,5,375,0.4189498572583627,33.16103896103896,6.841583888188559e-08,4.05464,1.521004428132936,3.94536,2.593917497559826,0.0122197556048879,7.525742277007414e-07,0.1632210212938598,7,8,56,1,0.375,0.3718193384223918,0.3375,0.325,0,0.0,0,0.0,-1.2708781104778248,0.5947329220985522,-1.1082638931739828,0.4953421672168397,-1.4239228936769357,0.6318262500000065,-1.0453241830091686,0.4883016666666672,-0.5162418093543152,24.6829,-0.584612768527873,10.774233333333328,-0.4073669398362364,18.1512,-0.4528248809074578,7.353033333333345,0.3808961451025001,0.8733,-0.8871986470383211,0.6462000000000028,-0.3680907801101286,0.9835475045484842,-0.4182090808967701,0.9727093031977864,-0.9032014047606532,0.7189486504569018,-0.9009688474935337,0.5826247512947154
Egg Yolk,Fish,14,4,3,11,1,390,0.3911369613014066,79.23188405797102,0.0001297674302817,0.91546,0.8153483846798251,2.08454,2.556624921527952,0.0334593308133837,0.0005203643146051,0.3194783561955879,2,9,18,0,0.5035971223021583,0.4773295920379877,0.275,0.2708333333333333,0,0.0,0,0.0,0.24519720663408,0.4658380241265477,1.0054657311012674,0.3938278682925877,-0.7233477382583616,0.4364250000000025,-0.3554711937307981,0.3155587500000001,-0.3143788539151098,9.7401,-0.3343107729119462,3.740933333333333,-0.2446150456772649,6.9021,-0.2594772235004393,2.5560666666666614,-1.0002000200040009,0.5001,-0.8439076335969182,0.2460000000000003,-1.0393670139112219,0.9466149438183893,-0.5356208775201731,0.9454713587063734,-0.9832872526835916,0.3734101415554677,-0.6874824547862467,0.30858440666713066
Egg Yolk,Pumpkin Seeds,14,18,7,7,11,380,0.4182926895881043,33.08695652173913,2.731168241755961e-07,3.35954,1.4321420978380606,3.64046,2.541968430015137,0.0173996520069598,2.5536423060418235e-06,0.1913961720765584,2,9,18,0,0.4503816793893129,0.4462091344035854,0.225,0.2166666666666666,0,0.0,0,0.0,-0.0821726585568022,0.4628258563426262,0.6712293380295495,0.3916619917201474,-0.9509754443897834,0.4342212500000043,-0.7870306668649929,0.3130241666666659,-0.3125549581142479,9.0687,-0.3268473094887121,3.490133333333325,-0.2390529926100342,6.2712,-0.2507215958624757,2.333666666666666,-1.0132882815207969,0.5066,-0.853824037151792,0.2442666666666662,-0.5024015124946634,0.9585367841679782,-0.02306928521600963,0.9543360041162162,-0.9430804534657243,0.38421590010926815,-0.6901659747102713,0.3082901570774129
Pistachio,Wheat Flour,31,16,10,21,6,368,0.4183752486346005,27.68694096601073,9.006913151616101e-09,5.63584,1.7176109845945904,4.36416,2.540831445037642,0.0131997360052798,1.486140670016657e-07,0.1722105092781865,4,5,20,0,0.3870967741935484,0.3521505376344085,0.325,0.2708333333333333,1,0.3333333333333333,0,0.0,-0.5739234242640477,0.4764168785423155,-0.5992126393109165,0.4016415886182263,-0.5769069088450661,0.4533150000000028,-0.4520156301812687,0.3276758333333339,-0.3125051982992643,9.702,-0.3340025262220245,3.742133333333328,-0.2667579148230393,6.5683,-0.2811453807704244,2.4429333333333303,-1.0874065832331707,0.5418,-0.9071639099857928,0.2718000000000022,-0.8326658083862511,0.9556496977531366,-0.49754934541623713,0.9502471827090738,-0.3250359995752023,0.5791153352476537,-0.22006432756329328,0.42867147626230345
Sesame,Wheat Flour,31,16,10,21,6,368,0.4183752486346005,27.68694096601073,9.006913151616101e-09,5.63976,1.720507815268505,4.36024,2.5342750328161308,0.0141397172056558,1.486140670016657e-07,0.1802813943721125,4,5,20,0,0.3241379310344827,0.3108572219914139,0.2125,0.1958333333333333,0,0.0,0,0.0,-0.9762341433441984,0.4791270969333257,-1.0909059869557842,0.4028998851888553,-1.0802645163420896,0.4560000000000027,-1.0430702391618247,0.3292074999999996,-0.3467866264405823,10.3933,-0.3650393951304249,3.988600000000001,-0.2676655859194898,7.2291,-0.2818365475548218,2.673233333333332,-1.0871875969882874,0.5417,-0.907708363839982,0.2709000000000021,-0.9804527679776702,0.9527050842446779,-0.7803659381754453,0.9457650525203669,-0.4988680343915561,0.5316340223422684,-0.5683754641678104,0.35811717741362975
Mulberry,String Bean,26,13,8,18,5,374,0.4095212286023807,31.28501228501229,9.767523007118472e-08,4.17204,1.537856377689412,3.82796,2.489153119585464,0.0164396712065758,1.0537654628833584e-06,0.1913961720765584,3,8,24,1,0.3885350318471338,0.3505128982835989,0.4,0.3666666666666667,2,0.6666666666666666,0,0.0,-0.6623448986283262,0.4953995324580525,-0.7393171468108856,0.4158705769612269,-0.3717018784603738,0.483871250000002,0.1075043656843433,0.3522966666666676,-0.3121960635705274,11.9769,-0.341010322308767,4.698933333333344,-0.2907671480515952,8.3493,-0.3078276969814039,3.132766666666657,0.8064969720352111,0.6059,2.1091427972707533,0.3225000000000053,0.5737282106322433,0.9869971296732307,0.3329424201034498,0.9667537950409275,0.8736228735159315,0.9207415320631143,0.9931130107715805,0.7142454934058291
Sesame,Tomato,31,19,11,20,8,366,0.4192516194743221,24.187948350071736,4.1501715896717104e-09,6.50784,1.8202797956358248,4.49216,2.4678403895764203,0.0147397052058958,8.028435385537343e-08,0.1807359504983813,4,2,8,0,0.2900763358778626,0.265420298473318,0.2125,0.1583333333333333,0,0.0,0,0.0,-0.8257191761398662,0.397177929489357,-1.1137805588133631,0.3378040496446413,-0.5722401372675798,0.3244187500000024,-0.7477516943457766,0.2281445833333335,-0.2256316841780123,4.4606,-0.2312064034316482,1.577300000000008,-0.1742902573802236,3.0098,-0.1784231549279516,1.0471333333333326,-0.6206717424129226,0.2781,-0.5697773651993758,0.1108333333333345,-0.3095173572217779,0.9470497409960754,-0.18063615561927548,0.9346049099749543,-1.1494802511027176,0.10149157812479316,-1.133629919296451,0.040977841956316326
Mulberry,Potato,26,34,14,12,20,359,0.4292793541956843,20.342439024390245,2.5417584282283286e-10,8.97434,2.071521557792728,5.02566,2.42607178336826,0.0148197036059278,7.129632391180463e-09,0.1807359504983813,3,2,6,0,0.2967032967032967,0.2701465201465201,0.15,0.1374999999999999,0,0.0,0,0.0,-0.6670117472939706,0.3788974935827203,-0.8107616176064943,0.3205140923785455,-0.7839571946531781,0.2957550000000007,-0.7850539172538289,0.2047391666666667,-0.1955217408255345,3.5468,-0.1983741033146742,1.2445333333333344,-0.1507997752204974,2.4371,-0.1532472768593618,0.8433,-0.5400517594337381,0.2258,-0.5090980579902211,0.0852000000000018,0.11774743689093221,0.953373472397884,-0.17891599794539298,0.9276255425604708,-0.06488447701583597,0.36671825951518744,-0.5687651742770166,0.0815360034989235
Fig,Kiwi,8,12,4,4,8,389,0.3937837785352597,45.8235294117647,2.9412959028807268e-05,1.50472,1.0350544534467738,2.49528,2.410771715140798,0.0335993280134397,0.0001447427194312,0.3194783561955879,13,7,91,1,0.8899082568807339,0.6536731226639484,0.875,0.725,38,19.0,23,9.666666666666666,1.4284184032469591,0.6533004742366704,0.8005972402451464,0.5545738461820591,0.9333573010793138,0.7059762500000075,0.9174976454642376,0.579866666666669,0.0637334654409264,34.4753,0.1013342679991657,16.6833,-0.0572295251054414,25.983,-0.0903957927568427,11.492233333333326,0.2193357352612737,0.9541,0.588095015963772,0.8335000000000067,-0.24702760476599492,0.9899768845059539,-0.4157565405913732,0.9813632080283705,-0.6838564813378424,0.8397054866681284,-0.4711735225615724,0.7698804940893923
Peanut,Rice,14,25,8,6,17,374,0.4007593315741254,27.984615384615385,1.53506925503827e-07,4.3074,1.5722802676367835,3.6926,2.3485634692535853,0.0235195296094078,1.4847825035801196e-06,0.2489520020920336,12,7,84,1,0.4366197183098591,0.4213739462503036,0.4,0.3125,1,0.3333333333333333,0,0.0,-1.2660224006742145,0.6484994168920741,-1.0256414928064412,0.5459959901480579,-1.6263208405423129,0.7000562500000055,-1.6166098810300966,0.5677550000000025,-0.5956470920105905,33.644,-0.6970813514070615,15.923166666666686,-0.4921122583289288,25.3256,-0.5559186362644783,10.986700000000011,0.2389193429408546,0.946,0.6411883936684658,0.8087666666666747,-0.7322299483805751,0.9850753900197448,-0.11418462366968055,0.9833802991271537,-0.5778842197943186,0.8397425633878239,0.04921528971509931,0.8248700764207767
Orange,Sesame,23,31,12,11,19,363,0.4108864200293143,20.261984392419176,3.330285637498825e-09,7.60576,1.9512700536829843,4.39424,2.251989667809413,0.0243195136097278,6.672465152274432e-08,0.2513229735405292,1,4,4,0,0.2671755725190839,0.2264631043256997,0.225,0.1208333333333333,0,0.0,0,0.0,-0.7582534326403991,0.349106015726955,-1.1125562678127328,0.289303851246562,-0.146918467499336,0.2490187500000016,-0.6723253403384245,0.1701033333333335,-0.157485149591064,2.0208,-0.1593159035259846,0.7007000000000002,-0.1163793107603821,1.3099,-0.1183074567960605,0.4513999999999995,-0.4207427742804716,0.1504,-0.4049380137090586,0.0543333333333327,-0.2610760961324875,0.9278812312430326,-0.16803822291812714,0.9118315916762398,-1.2756343514202204,-0.08377459839809412,-1.5942543269194573,-0.19272732273103843
Rice,Strawberry,25,21,10,15,11,369,0.4027374900630132,21.76577840112202,2.667362479162733e-08,6.01092,1.7949152496984373,3.98908,2.222433622239381,0.0271794564108717,3.562834168595936e-07,0.2722799115446263,7,3,21,0,0.3740458015267175,0.3477523324851568,0.2125,0.2041666666666667,0,0.0,0,0.0,-0.6795899864845927,0.4816699911132758,-0.6782878686218242,0.4051563512277604,-1.102039654692589,0.4604800000000016,-1.0056577556731645,0.3336416666666668,-0.3427329747763332,10.6481,-0.3644285719380256,4.122266666666664,-0.2638808524209019,7.4416,-0.2800133767244248,2.770466666666659,-1.1149701193219077,0.5542,-0.9273257548309684,0.2851333333333361,-0.9473906321840001,0.9537432979154938,-0.42391207473087344,0.9518503111722598,-0.5808985223763794,0.5213203097323347,0.1461931718677155,0.510941291675363
Carrot,String Bean,12,13,5,7,8,385,0.3812481048343874,33.258823529411764,1.0224022158224622e-05,2.28522,1.2279859736983971,2.71478,2.210758150456506,0.0408591828163436,5.974662948712514e-05,0.3613118362632747,2,8,16,1,0.3806451612903225,0.3584834520318391,0.4375,0.3583333333333333,0,0.0,0,0.0,-0.4869440772351822,0.4546432713660601,-0.3246990886035003,0.3847673941578922,0.0945990996249187,0.4166175000000034,0.4913075009446453,0.2994104166666674,-0.3010560181217336,8.5324,-0.3164769311546973,3.2432666666666523,-0.2327626104932655,5.9446,-0.2451639308979862,2.1902999999999992,1.085437556753085,0.4591,1.6330643866579515,0.2172666666666625,0.7932287475422087,0.9862169618962688,0.8786964596833053,0.9682394499077235,1.0551716416388746,0.9005433480841825,1.1110117097247216,0.6290198421569005
Carrot,Cherry,12,13,5,7,8,385,0.3812481048343874,33.258823529411764,1.0224022158224622e-05,2.2719,1.2357064335836403,2.7281,2.207725011262026,0.0412191756164876,5.974662948712514e-05,0.3613118362632747,2,4,8,1,0.4193548387096774,0.3580851645367774,0.5,0.3625,6,3.333333333333333,4,2.0,0.1354225265924592,0.4012652650556721,0.2674860728480188,0.3402545671371868,0.849912335219998,0.3298750000000028,1.380271718763007,0.2310333333333332,0.054082569319148,4.8532,0.2188101898716063,1.7241666666666733,0.0336495563930589,3.3662,0.1279377467047023,1.1782666666666692,1.5754028533736466,0.2872,2.8273840676815984,0.114200000000001,0.9770520952494124,0.9806947430859063,1.2476918499809273,0.961880661355651,1.3988530941877928,0.8793973644127189,2.0756176111068205,0.625419912162361
Peanut,Potato,14,34,9,5,25,366,0.3813672799894838,24.825311942959,1.0599944549293808e-07,5.36568,1.6697658930520762,3.63432,2.1765446372587114,0.0306393872122557,1.0766812194640474e-06,0.301556074141675,12,2,24,0,0.3563829787234042,0.3277351675349172,0.225,0.1875,0,0.0,0,0.0,-0.8352254443036453,0.4905484894846149,-0.9451027821545028,0.4144962839066511,-1.1162748893577554,0.4774750000000028,-1.187635540443987,0.3510154166666666,-0.3533446604292576,12.0282,-0.3814858098294761,4.799100000000008,-0.2743060708530679,8.5157,-0.2955680227816114,3.2508666666666515,-1.215607129691248,0.5964,-0.9875193487577244,0.3240000000000055,-0.8265118745858084,0.9573049107045878,-0.27777755793335396,0.9555653456873247,-1.2044323681793887,0.39376472871738466,-0.6279278979068875,0.38891147518481417
Orange,String Bean,23,13,7,16,6,376,0.378999764475437,26.32867132867133,1.007267775851166e-06,3.8058,1.4926775807253216,3.1942,2.1399128929422755,0.0383592328153436,7.958834116232453e-06,0.3586588268234635,1,8,8,1,0.7862595419847328,0.460559796437659,0.8375,0.4041666666666666,37,12.333333333333334,24,8.0,3.012024095686603,0.3966320457349697,1.8108443103826235,0.337062533994652,2.6151852044315747,0.3233812500000004,1.7878114385372224,0.2286916666666669,1.629063956653527,4.4488,1.4929702301130556,1.6389333333333391,1.1812119471934532,3.0235,1.1124686763533296,1.0945666666666658,1.6192208409714504,0.2761,1.0817064533456906,0.1137666666666677,1.3805875349011347,0.997103184533573,0.8789535437217935,0.9589743763773294,1.7061573672284316,0.9568130983987091,0.4252225082328104,0.3263780167364898
Egg Yolk,Gluten,14,5,3,11,2,389,0.3460493934133801,47.417391304347824,0.0003177568419304,1.10408,0.8931110533410727,1.89592,2.122826711087588,0.0655786884262314,0.0011354241294458,0.4608418942732257,2,1,2,0,0.3058419243986254,0.2800687285223368,0.2,0.1625,0,0.0,0,0.0,-0.0184421618109343,0.3075667263252209,0.2009739125259032,0.2674898381238165,0.053060852668581,0.1928662500000001,0.1796623093625033,0.1483381249999998,-0.1294400730524232,0.9851,-0.1296803542309724,0.4968,-0.1012080863683519,0.6252,-0.1014824570508702,0.3144,-0.2910607267828217,0.0781,-0.2868944204619962,0.0402,-0.30412266283652273,0.9113720715439204,-0.015205544993833971,0.9040001983302723,0.5673721581995824,0.3039191278669303,1.2117105634420766,0.23696192674580177
Peanut,Wheat Flour,14,16,6,8,10,381,0.3779360498689634,27.7843137254902,3.419208764283372e-06,3.06238,1.390039112974883,2.93762,2.1133362166429057,0.0443591128177436,2.42807103387718e-05,0.3828532660116028,12,5,60,0,0.4722222222222222,0.4250130412102242,0.325,0.2833333333333334,1,0.3333333333333333,0,0.0,-0.7719535360697694,0.6041498311831748,-0.7035345147041214,0.5055068984554819,-1.5706676175757697,0.6446137500000058,-1.388260106898517,0.5042150000000012,-0.518834892500198,26.3545,-0.5938708462419401,11.768133333333289,-0.4273705599340542,19.4568,-0.4747327327106744,8.033000000000007,-2.804504987863341,0.8872,-1.9482169198708064,0.6781000000000065,-2.6038654194899378,0.9580356329796541,-1.724191304017864,0.9571396817615763,-1.790245282020501,0.6042260412083007,-0.955370676164683,0.5927814381850066
Fish,Tomato,4,19,3,1,16,385,0.3320863992949525,54.51515151515152,0.0003421622855593,1.14406,0.878263466392631,1.85594,2.113192761647101,0.0665386692266154,0.0011922549204893,0.4608418942732257,9,2,18,1,0.4122137404580153,0.361323155216285,0.3375,0.2333333333333333,0,0.0,0,0.0,-0.3403584337293417,0.4642202663677472,-0.3863766601608002,0.3934701003514064,-0.4289202797247552,0.4323375000000022,-0.6439307087343185,0.3139874999999986,-0.3228721322985008,8.9934,-0.3387482056915611,3.516599999999987,-0.2485246477773857,6.1709,-0.2625172467481554,2.336733333333324,1.0046106288366798,0.4977,0.3032916436056123,0.2450666666666664,0.8228719636409041,0.9883963283187057,0.47234264763966055,0.9631827980321462,0.7590833172374849,0.8395088101521264,-0.08206182037213813,0.4254748854569342
Fig,Peanut,8,14,4,4,10,387,0.3616668454239917,36.90476190476191,5.851992625631766e-05,1.7152,1.092762078404993,2.2848,2.090848543477019,0.0574588508229835,0.0002669079563397,0.437116392807279,13,12,156,1,0.8549618320610687,0.6742345891816465,0.8625,0.7291666666666666,43,17.333333333333332,28,10.666666666666666,0.8540887207130438,0.7282522713119199,0.3456515500960639,0.6309738638035932,0.5186783295481701,0.788901250000003,0.3297790136725432,0.6846837500000028,-0.128281349953913,51.8418,-0.3295831226432237,27.02783333333329,-0.1974929505923474,41.1371,-0.3249586358184473,19.402766666666697,0.0783418047665606,0.9939,0.2531246197990331,0.965066666666666,-0.024369707186279066,0.9952342697277553,0.4949823213322325,0.9947899191085271,0.024595736828115947,0.9523263841320037,0.48274632523846644,0.9460915409483311
Gluten,Peanut,5,14,3,2,11,389,0.3460493934133801,47.417391304347824,0.0003177568419304,1.11418,0.902764048686034,1.88582,2.0889400754768603,0.0694786104277914,0.0011354241294458,0.469608439156518,1,12,12,0,0.3109756097560975,0.2979114101485842,0.325,0.2833333333333334,1,0.3333333333333333,0,0.0,-0.8146204272662977,0.422589668939191,-0.8493253926933249,0.3618373569512279,-0.2032745359986101,0.3671350000000031,0.1615506744280402,0.2653979166666672,-0.2122277727682533,6.0285,-0.2286220814208431,2.284366666666662,-0.1956890444455579,4.1316,-0.2065502909330908,1.523000000000004,-0.756196242383322,0.3638,-0.6634538744315128,0.1654333333333298,-0.506178748903245,0.9402120398240955,-0.2939956223751424,0.9320643224904499,0.19204910760900198,0.586353299962426,0.943946286987694,0.5228314986428022
Cow Milk,Gluten,28,5,4,24,1,376,0.3221046739691932,46.10204081632653,8.825294777624846e-05,1.84408,1.0434217525047098,2.15592,2.066201892786655,0.0573988520229595,0.0003722549150562,0.437116392807279,4,1,4,0,0.247191011235955,0.2289161503126391,0.225,0.175,0,0.0,0,0.0,-0.9414231089247336,0.3515539343434566,-1.0681968710934693,0.2907160700455284,-0.158545836207574,0.2515775000000009,0.0458985223791016,0.1715416666666656,-0.1690413225165959,2.2515,-0.1702017204306912,0.7810666666666655,-0.1308847553548449,1.4917,-0.1322045226667756,0.5134333333333325,-0.4246867422984164,0.1528,-0.404859090025858,0.0558999999999995,-0.2815043403808454,0.9269601410735349,-0.8803159674619416,0.8893351546398932,0.8556264471528786,0.5499982504764309,0.8984326727500055,0.22996897052434492
Banana,Olive,22,2,2,20,0,383,0.2939344714290035,93.53658536585364,0.0028236156949028,0.64986,0.6565226427169134,1.35014,2.056501805349261,0.1017579648407031,0.0069781868054646,0.5868629566184186,2,5,10,0,0.3358778625954198,0.3177863552009796,0.175,0.1708333333333333,0,0.0,0,0.0,-0.5947401065703104,0.4196501033936715,-0.5258841818145326,0.3547232984551105,-0.8798630257576846,0.3597612500000022,-0.8005998734994422,0.2525850000000013,-0.2465833264508155,6.3149,-0.2551389961558837,2.281200000000001,-0.1925837532639797,4.4426,-0.1994762452941613,1.5774000000000048,-0.7212620269522438,0.3422,-0.6519394154909537,0.1416666666666645,-0.6952302855999389,0.9422697698944488,-0.36567303771267384,0.9365276487292392,-0.5257932246942543,0.34993290169039337,-0.20792548408768038,0.2642568431014895
Carrot,Peanut,12,14,5,7,9,384,0.365487567917559,29.680701754385964,1.5668889844372246e-05,2.42168,1.2592640619028248,2.57832,2.047481602948314,0.0545589088218235,8.53422058513867e-05,0.431092223225958,2,12,24,1,0.3896103896103896,0.3563748079877112,0.4125,0.3208333333333333,0,0.0,0,0.0,-0.6450437449880384,0.493275423265086,-0.6548528944480012,0.415446966737251,-0.3009000891911199,0.480378750000001,-0.2298660560250378,0.3520233333333329,-0.3483083048732051,12.5044,-0.3757228914212798,4.947666666666705,-0.2723659372099071,8.9425,-0.2914451399479734,3.378066666666662,0.810217180805791,0.6037,1.0274446057747506,0.3293000000000051,0.6641195719785007,0.9886494944197098,0.42021265836296706,0.9679168665538266,0.8567876269776067,0.9112548592084487,0.5176708275858837,0.6206010851683496
Mulberry,Rice,26,25,11,15,14,365,0.3932661617246986,18.701890989988875,1.9801148991391933e-08,7.1199,1.9029566442775296,3.8801,2.038984971974023,0.0400591988160236,2.777111146042718e-07,0.3613118362632747,3,7,21,0,0.4945054945054945,0.4088565362450713,0.2125,0.1875,0,0.0,0,0.0,0.0826418588704647,0.4814754305772278,0.0348258563266961,0.4058919567376375,-1.110381841581655,0.4612200000000042,-1.1393788210378986,0.3336574999999991,-0.3420591392545785,10.8998,-0.3612074275688494,4.214066666666664,-0.2672297889922707,7.6521,-0.2817944017903895,2.8507333333333262,-1.1251809532945902,0.5587,-0.9293665550765374,0.2827333333333378,-1.0725049250921206,0.9513420783156816,-1.083697839305019,0.9412345334953782,-1.9415617561019871,0.17270636529919867,-1.816231074304882,0.12482746697995106
Pumpkin Seeds,String Bean,18,13,6,12,7,380,0.3685750142958089,26.38133333333333,4.489080162530508e-06,3.1661,1.4001252765377816,2.8339,2.0240331686659103,0.0506589868202635,3.0692217112491685e-05,0.4241745015845952,9,8,72,1,0.7251908396946565,0.6047920223045491,0.7875,0.6875,26,17.333333333333332,16,9.666666666666666,0.5542833426558815,0.6309705583344805,0.6509237419012387,0.5279516419369408,0.5630129187608912,0.678992500000006,0.9305215070105042,0.5403183333333356,-0.0890460444615848,30.7133,0.1500298817957309,14.120066666666675,-0.1401390805041876,22.968,-0.0030835546900977,9.725233333333344,0.2816572649422793,0.9265,0.7537179212374515,0.7574333333333393,0.7067347909360174,0.9975910572317482,0.7130397271772274,0.9906674943028868,0.5810007545166341,0.9649382155496637,0.9521588032975041,0.9304010584802134
Apple,Carrot,20,12,6,14,6,379,0.3634225355255886,26.17241379310345,5.04584555989434e-06,3.2099,1.3957800650532295,2.7901,1.998953896718389,0.0526389472210555,3.316133236760506e-05,0.431092223225958,4,2,8,1,0.3935483870967742,0.3476330121491411,0.4625,0.3458333333333334,0,0.0,0,0.0,-0.0240334083691101,0.3966585157301225,0.1574391626052207,0.3376068351289837,0.7118440387333206,0.3238762500000044,1.2806123828456693,0.2284637499999998,-0.2157425521967484,4.4537,-0.2211954672555613,1.5736333333333363,-0.1649279765634243,3.0266,-0.1687851774944652,1.053733333333334,1.6212486005154914,0.2756,2.9071807474194795,0.1091333333333353,1.255986666563127,0.9870518613916957,1.4410301905175422,0.9650958875335481,1.5357837125022618,0.9089823823019754,2.1958152072519255,0.6394617825354921
Casein (nBos d8),Gluten,15,5,3,12,2,388,0.3332820473366711,43.512,0.0003956851040056,1.17278,0.9178273648132312,1.82722,1.990810113154364,0.0790584188316233,0.0013292176248333,0.5205454030454274,1,1,1,0,0.219626168224299,0.219626168224299,0.225,0.225,0,0.0,0,0.0,-0.5615653522913924,0.2682805520612659,-0.5615653522913924,0.2682805520612659,0.6885740742322867,0.1486062500000002,0.6885740742322867,0.1486062500000002,-0.098281969281654,0.4763,-0.098281969281654,0.4763,-0.0775888934727997,0.2889,-0.0775888934727997,0.2889,-0.2019884498886664,0.0392,-0.2019884498886664,0.0392,0.508824180620238,0.9269601410735349,0.508824180620238,0.9269601410735349,1.9648809763459518,0.5499982504764309,1.9648809763459518,0.5499982504764309
Cherry,Rice,13,25,7,6,18,374,0.3607424156838731,23.35758835758836,1.9215106142041666e-06,4.0513,1.5183768669207245,2.9487,1.9420079851321608,0.0544589108217835,1.4372899394247169e-05,0.431092223225958,4,7,28,0,0.3740458015267175,0.3639981731584785,0.2875,0.2625,0,0.0,0,0.0,-0.842665028685699,0.511545307334978,-0.7035687085553305,0.4286072331534311,-0.9825272184120568,0.5082262500000009,-0.7895481740052859,0.3718999999999998,-0.3966997432749879,13.2721,-0.4212631294014211,5.323166666666689,-0.3061088263451331,9.2625,-0.3251906806598904,3.5472999999999986,-1.3886171850716913,0.6585,-1.099058502930937,0.3664333333333383,-0.8990683036549951,0.9616969736867723,-0.5752185537793943,0.9557754243469349,-1.881222890288716,0.2925993052669282,-1.8392596049879624,0.1944383197161272
Rice,Soybean,25,16,8,17,8,372,0.3693360884871171,21.285714285714285,6.082035263406397e-07,4.83182,1.6335652688521518,3.1681800000000004,1.9394266396384443,0.0532589348213035,5.33128403557967e-06,0.431092223225958,7,7,49,1,0.425,0.4047838760588784,0.3625,0.3208333333333333,1,0.3333333333333333,0,0.0,-0.8942530909148526,0.5783853990408404,-0.7209503307123286,0.4816747987940846,-1.147931851458805,0.6076450000000038,-0.9227850181331264,0.4632391666666675,-0.4660607313001556,22.4036,-0.5252199177787652,9.556700000000005,-0.3840790425834536,16.383,-0.4214185291143025,6.524300000000017,0.4448502114075734,0.8348,-0.6944898860333218,0.5847000000000002,-0.09420569548266539,0.9849269633111988,0.509234912780861,0.9823874278561165,-0.7878642713830476,0.7031315763551892,-0.035611432706887665,0.6925903920388631
Cherry,Tomato,13,19,6,7,13,379,0.357082505381796,24.362962962962964,6.46004930818957e-06,3.29666,1.4199340986116222,2.70334,1.9038489199204816,0.0634387312253755,4.026764068771498e-05,0.4608418942732257,4,2,8,1,0.7938931297709924,0.4991679349367462,0.8625,0.525,39,14.333333333333334,28,9.333333333333334,3.0725608898359944,0.3980934771012512,2.4680302022896043,0.3388275190786401,2.751971075015967,0.324882500000001,3.189041523829577,0.2286849999999991,1.633526933158171,4.5477,1.742824265024585,1.612666666666672,1.3261175087740436,3.1514,1.2899688208396232,1.1013,1.6047614172494475,0.2797,2.891798422701384,0.1106333333333348,1.6715794096174204,0.997844119151558,2.1637945160604724,0.9790143819752686,1.7317084935249993,0.9694974181164828,2.151895827059543,0.6341078748913274
Strawberry,Tomato,21,19,8,13,11,373,0.3694243529805399,20.44927536231884,6.615716730243253e-07,4.86044,1.6580358881520034,3.1395600000000004,1.893541643118026,0.0576588468230635,5.709872439486869e-06,0.437116392807279,3,2,6,1,0.8396946564885496,0.4707379134860051,0.8625,0.4125,50,16.666666666666668,39,13.0,3.650566842657288,0.3814572183292775,2.39094749006703,0.321397342369262,2.9973143920781005,0.2968537500000019,2.4061673114494417,0.2053854166666661,2.603817985971681,3.6634,2.4990163999380024,1.279733333333334,2.342115298506091,2.498,2.2768423665509867,0.8647333333333312,1.866629297084835,0.223,1.4921861517065278,0.0841666666666686,1.8252967423645723,0.9980236954585593,1.3877055147232238,0.9591637250388999,1.9178979209412537,0.9720923951562389,1.3772883175999489,0.4231548116323128
Onion,Strawberry,12,21,6,6,15,378,0.3531796872613177,24.41935483870968,6.970631960171484e-06,3.32524,1.421512906167229,2.67476,1.8816290646363905,0.0662586748265034,4.297279702918904e-05,0.4608418942732257,1,3,3,0,0.2121212121212121,0.1594571670907549,0.1125,0.075,0,0.0,0,0.0,-1.1452394471661431,0.3333524833812168,-2.0044583514332297,0.2678221299359652,-0.7220812749365065,0.2254387500000005,-1.089619194681141,0.1482470833333335,-0.133687053045587,1.8797,-0.1352439270883031,0.6421999999999987,-0.1035837188745675,1.3009,-0.1047163171325891,0.4419666666666673,-0.3666468995513971,0.1185,-0.3576754503709533,0.0415666666666661,-0.25716866822829687,0.9221892437734223,-0.6176298215708731,0.8841326890970369,-0.026652647711363688,0.22284144367036157,-0.6403507929123041,-0.10952257410170206
Fig,Wheat Flour,8,16,4,4,12,385,0.3355782340389458,30.84,0.0001046772450809,1.8905,1.1262636236689878,2.1095,1.873007309894249,0.0795584088318233,0.0004368550664888,0.5205454030454274,13,5,65,0,0.4112903225806452,0.3729848520524291,0.2625,0.2583333333333333,1,0.3333333333333333,0,0.0,-1.1633705391922835,0.6093877044808185,-1.1855541380303358,0.5136249199960109,-1.919628001104924,0.6510912500000028,-1.589826511976884,0.5166945833333318,-0.5365872917749197,26.8554,-0.6093357930818336,12.372333333333245,-0.4423964044852146,19.7776,-0.4886091741089416,8.424433333333326,-2.9383518114778933,0.8962,-2.056163629456114,0.7082000000000056,-1.1450133243892358,0.97564899626441,-0.6669606014811716,0.9718671697117302,-2.4524336599507044,0.5123093191364847,-1.8541785630969547,0.46059705550990104
Egg White,Gluten,33,5,4,29,1,371,0.2936429345659926,37.77966101694916,0.0001745287444885,2.06196,1.065420554710674,1.93804,1.8190375541668569,0.0861982760344793,0.0006752456941934,0.5465802262902111,5,1,5,0,0.2199312714776632,0.1878579610538373,0.15,0.1166666666666666,0,0.0,0,0.0,-1.2662179059443237,0.3654095335360235,-1.992393457253476,0.30615444787143,-0.6952091476910016,0.27242875,-0.8843985424699023,0.1887883333333337,-0.1728698549924076,2.8243,-0.177200923788594,0.9874999999999976,-0.1315463116434088,1.9094,-0.1344753476533262,0.658433333333333,-0.4802267902987093,0.1874,-0.452348467274824,0.0712000000000006,-1.3108760654368854,0.894066601280787,-1.5460120297875966,0.8755507364990026,-0.6121495898449854,0.16296542840508457,-0.7300155660178009,0.010946223565617983
Fig,Mulberry,8,26,5,3,21,376,0.3247943018741903,27.51827242524917,3.635942578542127e-05,2.7171,1.2596775738259374,2.2829,1.812289150362736,0.0797984040319193,0.0001743387851762,0.5205454030454274,13,3,39,1,0.6624203821656051,0.6209621942106018,0.7,0.6666666666666666,14,11.0,5,3.333333333333333,0.6975553178839595,0.5448281520744811,1.564633983578087,0.4575638102235824,0.6314488541923287,0.5601825000000012,1.594487227970266,0.4232258333333326,-0.1023463453255789,18.3129,0.1998926235188008,7.757933333333322,-0.2126806944313619,13.2637,-0.1376295505404342,5.287833333333331,0.5647240171184678,0.7582,1.4090167924913433,0.4866999999999984,0.6578925390219597,0.9932920911133449,0.7942731898502994,0.9829242091956646,0.8048269944151196,0.9565013970188523,0.9586303329734877,0.8251811743640992
Mulberry,Orange,26,23,10,16,13,366,0.370995727869891,17.276094276094277,1.267938166411482e-07,6.6663,1.8565948157850705,3.3337000000000003,1.7955991106171052,0.0640787184256314,1.247918090099722e-06,0.4608418942732257,3,1,3,0,0.2442748091603053,0.2324469423706064,0.1125,0.1041666666666666,0,0.0,0,0.0,-0.8436661157803877,0.3315605320590174,-0.6425758128395345,0.2674273505008305,-0.7368486175050362,0.2253800000000009,-0.6680531467744025,0.1490941666666666,-0.1418550617479588,1.7054,-0.1428397274499699,0.5849666666666661,-0.1089992787605182,1.1422,-0.1101572033658716,0.3902000000000004,-0.3650655997384862,0.1176,-0.3536994991707624,0.0418999999999995,0.27506818512734765,0.9414399161327025,-0.8081187370048047,0.87783160772532,-0.3898465394713877,0.1151835458006368,-0.008996989788721741,-0.00781688745511975
Mulberry,Sesame,26,31,12,14,19,360,0.379280764211445,15.937223695844386,2.0669408151110167e-08,8.38078,2.0203431865898445,3.61922,1.791388722481805,0.0630787384252315,2.82817999335922e-07,0.4608418942732257,3,4,12,0,0.3296703296703296,0.3113553113553113,0.2,0.1958333333333333,0,0.0,0,0.0,-0.7085384442160153,0.4319525250334742,-0.7617461745752121,0.3663115429179359,-0.842564553064327,0.380106250000004,-0.687969456687844,0.2697475000000004,-0.2754351766050946,6.9927,-0.2844294896409122,2.5518333333333323,-0.2166371133443408,4.8878,-0.2235722698917009,1.7412666666666667,-0.7912118933399583,0.385,-0.7042813758998822,0.1655333333333297,-0.7920878510509965,0.9454231020700458,-1.1740063185888698,0.9283184032245178,-1.3414989975919707,0.1583217608209586,-1.389812312799482,0.08297017119174403
Onion,Wheat Flour,12,16,5,7,11,382,0.3383302072344969,24.39130434782609,3.3180654735728535e-05,2.6993,1.316404007134588,2.3007,1.7477157373654049,0.0862782744345113,0.0001618638896238,0.5465802262902111,1,5,5,0,0.2954545454545454,0.2601010101010101,0.1375,0.125,0,0.0,0,0.0,-0.6034079618329153,0.3655440367060982,-0.763835302777946,0.3061390793987928,-0.759167162667835,0.2724700000000001,-0.7740962052741999,0.188329166666667,-0.1860466681830539,2.8169,-0.189575198478807,0.989533333333334,-0.1438899270550354,1.8645,-0.1470660964270904,0.6483333333333337,-0.4821179958195135,0.1886,-0.4567845937662163,0.0706333333333339,0.22574466527570727,0.9494248926193027,0.04835099831395235,0.9244511124217353,0.4687869288540674,0.48653955681070793,0.5649499332648944,0.23239241291353738
Gluten,Pumpkin Seeds,5,18,3,2,15,385,0.3014017638565076,34.81935483870968,0.0007015282035566,1.34648,0.957638558956353,1.65352,1.7266639741428411,0.115277694446111,0.0021505864600834,0.6159122531835077,1,9,9,0,0.2907801418439716,0.2493338967523838,0.2125,0.1791666666666666,0,0.0,0,0.0,-0.8541442175056508,0.4037483268058459,-1.3708729814633662,0.3436118321670868,-0.605363318858766,0.333525000000002,-0.5857680810609175,0.2374883333333342,-0.221596705592593,5.1093,-0.2302119856492387,1.852533333333329,-0.1709710193871612,3.5615,-0.1779144232184568,1.2675666666666707,-0.6439155579117131,0.2931,-0.5818414597289269,0.1205000000000003,-0.927842568351873,0.9200373837609512,-0.9507766870702395,0.9071388768111793,-0.15124116798146947,0.42407306818081536,0.19702019660616027,0.30891717438037253
Fig,Gluten,8,5,2,6,3,394,0.305517070064433,43.35164835164835,0.0033216000370624,0.70516,0.7501129077678906,1.29484,1.726193465798439,0.1415371692566148,0.0081018157425739,0.6965118592364995,13,1,13,0,0.2773722627737226,0.2478406138565652,0.2375,0.1999999999999999,0,0.0,0,0.0,-1.085212762464823,0.4292326714910207,-1.5181494529010269,0.3679468714272714,-0.6640313203837421,0.3775412500000049,-0.6409044980159654,0.2750108333333335,-0.2652197328440113,6.601,-0.2813578385111742,2.5583999999999887,-0.2043728049420717,4.5283,-0.2177544848683878,1.7069000000000052,-0.7847100830014831,0.3811,-0.6826150638514232,0.1801666666666631,-1.154801557751014,0.9207408339154922,-1.1003446027792456,0.9105805272932409,-0.41627637290996333,0.4298987339368713,-0.4165054650396521,0.2797978824215096
Peanut,Tomato,14,19,6,8,13,378,0.341534363739441,21.4400871459695,1.0985862068996624e-05,3.50142,1.454028192161349,2.49858,1.7183848383888425,0.0872582548349033,6.353678990419697e-05,0.5465802262902111,12,2,24,1,0.8473282442748091,0.4994445041751782,0.8875,0.425,47,15.666666666666666,34,11.333333333333334,2.2244152226231586,0.4919328422300065,0.9158681392600172,0.4154985330204147,1.810616693699481,0.4797550000000018,0.5330268229501243,0.3518787500000011,1.0523243826359243,12.0053,0.8625559165205864,4.833600000000019,0.8510912069091287,8.4146,0.7448616653497842,3.244733333333325,0.8153063768285024,0.6007,0.0270464809383311,0.3245000000000049,1.1201766596166267,0.9982106545067615,0.32479839530959237,0.9661639290066962,1.1135823866531516,0.9739828960734694,-0.2506191224005772,0.46598632375278926
Onion,Orange,12,23,6,6,17,376,0.334628711601263,21.51428571428572,1.2625248320649242e-05,3.56392,1.4478515923947457,2.43608,1.6825481373893612,0.0916381672366552,7.082764307884226e-05,0.5465802262902111,1,1,1,0,0.183206106870229,0.183206106870229,0.0625,0.0625,0,0.0,0,0.0,-0.9631310739875316,0.2670857459290249,-0.9631310739875316,0.2670857459290249,-0.7700039649865614,0.1478462499999995,-0.7700039649865614,0.1478462499999995,-0.0898643040556034,0.5574,-0.0898643040556034,0.5574,-0.0738465150066194,0.3728,-0.0738465150066194,0.3728,-0.2086014310307351,0.0417,-0.2086014310307351,0.0417,-0.15040106022097097,0.8978870143802902,-0.15040106022097097,0.8978870143802902,-0.6381033591694921,-0.18824315667134392,-0.6381033591694921,-0.18824315667134392
Carrot,Orange,12,23,6,6,17,376,0.334628711601263,21.51428571428572,1.2625248320649242e-05,3.55892,1.4508509343140663,2.44108,1.6825160616201371,0.0925581488370232,7.082764307884226e-05,0.5465802262902111,2,1,2,0,0.2442748091603053,0.232824427480916,0.075,0.075,0,0.0,0,0.0,-0.6598992429150142,0.3083447365469847,-0.5487502849465397,0.2679063829920307,-0.8606740108454451,0.1922512499999997,-0.9177057305860156,0.1476818750000002,-0.1178808115853513,1.0953,-0.118181117564766,0.5516,-0.0890472769788217,0.7216,-0.0893176620088952,0.363,-0.2916666666666667,0.0784,-0.2878310676312527,0.04025,0.2002148381547556,0.9306010737776066,0.6015879171910595,0.9265757226319995,-0.16375158395514836,0.09201512771782935,0.48024732327879194,0.08899038312153132
Cow Milk,Meat,28,13,7,21,6,371,0.3369056893189792,19.937388193202143,4.540916257284866e-06,4.38084,1.565298979236874,2.61916,1.673265002240602,0.0881182376352473,3.0692217112491685e-05,0.5465802262902111,4,3,12,0,0.3909090909090909,0.3347393862665266,0.325,0.2958333333333333,0,0.0,0,0.0,-0.2666335400402998,0.4285873675493457,-0.4178944317413556,0.3643255343911867,-0.2447844424099431,0.3765412500000035,0.2694830667746459,0.2674141666666669,-0.2767591835625557,6.1845,-0.2838262467781302,2.2587333333333293,-0.2128694224390074,4.1863,-0.2193037830753642,1.4984000000000048,-0.7798936843528961,0.3782,-0.691889388611952,0.1622666666666621,-0.3080208998014883,0.9562834408875798,0.07166156587363245,0.9485542996356293,0.1569425704246005,0.5888903129650207,0.7544419034100258,0.48243967667027343
Fig,Pumpkin Seeds,8,18,4,4,14,383,0.3138010378001775,26.448275862068964,0.0001731364155861,2.07274,1.1740906661753172,1.92726,1.6414916288178871,0.113717725645487,0.0006745106190543,0.6134196546838294,13,9,117,1,0.7480916030534351,0.67670415863957,0.8,0.7416666666666667,21,16.0,15,8.666666666666666,0.3638548923093804,0.6903558516621014,0.6951298870558406,0.5898941706303886,0.3128560047346049,0.7493000000000034,0.7478342181383612,0.6314120833333369,-0.3444993729985906,42.7343,-0.2042424396871524,21.328999999999965,-0.3005311476650624,33.1228,-0.2698589204072923,15.008533333333288,0.1376681401512944,0.9814,0.4023798096354871,0.9160666666666716,0.44035844689657017,0.9967091457776105,0.7657110560591719,0.9951951813012109,0.38496065402997925,0.9639006206200855,0.7503255554003322,0.951275121849808
Orange,Tomato,23,19,8,15,11,371,0.3491861787971408,17.715287517531557,1.5144701606844687e-06,5.21444,1.7024615961601022,2.7855600000000003,1.636195498496309,0.0905381892362152,1.1481321083026853e-05,0.5465802262902111,1,2,2,1,0.7786259541984732,0.5190839694656488,0.8625,0.46875,38,19.0,28,14.0,4.831206022809088,0.3086408103871962,3.916532803541217,0.2678934053852118,4.845375612324667,0.1940887499999999,3.985446750036608,0.1484687499999999,3.765195633026448,1.2011,3.7426689133576634,0.60585,3.2642782397325503,0.8028,3.249244991877132,0.4044,3.3548326278347056,0.0816,3.215676047724932,0.0419,2.0037128652564875,0.9972045557336169,1.8110246955535492,0.970716638943875,2.78882498647354,0.9580782420961802,2.552904460053178,0.5117750987621887
Mulberry,Peanut,26,14,7,19,7,372,0.3364449933194708,19.102564102564106,4.968256028997743e-06,4.43876,1.5717282406319475,2.56124,1.6295692434527975,0.0940981180376392,3.316133236760506e-05,0.5498858772824543,3,12,36,1,0.5095541401273885,0.4248617624413802,0.525,0.3,5,1.6666666666666667,2,0.6666666666666666,-0.1468438684854999,0.5343114884033704,-0.2383666187669426,0.4491060897677496,-0.0880496152925894,0.5446725000000022,-0.7262235184826927,0.4091150000000004,-0.2957031164899842,16.6058,-0.3489733163424957,6.975866666666691,-0.2750544064164715,11.9033,-0.3063533181291315,4.722933333333331,0.6098608906467591,0.7289,-0.3349514289415159,0.4534333333333361,0.6587650300643172,0.9924937018937378,-0.8155621690450943,0.9563722209811861,0.8104938590824698,0.9493000705812746,-0.8994136023166428,0.4442576830937383
String Bean,Wheat Flour,13,16,5,8,11,381,0.3226305033146345,21.46547314578005,5.2670275218198494e-05,2.8909,1.352064048039146,2.1091,1.5599113097184698,0.117797644047119,0.0002441985487389,0.623438474626734,8,5,40,0,0.3533834586466165,0.3324341387820697,0.225,0.2208333333333333,1,0.3333333333333333,0,0.0,-1.184714343277301,0.5573995579647096,-1.2601832537355235,0.463919854934005,-1.590956682689448,0.5776212500000036,-1.3909310720119237,0.4337300000000008,-0.4358557870341887,19.8371,-0.4824630069383767,8.334999999999972,-0.3625092792198392,14.4532,-0.3921701863735873,5.704800000000018,-1.903472749136076,0.7837,-1.412886132273512,0.5096333333333333,-1.163388474664938,0.9662487328184283,-0.6912255508173073,0.9621404833971408,-1.1969570253337622,0.5760326699722454,-1.1297216456478958,0.4430307396395407
Peach,Tomato,19,19,7,12,12,374,0.3373329697300245,17.976,5.455044123946376e-06,4.49914,1.6117441671679789,2.5008600000000003,1.5516482398036535,0.1093378132437351,3.5175629350964566e-05,0.5984606521461804,4,2,8,1,0.816793893129771,0.5180928768715028,0.85,0.4208333333333333,41,13.666666666666666,34,11.333333333333334,3.223630673541457,0.3978911089856219,2.780248419713938,0.3382443318991582,2.6757936603884285,0.3246487500000006,2.052628994457019,0.2290083333333331,1.7500882661299233,4.5237,1.6673622890322153,1.6049333333333398,1.665605000585972,3.0913,1.6209550717583847,1.0795333333333366,1.6208426633781925,0.2757,1.163209161707054,0.1095666666666682,1.6766662678133575,0.9982151386430627,1.1921131119873578,0.9609442045521343,1.744653537904292,0.9748777885428669,0.9355705895524393,0.4163370617334972
Pistachio,Pumpkin Seeds,31,18,9,22,9,365,0.3435011903700815,16.244444444444444,8.335277950926292e-07,6.22184,1.7932169457151577,2.77816,1.549260398547056,0.1025179496410071,6.7428258995017485e-06,0.5868629566184186,4,9,36,1,0.5021186440677966,0.4584306749953346,0.6375,0.6,11,6.0,4,1.3333333333333333,-0.2278205711245086,0.5406144263909513,0.0714334850758332,0.4512702668472496,0.3815564643674384,0.5525175000000027,1.264287208829146,0.4121512500000004,-0.1479907049452768,16.779,-0.065759776085848,6.989866666666676,-0.2197924690059715,11.9033,-0.2540036474061957,4.684200000000007,0.5927489783638191,0.74,1.5107098779127892,0.4604666666666688,0.7290548570761438,0.9940069084429117,1.416647671409709,0.9908517091786287,0.5964951499166646,0.9082747933033101,1.2779987140618956,0.8696668846955163
Carrot,Onion,12,12,4,8,8,385,0.3129770992366412,24.01038062283737,0.0001949306875113,2.13712,1.2053207480168922,1.86288,1.545547111061505,0.1304173916521669,0.000749014491054,0.6576591682452066,2,1,2,0,0.2272727272727272,0.2045454545454545,0.075,0.06875,0,0.0,0,0.0,-0.8560975805309489,0.3066961973242698,-0.991006007794558,0.2670086715724067,-0.8765920276098592,0.1911762499999998,-0.9947927481598292,0.147199375,-0.0923338871499022,1.0299,-0.0930714132918995,0.5235,-0.0687650901871832,0.704,-0.0694285746669528,0.35735,-0.2942825087164267,0.0797,-0.2896617889679855,0.04115,-1.0775221863412734,0.8831887954411024,-0.7892715832077661,0.8756491197349195,-1.3889365918872756,-0.2592540300606773,-1.3486925206679923,-0.27593717929488254
Casein (nBos d8),Egg Yolk,15,14,5,10,9,381,0.3207349595101669,21.035087719298247,5.609048816638705e-05,2.90958,1.360207419329861,2.09042,1.5368391395996766,0.121077578448431,0.0002579242939454,0.6274839640821863,1,2,2,0,0.4299065420560747,0.3925233644859813,0.2375,0.20625,0,0.0,0,0.0,1.2644703154498946,0.3080879097650616,1.940501457364864,0.2677281541572755,0.3014133761418818,0.1958437500000001,0.6942047013597524,0.1498068749999998,-0.1176430316149035,1.0897,-0.118523270147351,0.5544,-0.0890511361437333,0.7104,-0.089932901972546,0.361,-0.3047887380849036,0.085,-0.2994825365511569,0.04405,0.7654437120802285,0.95197712623729,0.9680043256223335,0.9404831404073077,1.733797289741247,0.6556880125606735,2.637064719159999,0.5384522565313516
Carrot,Fish,12,4,2,10,2,391,0.2770549354995341,37.285714285714285,0.0046816802218967,0.8048,0.7789332192171547,1.1952,1.5344062501291222,0.1773164536709265,0.0110353890944708,0.7894804008681731,2,9,18,0,0.3441558441558441,0.3362239910627007,0.2125,0.1791666666666666,0,0.0,0,0.0,-0.7902822043024392,0.4656452701094316,-0.6940799898530825,0.3940098636226922,-0.9938991287179542,0.4343525000000045,-1.0772655647342984,0.3143825,-0.3142442086824688,9.6749,-0.3329091984233708,3.730366666666671,-0.2438455173293508,6.8149,-0.258668596878765,2.540433333333329,-0.9954105314991352,0.4977,-0.8395223042913283,0.2451666666666673,-1.6848741972283243,0.9312452352262445,-1.4015797666581138,0.9296083648327095,-1.825206905999855,0.13905157004756363,-1.6500362031468343,0.11554338393513357
Onion,Rice,12,25,6,6,19,374,0.318222514133438,19.205128205128204,2.156281475102089e-05,3.78428,1.478223556029331,2.21572,1.498907246446312,0.121917561648767,0.00011200684329,0.6274839640821863,1,7,7,0,0.3484848484848485,0.3080808080808081,0.275,0.2416666666666667,0,0.0,0,0.0,-0.2917360518996589,0.3845325073582297,-0.2823167736964604,0.3267147572687623,-0.1517898043102108,0.3034650000000004,0.2918355643361094,0.2147887499999999,-0.1945616260538109,3.7593,-0.1999041982666569,1.3726000000000045,-0.1494995498522308,2.5887,-0.1546870832679567,0.9306333333333332,-0.5670341136166516,0.2433,-0.5200862282853257,0.0969333333333357,0.4926532381245332,0.9639994240548058,0.9495248005781645,0.9583392027862386,0.6585660357781724,0.6104236933026068,1.9435586854047655,0.5618292584950634
Gluten,Strawberry,5,21,3,2,18,382,0.2763966159085785,28.945945945945947,0.0011303074729161,1.50996,0.9940929525954806,1.49004,1.4988940381376306,0.1575768484630307,0.003202537839929,0.7403181936361273,1,3,3,0,0.1823899371069182,0.1591367688417014,0.0875,0.0708333333333333,0,0.0,0,0.0,-1.4428414937076424,0.3342750991925434,-2.0204768337796235,0.2686523331715891,-0.8883134285380254,0.2259737499999996,-1.1575030358810492,0.1490987499999994,-0.1320985776525078,1.8584,-0.1333995058727475,0.632233333333333,-0.1013464479586108,1.2895,-0.1022823404889893,0.4359666666666668,-0.364537694657048,0.1173,-0.3533061627787906,0.0416666666666661,-0.7252856737750764,0.9047106990122773,-1.4882995789945337,0.854394488210319,0.2597211811122236,0.3053077985520369,-0.2672293021049781,-0.050054671929194605
Carrot,Potato,12,34,7,5,27,366,0.3146708148788847,18.173553719008265,9.31432099846987e-06,4.68722,1.5590986728235,2.31278,1.4834083565805345,0.121357572848543,5.558866042703827e-05,0.6274839640821863,2,2,4,0,0.2467532467532467,0.2220360284876413,0.175,0.1166666666666666,0,0.0,0,0.0,-0.9299845985274924,0.3513875321901557,-1.2265630442430964,0.2909324213816923,-0.4608580213986033,0.2519837500000007,-0.7382858235248803,0.1710116666666663,-0.1553722766110041,2.4263,-0.1557455406242343,0.8281666666666657,-0.1197387669726854,1.6757,-0.120234504420549,0.5702333333333329,-0.4277989579471635,0.1547,-0.412414492184103,0.0555999999999994,-0.8696325479750437,0.9172669298499265,-0.3063238851364694,0.9087801191312428,-1.5949833522569645,-0.19042696600413384,-1.901201693237053,-0.23980319144535614
"Cow Milk, UHT",Egg White,34,33,14,20,19,352,0.3654816717972533,12.78611632270169,1.5123234794550304e-08,10.80828,2.207533338729001,3.19172,1.4458309389962145,0.1098778024439511,2.3567040888174226e-07,0.5984606521461804,4,5,20,1,0.3943661971830985,0.3818114680592921,0.4625,0.3166666666666666,0,0.0,0,0.0,-0.5251854762715772,0.4766518076272741,-0.2368651839241594,0.401357220323389,0.0379719728427252,0.4540237500000032,-0.0834923329484653,0.327166666666667,-0.3366765246641149,10.2876,-0.353694661863871,3.9276999999999904,-0.2602185487329427,7.1804,-0.2724395399845193,2.644666666666658,0.9185084741629468,0.5424,0.2117545118809434,0.270033333333335,-0.7630150965364443,0.9571934317736001,-0.30376335764328,0.9532325757045365,-0.46438577171957596,0.5444412611621262,0.09591977992927674,0.49063427610379096
Cherry,Fish,13,4,2,11,2,390,0.2651259965803502,33.95652173913044,0.0055143212925047,0.85432,0.7953473062756924,1.14568,1.4404776265161214,0.1977160456790864,0.0126266703881436,0.827751504671399,4,9,36,1,0.3969465648854962,0.381679389312977,0.4,0.2958333333333333,0,0.0,0,0.0,-0.8426797921723557,0.5393601009904173,-0.6940348801116334,0.4520262636996711,-0.6757157466454141,0.5505162500000023,-0.7746562340402894,0.4119487500000015,-0.4243809520847351,17.0367,-0.4631636878860378,7.11066666666669,-0.3296401531083017,12.2083,-0.3573289546900671,4.810533333333343,0.593519202678914,0.7395,-0.3506679660300477,0.4583666666666677,0.3893522209447922,0.9883688321731574,-0.27981877041350073,0.9654048139595469,0.26784653692923915,0.8392893024971468,-0.8673267080713858,0.45466487607110234
Casein (nBos d8),Egg White,15,33,8,7,25,365,0.323918666495075,16.244444444444444,3.5582021490855907e-06,5.5852,1.6949634096345547,2.4148,1.4246915221141243,0.1283374332513349,2.4951892570462703e-05,0.6545209095818084,1,5,5,0,0.2710280373831775,0.2601246105919003,0.175,0.1541666666666666,0,0.0,0,0.0,-0.806566504942385,0.3634830418646801,-0.752145603374971,0.3050612488706171,-0.5382838303145695,0.2685724999999999,-0.4019669588281686,0.1864429166666672,-0.178114049274711,2.6679,-0.1813082541262619,0.9397333333333334,-0.1362020165728318,1.7748,-0.1390072552389815,0.6192999999999994,-0.4691560182375491,0.1804,-0.4426559132713075,0.0681333333333338,-0.12886068175445684,0.9360179113349056,-0.29536948846895217,0.9134811551738141,0.43330050807258486,0.46894446636293574,0.4390676295957619,0.20780791191357753
Cherry,Onion,13,12,4,9,8,384,0.2986341495331959,21.427244582043343,0.0002770225387794,2.28202,1.2266232997950102,1.7179799999999998,1.4005766891001532,0.1583568328633427,0.001015749308858,0.7403181936361273,4,1,4,1,0.2564102564102564,0.2273468685682426,0.3,0.1666666666666666,0,0.0,0,0.0,-0.8658152120151972,0.351012344563835,-1.1034547501108327,0.2903131807307816,0.2904056667623995,0.2517875000000004,-0.0560568504696975,0.1708283333333335,-0.1646106103195872,2.2099,-0.1658669572874204,0.7625666666666657,-0.1262234509607432,1.4608,-0.127482092131547,0.5014,2.2947035016317474,0.1596,2.0041728115484703,0.0576666666666662,-0.45528966200613996,0.920931485574493,-0.647455217702826,0.8970180063856352,-0.9348146233308555,0.017083477482218137,-0.9168120706020523,-0.0772909283311418
Orange,Rice,23,25,9,14,16,366,0.33603226041738,14.552769070010449,1.3367337416668542e-06,6.47078,1.837908102055157,2.52922,1.3761406226850048,0.1335573288534229,1.041538373715424e-05,0.6630589512103562,1,7,7,0,0.3816793893129771,0.3206106870229008,0.1625,0.1625,0,0.0,0,0.0,-0.036146968843151,0.386193904121964,-0.109770453459737,0.327819319145766,-0.7473517149701407,0.3049775000000018,-0.5657864184915246,0.2148275,-0.2081664568019932,3.7843,-0.2134932949321462,1.367933333333334,-0.1590843799762672,2.5543,-0.1643653979994455,0.914533333333333,-0.5658020972047737,0.2425,-0.5209395965482757,0.0964333333333355,0.24718507392417566,0.9557993868276424,0.4384971360263729,0.9433189917188972,-0.37774723173030605,0.3006397120408421,-0.6667923375820217,0.09573836610195519
Fig,Strawberry,8,21,4,4,17,380,0.286913583613667,21.742857142857144,0.000330379380936,2.33176,1.215818778601482,1.66824,1.372112381681523,0.1652366952660947,0.001173055903197,0.7598179183957305,13,3,39,1,0.8702290076335878,0.6087346168002944,0.875,0.5750000000000001,53,19.33333333333333,38,12.666666666666666,1.91197838943904,0.5470277280138139,1.4585812419502948,0.4579567795174843,1.405119850542606,0.563745000000004,0.9884248226994188,0.4246512499999993,0.8856130745036697,17.9216,0.7648385729582847,7.588133333333344,0.6933083415388573,12.8246,0.5662332664983966,5.110666666666683,0.5596406313378746,0.7615,0.4807965672709646,0.4918666666666668,0.6924625425584295,0.9938742050341867,0.7879142656905651,0.9828154216094761,0.8542060883588578,0.9659471311648222,0.6825736910452386,0.7713687269809042
Gluten,Orange,5,23,3,2,20,380,0.2624110311761877,25.985365853658536,0.0014935114239057,1.61258,1.0147146118983408,1.38742,1.3673007008388274,0.1881762364752705,0.004028172638515,0.8188696691182455,1,1,1,0,0.2213740458015267,0.2213740458015267,0.075,0.075,0,0.0,0,0.0,-0.5384144638928094,0.2693962834520508,-0.5384144638928094,0.2693962834520508,-0.6514224965213712,0.1495775000000001,-0.6514224965213712,0.1495775000000001,-0.0859839980255606,0.5578,-0.0859839980255606,0.5578,-0.0613120289520555,0.3439,-0.0613120289520555,0.3439,-0.2109395853539887,0.0426,-0.2109395853539887,0.0426,-1.36586571425357,0.8429598186029207,-1.36586571425357,0.8429598186029207,-1.0517495590952763,-0.30406926904087245,-1.0517495590952763,-0.30406926904087245
Tomato,Wheat Flour,19,16,6,13,10,376,0.3146719383724334,17.264550264550266,2.766076197492664e-05,3.93196,1.5230793014153925,2.06804,1.3578019201483318,0.1493770124597508,0.0001397989861976,0.7224181378441397,2,5,10,0,0.3358778625954198,0.3104428717124579,0.15,0.1291666666666666,0,0.0,0,0.0,-0.6071259992563032,0.4198071767851588,-0.6498437275871036,0.3550173055041323,-1.0041553596421984,0.3586237500000028,-1.2240827526177311,0.2515274999999995,-0.259277603436604,5.6279,-0.2658121819318259,2.0230333333333315,-0.1993482387657886,3.7951,-0.2050966350752207,1.3412000000000022,-0.7243083983308951,0.3441,-0.6545628503294727,0.1408999999999978,0.16621163844061324,0.9639752208269998,0.5886188083041275,0.9538893917932917,-0.7991662642151127,0.2704657951137481,-0.38869932713697386,0.2303381153860251
Fish,Peanut,4,14,2,2,12,389,0.2544583855230894,31.16,0.0064117469362086,0.90536,0.8137833067838145,1.09464,1.345124667555753,0.2175156496870062,0.0145039920613429,0.861601388661882,9,12,108,1,0.4336283185840708,0.4195597623278877,0.3625,0.2875,0,0.0,0,0.0,-1.554691932065272,0.6834978333126897,-1.2962410906759363,0.5818012928682106,-2.2660401227177096,0.7400937500000079,-2.19885676696245,0.6197179166666663,-0.6793372675694658,40.1755,-0.8187398126553227,19.940566666666754,-0.5480768238667627,30.7791,-0.6380440724905501,13.882866666666686,0.1594699999560173,0.9752,-2.385308576452387,0.893033333333337,-0.915512863604771,0.9872790508898117,-3.060398268384535,0.9614348770688702,-1.2780480722889693,0.819142723225404,-3.6786298432922275,0.45188282696485654
"Cow Milk, UHT",Fish,34,4,3,31,1,370,0.2398793422775122,27.444444444444443,0.0020520501984151,1.70224,0.968472499557938,1.29776,1.3400070736054626,0.2027759444811104,0.0053544193549344,0.8303452909044009,4,9,36,0,0.3909090909090909,0.385478803624456,0.2875,0.2583333333333333,0,0.0,0,0.0,-0.8844384863901029,0.5421259593567682,-0.6631818137557186,0.4524476796275424,-1.1812313562254806,0.5537175000000035,-1.0322425242387452,0.4134141666666681,-0.4308217284991086,18.1075,-0.4706187000793233,7.453099999999966,-0.3406092330602745,13.162,-0.3676941151654417,5.115100000000012,-1.6761634196950517,0.7375,-1.2828441565708553,0.4597666666666675,-2.118375747315244,0.9466279722767438,-1.6469817923529948,0.9447607048704018,-1.7338453581607058,0.42104673728571207,-1.199690654376284,0.3918345291019352
Potato,Pumpkin Seeds,34,18,9,25,9,362,0.3235595791930844,14.215686274509803,2.031893498926106e-06,6.63094,1.829736242303793,2.36906,1.2947549188932022,0.1520169596608067,1.4998582274967704e-05,0.7227246980484119,2,9,18,0,0.3404255319148936,0.3060155322358076,0.2125,0.2083333333333333,0,0.0,0,0.0,-0.8165149894046242,0.464767870120731,-1.0629471062971414,0.3935200361378494,-0.9980623027139008,0.433762500000003,-0.8480900345443751,0.3143562500000009,-0.321797924239053,9.0659,-0.338321123921244,3.5047999999999973,-0.2474100530392559,6.2503,-0.2604509466176675,2.3288333333333275,-1.01065678029292,0.5053,-0.8537939071443966,0.2490666666666676,-0.21664675938624442,0.9650997626949531,0.054587931918697714,0.9560439941511132,-0.7374194386414692,0.4371553212536537,-0.44747289588366806,0.35579868720711233
Potato,Strawberry,34,21,10,24,11,360,0.330768671595482,13.434782608695652,8.413508252497726e-07,7.53818,1.9120204725891408,2.4618200000000003,1.2875489751772136,0.1512569748605028,6.7428258995017485e-06,0.7227246980484119,2,3,6,0,0.2389937106918239,0.2340166754684974,0.1875,0.1416666666666666,0,0.0,0,0.0,-1.1308118204896973,0.3793183379058908,-1.3764611595763223,0.3209077514407117,-0.57009601990929,0.2933525000000018,-0.7219069898110483,0.2044591666666666,-0.193335921713351,3.4954,-0.1970357776171517,1.243300000000001,-0.1494592883261858,2.4096,-0.1530000834476751,0.8469333333333314,-0.5334055827748605,0.2215,-0.5001397583660974,0.0851333333333349,-0.05694135834291868,0.9486028556052575,0.27271303777869377,0.9366731937269016,0.25072993980471386,0.46123651688251277,0.31570790753450634,0.2371570338503615
Banana,Fig,22,8,4,18,4,379,0.2791362366323704,20.513513513513512,0.000400477088069,2.42086,1.2269543024905212,1.5791400000000002,1.2870405986552216,0.1844963100737985,0.0013373074190878,0.8149797633968581,2,13,26,1,0.8244274809160306,0.5114503816793894,0.825,0.4125,49,16.333333333333332,37,12.333333333333334,2.043162214866145,0.4981946357307144,0.9613046273579644,0.4210442599878051,1.4983808503119966,0.4893337500000006,0.3626417816337475,0.3616387500000012,1.1904991670661629,11.9973,0.9435589737088628,4.946000000000015,1.040465239074101,8.2717,0.8896739263375459,3.261499999999993,0.7788990978472433,0.6224,-0.0457061068948321,0.3487666666666719,0.7709887061775604,0.9914640459986424,0.14799778566828015,0.964440879030907,0.5922712408330773,0.8553533668793833,0.032906637586370996,0.5425284024247296
Casein (nBos d8),Fish,15,4,2,13,2,388,0.2448393108261809,28.77777777777778,0.0073732618005822,0.95484,0.8298196035283812,1.04516,1.2595026624533747,0.2388552228955421,0.0166120476711913,0.8874025168503253,1,9,9,0,0.2844036697247706,0.2768298608133985,0.2875,0.1875,0,0.0,0,0.0,-0.8941199387443246,0.4033089566894058,-0.9419929713939365,0.3434437728308425,-0.2255749378043511,0.3328637500000018,-0.4874535017301525,0.2372754166666653,-0.2199972241970454,5.1896,-0.230008492740859,1.902833333333331,-0.1716788627589416,3.6554,-0.1792916655885005,1.3107000000000024,-0.6369293076389522,0.2886,-0.571452128013575,0.1216,-1.0567258526881933,0.9151342318624227,-0.7410373513447784,0.9130231131333754,-0.15343012169332973,0.42104673728571207,0.48013729945472217,0.3611260008206921
Apple,Rice,20,25,8,12,17,368,0.3203637713621299,14.318857142857144,5.083555407511649e-06,5.77978,1.7720279770929133,2.2202200000000003,1.2529260421962214,0.1637767244655107,3.316133236760506e-05,0.7593284497946405,4,7,28,0,0.3565217391304348,0.3435769026481523,0.2625,0.2458333333333333,0,0.0,0,0.0,-0.9396099533816789,0.5113565007330322,-0.92342175225598,0.4284046364501349,-1.0857918967218363,0.5076300000000052,-0.9089410177858096,0.3725475000000013,-0.3947540775084139,13.5596,-0.4217347886141679,5.415933333333341,-0.3057610026376406,9.5466,-0.3258906582764894,3.6323,-1.37453204455909,0.6539,-1.093922115457575,0.3678333333333385,-0.8232073577496902,0.9627494606078796,-0.6112384983891356,0.954961289237448,-0.8809922531619583,0.5268945073202657,-0.1969968260279022,0.5164200154065856
Onion,Peanut,12,14,4,8,10,383,0.2857770321035518,19.33613445378151,0.0003815639983534,2.42904,1.268796547284079,1.57096,1.2381496492583597,0.1928561428771424,0.0013133719402582,0.8196386072278554,1,12,12,0,0.4242424242424242,0.3244949494949495,0.1875,0.1791666666666666,0,0.0,0,0.0,0.0031134244657373,0.4238084722751477,-0.4874628595099768,0.3620032933854284,-0.8662273579447568,0.3686212500000026,-0.770312666516666,0.2655550000000001,-0.2663050368717097,5.9997,-0.2783923886806921,2.299033333333331,-0.2052044583752438,4.0686,-0.2168112670245518,1.5226333333333353,-0.7604490964442184,0.3664,-0.6679788800848391,0.1659666666666634,-0.2551986483605361,0.948861673427798,0.2300836116208148,0.947574001827676,-0.12495966797937709,0.4980693916887789,0.717839740953866,0.47838629394892185
Cherry,String Bean,13,13,4,9,9,383,0.2847331240188383,19.12188365650969,0.0003928841507472,2.43892,1.2635779491586578,1.56108,1.2354441615884728,0.1952160956780864,0.0013277590877664,0.8234302983113269,4,8,32,1,0.8015267175572519,0.5502029973254845,0.8375,0.6416666666666666,39,14.333333333333334,24,8.333333333333334,1.628120816627994,0.5273746550075752,1.1265327387651347,0.4408426753407694,1.347440370122193,0.5323887500000029,1.7125347019389623,0.3936025000000004,0.6163312221763091,15.8635,0.5621516503367826,6.419433333333379,0.3705826297275904,11.3598,0.3260099506815129,4.351033333333334,0.6526279838677232,0.7013,1.6691135274084024,0.4164333333333376,1.0127414464103108,0.9978317484930368,1.5520097736784657,0.9908831706798816,0.959985012341591,0.974441911091784,1.456830864714684,0.8763243401651386
Potato,String Bean,34,13,7,27,6,365,0.2984706116800706,15.335664335664337,1.897597259635485e-05,5.01842,1.606561764639007,1.98158,1.2334290804221024,0.1766764664706706,0.0001004294398731,0.7894804008681731,2,8,16,0,0.2903225806451613,0.2807140542717272,0.2375,0.1833333333333333,0,0.0,0,0.0,-1.0930040364102045,0.4573610567878603,-1.309879738765917,0.3862395333486103,-0.8291085420069901,0.4213337500000045,-0.987722747159711,0.3026670833333333,-0.3185973169994961,8.4739,-0.3318204994230918,3.259433333333321,-0.2449843553993756,5.8214,-0.2559752593891592,2.172400000000008,-0.9416965821485116,0.47,-0.8066938813038265,0.2238999999999978,0.026392895869171887,0.9688570742504805,0.7725179664561711,0.9663009223943603,-0.25362165631282635,0.5471348304338938,0.4470410835550166,0.5048702251646812
Mulberry,Wheat Flour,26,16,7,19,9,370,0.3088835623814948,15.0,1.5191103886149768e-05,4.96976,1.6478002131326486,2.03024,1.2320911138494706,0.1735165296694066,8.355107137382372e-05,0.7850223640688476,3,5,15,0,0.4065934065934066,0.347915354284781,0.15,0.1374999999999999,0,0.0,0,0.0,-0.2934227889802119,0.4507990569728065,-0.4330437210014146,0.3817165838406154,-1.1840925613232085,0.4096087500000022,-1.334541702233427,0.293906666666668,-0.2888649969143951,8.5029,-0.3019281157914007,3.1949666666666543,-0.2259860286280779,6.0406,-0.2364312116110178,2.2067000000000005,-0.906179839376834,0.4509,-0.7811527098415553,0.2071999999999942,-0.5381344361101918,0.9554687786460951,-0.7717872331232606,0.9394514727889632,-0.9574441888661327,0.32857011213828546,-0.8688989634547996,0.23162574301780983
Fig,Orange,8,23,4,4,19,378,0.2718432749347365,19.41025641025641,0.0004807951699812,2.49984,1.239209415070754,1.5001600000000002,1.210578278179356,0.2052558948821023,0.0015591103488988,0.8344098335424597,13,1,13,1,0.7862595419847328,0.4885496183206106,0.7375,0.375,29,9.666666666666666,17,5.666666666666667,2.465367037577459,0.4322326257619261,1.476854874400669,0.3690847366028791,1.6708259761431337,0.3819800000000025,0.8409390077076088,0.276184999999999,0.9356002693711654,6.6057,0.7979471077595743,2.5770666666666595,0.5857005367250155,4.519,0.518962754152869,1.7165000000000026,1.2522193959171222,0.3894,0.5666054277602878,0.1832666666666625,1.0424222939432333,0.992765659366122,0.7752741909213339,0.9650566177635999,1.1371303152205048,0.8768319625303582,0.0031838490580332396,0.3634081458049487
Gluten,Mulberry,5,26,3,2,23,377,0.2444040855067295,22.48936170212766,0.0021672461899542,1.75784,1.0345813329071811,1.24216,1.2006402594849854,0.2306153876922461,0.0056028807030613,0.8861317294202062,1,3,3,0,0.2417582417582417,0.1878185508758757,0.1125,0.0875,0,0.0,0,0.0,-0.8743706043943666,0.3336791270728515,-1.4662428677962576,0.269380975939829,-0.7303125962963218,0.2256175000000002,-0.8986499521850553,0.1492037499999994,-0.1299962723539366,2.0021,-0.1323158968023017,0.6941999999999997,-0.1020232898139734,1.4197,-0.1039814374969718,0.4887666666666669,-0.362245385694578,0.116,-0.3512156410959179,0.0411666666666661,-1.4842882655648413,0.8775466307073534,-2.7872291086395404,0.8105373573411961,-0.7671558097428209,0.009349313428682402,-0.6709225780890605,-0.11493686734279468
Cherry,Mulberry,13,26,6,7,20,372,0.2952165438443075,15.747967479674797,4.913964879604697e-05,4.16262,1.533927878226352,1.83738,1.19782685097589,0.1882962340753184,0.0002316583443242,0.8188696691182455,4,3,12,1,0.7032967032967034,0.5604770318146114,0.7125,0.6000000000000001,12,6.0,3,1.0,1.8747652586864976,0.4338183088897018,2.6517638560330514,0.3675934251364356,1.5447028058286274,0.3822500000000027,3.0297360568067333,0.2711283333333328,0.2230551033234042,6.6944,0.4218958487946005,2.4515666666666576,-0.0745646812035562,4.568,-0.087353991029924,1.633066666666668,1.2493276040446366,0.3905,3.4509509660141533,0.1699333333333295,0.950892070598384,0.9859357060872447,1.7722411226788086,0.9772481679892518,1.2815969123410542,0.9243470878345562,2.6868305216333024,0.8572199172392722
Carrot,Strawberry,12,21,5,7,16,377,0.2875057784730562,16.77777777777778,0.0001433898680798,3.31998,1.4116489647217534,1.6800199999999998,1.190111735980442,0.1994360112797744,0.0005705086240622,0.828767424651507,2,3,6,1,0.4451612903225806,0.37992273670678,0.55,0.4291666666666667,3,2.0,1,0.6666666666666666,0.5600419177733903,0.3770560573319542,0.9996004925267766,0.3192937794802802,1.4109294945237132,0.2927525000000006,2.711127023555468,0.2038550000000002,-0.0194127392862407,3.3148,0.1530026650196166,1.1505666666666687,-0.0874212821128304,2.2195,-0.0202256599671782,0.7621999999999992,1.909670167515554,0.2152,3.5446024602345485,0.0814000000000015,1.3465687977115823,0.9849681035641034,1.6625131275244684,0.9646637654715958,1.7177146586425653,0.9012265352392546,2.557009730494812,0.6253058897992543
Carrot,Gluten,12,5,2,10,3,390,0.2442077078639261,26.564625850340136,0.0076737894058024,0.9846,0.8554781353138138,1.0154,1.1869385763173508,0.2523949521009579,0.0171300773119485,0.9076510777476758,2,1,2,0,0.1870967741935484,0.1779639715123586,0.0875,0.075,0,0.0,0,0.0,-1.2391487316462635,0.3096700098490908,-1.3785924636486555,0.2689984977490842,-0.7594926681376173,0.1946950000000001,-0.8917140112038887,0.1490112500000003,-0.1131860108819139,1.34,-0.1140298990820261,0.67995,-0.08801780378706,0.9402,-0.0887471371843897,0.4762,-0.3018401465779485,0.0835,-0.2979081346590243,0.04285,-2.0726968163573063,0.8447906674946432,-1.7506977123521013,0.839634846247016,-1.1652017754485284,-0.19907796563852964,-0.9771938992806357,-0.20282204704640378
Apple,Strawberry,20,21,7,13,14,371,0.30647602976119,14.233716475095786,1.7759980806823983e-05,5.05884,1.678278241055398,1.94116,1.1566377687047211,0.1912361752764944,9.488904031074528e-05,0.8196386072278554,4,3,12,1,0.7277486910994765,0.577820626480884,0.8125,0.5708333333333334,31,18.0,18,10.666666666666666,2.039511394489067,0.4317504672015265,2.8859877813173545,0.3662064674412741,2.03059299137114,0.3789000000000032,2.7752637625326613,0.269259583333335,0.9643041331228188,6.6853,1.7515396660000242,2.44473333333333,0.5852212249834337,4.6527,1.1475301522305192,1.6618666666666686,1.2855037510249452,0.377,0.716745957683282,0.1635333333333298,1.5110446202522099,0.9984681732672374,2.0535834470968255,0.9817920736101259,1.5221007014214358,0.988685186959699,2.0908985572891923,0.7425136967855305
Soybean,Wheat Flour,16,16,5,11,11,378,0.2842223650385604,15.74102079395085,0.0001665952422172,3.42942,1.4444024590120306,1.57058,1.0873562213915606,0.2220155596888062,0.0006535659502368,0.861601388661882,7,5,35,0,0.3875,0.3530115511551155,0.2375,0.2208333333333333,0,0.0,0,0.0,-0.8938449373479757,0.5392304057489182,-0.9772397567525988,0.4499936413785075,-1.387358164670872,0.5494662500000023,-1.2653056156974216,0.4080883333333329,-0.4329605160047002,17.4178,-0.4658462270006304,7.128066666666677,-0.3414822155577788,12.5722,-0.3644585665579281,4.870400000000007,-1.6624208873278783,0.7343,-1.2702256323401246,0.4488666666666681,-1.1043378969980546,0.9633951567261717,-0.7141296127431821,0.9584881834885627,-1.9303496591485845,0.37256356614077557,-1.6249114428044291,0.30321491983232424
Fig,Rice,8,25,4,4,21,376,0.2585153257951126,17.511627906976745,0.0006755526946503,2.64252,1.252999620750142,1.3574799999999998,1.0833842066027983,0.2387952240955181,0.0020938401198832,0.8874025168503253,13,7,91,1,0.3837837837837838,0.3752397558849171,0.5375,0.3625,2,1.3333333333333333,0,0.0,-1.6683446049862751,0.6592362480334982,-1.4787871810065454,0.5561282103836835,-0.9685157178384556,0.7122337500000041,-1.4087149415977855,0.5822066666666648,-0.5942904628221576,35.6281,-0.6814224542640551,16.97816666666673,-0.5048606314324487,27.0346,-0.5758830322430843,11.770799999999989,0.2078171852240375,0.9586,-0.6232770259876863,0.8400666666666712,-1.197945935919477,0.9823713250965884,-0.6534137070198971,0.9790160416300996,-0.8691935333998141,0.8227432473453399,-0.7962121326161143,0.7282375835142542
Egg Yolk,Rice,14,25,6,8,19,372,0.2884357818941802,14.607843137254902,6.442974629233329e-05,4.31456,1.566707377400132,1.6854399999999998,1.0757848110710364,0.2208155836883262,0.0002868657751587,0.861601388661882,2,7,14,0,0.4522292993630573,0.4295289420815926,0.275,0.2583333333333333,1,0.3333333333333333,0,0.0,0.0841880762722065,0.4400614035031522,0.7200717409484917,0.3747608997232566,-0.5614573735808348,0.3953012500000028,-0.2265091744348638,0.2842545833333342,-0.2372420320271892,7.3428,-0.2529971410756448,2.764666666666652,-0.2109893639228175,5.0979,-0.2213283606371353,1.866533333333334,-0.8535856548592554,0.4215,-0.7420020496150183,0.1914666666666623,-0.39003455392778674,0.9557299895787279,0.1790081159381028,0.9530125215542805,-0.5371980885247,0.42508398419353666,0.05562424497232356,0.39079309695937936
Pumpkin Seeds,Tomato,18,19,6,12,13,374,0.2921247182008886,14.425185185185184,6.053325240274109e-05,4.29954,1.58109322571441,1.7004599999999996,1.0754963542593476,0.2203755924881502,0.0002738641499833,0.861601388661882,9,2,18,1,0.7251908396946565,0.4791956403045194,0.8125,0.4916666666666667,24,8.666666666666666,13,4.333333333333333,1.682121000661335,0.4656609542621596,1.0470233890941905,0.393269256222099,1.68838526304157,0.4345350000000031,1.4372984565523828,0.3133512499999987,0.4365190615543881,9.9399,0.4276003723527181,3.7560000000000016,0.2015282466107082,7.0854,0.1722110624604803,2.5832333333333284,1.0012007208647784,0.4994,1.444644969188492,0.2455333333333334,1.217031988160871,0.9974441586376604,1.1398526053638176,0.9751978837972549,1.2151124691258328,0.9633995914505948,0.6617885061107918,0.5719367146781454
Cherry,Gluten,13,5,2,11,3,389,0.2333600801370488,24.19254658385093,0.0090234569766135,1.05612,0.8809827158349931,0.94388,1.071394458749844,0.2828143437131257,0.0196971181473937,0.9738489892778832,4,1,4,0,0.2905982905982906,0.2332424794802112,0.125,0.1041666666666666,0,0.0,0,0.0,-0.5458742099284787,0.3510831786383638,-0.9921178740960674,0.2906484454990722,-0.7517076022747262,0.2507287500000009,-0.8944112655912476,0.1710820833333328,-0.1560586729757278,2.3533,-0.1585765461316806,0.8108999999999993,-0.1198254166600197,1.5915,-0.1217379786917482,0.5439999999999997,-0.4232094487035896,0.1519,-0.4055786847439105,0.055066666666666,-1.703556038007164,0.8767930537592273,-2.3417457119253444,0.84431947297157,-1.2580588414425713,-0.07403478345168457,-1.140509412615867,-0.11304617222021124
Egg White,Peanut,33,14,7,26,7,365,0.2894788920897461,13.79245283018868,2.880373302166016e-05,5.24464,1.651166639197873,1.7553599999999996,1.0631028742518338,0.2215355692886142,0.0001442013803458,0.861601388661882,5,12,60,0,0.4861111111111111,0.4650495565988524,0.2375,0.2291666666666666,0,0.0,0,0.0,-0.6642612531001978,0.5995837552128159,-0.3327851755869584,0.503197541044165,-1.9718353401455264,0.6397737500000023,-1.7093689957845275,0.5017900000000007,-0.5225831500286882,25.8403,-0.5884712822334847,11.586766666666678,-0.4124938997945399,19.0163,-0.4560389966009894,7.890900000000022,-2.794740182418513,0.8865,-1.93556181011037,0.6774333333333384,-2.1675560570733894,0.9628868299870091,-1.7785183818642878,0.9563865532318908,-2.9173150924651767,0.4307679466621551,-2.4412578801267593,0.34592369982707566
Orange,Peach,23,19,7,16,12,370,0.2987329492527805,13.472727272727273,2.378566634458644e-05,5.22148,1.7007370783281,1.7785200000000003,1.0457348303056722,0.2226955460890782,0.0001213907326519,0.861601388661882,1,4,4,1,0.7786259541984732,0.425219112242013,0.8125,0.3083333333333333,34,11.333333333333334,22,7.333333333333333,3.9091124418993495,0.3494739234120135,2.377921707914052,0.289515822527092,3.45348218263526,0.2475512500000009,1.9006665040363773,0.1694175000000003,2.3514765972006777,2.1171,2.3018305038864466,0.7295333333333323,1.7161124492977382,1.426,1.6947894666608612,0.4869000000000001,2.4108067323652134,0.1468,2.0830569326720565,0.0533999999999992,1.7420520972490712,0.9974027804689127,0.47254039836186335,0.9313301664763768,2.287449680012752,0.9614522384976713,1.252329576163492,0.28565934074798177
Carrot,Sesame,12,31,6,6,25,368,0.2783183392010416,14.450980392156865,8.265595141575885e-05,4.40408,1.535525758038593,1.5959199999999996,1.0393313115362852,0.2327953440931181,0.0003566922211095,0.8874025168503253,2,4,8,0,0.3116883116883117,0.2828934506353861,0.2,0.15,0,0.0,0,0.0,-0.6625598183841238,0.3992670831579691,-0.8500910815520913,0.3388571068010062,-0.6398211855634972,0.3266400000000024,-0.846853478180991,0.2295391666666667,-0.210623680101466,4.679,-0.2163621847946722,1.6554666666666709,-0.1613076422283189,3.2331,-0.165686482599309,1.1270000000000022,-0.6284064651571055,0.2831,-0.5795058556496929,0.1116666666666682,-1.8092764533269057,0.9087549750359147,-1.9792623009734214,0.9008747450410245,-2.132935816987591,-0.1970774907651255,-2.485719344396293,-0.20537945226158208
Fish,Pumpkin Seeds,4,18,2,2,16,385,0.2207813806114675,23.363636363636363,0.0106354289367679,1.09514,0.8736179831024543,0.90486,1.0357616458244103,0.2983140337193256,0.0229479832058724,0.9902613782043884,9,9,81,1,0.3909090909090909,0.3803672271422114,0.375,0.2958333333333333,1,0.3333333333333333,0,0.0,-1.5174535862827148,0.6445658590691231,-1.3400888525195702,0.5422305341490105,-1.7197985523125905,0.6954300000000069,-1.6787821647216488,0.5617537500000016,-0.5923344320389107,32.9522,-0.6871903195771076,15.507566666666555,-0.4891765765643355,24.7792,-0.5474657377690703,10.691799999999963,0.2479081360139702,0.9421,-1.5384096237085203,0.7992666666666751,-0.2272042300884639,0.9894040020629251,-1.8222557782751798,0.964596183199849,-0.4594018719557185,0.8518630783545842,-2.7419225264914378,0.43030573413959866
Cow Milk,Orange,28,23,9,19,14,363,0.3116166864231205,12.213085764809902,4.087719463356689e-06,7.04666,1.905697469274702,1.95334,1.0250000493223252,0.2195356092878142,2.8311242209174104e-05,0.861601388661882,4,1,4,0,0.3358778625954198,0.282442748091603,0.125,0.0999999999999999,0,0.0,0,0.0,-0.1314352616599146,0.3507106434694759,-0.1293066150048689,0.2900436799190384,-0.7541560657154117,0.2521512500000001,-0.9498743489682644,0.1713683333333338,-0.15859950885835,2.5461,-0.1609965104671584,0.8825666666666658,-0.123919777896164,1.7803,-0.1261668485564265,0.6128333333333333,-0.4250147577130797,0.153,-0.4087000123378687,0.0551999999999994,-0.11124335377839335,0.9332404819846528,-0.2516850110767322,0.9094857258753745,-0.977599866722404,0.0033880529282251173,-0.8541383706066602,-0.06810493118978311
Banana,Hazelnut,22,16,6,16,10,373,0.2869459000556504,14.012987012987011,7.11545782505531e-05,4.40148,1.5784466445211247,1.5985199999999995,1.0127171580671104,0.2369352612947741,0.0003118571749887,0.8874025168503253,2,12,24,0,0.3893129770992366,0.3758380351808828,0.25,0.2291666666666666,0,0.0,0,0.0,-0.6395974997907041,0.4925063640651319,-0.4276257284671842,0.4151493500008643,-1.0186248827352056,0.4798625000000035,-0.8964577004310229,0.3511049999999992,-0.3684861254424871,11.4999,-0.3938073846935607,4.632333333333333,-0.2830432464720131,7.9652,-0.3037484376248804,3.077366666666648,-1.2130856795958536,0.5954,-0.9886799079784828,0.3203666666666697,-1.4330133562192262,0.9439049817534663,-1.3108271447147206,0.9366633190865471,-1.126105984989224,0.41714470932987924,-0.8551258173183447,0.3455177348332871
Pumpkin Seeds,Rice,18,25,7,11,18,369,0.2931803410228951,13.025851938895418,2.904591083615139e-05,5.30066,1.7028633428434594,1.6993400000000003,0.9979309303601688,0.2371552568948621,0.0001442013803458,0.8874025168503253,9,7,63,1,0.4,0.3870475252400887,0.475,0.3416666666666666,11,3.6666666666666665,0,0.0,-1.2370830496809213,0.6107783270993656,-1.083739068585374,0.5107903355363822,-0.8920490818652734,0.6535062500000054,-1.09278449068659,0.5138912500000024,-0.3280350881446963,27.0288,-0.4329568987413851,12.194366666666632,-0.4392307603449785,19.9738,-0.4818684678499476,8.325366666666682,0.3273751528441556,0.9032,-0.1199773758291884,0.7075000000000037,-0.48623195228708743,0.9839604382826609,-0.015918037388260833,0.9802280511775924,-0.5396428232006022,0.8012227000461952,-0.15028925610718233,0.739224297542708
Carrot,Wheat Flour,12,16,4,8,12,381,0.2635763971254019,16.157647058823528,0.0006714657255366,2.68824,1.316132858946999,1.31176,0.9966774942838996,0.2573948521029579,0.0020927348445891,0.9081667423255309,2,5,10,0,0.3870967741935484,0.3405250663315179,0.2375,0.2125,0,0.0,0,0.0,-0.2163859755070461,0.4171829052114355,-0.1948175993827003,0.3542496643960912,-0.5682096842272888,0.3552800000000037,-0.3806921867233018,0.2515904166666666,-0.2452235824505238,5.7294,-0.2531617463399229,2.0921333333333307,-0.1900491437281609,3.9914,-0.1966479208784609,1.426000000000002,-0.710238053312056,0.3353,-0.6377952725155634,0.1401666666666646,-0.9918382743522571,0.9350535971097055,-1.0706348215265156,0.9238024239451116,-1.5029181401246048,0.05757585167851485,-1.3652433454107287,0.04688075130999997
Egg Yolk,Potato,14,34,7,7,27,364,0.2838893699890162,13.254545454545454,3.568316531937391e-05,5.36724,1.6549244038323938,1.6327600000000002,0.9866069992193804,0.244315113697726,0.0001725711702083,0.8958220835583288,2,2,4,0,0.4298642533936652,0.3926703250858445,0.2625,0.1916666666666666,0,0.0,0,0.0,0.7178733588637435,0.3501091459220599,1.7956744655206505,0.2904281149870546,0.0568411282779374,0.2530225000000015,0.2735343534496942,0.1713695833333337,-0.1720159907125484,2.2107,-0.1733408880472069,0.7664999999999983,-0.132280933369378,1.4689,-0.1339076408723934,0.5051999999999992,-0.427635374177776,0.1546,-0.4119866579286218,0.0556666666666662,0.7028573929051661,0.9612946639661181,1.5768648492243718,0.9559066235858737,0.45436777944158796,0.42937210536219295,1.7418008811140728,0.36298679367793385
Cherry,Strawberry,13,21,5,8,16,376,0.2733028324310715,14.764705882352942,0.0002251806632724,3.5679,1.4545203986194215,1.4321000000000002,0.9845857104233794,0.254094918101638,0.0008535564330798,0.9079442614969356,4,3,12,1,0.8091603053435115,0.6233776625538112,0.85,0.6375000000000001,36,23.33333333333333,19,12.333333333333334,2.6390015041552526,0.4330984556237476,3.558342716044849,0.3666161291904142,2.200730774398985,0.3822275000000038,3.4290957045018238,0.2706391666666665,1.3178427570491107,6.3682,2.626235164921584,2.3343666666666616,0.7426336836189928,4.3103,1.5723597774149736,1.5442000000000056,1.251692898811983,0.3896,2.101040706694961,0.1679999999999959,1.5030162080185037,0.9985392758697076,2.0540904198196137,0.9816548062303706,1.4988597186942982,0.9876590172456275,2.1055916941821096,0.743389861570256
Fish,Peach,4,19,2,2,17,384,0.2140047559986787,21.97142857142857,0.0118464014839689,1.14232,0.8834166726975441,0.85768,0.9708668927212384,0.3221935561288774,0.0250786084245532,1.0,9,4,36,1,0.4285714285714285,0.4023587382366008,0.3625,0.3,0,0.0,0,0.0,-0.6592014095184638,0.5390157366212225,-0.4859283999608901,0.4509383733542299,-0.8518058569562929,0.5518087500000046,-0.7528986027968111,0.4119604166666661,-0.4398554396966521,16.7719,-0.4681992535880092,7.001100000000046,-0.343397378040174,11.931,-0.3637078477022369,4.698333333333332,0.5896684618314821,0.742,-0.3583722955464044,0.4610666666666669,0.48157472098375453,0.9899460880375246,-0.5406012253352614,0.9613914130750322,0.36942005789729176,0.8615019946613269,-0.8310901174711736,0.46310090035666435
Fig,Hazelnut,8,16,3,5,13,384,0.2444862871315912,18.124579124579125,0.0025236992069151,1.90122,1.1372345895196825,1.09878,0.966185877677249,0.2829543409131817,0.0062924233559085,0.9738489892778832,13,12,156,1,0.6451612903225806,0.6365591397849463,0.8,0.7666666666666666,23,16.666666666666668,12,8.666666666666666,-0.5488851959382527,0.7264379600222253,0.0558596545435151,0.62963356881597,0.0908304762894992,0.7869487500000057,0.6174092671626628,0.6827687500000001,-0.4196045263358159,51.2313,-0.3511823642865995,26.753900000000197,-0.4393176106723628,40.4465,-0.4006487186988022,19.128633333333347,0.0770390589112292,0.9941,0.2555785810946718,0.9651666666666664,0.20242904958039087,0.9962052949743854,0.6326133858606531,0.9956078057261966,0.4869893055988481,0.9768600370672973,0.6849003326792216,0.9611323077873339
Olive,String Bean,2,13,1,1,12,391,0.1870066194179881,31.32,0.0632441021879965,0.44136,0.5803114253571094,0.55864,0.9626555252746,0.3962720745585088,0.1040467487608975,1.0,5,8,40,1,0.4047619047619047,0.380184331797235,0.425,0.3374999999999999,0,0.0,0,0.0,-0.866403409848703,0.5540664502461817,-0.7849823409135072,0.4619689740026749,-0.6477422255481975,0.569765000000006,-0.5971704084342424,0.4292129166666674,-0.4539636685723976,19.1608,-0.4956500346493006,8.060399999999987,-0.3583619056141507,13.8836,-0.3882554405002714,5.497866666666681,0.5502379986268504,0.7676,-0.4581127547778503,0.499900000000002,-1.029125571962724,0.9673250679784051,-1.621990619319867,0.9478788864914627,-1.5997378412075713,0.48585785162566764,-1.6260812510152327,0.3446919123490031
Meat,Olive,13,2,1,12,1,391,0.1870066194179881,31.32,0.0632441021879965,0.44182,0.5825934153421235,0.55818,0.958095277599753,0.3954320913581728,0.1040467487608975,1.0,3,5,15,0,0.3571428571428571,0.3243145743145743,0.2625,0.2541666666666666,0,0.0,0,0.0,-0.6256744724915639,0.4515560845297556,-0.731954671871432,0.3813827094189561,-0.6820719947092436,0.4118287500000029,-0.3414979582439228,0.2936762500000009,-0.2861802041453036,8.1213,-0.3012702483640938,3.0433666666666497,-0.2179935351107474,5.6119,-0.2295965398975577,2.042633333333334,-0.9111317435874832,0.4536,-0.7881576070188122,0.2051666666666608,-0.0794221988468906,0.9658651419260107,-0.3205810805131138,0.9468923762670309,-0.7809444639654681,0.3807872472578577,-1.0930131747683638,0.18992337433173223
Casein (nBos d8),Meat,15,13,4,11,9,381,0.260989010989011,15.71395881006865,0.0007230320130631,2.73422,1.321416282478765,1.26578,0.9578964757612944,0.2683146337073258,0.0021784223531793,0.9407781844363112,1,3,3,0,0.2636363636363636,0.2218351741716227,0.325,0.2333333333333333,0,0.0,0,0.0,-0.6765412756417737,0.3337149502380123,-0.8651442679878527,0.268116351149368,0.6392294760609738,0.2260237499999993,1.2662886103175377,0.1487508333333334,-0.1411015073173527,1.7756,-0.1423735269483799,0.6071999999999996,-0.1089339213198413,1.2007,-0.1100997766805433,0.4090000000000002,-0.3692744729379981,0.12,-0.3585206640351978,0.0425999999999994,0.3290005358951802,0.9431984983258822,0.6562549676147342,0.926315323804208,1.207427689513623,0.5888903129650207,2.816344630454509,0.45817640186999525
Apple,Cow Milk,20,28,8,12,20,365,0.2972622363054379,12.12390243902439,1.3423139015357438e-05,6.29866,1.803247682488459,1.70134,0.9434865861866368,0.249215015699686,7.455822760015369e-05,0.9019975729517667,4,4,16,0,0.3478260869565217,0.3408813726197813,0.2,0.1791666666666666,0,0.0,0,0.0,-0.7130704005102116,0.4567575308134058,-0.5719255135387764,0.3852912689569479,-0.9958014510327824,0.4202450000000031,-1.0314647377390285,0.3006708333333338,-0.3112508457002388,8.4348,-0.3233312276660838,3.1638333333333186,-0.2391560305392223,5.8154,-0.2484063587250558,2.115933333333333,-0.9366051514306885,0.4673,-0.8053090813260795,0.2183666666666633,-0.9668121020291885,0.9475304339521203,-0.4858624449775564,0.9456678147474386,0.11324278719894432,0.6456069745415098,0.36237567373932295,0.4861841099392857
Apple,Peanut,20,14,5,15,9,376,0.2687804471907697,14.062818336162987,0.0002629540388299,3.64506,1.4831040409897076,1.35494,0.9135839176163388,0.2726545469090618,0.0009705079985764,0.9500571479253644,4,12,48,1,0.4904458598726114,0.3878006115717929,0.525,0.3,6,2.0,4,1.3333333333333333,-0.4733074609343289,0.5715812418584985,-0.8249722210256393,0.4786594696243075,-0.33966273276245,0.5983800000000025,-1.0048936900182084,0.4590474999999989,-0.3516562020605733,21.159,-0.424904347071446,9.277133333333284,-0.2853166647863562,15.3271,-0.3324436534543275,6.282800000000017,0.4694732947867642,0.8194,-0.6560178992457997,0.5739333333333336,0.266291854336161,0.9893437268163734,-0.7178911692115261,0.9645860906445183,0.5802685857171682,0.9334634886806781,-0.1647100349061814,0.6635582543781399
Apple,Fish,20,4,2,18,2,383,0.2077185659090488,20.72972972972973,0.013118027233016,1.18632,0.8918547289777634,0.81368,0.9123458939693389,0.3404931901361973,0.0269353963945403,1.0,4,9,36,0,0.3710691823899371,0.3468781332604138,0.2375,0.2208333333333333,0,0.0,0,0.0,-1.0031773123606815,0.5417206121601389,-1.0345967676917962,0.4519740933005999,-1.409927282250761,0.5536725000000029,-1.2814450301042069,0.412559583333333,-0.4418361382251412,17.3911,-0.4749862782497566,7.247600000000022,-0.3466400885964872,12.4442,-0.3706719054469609,4.89843333333334,-1.690129234681989,0.7407,-1.2853243875966875,0.4597333333333332,-1.5638295010555947,0.9564591720292134,-1.0508370901021702,0.9537189031099266,-1.2621373756561542,0.521882266879022,-1.1596275708604846,0.39849675320571426
Egg White,Pistachio,33,31,12,21,19,353,0.3216227131924762,10.539654144305308,5.451669056222497e-07,10.09508,2.160305486175512,1.9049200000000008,0.8817826979518383,0.2573948521029579,4.932881194420679e-06,0.9081667423255309,5,4,20,0,0.3605442176870748,0.3506064618241032,0.2625,0.2458333333333333,0,0.0,0,0.0,-0.7453043250530481,0.479783761620021,-0.6157151738661977,0.4029249126554111,-0.8597428808764763,0.4576862500000014,-0.6506149781287679,0.3297795833333342,-0.3328211607712643,11.2078,-0.3517991485936909,4.305233333333338,-0.2598930961807645,7.9624,-0.2731163560964362,2.9399999999999973,-1.0951037641399834,0.5453,-0.9100223175837572,0.2754666666666692,-1.2436927874417156,0.9472257086602854,-0.7152664882635253,0.9467728895777,-1.7492300076340201,0.2078792600510138,-1.3677829905997976,0.20225272926171423
Fish,Strawberry,4,21,2,2,19,382,0.2018641415288949,19.615384615384617,0.0144496271288054,1.23074,0.8968718149211738,0.76926,0.8577145442658496,0.3620527589448211,0.0288478320970102,1.0,9,3,27,1,0.3740458015267175,0.3638676844783715,0.3875,0.2958333333333333,0,0.0,0,0.0,-0.8199092886871766,0.5086492314712306,-0.6761275014412794,0.4264280713313016,-0.5185980842728884,0.5044337500000029,-0.5288455425188807,0.3695950000000025,-0.3777085812399967,13.7622,-0.4065159920055152,5.4872333333333705,-0.2931086393367393,9.7592,-0.3133301858621477,3.7009999999999854,0.7363816031889404,0.6484,-0.0872933400211315,0.3626666666666725,0.6294344182261041,0.9895377637599738,-0.015272435572940795,0.9636253276707771,0.5348490135941407,0.8554719666544899,0.17437155155787845,0.5828408126703389
Gluten,Potato,5,34,3,2,31,369,0.2080534296429023,16.42222222222222,0.0048340548969307,2.09812,1.0658576197597875,0.9018799999999998,0.846154292355912,0.3477930441391172,0.0112418272054906,1.0,1,2,2,0,0.2180851063829787,0.1950154038702224,0.1125,0.10625,0,0.0,0,0.0,-0.944573333807416,0.3091315531968622,-1.150760578313482,0.2689436076238744,-0.5946646235314564,0.1937450000000006,-0.5276760282283666,0.1486393749999998,-0.1039012123054078,1.1721,-0.1045352865102699,0.59315,-0.0794827233936461,0.8053,-0.0799982820521743,0.40675,-0.2938811075545895,0.0795,-0.2892574368184394,0.04105,-0.20973869298774814,0.9153180648267989,0.17312348208725553,0.9109914553848548,0.7009860727211635,0.3481207904940454,1.611511206348631,0.32057025205465894
Onion,Potato,12,34,6,6,28,365,0.2621608519510116,12.824561403508772,0.0001449225023544,4.68386,1.5627909330425471,1.31614,0.8421727898290587,0.2968140637187256,0.0005725459424005,0.9902613782043884,1,2,2,0,0.2575757575757575,0.2537878787878788,0.15,0.125,0,0.0,0,0.0,-0.525684227659635,0.3090866981690737,-0.2194162890849655,0.2682258799873647,-0.3096639403560111,0.1934999999999991,-0.2797059202499418,0.1484968750000002,-0.1167319453890501,1.2177,-0.1179663696091118,0.6274,-0.0895548685085746,0.8226,-0.0907987433829902,0.42185,-0.3004575664495865,0.0828,-0.2954197619150554,0.04285,0.658401383326901,0.9480783790621579,1.1628157727382642,0.9473205108528436,0.9678172508574497,0.42891349059609535,2.031099623786804,0.4089942171335166
"Cow Milk, UHT",Gluten,34,5,3,31,2,369,0.2080534296429023,16.42222222222222,0.0048340548969307,2.10054,1.0703979205884135,0.8994599999999999,0.8403043229993884,0.3470730585388292,0.0112418272054906,1.0,4,1,4,0,0.247191011235955,0.2289161503126391,0.225,0.175,0,0.0,0,0.0,-0.9414231089247336,0.3515539343434566,-1.0681968710934693,0.2907160700455284,-0.158545836207574,0.2515775000000009,0.0458985223791016,0.1715416666666656,-0.1690413225165959,2.2515,-0.1702017204306912,0.7810666666666655,-0.1308847553548449,1.4917,-0.1322045226667756,0.5134333333333325,-0.4246867422984164,0.1528,-0.404859090025858,0.0558999999999995,-0.2815043403808454,0.9269601410735349,-0.8803159674619416,0.8893351546398932,0.8556264471528786,0.5499982504764309,0.8984326727500055,0.22996897052434492
Pumpkin Seeds,Soybean,18,16,5,13,11,376,0.2637990889809198,13.33816425120773,0.0003117316278267,3.74204,1.5043592118905644,1.2579600000000002,0.8362098560350434,0.2970340593188136,0.0011282673755534,0.9902613782043884,9,7,63,1,0.732824427480916,0.5420068766708539,0.8,0.6041666666666666,19,9.0,10,3.6666666666666665,0.726840051509597,0.6089232666714581,0.2864976318355193,0.5092596943433564,0.7453347891320001,0.6492587500000034,0.5970257202549527,0.5094470833333345,-0.1463342849923385,25.8555,-0.1431231319402416,11.701333333333269,-0.2033524269385175,18.8552,-0.2550246691859194,7.887499999999989,0.3481406733883832,0.8919,0.8884481752241001,0.6916666666666714,0.7669629096525464,0.9977770859638576,1.0521599526384204,0.993142962482059,0.6620885088203926,0.9681908754385233,1.0499568906561918,0.9268875613337556
Casein (nBos d8),Olive,15,2,1,14,1,389,0.1726974057949758,26.86206896551724,0.0727906123945728,0.49562,0.605227903851103,0.50438,0.8333720186901472,0.4374712505749885,0.1150296719812826,1.0,1,5,5,0,0.2738095238095238,0.2330963702090116,0.2375,0.175,0,0.0,0,0.0,-0.7808203571303477,0.3659312530700709,-1.1893504082689037,0.306397960771134,-0.2058592777891093,0.2744087500000013,-0.1717845435796153,0.1892662499999994,-0.1806125709476325,3.0058,-0.1841689641699702,1.0624000000000022,-0.1395253754309797,2.0548,-0.1431083212122063,0.7208666666666657,-0.4843221048378526,0.19,-0.4577171628026425,0.0712000000000007,-1.5748658525883104,0.8858241243925271,-1.697611238534996,0.8719186469350112,-1.291626455949246,-0.03853998631371919,-1.5526481381952595,-0.13162121015933728
Cow Milk,Egg Yolk,28,14,6,22,8,369,0.2681032584833338,12.558169934640524,0.0001298591872454,4.68356,1.6020067810093694,1.31644,0.8217443369188215,0.2977540449191016,0.0005203643146051,0.9902613782043884,4,2,8,1,0.4514003294892916,0.4416562811254507,0.5625,0.3374999999999999,13,4.666666666666667,5,1.6666666666666667,0.4064489822176093,0.3985863571447759,1.5450406274991044,0.3389398469200721,1.1844803313732637,0.3281387500000015,1.106711294175156,0.2310591666666659,0.3763550755766432,4.7365,0.3861904576325515,1.7010000000000032,0.0868242612354462,3.2908,0.0746992137588802,1.1625333333333348,1.596438548690334,0.2818,1.1265858468067351,0.1127000000000015,1.615094728154199,0.9970975284969299,1.6942866049607734,0.9709399131050462,1.6612982545379265,0.9567028037322549,2.361314665952801,0.6832095520339436
Gluten,Soybean,5,16,2,3,14,386,0.2069059930845239,19.039408866995075,0.0136735279386999,1.24114,0.9311667414593374,0.7588600000000001,0.814956082742715,0.3610727785444291,0.0276925962946233,1.0,1,7,7,0,0.3,0.2638029782359679,0.2375,0.1625,0,0.0,0,0.0,-0.6952692502368443,0.3864980582042139,-0.9931178090384892,0.3280772288170829,-0.3587068180503739,0.3056100000000006,-0.5831990683483842,0.2154350000000004,-0.1956198698658568,3.9698,-0.2009265580267015,1.4185666666666688,-0.1497980379285858,2.7265,-0.1541877716330344,0.9614,-0.5659561034781468,0.2426,-0.5239088211343039,0.0961333333333356,-1.395211700706821,0.8986193658302218,-1.147001323904452,0.896197774300588,-0.7309594000819091,0.19755113602939686,-0.2741336485772846,0.16814623092698566
Egg Yolk,Strawberry,14,21,5,9,16,375,0.2605370022265608,13.175438596491228,0.0003385007899451,3.79088,1.492524313235802,1.20912,0.8101174562299895,0.3099538009239815,0.0011868683947451,1.0,2,3,6,0,0.465648854961832,0.414728999383167,0.1875,0.1666666666666666,0,0.0,0,0.0,0.7248774135848813,0.3772757549026597,1.5529250986945011,0.3196910733206149,-0.568676466706307,0.2918012500000012,-0.4344760673907438,0.2034929166666662,-0.1857494380763377,3.3613,-0.1886456374523507,1.174066666666667,-0.1418152133628674,2.2946,-0.1442217080830594,0.7926666666666649,-0.5224102062797535,0.2144,-0.4905785288039848,0.0818333333333349,0.47542900786186565,0.9622135154035045,0.8690165277363736,0.9485638769655186,0.5482807684317633,0.5476107062074875,0.7143398494010046,0.3032352281889989
Apple,Tomato,20,19,6,14,13,372,0.2727960299455982,12.369093231162196,0.0001192915994627,4.685,1.6235070064523915,1.3150000000000004,0.8099749460727456,0.3015939681206376,0.000488486038676,0.9952600947981042,4,2,8,1,0.3943089430894309,0.3190455631738528,0.5125,0.2541666666666666,2,0.6666666666666666,0,0.0,-0.0180650355881604,0.3966279244969833,-0.2945749572879919,0.3381337176634388,0.9757495703713432,0.3223400000000025,0.2806456532706364,0.2278870833333347,-0.1182906004478109,4.3603,-0.1278608074082655,1.5605333333333398,-0.1688712797552059,2.9921,-0.1730631326253017,1.0508666666666682,1.645546568043894,0.2697,1.1763609314329753,0.1076000000000019,1.2637226226931766,0.9868877796783564,1.0923690314710257,0.9585937148364815,1.0306756158278283,0.7514526604746818,0.7453618653802689,0.3781005900971655
Cow Milk,Strawberry,28,21,8,20,13,364,0.2874409035734996,11.195121951219512,2.069317401241525e-05,6.53982,1.8328814385005945,1.4601800000000005,0.7966581849366722,0.2956940861182776,0.0001084941179529,0.9902613782043884,4,3,12,0,0.3587786259541984,0.3478980208194185,0.2125,0.175,0,0.0,0,0.0,-0.5077473283247592,0.4310694111150643,-0.2483938908746603,0.3656913641660627,-0.7814395476790127,0.3779900000000035,-0.87679361315861,0.2685162500000003,-0.2584766412140722,6.6386,-0.268334642920831,2.411433333333319,-0.1981575060646207,4.6144,-0.205412778090031,1.6392333333333375,-0.7883742582915143,0.3833,-0.6986524959810475,0.1648666666666625,-0.591529270524201,0.9496754398196099,-0.319783051215945,0.9421106565828378,0.39397430431575586,0.6603247242800319,0.8209617530473697,0.49761630644879973
Potato,Sesame,34,31,12,22,19,352,0.3147210000671422,10.042735042735044,8.032431943905512e-07,10.2993,2.1789629436959204,1.7006999999999994,0.7805089136189258,0.2883142337153257,6.626756353722048e-06,0.9862456409408398,2,4,8,0,0.2712765957446808,0.2446714749631045,0.1625,0.1333333333333333,0,0.0,0,0.0,-0.9766403787443332,0.4004260414098413,-1.4352429434060476,0.3396903237403619,-0.8417794385216159,0.3297200000000023,-1.0280758827193517,0.2308241666666663,-0.2304058074885075,4.4655,-0.2352758857438868,1.6093333333333388,-0.1755344335409977,3.0144,-0.1800888999877166,1.0708333333333342,-0.6280968458349981,0.2829,-0.5759784783723204,0.1134000000000011,-0.7507708726476249,0.9367959297593682,-0.15431669030113299,0.9357068458273382,-0.6473014181196021,0.2592209660354728,-0.33437751217115147,0.18977285416563347
Carrot,Pumpkin Seeds,12,18,4,8,14,379,0.2449562216110199,13.855983772819473,0.0010925818193875,2.94184,1.359991696445239,1.05816,0.7780635740393342,0.3275734485310294,0.0031113624399817,1.0,2,9,18,1,0.3766233766233766,0.3628403854210305,0.4125,0.3458333333333334,2,0.6666666666666666,0,0.0,-0.5762342848288644,0.4648664101445847,-0.3673510462136237,0.392968029612375,-0.1067434536873236,0.4362012500000025,0.2530368005327567,0.3145408333333332,-0.2515202044914348,9.5243,-0.2741633874291836,3.6380333333333352,-0.2454696625268186,6.6337,-0.2585857032022489,2.446033333333332,0.983338778561337,0.5084,1.4470899439030709,0.2480333333333336,1.0572273839796145,0.9938569962764439,1.0166322693046175,0.9732144369558148,1.1524899039924466,0.9458898617261184,1.1374887595307717,0.6700877151942812
Hazelnut,Olive,16,2,1,15,1,388,0.166535382515328,25.06451612903226,0.0775455323310108,0.5244,0.6155035661960051,0.4756,0.7727006407767048,0.4596908061838763,0.1215168816695449,1.0,12,5,60,1,0.4285714285714285,0.4115497076023391,0.35,0.2916666666666666,2,0.6666666666666666,0,0.0,-1.0053450560566362,0.6017948427124368,-0.8021129437500932,0.5035818848430493,-1.4227853836512403,0.6412637500000048,-1.3152274511574364,0.5011341666666662,-0.4825278153035667,25.9929,-0.5554172562900227,11.648799999999929,-0.4128410942565222,19.1883,-0.4571316629725613,7.978433333333334,0.3602996530918078,0.8851,-0.9644770310712576,0.6709666666666699,-1.2251850963171804,0.973760545717615,-2.1850092661162184,0.9507117865829887,-0.6477892249633135,0.7677122734208123,-1.579546656007324,0.48740293090375203
Onion,Pumpkin Seeds,12,18,4,8,14,379,0.2449562216110199,13.855983772819473,0.0010925818193875,2.9543,1.3565439580050471,1.0457,0.7708559636635891,0.3298734025319493,0.0031113624399817,1.0,1,9,9,1,0.4166666666666667,0.3486477680026067,0.35,0.2208333333333333,0,0.0,0,0.0,0.1046650913707727,0.4029075649398951,0.0664110493886377,0.3439590415219409,0.077221115746573,0.3345862500000025,-0.1764165519319641,0.2389387500000005,-0.2333972704086853,4.7482,-0.2430420787228282,1.7700000000000062,-0.1792386993671381,3.2059,-0.1877843063613677,1.1665666666666672,1.5116716300014958,0.3044,0.9365443932230126,0.1293666666666654,-0.2958059931606092,0.9421307147398729,0.01102377592405446,0.9360420890698028,-0.26779536204778726,0.39489192932593714,0.0038645188983656357,0.27868045527258056
Kiwi,Mulberry,12,26,5,7,21,372,0.2512836234071543,12.705426356589149,0.0004296931864813,3.88434,1.488825968473146,1.11566,0.7493555483480427,0.3305133897322053,0.0014096951907372,1.0,7,3,21,1,0.6977777777777778,0.49999185999186,0.825,0.5541666666666666,33,12.666666666666666,17,6.666666666666667,1.369811979748821,0.481952960592968,1.1152542266520191,0.4057209484988306,1.623007255420108,0.4601875000000039,1.7371069627837152,0.3320266666666671,0.683237141128258,10.9032,0.7109767067415891,4.214833333333336,0.3198932790026454,7.6253,0.367970805663425,2.841233333333324,0.8961592125816636,0.5546,1.296169537901815,0.2775333333333367,1.0073366790497298,0.9939523850898998,0.4787569467194236,0.9660813323859254,0.9015565227918539,0.9066373035439377,1.5283663023517047,0.7778595641296838
Apple,Casein (nBos d8),20,15,5,15,10,375,0.2570193398539127,12.689708141321043,0.0003819739843208,3.8675,1.518862650143192,1.1324999999999998,0.7456237072478098,0.3274534509309814,0.0013133719402582,1.0,4,1,4,0,0.2347826086956521,0.200090557549429,0.1875,0.1416666666666666,0,0.0,0,0.0,-1.0461348347019437,0.3499240351010063,-1.5736690281506525,0.2897556795276537,-0.3785718568882147,0.2503512500000003,-0.3855245806749543,0.170287916666667,-0.1543496071034724,2.2498,-0.1539099534589874,0.7847666666666657,-0.116249697137229,1.5155,-0.1169094968042161,0.5264999999999999,-0.4253426749334103,0.1532,-0.4077060636423824,0.0555999999999994,0.30694838064896857,0.9475304339521203,-1.0387578229185515,0.884386582524174,1.1732271878141116,0.6456069745415098,0.07424909410309025,0.09070721590609687
Fish,Orange,4,23,2,2,21,380,0.1912611059886046,17.697674418604652,0.0172900467212999,1.31502,0.9197295252409808,0.6849799999999999,0.7447624341738148,0.3997120057598848,0.0336795701758654,1.0,9,1,9,1,0.4045801526717557,0.371501272264631,0.3875,0.25,0,0.0,0,0.0,-0.0045048285683868,0.4051838645028131,0.3793152724102396,0.3444819800304073,0.2596926467594019,0.3351375000000033,0.1139922140756359,0.238405833333334,-0.2366362741642211,4.9988,-0.2426926675784259,1.8496666666666648,-0.1845102870480692,3.4451,-0.1908087728430475,1.249600000000001,1.5507529995163711,0.2937,0.9814995332253764,0.1238666666666667,1.0385311424467583,0.9869016850978676,0.910324537194299,0.9615675091336606,1.1582480245970315,0.8126161761284595,0.7914699978920734,0.41872648815680674
Fig,Sesame,8,31,4,4,27,370,0.2260982580985512,13.472727272727273,0.0015982074707723,3.06208,1.299748465511693,0.93792,0.7216165472684392,0.3622527549449011,0.0042292188259589,1.0,13,4,52,1,0.6064516129032258,0.4763698549909809,0.725,0.5958333333333333,13,5.0,4,1.3333333333333333,0.1436232994480691,0.5816777193629504,-0.1022805438909568,0.4879221267122062,0.5255499393474387,0.6140075000000031,0.7630287535146951,0.4745495833333311,-0.2175993654969472,23.1672,-0.2834166963327495,10.192566666666652,-0.2996562913906229,17.0317,-0.3503667666055313,6.979866666666657,0.4199192734469453,0.8501,1.0770740038162554,0.6104666666666684,0.7018418729228997,0.9960474214685491,1.3428036917974955,0.9950220665245938,0.6740082882435612,0.9571328173629248,1.2640042759955237,0.9373953273815231
Fig,Pistachio,8,31,4,4,27,370,0.2260982580985512,13.472727272727273,0.0015982074707723,3.0689,1.309791124569104,0.9310999999999998,0.71087670586126,0.3629127417451651,0.0042292188259589,1.0,13,4,52,1,0.5539112050739958,0.4697427727501983,0.675,0.5958333333333333,19,10.333333333333334,8,3.333333333333333,-0.177476383923502,0.584292497898914,-0.1781177128686534,0.4899118160169362,0.2795576887866619,0.6156050000000013,0.7360981822767017,0.4772154166666681,-0.0895560805990278,23.0505,0.0042626488603157,10.25623333333325,-0.2105589741610241,16.8011,-0.2305679629917827,6.962633333333347,0.4253426749334102,0.8468,1.0649064192694195,0.6130333333333351,0.5851492235546407,0.9945298319774151,0.9683057414722355,0.9900037194265302,0.4517424215497483,0.9197212422036907,0.8821114790371893,0.87104283621626
Hazelnut,Peach,16,19,5,11,14,375,0.2547273781462643,12.385307346326837,0.000413185508488,3.92448,1.5268715498037162,1.07552,0.7043945511580599,0.3428731425371492,0.0013715802974071,1.0,12,4,48,1,0.6729559748427673,0.620037522749787,0.675,0.6375000000000001,10,7.333333333333333,4,2.333333333333333,0.5877113088108991,0.5723386108665969,1.2799514111498431,0.4795323445729024,0.3456780654101531,0.6007100000000011,1.1250956177600293,0.4604879166666648,-0.259846900487553,21.6181,-0.1194575683425109,9.43076666666666,-0.2829979426383061,15.7276,-0.265171539937479,6.411100000000018,0.4605661864718384,0.825,1.1619619813155937,0.5770666666666674,0.7565410885839747,0.9964616396003054,0.8101267969667779,0.9864771186738778,0.8530519505746995,0.9838699697272759,1.3573137842543177,0.9388624882475242
Olive,Pumpkin Seeds,2,18,1,1,17,386,0.1557281449240075,22.085714285714285,0.087018701870187,0.56122,0.6309771086180543,0.4387799999999999,0.6953976523189592,0.4852902941941161,0.1341139883219091,1.0,5,9,45,1,0.3849557522123893,0.3703820761342886,0.425,0.3,0,0.0,0,0.0,-1.059818144243078,0.5657651578164201,-0.9604923271843336,0.4722047145772789,-0.7670828640172197,0.590327500000004,-0.9621527704129436,0.4478874999999998,-0.4635901159805246,20.3268,-0.5127959259690646,8.683400000000008,-0.3616209896360012,14.711,-0.3952773666567089,5.883400000000034,0.4824330185186354,0.8112,-0.5898595235334092,0.5469666666666659,-1.4133877140020663,0.9647528965340512,-1.7856496004268931,0.9487607772220598,-2.1671936802314584,0.4296087874251835,-2.113695037298482,0.2964977913615983
Peanut,Soybean,14,16,4,10,12,379,0.239165333461955,13.01142857142857,0.0012930675044279,3.07018,1.3859779102135783,0.92982,0.6708764931590541,0.3644927101457971,0.0035911429207131,1.0,12,7,84,1,0.8320610687022901,0.6998106342738416,0.8875,0.775,48,26.33333333333333,36,15.333333333333334,1.1006121306887144,0.6489149580393057,1.2582728969341774,0.546567601094464,1.0167781874359645,0.701285000000006,1.3067067337906446,0.569348749999999,0.2737385075484522,33.3369,0.4742777617049123,15.838066666666728,0.2200364688618276,24.9499,0.2290923731788303,10.865466666666672,0.2330155729737538,0.9485,0.628875587736722,0.8146666666666741,0.6983219628709512,0.9978375383097294,0.7231012217072945,0.9923403343230355,0.5690083672612103,0.9688825892930859,0.5197720923974232,0.889738641117435
Egg Yolk,Wheat Flour,14,16,4,10,12,379,0.239165333461955,13.01142857142857,0.0012930675044279,3.07224,1.3916973027206745,0.92776,0.6666392168658314,0.364292714145717,0.0035911429207131,1.0,2,5,10,0,0.4274193548387097,0.3983285425316725,0.2375,0.2166666666666666,2,0.6666666666666666,2,0.6666666666666666,0.0986217291105471,0.4140596897240831,0.665587570854685,0.3524691026804085,-0.5585877480159587,0.3517437500000045,-0.3264041101764106,0.2498420833333322,-0.152876629626252,5.4735,-0.1649540066603754,1.9891000000000032,-0.0859431403025131,3.7522,-0.0955966277344271,1.3404666666666691,-0.6935723855722891,0.3248,-0.6244997581606747,0.1356333333333323,-0.04004441695630598,0.9582601826085037,0.7140715372546764,0.9563848257476173,-0.18026090209556092,0.4470161372623431,0.382161462517349,0.37142562504331994
Casein (nBos d8),Strawberry,15,21,5,10,16,374,0.2489676487214555,11.88888888888889,0.0004906569702602,3.99502,1.5371386403314449,1.0049800000000002,0.6537991913229778,0.3600327993440131,0.0015819457489423,1.0,1,3,3,0,0.2595419847328244,0.2133103581918095,0.1,0.0916666666666666,0,0.0,0,0.0,-0.6985714340242334,0.3330046485045222,-0.994270930665564,0.2679009906647637,-0.8117164018801882,0.2255787500000002,-0.8457703299245992,0.1488699999999997,-0.143683949455496,1.6746,-0.1448634607277988,0.5749666666666664,-0.1081065258422571,1.1039,-0.1094108189889057,0.3778000000000002,-0.3669978114690288,0.1187,-0.3555668636958394,0.0421999999999994,0.5077818933013336,0.9496754398196099,-0.9010522124443898,0.8745787003660719,1.446044489513222,0.6603247242800319,0.13212563103638675,0.01993433118925736
Fish,Rice,4,25,2,2,23,378,0.1818839444839975,16.106382978723403,0.0203622821450323,1.39382,0.930787734985802,0.6061799999999999,0.6512548212823693,0.4338913221735565,0.0383487302806031,1.0,9,7,63,0,0.4181818181818181,0.3934298739608474,0.2625,0.2583333333333333,0,0.0,0,0.0,-1.1463982709375786,0.6131536136972894,-1.0321666815305373,0.5122735436668314,-1.9587746065927736,0.6547450000000069,-1.6159671763005334,0.5146383333333331,-0.5545754551603062,26.8999,-0.630953659373826,12.166766666666618,-0.438181978698289,19.7923,-0.4898851045388954,8.274866666666652,-3.035540247884562,0.9021,-2.060341115559268,0.7032000000000057,-2.2265476867449543,0.9644317557866908,-1.7285626511452805,0.9588378403882626,-2.8755129126571353,0.469048302884145,-2.2201738836637888,0.4090698116885141
Potato,Rice,34,25,10,24,15,356,0.2923221756681414,9.857142857142858,6.178897019819069e-06,8.68478,2.0412781171609136,1.31522,0.6443120067486235,0.3404931901361973,3.894787896762357e-05,1.0,2,7,14,0,0.3191489361702128,0.2971502840088572,0.1875,0.1625,0,0.0,0,0.0,-0.8411374647867923,0.4454653898050967,-1.0159653058034226,0.3769026392471832,-0.9735173570394712,0.4012937500000043,-1.064343459066673,0.2860304166666663,-0.2882629783219879,7.9111,-0.3002385744795691,2.973299999999983,-0.2245366533657949,5.5684,-0.2346750393238429,2.037433333333329,-0.8719251553319334,0.4319,-0.7569758755133359,0.1948999999999944,-0.34547890184296454,0.9575174509565239,0.2140220877377997,0.9538681556449436,-0.2951080768595004,0.4985323384894044,0.48358083242238287,0.47528711771500737
Egg White,Wheat Flour,33,16,7,26,9,363,0.2639273290114781,10.8291956305859,8.525554511172278e-05,5.89556,1.7420253403438204,1.1044400000000003,0.6339976660626642,0.3593128137437251,0.0003651019908982,1.0,5,5,25,0,0.3790322580645161,0.3462987345475825,0.25,0.2375,0,0.0,0,0.0,-0.753203869809235,0.5002255640685115,-0.8371426087103392,0.4194285881914062,-1.075101260772165,0.4914162500000031,-0.8997048517499643,0.358374583333333,-0.3853424207507401,12.1952,-0.4070557627894853,4.798533333333352,-0.2973074134431849,8.4446,-0.3127205086237378,3.176233333333324,-1.2885193013264986,0.6241,-1.0369105061001815,0.3376000000000059,-0.6796634342153476,0.9638500462244126,-0.0610187589527119,0.9617342838233874,-0.8429419742992992,0.5101806755353722,-0.35920566611400084,0.4599691495676382
Cherry,Potato,13,34,6,7,28,364,0.2479563627329629,11.08421052631579,0.0002528766707186,5.01886,1.6106223332612764,0.98114,0.6091682573489056,0.376652466950661,0.0009394954455175,1.0,4,2,8,0,0.2765957446808511,0.2547593323563286,0.35,0.2708333333333333,0,0.0,0,0.0,-0.9333929940812108,0.3998353659031771,-1.287587433859486,0.3393818658944917,0.1204152208514744,0.3261575000000027,0.4428889481038359,0.2292612500000001,-0.2158333778575055,4.6493,-0.222390224334871,1.64916666666667,-0.1657949376463473,3.2195,-0.1703826754729201,1.1221000000000012,-0.617426489238403,0.276,-0.5678337475986067,0.1110000000000014,0.06251160858085171,0.9570980337145338,0.26705061901393345,0.9434933214776983,-0.3739998561093392,0.33886907856317516,-0.42042719277757845,0.1731611142880497
Gluten,Peach,5,19,2,3,17,383,0.1866898003053246,15.653061224489797,0.019190753690435,1.40696,0.9743221019765488,0.59304,0.6086693494861046,0.4336113277734445,0.0364949587129967,1.0,1,4,4,0,0.2967032967032967,0.2550059496624382,0.125,0.0833333333333333,0,0.0,0,0.0,-0.4822598734682446,0.3495328494975836,-0.6079428661815637,0.289680202473405,-0.7496342095780297,0.2480012500000009,-1.168970397634635,0.1700379166666658,-0.1462919471882734,2.2681,-0.1487689112929238,0.7822999999999992,-0.1118719992166205,1.5674,-0.1136810078205283,0.5351333333333333,-0.4161227483778116,0.1476,-0.3970581020274975,0.054166666666666,-2.2099445715233963,0.8584654241784354,-2.5515177502071995,0.8371870704741617,-1.230271717282977,-0.06927700370679836,-1.128371732612963,-0.1142810734078686
Gluten,Tomato,5,19,2,3,17,383,0.1866898003053246,15.653061224489797,0.019190753690435,1.41098,0.9720470356932324,0.5890200000000001,0.6059583316150232,0.4382312353752925,0.0364949587129967,1.0,1,2,2,0,0.2213740458015267,0.1916586828197917,0.125,0.10625,0,0.0,0,0.0,-0.9073021745556692,0.3084579112168373,-1.195516124594162,0.2677684992780927,-0.4939076252124955,0.1920049999999995,-0.5201254906573801,0.1474587499999997,-0.1114256715619776,1.1282,-0.1118109825371903,0.5706,-0.0851627413832112,0.7601,-0.0855227022778326,0.3832,-0.2872026922702553,0.0762,-0.2833367430298977,0.03915,-1.0572514260930215,0.883399907006279,-1.1249755310960932,0.8634771752824342,-0.4445979894541739,0.011664780130704249,-0.6541621106027328,-0.13777717708869017
Fish,Mulberry,4,26,2,2,24,377,0.1775808948467006,15.408163265306122,0.021983662015696,1.43356,0.9403115049811952,0.56644,0.6023961176688231,0.4523109537809244,0.0405685341802811,1.0,9,3,27,0,0.3736263736263736,0.3443223443223442,0.225,0.2166666666666666,0,0.0,0,0.0,-0.820241891763078,0.5077448591615865,-0.8842551833012291,0.4259428301621626,-1.228188820369559,0.5025687500000026,-1.091244137769609,0.3681695833333339,-0.3840165302736669,13.5069,-0.4139788021611634,5.385200000000019,-0.2984556225562115,9.5555,-0.3199181114552376,3.6326666666666623,-1.3382665273977885,0.6417,-1.070747439833906,0.356366666666672,-1.9021565860538423,0.9408924985518635,-1.7019848719775055,0.936277668899412,-1.6918857136194347,0.32223882340089427,-1.4695422062993035,0.25539197876965625
Cherry,Pumpkin Seeds,13,18,4,9,14,378,0.2326252139407974,12.364791288566243,0.0015338027557447,3.1606,1.3969136122180208,0.8393999999999999,0.6008961417930488,0.3910721785564289,0.0041170495022622,1.0,4,9,36,1,0.7557251908396947,0.5968527607588533,0.825,0.6416666666666666,24,12.0,13,6.0,1.277061990728978,0.5386026811358244,1.4422934691652367,0.4508564324509639,1.231666865481984,0.5501287500000047,1.5448196717200535,0.410889999999999,0.1671914172809332,17.2419,0.3082200678983232,7.180900000000031,0.0151547053770175,12.4373,0.0804874055120552,4.898466666666672,0.5932111080241584,0.7397,1.5075149472709026,0.4600000000000022,0.9205793550782666,0.9971704626653931,1.1650015021263413,0.9870053195383629,0.8435372688152489,0.9600000768640067,1.3337222113275682,0.8769225698675488
Egg Yolk,Sesame,14,31,6,8,25,366,0.2505483184888416,10.990772779700116,0.0002403846677778,5.03964,1.6229197978951375,0.9603599999999995,0.5917482806270207,0.3819523609527809,0.000899038657489,1.0,2,4,8,0,0.4275862068965517,0.3994211702354619,0.35,0.2749999999999999,0,0.0,0,0.0,0.2482563291513481,0.3960159494755486,0.9632129140482186,0.337580686152558,0.1278141148546638,0.3252850000000029,0.5001086022689363,0.2288441666666664,-0.209142678040869,4.3797,-0.2136814875235218,1.5581666666666718,-0.1598943166021646,3.0103,-0.1637061146283647,1.0542666666666676,-0.6253111619361175,0.2811,-0.5767636634361646,0.1108333333333349,-0.23427548254602196,0.9495546230354476,0.24911798228211157,0.9430534547568725,-0.35785821450202576,0.3463577583683434,-0.17362611480151516,0.2185198411626905
Egg Yolk,Pistachio,14,31,6,8,25,366,0.2505483184888416,10.990772779700116,0.0002403846677778,5.038,1.6352602239399083,0.9619999999999996,0.5882855743180792,0.3843123137537249,0.000899038657489,1.0,2,4,8,0,0.4228187919463087,0.3710897508815834,0.275,0.2416666666666666,0,0.0,0,0.0,0.2094767473168651,0.3961244993737001,0.5316715818862916,0.337282818315742,-0.2450457091151867,0.3223987500000014,0.1571743396149022,0.2272687499999997,-0.216994046765712,4.3083,-0.2213872383083708,1.526766666666669,-0.1670931916372331,2.9114,-0.1704744566746691,1.0164999999999995,-0.6148006843634205,0.2743,-0.5684889484169736,0.1074333333333355,0.30956356331004126,0.9630896493615126,1.0524776415813164,0.9576827945282763,-0.22151651916795573,0.3813150572072902,0.3628976341693971,0.31000968735239665
Apple,Mulberry,20,26,7,13,19,366,0.2657659595128143,10.441595441595442,8.654674444809302e-05,5.97276,1.77838634227774,1.02724,0.5776247689151284,0.377412451750965,0.0003678236639043,1.0,4,3,12,1,0.7032967032967034,0.5668464585662037,0.7125,0.6125,11,6.0,3,1.3333333333333333,1.9535560035935469,0.4292154376816203,2.83171587825776,0.3652354917282323,1.5921083321184708,0.3762775000000031,3.2040998255896453,0.268099166666668,0.1686144454946125,6.6318,0.392149732535327,2.41686666666666,-0.0691048387289856,4.6099,-0.0379624583617137,1.6391333333333364,1.286599093668239,0.3766,3.5418735422561483,0.1630999999999961,1.121853866043183,0.989523044042943,1.819536789099266,0.9780668686781212,1.3480707431354935,0.9374404793546565,2.638064100681217,0.8460505379577198
Olive,Strawberry,2,21,1,1,20,383,0.1423848704990809,18.70731707317073,0.1011367803447011,0.62712,0.6502311170653093,0.37288,0.5734576371597238,0.5326493470130598,0.1521118867918963,1.0,5,3,15,0,0.3282442748091603,0.3011986493190583,0.2,0.1666666666666666,0,0.0,0,0.0,-0.8189174239664141,0.4528533174462249,-1.04032775598456,0.3819936854725247,-0.9616188628474648,0.4122187500000013,-1.0957522642466826,0.2940020833333325,-0.3128620015820589,8.1247,-0.324033873672503,3.039066666666652,-0.2426281550098368,5.5825,-0.2520389561715871,2.033166666666665,-0.9103967478404236,0.4532,-0.7883002223318177,0.2069666666666616,-1.4270046575311788,0.9360485577715025,-1.264932738607058,0.9316695827361249,-1.0030678045291497,0.3195943217155193,-0.6639621750476026,0.27160073559629366
Potato,Wheat Flour,34,16,7,27,9,362,0.2585615150527869,10.4066985645933,0.0001051255507593,6.00284,1.7436719686913589,0.99716,0.5718736195251092,0.3822523549529009,0.0004368550664888,1.0,2,5,10,0,0.3191489361702128,0.299452841693142,0.2125,0.1916666666666666,0,0.0,0,0.0,-0.7098904440050685,0.4163225361269081,-0.7862519877695858,0.3540429257620646,-0.6903380960332997,0.3539425000000018,-0.5857555111494905,0.251039583333333,-0.2439957036249966,5.4291,-0.2512150595700488,1.98006666666667,-0.1873677880218854,3.7221,-0.1936798400567126,1.3328333333333326,-0.7092822546061852,0.3347,-0.6396180889683256,0.139933333333332,-0.0343723099461876,0.9589777135616627,0.7547243202526316,0.956813718790392,0.253696891252197,0.5794191103747726,0.9982807977529011,0.4863370186800611
Fig,Potato,8,34,4,4,30,367,0.212972354383516,12.049180327868852,0.0022968315569645,3.25128,1.3243784812507335,0.74872,0.5653368811103864,0.4179516409671807,0.0058304185676792,1.0,13,2,26,0,0.334841628959276,0.3314720323481274,0.225,0.2125,0,0.0,0,0.0,-1.025145136107883,0.5007282813236623,-0.9615839144788784,0.4222625814280371,-1.176245356642884,0.4910362500000019,-1.0668806979155,0.3626649999999994,-0.3844108566686809,12.3645,-0.4117327252511908,5.038433333333344,-0.2967421887523612,8.5937,-0.3188308367466043,3.342033333333327,-1.2781463731404077,0.6203,-1.0296659176795933,0.3496333333333387,0.02692165065825677,0.9764724545840517,0.5573104989876382,0.9719536345549761,-0.2837170494260133,0.6427941721542754,0.0502055998160025,0.5481244587517909
Apple,Gluten,20,5,2,18,3,382,0.180924752960357,14.768339768339768,0.021214995842908,1.4624,0.9814408999017722,0.5376000000000001,0.5477660448569098,0.4586508269834603,0.0394093134697728,1.0,4,1,4,0,0.2608695652173913,0.1962779923123267,0.125,0.1041666666666666,0,0.0,0,0.0,-0.811358882921898,0.3513115062074483,-1.6300339655097256,0.290868233773332,-0.763355178044104,0.2524125000000004,-0.8965098167871338,0.1721829166666668,-0.1472766724497627,2.3975,-0.1510186528220415,0.8333666666666648,-0.1117273625147177,1.6537,-0.1142902536651789,0.5685,-0.4251787285764798,0.1531,-0.4061264973227435,0.0563999999999995,-0.9677851323856352,0.9022735191374758,-1.5964324309455258,0.8671276735385902,-0.017136177401945646,0.2926486548579222,-0.3676567324004152,0.01672654232491506
Cow Milk,Pistachio,28,31,10,18,21,356,0.2876297716701324,9.411062225015714,8.03758625844222e-06,8.895,2.057458383540237,1.1050000000000004,0.5370704014428929,0.380272394552109,4.901180316289224e-05,1.0,4,4,16,0,0.3624161073825503,0.3503257938565765,0.3125,0.2625,0,0.0,0,0.0,-0.6208279922553095,0.4581481577293234,-0.4550952795353043,0.3865200208385166,-0.4904259609477787,0.4215512500000013,-0.3214741167553129,0.3009066666666669,-0.2944622059367603,9.4479,-0.3096298969973113,3.5301333333333225,-0.2306720459024074,6.7554,-0.2413719900634488,2.4474333333333336,-0.9422637918473084,0.4703,-0.8067636897434838,0.2179333333333294,-0.9894364228828391,0.9474896627464912,-0.7181210722227804,0.942022787854775,-0.5769685195340859,0.45470306195526605,-0.6663930515420352,0.28347603832994356
Cow Milk,Fish,28,4,2,26,2,375,0.1696303467600429,14.169811320754716,0.0253936322857129,1.49648,0.9421399097798584,0.50352,0.5344429152965753,0.4825703485930281,0.0457613208038603,1.0,4,9,36,0,0.3909090909090909,0.385478803624456,0.2875,0.2583333333333333,0,0.0,0,0.0,-0.8844384863901029,0.5421259593567682,-0.6631818137557186,0.4524476796275424,-1.1812313562254806,0.5537175000000035,-1.0322425242387452,0.4134141666666681,-0.4308217284991086,18.1075,-0.4706187000793233,7.453099999999966,-0.3406092330602745,13.162,-0.3676941151654417,5.115100000000012,-1.6761634196950517,0.7375,-1.2828441565708553,0.4597666666666675,-2.118375747315244,0.9466279722767438,-1.6469817923529948,0.9447607048704018,-1.7338453581607058,0.42104673728571207,-1.199690654376284,0.3918345291019352
Casein (nBos d8),Wheat Flour,15,16,4,11,12,378,0.2287001036154371,11.848695652173912,0.0017206336185516,3.24666,1.4212455257273462,0.7533400000000001,0.5300561981466684,0.4118117637647247,0.0045106329906892,1.0,1,5,5,0,0.2897196261682243,0.2554517133956386,0.225,0.1666666666666666,0,0.0,0,0.0,-0.6521963798924721,0.3629416117885332,-0.8411868267642819,0.3051508912758588,-0.2504712705583412,0.2679787500000011,-0.2525049946262145,0.1867583333333337,-0.1720358113820472,2.4543,-0.1754619280382042,0.8639333333333334,-0.1296910183451202,1.6179,-0.1326331585809254,0.5623666666666655,-0.4667745234372996,0.1789,-0.4384308642828477,0.0678000000000003,0.3554016421967728,0.9527233752074512,0.25902345257542864,0.9302601386510876,1.1736227398993546,0.6836777660425614,1.9544340004339964,0.47138575809144795
Pistachio,Strawberry,31,21,8,23,13,361,0.2677565742268919,9.685579196217494,4.78930189017344e-05,7.05814,1.890788126787348,0.94186,0.4981309045981379,0.3989920201595968,0.000227694776304,1.0,4,3,12,0,0.3459119496855345,0.336888974461092,0.275,0.2041666666666667,0,0.0,0,0.0,-0.5979481807575766,0.4311186735546489,-0.3998971592577194,0.3655400078739031,-0.4920593647927141,0.3788550000000029,-0.6069899691030076,0.2690904166666643,-0.2664348042136629,6.35,-0.2754655368424712,2.3118666666666683,-0.2022030392466101,4.3331,-0.2092254073457728,1.5408333333333395,-0.7927163953800346,0.3859,-0.703010610158221,0.1680999999999964,-0.8091696013394143,0.9448494725797405,-0.6041257732731661,0.9375952432534271,-0.5934071988458534,0.37420480884696783,-0.9995070487755162,0.15549736373878337
Strawberry,Wheat Flour,21,16,5,16,11,373,0.2384073267439344,10.826086956521738,0.000689630436826,4.2229,1.56443459115426,0.7770999999999999,0.4967289808049088,0.4185516289674206,0.0021257289838429,1.0,3,5,15,0,0.3459119496855345,0.3240740395245734,0.15,0.1416666666666666,0,0.0,0,0.0,-0.7036320939335933,0.4517711716559602,-0.7508362539699949,0.3818505394174088,-1.1921622632547866,0.412135000000006,-1.3169723433934577,0.2944058333333331,-0.2995107771860568,8.0891,-0.3118005218587644,3.023433333333315,-0.230805611102815,5.5745,-0.2403237820023759,2.0261000000000013,-0.9069120799092136,0.4513,-0.7855227510304379,0.2072333333333283,-0.5291325878072951,0.9554667224423571,-0.048764842872478835,0.9513291828455518,-0.045095703348564234,0.583133488366878,-0.08971388122010251,0.37977391102345665
Olive,Orange,2,23,1,1,22,381,0.1349060194715185,16.955555555555556,0.1104877154382104,0.6806,0.6627093178762465,0.3194,0.4819609312625424,0.5697086058278834,0.1639777998963917,1.0,5,1,5,0,0.3206106870229007,0.2690839694656488,0.225,0.1416666666666667,0,0.0,0,0.0,-0.387057452215778,0.3661844443522055,-0.6086971603230679,0.3062721823959933,-0.2745673120594191,0.2741162500000003,-0.5773096361715994,0.1894258333333333,-0.18629333924704,2.8768,-0.1890946106369396,1.0172000000000017,-0.1432482882116179,1.9365,-0.1464639268856251,0.6770333333333333,-0.4788071636249161,0.1865,-0.4522525422644599,0.0702000000000006,-0.04247564997049955,0.940216407554854,0.3371256291959252,0.9333945467755247,-0.5707243717778577,0.17529703399665528,0.012548967883466664,0.13913144630730404
Fig,Onion,8,12,2,6,10,387,0.1844892505736059,14.194139194139192,0.0204389845880576,1.51204,1.0430028947227328,0.4879599999999999,0.4678414628271162,0.4742505149897002,0.0383487302806031,1.0,13,1,13,1,0.3484848484848485,0.3459595959595959,0.3125,0.2666666666666666,0,0.0,0,0.0,-0.5698511851582863,0.4291635027401275,-0.2684431780910858,0.3672850822472582,-0.3054446403842171,0.3771037500000035,-0.0589379499805941,0.2735458333333346,-0.2578039574617054,6.7328,-0.2727991949454642,2.6102333333333174,-0.2001273562671026,4.7214,-0.2132867428893175,1.7776333333333298,1.2622840392917207,0.3856,3.162705364285433,0.1790333333333294,-0.46110391714930327,0.9435564273100969,-0.013879343379496704,0.9419802637696808,-0.5367202020996312,0.395534962182133,-0.32322319229026125,0.29585219284194136
Carrot,Fig,12,8,2,10,6,387,0.1844892505736059,14.194139194139192,0.0204389845880576,1.51538,1.040482318734922,0.48462,0.4657647624317429,0.4750904981900362,0.0383487302806031,1.0,2,13,26,1,0.4545454545454545,0.413880742913001,0.5,0.375,1,0.6666666666666666,0,0.0,-0.2775274121353229,0.4991772346453749,-0.0815585885938765,0.4215360918237602,0.0512084734325213,0.4884525000000027,0.0981729928082038,0.3611941666666668,-0.3470640839071066,12.3333,-0.3512226037845196,5.035766666666676,-0.2918956230968114,8.6293,-0.3136772081041392,3.357399999999988,0.7922147225763144,0.6144,0.9529676815893852,0.3446333333333384,0.7210021932311875,0.9903433125236881,0.4623199772841396,0.9699145081935474,0.8980245636950378,0.9266355926291383,0.5467832285679682,0.6427963126831931
Carrot,Egg Yolk,12,14,3,9,11,382,0.2060664962895446,12.25400457665904,0.0060436984047774,2.42052,1.2638049412785193,0.5794800000000002,0.4585201252764318,0.4526109477810444,0.0137825805084558,1.0,2,2,4,0,0.435064935064935,0.3944840106130429,0.2625,0.175,0,0.0,0,0.0,0.7559878455700347,0.351328735740383,1.810855288915573,0.2913460557581731,0.0645069067023557,0.251710000000001,0.0545931547146663,0.1709087499999999,-0.1604487788531269,2.3561,-0.1627192110034599,0.8190666666666646,-0.124577004262307,1.6146,-0.1265334859035605,0.5567999999999994,-0.4209073972747874,0.1505,-0.4043493784948718,0.054766666666666,-0.517479419465332,0.9275924520132516,0.07140015911437031,0.9185069885485082,-1.1496655273873215,-0.05387955083851362,-1.3813399537256437,-0.15220146628729292
Casein (nBos d8),Orange,15,23,5,10,18,372,0.2343342392340241,10.546975546975547,0.0007770602460971,4.30192,1.5749680357391385,0.69808,0.4432343921649104,0.4379912401751965,0.0023187808407472,1.0,1,1,1,0,0.2900763358778626,0.2900763358778626,0.1,0.1,0,0.0,0,0.0,0.252884499504818,0.2674867623773604,0.252884499504818,0.2674867623773604,-0.4264578436068136,0.1483412499999989,-0.4264578436068136,0.1483412499999989,-0.0777945351282349,0.7184,-0.0777945351282349,0.7184,-0.061949354836254,0.5161,-0.061949354836254,0.5161,-0.202791553984669,0.0395,-0.202791553984669,0.0395,-0.8086409951597539,0.8684731930239071,-0.8086409951597539,0.8684731930239071,-0.6311871923834879,-0.1839887012896551,-0.6311871923834879,-0.1839887012896551
Banana,Gluten,22,5,2,20,3,380,0.1705188184860208,13.257839721254356,0.0255317173112446,1.57046,1.0046668046670997,0.42954,0.4275447322481506,0.504289914201716,0.0457613208038603,1.0,2,1,2,0,0.1908396946564885,0.1830487133076257,0.2125,0.1375,0,0.0,0,0.0,-1.2583519217575276,0.3073336171431333,-1.352615431822799,0.2677585466271771,0.1553226600852601,0.1919349999999994,-0.1316775870801131,0.1477662500000005,-0.1320223092560437,0.9132,-0.1319857044105254,0.46155,-0.1051370285671359,0.5768,-0.1053196558064402,0.2911,-0.2892376719284542,0.0772,-0.285058409215761,0.03975,-2.285012649147228,0.8379513136186234,-1.9104030703776915,0.8345656332710764,-1.3555349616539774,-0.24775140916218144,-1.4189552597664894,-0.2919787713119834
Mulberry,Olive,26,2,1,25,1,378,0.125256682659704,14.84313725490196,0.1244224422442244,0.73116,0.6770857068348142,0.2688399999999999,0.3970546081333655,0.6002279954400912,0.1817734117161716,1.0,3,5,15,1,0.7079646017699115,0.4777464423482123,0.85,0.4125,47,15.666666666666666,29,9.666666666666666,1.715234284171422,0.4518301637792375,1.2325554889964714,0.3823283115827753,2.006177544134488,0.4115262500000018,1.0186602760594443,0.2939550000000002,1.5090997921065752,7.876,1.3591622665833747,2.959033333333325,1.018148515653559,5.4003,0.9492118216657498,1.9725333333333293,1.0977575619548732,0.4535,0.4781835411078514,0.2071333333333272,1.253554503056463,0.9955433328267091,-0.18233083127170194,0.9489903718352443,1.1957379375191373,0.9358412257706309,0.6362163155800327,0.5242829346019819
Hazelnut,Wheat Flour,16,16,4,12,12,377,0.2191516709511568,10.872,0.0022386464106631,3.42962,1.4490295564963471,0.5703800000000001,0.3936289618405985,0.4655306893862123,0.005708548347191,1.0,12,5,60,0,0.3790322580645161,0.3647498831229547,0.2375,0.2333333333333333,0,0.0,0,0.0,-1.3178820182393045,0.6063655046783231,-1.2290751928814,0.5070187287293344,-1.9899330878956425,0.6453700000000073,-1.6904785370610285,0.5050575000000015,-0.5353931003256677,26.7492,-0.601003260538923,12.0541666666666,-0.4238146117812765,19.8042,-0.467871605832231,8.275233333333333,-2.7989144791300964,0.8868,-1.9378200756480557,0.6769000000000038,-2.5094534732556566,0.9585462476610347,-2.1204228714257334,0.9518723711159609,-2.3540722608024365,0.5104908757787616,-2.0650293731851397,0.4064021619375138
Hazelnut,Soybean,16,16,4,12,12,377,0.2191516709511568,10.872,0.0022386464106631,3.429,1.4572299063634406,0.5710000000000002,0.3918393367488231,0.4665106697866042,0.005708548347191,1.0,12,7,84,1,0.5316455696202531,0.5214128441976543,0.625,0.5750000000000001,16,11.0,12,5.666666666666667,-0.7126714184166217,0.6508276872117194,-0.214888645192314,0.5474567435159673,-0.4151230225884581,0.7017975000000046,0.0388256859161766,0.5688766666666676,-0.330702776150615,34.5837,-0.2301222181067991,16.275066666666664,-0.2684645826396493,26.2172,-0.2771259547806415,11.304233333333348,0.2351544044271463,0.9476,0.6433055775518208,0.8086000000000062,0.22078968645881514,0.9937223041072902,0.722292090656913,0.9923650854094502,0.33126098823767897,0.943896669566604,0.7950574310773411,0.9266639197296481
Banana,Soybean,22,16,5,17,11,372,0.2310204479273836,10.180124223602483,0.0008715351011129,4.3871,1.576798525493983,0.6128999999999998,0.3886989936193586,0.4611507769844603,0.0025733220617072,1.0,2,7,14,1,0.8396946564885496,0.4961832061068702,0.9,0.4541666666666666,52,17.333333333333332,44,14.666666666666666,2.6789721729977245,0.4433676440453887,1.566859619176389,0.3758009955625316,2.314769424849508,0.3976762500000023,1.483821389885268,0.2842791666666667,1.6996332609979403,7.5204,1.5398262414789778,2.823333333333324,1.6515101546459343,5.2235,1.554986382279294,1.9045000000000007,1.166736940594501,0.4235,0.54084786768177,0.1931666666666619,1.3962281537684067,0.9987910611284222,0.013130234420472241,0.9499147174438373,1.4248691334915502,0.9828348249918193,0.0081834396112982,0.3828491770450837
Banana,Kiwi,22,12,4,18,8,375,0.215110724962074,10.745627980922098,0.0024456270141341,3.4421,1.4368324850169558,0.5579000000000001,0.3882846510067709,0.4700105997880042,0.00614788241617,1.0,2,7,14,1,0.7981651376146789,0.4987039885757801,0.8375,0.3958333333333333,21,7.0,14,4.666666666666667,2.437425859996849,0.441955417173794,1.6446536885129317,0.3745016117743769,2.044923342861915,0.3951562500000037,0.9943175067574134,0.2830829166666666,0.5278926388630343,7.3397,0.4586060482932058,2.744499999999987,0.3894766447123632,5.0222,0.3528720355422404,1.831300000000005,1.1811899004132755,0.4175,0.5612296157552479,0.1893999999999954,1.244607915687881,0.9946800277109726,0.5573538837117252,0.9596236267426708,1.223044501904078,0.9215399761894265,0.7742863335101436,0.52645299637712
Cow Milk,String Bean,28,13,5,23,8,369,0.2264671590282576,10.173967459324157,0.0009632051400016,4.39564,1.560137490864186,0.6043599999999998,0.3873761149507629,0.4640507189856203,0.0028290999138268,1.0,4,8,32,0,0.4354838709677419,0.3926119781107533,0.2125,0.1999999999999999,0,0.0,0,0.0,-0.5424177680682615,0.5265789730257124,-0.4901138414696999,0.4398159174239832,-1.429584053099365,0.5328400000000022,-1.348202044650764,0.3935129166666663,-0.4168447461482338,15.1525,-0.4476110260722952,6.187566666666705,-0.3227370530379816,10.6861,-0.3444021904555205,4.141466666666662,-1.5436806445443958,0.7044,-1.1988314780261355,0.4183000000000045,-1.528415989443047,0.9535698864342245,-1.178812434174263,0.9493137312961192,-1.35903412266023,0.4626607960991035,-0.8507221023214621,0.4271141547691603
Apple,String Bean,20,13,4,16,9,376,0.2171095044728703,10.808612440191387,0.0023404896944968,3.44048,1.4474865697477128,0.55952,0.386545900800669,0.4679106417871642,0.0059144807144717,1.0,4,8,32,1,0.4276729559748428,0.3790714322237562,0.525,0.4375,3,1.0,1,0.3333333333333333,-0.5950738503234334,0.5276502251050791,-0.6355537296957204,0.4405500294270174,-0.0411132615947125,0.534288750000005,0.2878197466786732,0.3956037500000005,-0.3371051501726179,16.1945,-0.377388010747378,6.602666666666723,-0.2963070463245683,11.5717,-0.320886809365196,4.481533333333319,0.6471802104086685,0.7048,1.6411525806906064,0.4226666666666698,0.8278816494760657,0.9949439862271878,0.518617989425003,0.9755063953616068,0.9417295190240906,0.9720530943341543,0.84226664690958,0.7594529549711427
"Cow Milk, UHT",Egg Yolk,34,14,6,28,8,363,0.2351504149887823,9.753353973168217,0.000415771799768,5.36978,1.6642844563355133,0.6302199999999996,0.378673247593529,0.4605107897842043,0.0013720469392345,1.0,4,2,8,1,0.4514003294892916,0.4416562811254507,0.5625,0.3374999999999999,13,4.666666666666667,5,1.6666666666666667,0.4064489822176093,0.3985863571447759,1.5450406274991044,0.3389398469200721,1.1844803313732637,0.3281387500000015,1.106711294175156,0.2310591666666659,0.3763550755766432,4.7365,0.3861904576325515,1.7010000000000032,0.0868242612354462,3.2908,0.0746992137588802,1.1625333333333348,1.596438548690334,0.2818,1.1265858468067351,0.1127000000000015,1.615094728154199,0.9970975284969299,1.6942866049607734,0.9709399131050462,1.6612982545379265,0.9567028037322549,2.361314665952801,0.6832095520339436
Fig,String Bean,8,13,2,6,11,386,0.1754889374885437,12.926421404682277,0.0239140355438758,1.60802,1.0643362624659558,0.39198,0.3682858639917269,0.5110097798044039,0.0432766901294012,1.0,13,8,104,1,0.8702290076335878,0.6406089173314967,0.8625,0.6999999999999998,45,19.0,27,10.333333333333334,1.1910653737467791,0.6763170324358492,0.52958054107504,0.5742811504191856,0.7629730795817821,0.7320625000000065,0.5941631125234844,0.608729583333332,0.107978562092415,38.6658,-0.0020371748398217,19.049500000000048,-0.0464722122848273,29.596,-0.1347557181408348,13.263433333333326,0.1782660557373361,0.9692,0.487867630335807,0.8780666666666701,-0.054561826448349546,0.992750938489558,0.38571190099789515,0.9910361265037472,0.34779610010732986,0.9556409761137312,0.5422375675677307,0.9181205621081742
Cherry,Fig,13,8,2,11,6,386,0.1754889374885437,12.926421404682277,0.0239140355438758,1.60784,1.0650119879137512,0.39216,0.3682212073201177,0.5112097758044839,0.0432766901294012,1.0,4,13,52,1,0.8015267175572519,0.6629181946768005,0.75,0.6749999999999999,29,16.0,17,8.0,1.2832123667887088,0.5820533472871229,1.5728674825394366,0.4877560052097531,0.6487953567320587,0.6119725000000041,1.2756995398951947,0.4725612499999988,0.1503962507697304,22.3763,0.351209764557219,9.880599999999944,0.0191825172075975,16.2207,0.0872057987096019,6.676666666666686,0.4375718013964544,0.8393,1.0794809246081531,0.6065000000000046,0.418748082582272,0.9920713956400229,1.0583558433374123,0.9909676743797613,0.6906249760573562,0.9583920112844758,1.1851130942297567,0.9208443345671334
Fig,Meat,8,13,2,6,11,386,0.1754889374885437,12.926421404682277,0.0239140355438758,1.61024,1.0627545071181774,0.3897600000000001,0.3667450924832061,0.510229795404092,0.0432766901294012,1.0,13,3,39,0,0.3545454545454545,0.3454545454545454,0.3,0.2791666666666666,0,0.0,0,0.0,-1.1237086887821337,0.5453326101360715,-1.064412925435512,0.4582629833083378,-1.168656267655294,0.559751250000002,-0.9353740996374896,0.4238654166666671,-0.4494016743961166,17.4574,-0.4939562958639109,7.5202000000000115,-0.349423121474092,12.4079,-0.3837850489086181,5.041700000000017,-1.731127539482183,0.7498,-1.315755516766806,0.485066666666667,-0.6540732324931117,0.9717903427298757,-0.48041356686320674,0.9632241289731187,-1.1401279868326026,0.5603599204844733,-1.0663750414320379,0.43485611652324624
Egg Yolk,Mulberry,14,26,5,9,21,370,0.2261574803333229,9.976744186046512,0.0009926896776255,4.45398,1.5693444999744337,0.5460200000000004,0.3479287052708285,0.4790504189916201,0.0028854865758959,1.0,2,3,6,0,0.4945054945054945,0.4387205151536362,0.2375,0.1875,0,0.0,0,0.0,1.0040013742421132,0.375975848740665,1.9609618879329151,0.3194800641852413,-0.28965749076793,0.2897075000000019,-0.1827794248067478,0.2028150000000002,-0.1914055674749597,3.1943,-0.195196572762008,1.1230333333333342,-0.1468770193731356,2.1402,-0.1502490269049024,0.7438666666666665,-0.5200832590714763,0.2129,-0.4900297601200469,0.080566666666668,-0.43255646594460834,0.9382622924513986,-0.37638596090637244,0.9235127099517871,-1.1549074006599918,0.030086727164647775,-1.3812086581766292,-0.06221739238759155
Cow Milk,Olive,28,2,1,27,1,376,0.1196487636348512,13.690909090909091,0.1336511428920669,0.7641,0.6809781127172884,0.2359,0.3464134831862578,0.622367552648947,0.1927462497749346,1.0,4,5,20,0,0.3333333333333333,0.3277117942348497,0.25,0.2333333333333333,0,0.0,0,0.0,-0.915229221308818,0.4784731180260527,-0.8900583393479752,0.4028180261835389,-0.91936501497941,0.4563362500000025,-0.7537068658652102,0.3290304166666676,-0.3392012880460229,10.6516,-0.3552091603785369,4.091433333333325,-0.2634300347646204,7.4629,-0.2755761914710588,2.7679999999999967,-1.094662202433609,0.5451,-0.9120832910221242,0.272300000000003,-2.0266901397337214,0.93143112047825,-1.8260969542595664,0.9293178652837987,-1.0613642296115897,0.38859106472503235,-1.0026868572128893,0.27409805334095877
Egg White,Fish,33,4,2,31,2,370,0.1527914569015928,11.761904761904765,0.0348633409073781,1.67316,0.9645183328480595,0.32684,0.3388634397802442,0.5589088218235635,0.0599948903344758,1.0,5,9,45,0,0.4272727272727272,0.4040791386907155,0.3,0.2749999999999999,0,0.0,0,0.0,-0.8356673878673325,0.5702244609856864,-0.6695156582762863,0.4748741530777975,-1.3577763025969996,0.5952300000000041,-1.1425405630631145,0.4519949999999998,-0.4788633616296666,21.2356,-0.5292763837916716,9.051733333333337,-0.3769105912040589,15.4649,-0.410847890093549,6.168399999999999,-2.0667562232255245,0.8103,-1.5186983329779795,0.5546666666666679,-1.8395851977232596,0.9586211961360903,-1.1746217458220256,0.9575191620982547,-2.0496030743998763,0.4515295456306101,-1.3265365121125776,0.44000375002166453
Fish,Potato,4,34,2,2,32,369,0.149841220291977,11.36923076923077,0.0369140465766883,1.69546,0.9654612309150484,0.30454,0.3154347272042835,0.5678686426271474,0.0633296028425753,1.0,9,2,18,0,0.3363636363636363,0.3171605770766418,0.2375,0.225,0,0.0,0,0.0,-0.8436596932570307,0.4675712677681903,-0.9149206233426196,0.3949628096813046,-0.8938390588082983,0.437897500000003,-0.7239870545795485,0.3168820833333347,-0.336137765241617,9.3766,-0.3514686685257303,3.666433333333329,-0.2605217481346318,6.4701,-0.273828250913338,2.448766666666662,-1.0173504976172347,0.5086,-0.856012423499463,0.2517000000000003,-1.175098386757471,0.9435208416915674,-0.8207237175571857,0.9405388496890875,-1.3692470164227313,0.26806963729844224,-0.9324762191508915,0.25954515586300997
Cherry,Egg Yolk,13,14,3,10,11,381,0.1955839511062588,11.057971014492754,0.0076947940866506,2.59862,1.295528500496998,0.40138,0.3098195059746045,0.5129097418051639,0.0171300773119485,1.0,4,2,8,0,0.4809160305343511,0.4580530186176161,0.1625,0.1583333333333333,0,0.0,0,0.0,0.6275226233454698,0.3986835318219061,1.8272562619126296,0.3387799478108154,-0.8317365299533024,0.3264612500000013,-0.7583225485482274,0.2293687500000004,-0.2233616523007168,4.7475,-0.2280677613538805,1.6853666666666751,-0.1750668600279476,3.304,-0.1790004407976572,1.1557000000000015,-0.6181990026770102,0.2765,-0.5688790096783136,0.1095666666666685,-0.41969218876549835,0.9447129547384514,0.09140705672527413,0.9403370451200717,-1.4024538624198297,0.03129547840710003,-1.4013916005158258,-0.001787175772314742
Meat,Strawberry,13,21,4,9,17,375,0.2101249516464916,10.16390977443609,0.0028382094665496,3.54982,1.4542207423909208,0.45018,0.3095678578066819,0.499430011399772,0.0069834890821681,1.0,3,3,9,0,0.2977099236641221,0.2865817908306746,0.2375,0.2208333333333333,0,0.0,0,0.0,-0.8175624521075717,0.4073373962958087,-0.8956719985732537,0.3464209397680967,-0.5134071537204431,0.3409700000000039,-0.1997199244091132,0.240243749999999,-0.2333281739379745,5.1643,-0.23830873484157,1.8524333333333405,-0.1799579037716811,3.5475,-0.1841683591324481,1.2505666666666666,-0.6690268970663757,0.3092,-0.6116416013195712,0.1251666666666668,0.16169272840264387,0.9620904179489771,0.5462762209828113,0.9508866263424741,0.41343056667887534,0.6020313080210007,1.2123921559434754,0.4991992163766483
Casein (nBos d8),Pumpkin Seeds,15,18,4,11,14,376,0.2114774672189067,10.160419790104948,0.0027656473663231,3.55986,1.464573924525491,0.44014,0.300524263493631,0.50254994900102,0.0068651689048996,1.0,1,9,9,0,0.308411214953271,0.2767881824012753,0.25,0.1916666666666666,0,0.0,0,0.0,-0.717974590665723,0.4027107842195662,-0.937893770324237,0.343597170894704,-0.4165140092267602,0.3330225000000015,-0.4516416402333531,0.2377479166666667,-0.2371351094083157,4.534,-0.2427507500838745,1.705733333333339,-0.181535939600652,3.0183,-0.188084406792217,1.117066666666669,-0.6412748381211744,0.2914,-0.5757808918382584,0.1240666666666662,-0.7865812992703842,0.9245916258981784,-0.6320255235108605,0.916448937046452,-0.27248729664466137,0.3879406170121139,0.18624898479843413,0.3082931111236091
Orange,Wheat Flour,23,16,5,18,11,371,0.224074335387432,9.603995299647474,0.0010874776268634,4.54232,1.5957596992028595,0.4576799999999998,0.2868101006866058,0.502089958200836,0.0031113624399817,1.0,1,5,5,0,0.3282442748091603,0.2977099236641221,0.15,0.1125,0,0.0,0,0.0,-0.3224877982587951,0.3664766186344048,-0.1431433450827658,0.3063921988172151,-0.6895176356090053,0.2731837499999989,-0.9296869391207324,0.1884804166666672,-0.19027700878497,2.8063,-0.1933416516947134,0.9864333333333344,-0.1451493971192596,1.8423,-0.1483717546952797,0.640699999999999,-0.4772285449348931,0.1855,-0.4513801160884992,0.0699666666666672,0.49008534290921435,0.9585348581786496,0.41710931783879734,0.9356996717730306,-0.44119807972665503,0.2141507430212807,-0.6247547024485576,0.02911488080251921
Egg White,Pumpkin Seeds,33,18,7,26,11,361,0.2423380905250927,8.896636587366695,0.0002105355470237,6.49882,1.8069528515155,0.5011799999999997,0.2773619685647346,0.49215015699686,0.0008034723937436,1.0,5,9,45,0,0.4122137404580153,0.390315057872463,0.25,0.25,0,0.0,0,0.0,-0.9076798770403104,0.5674662052524037,-0.7839294696908118,0.4722143968932071,-1.578175323500605,0.5914900000000025,-1.2974856930169605,0.4482862499999997,-0.4685635683653555,20.7007,-0.5150322325796068,8.7686333333333,-0.3679124498988796,15.0618,-0.3985482804653066,5.977466666666697,-2.103790857940852,0.8157,-1.5284588863225377,0.5535000000000008,-1.7355283196505706,0.9602255497688569,-1.1603263659278025,0.9576675813359454,-2.9473209727894636,0.2872673285871061,-2.172211948572081,0.2841104794911704
Casein (nBos d8),Rice,15,25,5,10,20,370,0.2213320000610217,9.466898954703831,0.0011749351744243,4.58366,1.5991000607841908,0.4163399999999999,0.2603589420138155,0.5118897622047559,0.0033122544364425,1.0,1,7,7,0,0.322429906542056,0.2834890965732087,0.2,0.175,0,0.0,0,0.0,-0.5086698727885606,0.3854728397696503,-0.6778089238260029,0.3273656464128773,-0.5568128366406974,0.3046725000000017,-0.439336940632544,0.2147720833333337,-0.2055495388718308,3.6616,-0.2102274690772266,1.313466666666667,-0.1587830711020374,2.4864,-0.1634728290114183,0.8790333333333341,-0.5713456631723383,0.2461,-0.5257072434853582,0.0975333333333356,-0.0678707415300361,0.944645421628246,0.41927587076319384,0.942243065953852,0.644874537405406,0.6077768283454686,2.1173929618205607,0.5932168299081831
Olive,Sesame,2,31,1,1,30,373,0.1122044163749955,12.245901639344265,0.1474025180295807,0.82146,0.6889001875453367,0.17854,0.2591667170772112,0.6575068498630028,0.2093488926951767,1.0,5,4,20,0,0.3724137931034483,0.353252383833146,0.2875,0.2416666666666666,0,0.0,0,0.0,-0.6835448544236903,0.4813992882685562,-0.6019217418893428,0.4035013424376665,-0.7679944251557507,0.4609762500000048,-0.7067209337354078,0.331251249999999,-0.3523694954478399,10.8257,-0.3689698465834939,4.126466666666671,-0.2747947715125216,7.5516,-0.2866863607014974,2.774199999999989,-1.1176818758164442,0.5554,-0.9299981060034016,0.2792333333333365,-1.2683929945886503,0.9475791778173789,-1.812586951271171,0.9300114125517962,-1.7197152751090046,0.22512804417537322,-1.8611945181997105,0.11171343112548686
Fish,Onion,4,12,1,3,11,390,0.1298013280489943,14.5527950310559,0.1137576604715519,0.80436,0.7783090584080338,0.19564,0.2513654413841274,0.6039479210415791,0.1680540490328874,1.0,9,1,9,0,0.2878787878787879,0.2575757575757575,0.125,0.0999999999999999,0,0.0,0,0.0,-0.8743947518008346,0.4068862409130078,-1.2148223039374375,0.3455263790207392,-1.0389635483053947,0.338530000000004,-1.3361959102874037,0.2402033333333323,-0.2273924537676963,5.4135,-0.2387011275555798,2.006999999999995,-0.1751555431172824,3.7655,-0.1842600254111579,1.3663333333333334,-0.6588649092136757,0.3027,-0.5925014225093169,0.1288666666666661,-1.1324472534016914,0.9139996257165766,-0.8755606478578856,0.9103324458839506,-1.2701356809950812,0.09628792408374309,-1.1058228622578876,0.07140481291578621
Kiwi,Soybean,12,16,3,9,13,380,0.1888225870163068,10.38401559454191,0.0089855379298148,2.69684,1.3200356110347933,0.3031600000000001,0.2296604708734705,0.5409091818163637,0.0196909639790084,1.0,7,7,49,1,0.8715596330275229,0.5448302225034272,0.8875,0.5583333333333332,48,16.666666666666668,37,12.333333333333334,1.685020803982516,0.580140069634835,0.572531566091899,0.4828906454742836,1.2953591974042349,0.608396250000001,0.6056684064508056,0.4637841666666655,0.5315231756422931,22.8222,0.3801256722447875,9.734266666666592,0.4561798705696847,16.8189,0.3484536527989913,6.697733333333365,0.4454951891621667,0.8344,0.2276431494620275,0.584366666666666,0.6374774986309284,0.9949448701773467,0.18664301424787808,0.9780138440868565,0.5019887570927826,0.92535803442422,0.5138299266882583,0.7904887325661685
"Cow Milk, UHT",Olive,34,2,1,33,1,370,0.1056905034500319,11.059701492537313,0.1610438821659943,0.86304,0.6942924156290344,0.1369599999999999,0.1972655856767686,0.6811263774724505,0.2236277670671357,1.0,4,5,20,0,0.3333333333333333,0.3277117942348497,0.25,0.2333333333333333,0,0.0,0,0.0,-0.915229221308818,0.4784731180260527,-0.8900583393479752,0.4028180261835389,-0.91936501497941,0.4563362500000025,-0.7537068658652102,0.3290304166666676,-0.3392012880460229,10.6516,-0.3552091603785369,4.091433333333325,-0.2634300347646204,7.4629,-0.2755761914710588,2.7679999999999967,-1.094662202433609,0.5451,-0.9120832910221242,0.272300000000003,-2.0266901397337214,0.93143112047825,-1.8260969542595664,0.9293178652837987,-1.0613642296115897,0.38859106472503235,-1.0026868572128893,0.27409805334095877
Cow Milk,Peanut,28,14,5,23,9,368,0.2148246423470481,9.078387458006718,0.001426175113755,4.68534,1.604720874295588,0.3146599999999999,0.1960839452145369,0.5373892522149557,0.0039028499454468,1.0,4,12,48,0,0.4507042253521127,0.413601982263954,0.225,0.1999999999999999,0,0.0,0,0.0,-0.7118587935294629,0.5719666496189714,-0.596375986315223,0.4785954586344804,-1.7664878866986078,0.6021925000000026,-1.6725236139214288,0.4612774999999992,-0.4913853688879133,21.6503,-0.5400352766316725,9.404466666666613,-0.3886901200098661,15.7702,-0.4223153662721353,6.401666666666697,-2.201806807232248,0.829,-1.5913487616539306,0.5790000000000001,-2.9673364725640776,0.9441357870550064,-2.293300659458768,0.9426299037360004,-1.5346665949471423,0.5624047309556295,-0.9013865574918821,0.53305032354624
Olive,Potato,2,34,1,1,33,370,0.1056905034500319,11.059701492537313,0.1610438821659943,0.8703,0.6949517321368442,0.1297,0.1866316666356053,0.6852662946741065,0.2236277670671357,1.0,5,2,10,0,0.3452380952380952,0.2848699763593381,0.1875,0.175,0,0.0,0,0.0,-0.5295385815018561,0.4178428199423425,-1.005443281526873,0.3540684553017639,-0.8155214341926522,0.3551150000000023,-0.7494887765089853,0.2508308333333327,-0.2541318924995071,5.3663,-0.2628016228879096,1.9528333333333343,-0.1935686827882685,3.6235,-0.2007609634939238,1.292433333333335,-0.7155028724243778,0.3386,-0.6447485828065673,0.1398666666666647,-0.46046675463400116,0.9481005161017162,-0.1558477736172241,0.9403294261528524,-0.6674572878821735,0.31021626739113195,-0.8725189642522628,0.14159740293996423
Casein (nBos d8),Potato,15,34,6,9,28,362,0.223509960773375,8.702677746999077,0.0006510184737746,5.68258,1.7045540600403388,0.3174200000000002,0.1862187931971418,0.5369292614147717,0.0020518054145369,1.0,1,2,2,0,0.1915887850467289,0.1676029031616623,0.2375,0.1624999999999999,0,0.0,0,0.0,-1.20382466734768,0.3081105607105479,-1.5596054756862447,0.2678066926439265,0.3186740617523893,0.1938762499999998,0.1772051911066212,0.1484456249999998,-0.1302293048876696,1.086,-0.1304449927379662,0.5483,-0.1011627224713054,0.699,-0.1014481612015123,0.35255,-0.2904539182693865,0.0778,-0.2867759750789051,0.0399,0.4969554584239026,0.9412081137876612,0.9189078030456402,0.9374103125430533,1.5143295089817617,0.5756799675189587,2.80359445224192,0.5458409674523095
Pistachio,String Bean,31,13,5,26,8,366,0.2110179949750797,8.948945615982241,0.0015801112795892,4.71402,1.5967327389391144,0.2859800000000003,0.1791032356423081,0.5452890942181157,0.0042211544183313,1.0,4,8,32,1,0.3834586466165413,0.3714124019726736,0.4125,0.3833333333333333,0,0.0,0,0.0,-0.8582263703649461,0.5282624464401033,-0.7126859244780962,0.4408913346724085,-0.5407563545089555,0.5339575000000033,-0.0763265588468824,0.3944008333333325,-0.4187491929118797,15.3942,-0.4506614821743875,6.298966666666694,-0.3237252872219028,10.8868,-0.3468650898899921,4.224800000000009,0.6488914476572246,0.7037,1.6739130917721274,0.4165666666666708,0.40719917310781134,0.9874782142422932,0.6351751057202919,0.977025191680038,-0.0775508866215943,0.7468526064002056,0.09118094400044777,0.6110692683391848
Pumpkin Seeds,Wheat Flour,18,16,4,14,12,375,0.2022915293739696,9.322758620689656,0.0035836192791553,3.75358,1.5026300887443986,0.24642,0.1639924568567033,0.5531489370212596,0.0087030753922344,1.0,9,5,45,0,0.3387096774193548,0.3350630821153874,0.2375,0.2291666666666666,1,0.3333333333333333,0,0.0,-1.3348980758673743,0.5666679184026365,-1.3020815714874856,0.47316793317568,-1.6419225003431157,0.5928712500000024,-1.4366508202272896,0.4503954166666665,-0.4610229128200144,20.5953,-0.5139016206722692,8.789533333333317,-0.3794632391563469,14.8283,-0.4135021427271644,5.919266666666692,-2.0892120205840263,0.8136,-1.52314406062862,0.5532999999999996,-1.2932052423523692,0.9665345553096913,-1.1772175984594735,0.9573517665756514,-2.174185547750937,0.42407306818081536,-1.4161420729235383,0.419975966160088
Cow Milk,Pumpkin Seeds,28,18,6,22,12,365,0.2246026401349015,8.447111111111111,0.0006600736203326,5.75976,1.7462544895862115,0.24024,0.1375744494474724,0.5514289714205716,0.0020687223519921,1.0,4,9,36,0,0.4191176470588235,0.3810834437244161,0.25,0.2208333333333333,0,0.0,0,0.0,-0.7157360698470341,0.5393135041553104,-0.6949753751962636,0.4505564799178517,-1.360986518725119,0.552226250000005,-1.2946868976396968,0.411962916666668,-0.4412413579004176,16.6857,-0.4748667666112993,6.934500000000034,-0.3429966549689492,11.7606,-0.3673931897570118,4.624900000000017,-1.6918910047284477,0.7411,-1.2883270079060427,0.4605666666666665,-1.6350094362634076,0.9549366449028869,-1.748208861574005,0.943246806481211,-1.8872018646891022,0.3879406170121139,-1.4556806141306036,0.34084594644414495
Cow Milk,Fig,28,8,3,25,5,372,0.1711526850805918,9.29590017825312,0.0131556124992941,2.84736,1.2823030181669228,0.1526399999999999,0.1190358268190008,0.5953880922381553,0.0269353963945403,1.0,4,13,52,0,0.4087591240875912,0.394469003803845,0.2875,0.2625,0,0.0,0,0.0,-1.0144320883645896,0.581011822229965,-0.8349260770697223,0.4872798651710435,-1.552771538260703,0.6144637500000036,-1.3413130282984551,0.4746995833333339,-0.5113222016362845,22.749,-0.568980194412738,10.012099999999949,-0.4029527444688736,16.5597,-0.4430375874593602,6.784766666666683,-2.363813715855684,0.8482,-1.6878927660025576,0.6111333333333315,-1.9212279757859525,0.9612425205686159,-1.4704017065089108,0.9562097533310245,-1.8423793632281467,0.5328214400928497,-1.5182121573028362,0.4444395082950206
Cherry,Wheat Flour,13,16,3,10,13,379,0.1788051275937462,9.37037037037037,0.0113972535310559,2.88976,1.3529401843392783,0.1102400000000001,0.0814817988822151,0.5963880722385553,0.0243112518286021,1.0,4,5,20,0,0.4188034188034188,0.3554860436611841,0.2375,0.1999999999999999,0,0.0,0,0.0,-0.3739416673361314,0.4768464441437802,-0.5577249793047777,0.4022942433359661,-0.964179294437932,0.4526862500000044,-1.0008974714261374,0.3269975000000007,-0.339951285633006,10.0883,-0.3572224473136552,3.914299999999999,-0.262825514284995,6.9847,-0.2764351496232946,2.6180666666666625,-1.080859251519751,0.5388,-0.8987524334161547,0.2677333333333356,-0.2225030323265347,0.9681448262426308,-0.0646220664310855,0.9570690801903035,-1.3652149195871726,0.30567053392281834,-1.1405332758589235,0.24710834512872348
Meat,Soybean,13,16,3,10,13,379,0.1788051275937462,9.37037037037037,0.0113972535310559,2.89068,1.3503514866878177,0.1093199999999998,0.0809566998501577,0.5988280234395312,0.0243112518286021,1.0,3,7,21,0,0.3545454545454545,0.3463367855772919,0.3125,0.2875,0,0.0,0,0.0,-0.807017871154097,0.4838112641298884,-0.6977611408418649,0.4060200499545894,-0.6716340945733028,0.4647475000000048,-0.3673528872904024,0.3348958333333348,-0.3439567323520873,11.3577,-0.3604279583517736,4.368866666666674,-0.2678557393684086,8.026,-0.2804079821230581,2.978033333333321,-1.1327422578994086,0.562,-0.93755035526783,0.2855666666666702,-1.0171941757184781,0.9526209922781752,-0.7990002548900963,0.9460968128637591,-2.15999735428647,0.11950893496359984,-2.122919766289283,0.07032459789096894
Casein (nBos d8),Peanut,15,14,3,12,11,379,0.1775970436957122,9.24,0.0117417144183273,2.91688,1.3616207495481258,0.08312,0.0610448981682929,0.6053878922421552,0.0249511431389455,1.0,1,12,12,0,0.3055555555555556,0.289206509392109,0.1625,0.1333333333333333,0,0.0,0,0.0,-0.8489499492909705,0.4229427881682072,-0.950151765400542,0.3617759951664994,-0.9885076427073178,0.3688275000000021,-1.1811376162763774,0.265632083333332,-0.2545067379672708,6.1932,-0.2655142788652689,2.3665333333333254,-0.1969796498316575,4.2733,-0.207391511069335,1.5974000000000008,-0.7612682183491702,0.3669,-0.6681539238189507,0.1660999999999966,-0.5945185388084633,0.9376526012458247,-0.2147554445057713,0.9344794002980841,0.0971892513880871,0.5624047309556295,1.003587489692217,0.53305032354624
Cow Milk,Sesame,28,31,9,19,22,355,0.2510207026800621,7.697435897435898,7.002070744910571e-05,8.89844,2.065653786673844,0.1015599999999992,0.0491660319145412,0.5691086178276434,0.0003093040699129,1.0,4,4,16,0,0.3380281690140845,0.3310357953874224,0.225,0.1791666666666666,0,0.0,0,0.0,-0.7808314630136394,0.4575416444491479,-0.699136214815411,0.3859650836823317,-0.8808915029500204,0.420783750000003,-1.0269816984192102,0.3011695833333326,-0.3070019590958506,8.6505,-0.3200923179622443,3.2332333333333203,-0.2357722583860813,5.9876,-0.2458374999022807,2.1688666666666645,-0.9384880537173056,0.4683,-0.8038936291574608,0.2184333333333295,-1.918853627114777,0.9271482703843603,-1.7984338824225035,0.9246509955232463,-0.7400490345817857,0.40526261056878843,-1.002093670997776,0.21652928867156018
Gluten,Kiwi,5,12,1,4,11,389,0.112335545617406,11.289855072463768,0.1402786282379892,0.97646,0.8540174871745895,0.02354,0.0275638383915055,0.6770064598708025,0.2007558939834489,1.0,1,7,7,0,0.2586206896551724,0.2381813680315805,0.1375,0.1208333333333333,0,0.0,0,0.0,-1.0231101483722735,0.3855662230650597,-1.3683991271464102,0.327611039941146,-0.8802114345261126,0.3038125000000007,-1.0290998861645968,0.2151216666666665,-0.2090916881977768,3.7777,-0.2159337661763925,1.3743000000000023,-0.1631015556863624,2.5946,-0.1695708345569977,0.929133333333334,-0.5613352983747529,0.2396,-0.5173034453172607,0.095400000000002,-1.4022876975492238,0.8979805233013938,-1.554621612689453,0.8836151425031139,-0.6900023019691677,0.20732995753669536,-0.9305347341992254,0.048090444623940465
Potato,Tomato,34,19,7,27,12,359,0.2275877568889627,7.843636363636364,0.0003845335684355,6.95384,1.857769968106926,0.0461600000000004,0.0248469944032078,0.5937081258374832,0.0013133719402582,1.0,2,2,4,0,0.2446808510638297,0.2367765686752206,0.2,0.1666666666666666,0,0.0,0,0.0,-0.9637055100415506,0.3504268505417978,-0.9591617388453788,0.2907148400581378,-0.3080985949757782,0.2505362500000016,-0.0530026979905157,0.1705399999999992,-0.173493596437712,2.0929,-0.1742258635988286,0.7217333333333318,-0.1340354914614021,1.3568,-0.1350979831008965,0.4647999999999996,-0.4274717665259525,0.1545,-0.4114692817708684,0.0558666666666661,0.7126595059704603,0.9612415768964236,1.203536711989855,0.946637231521115,0.5188539445486099,0.4468477240062445,0.9125598042350659,0.22530184790796762
"Cow Milk, UHT",Wheat Flour,34,16,6,28,10,361,0.2128533467435862,7.852130325814536,0.0009785542275838,6.00202,1.7523971923054444,-0.0020199999999999,-0.0011527067087698,0.6078078438431231,0.0028592131337215,1.0,4,5,20,0,0.3661971830985915,0.3413779815055562,0.225,0.1833333333333333,0,0.0,0,0.0,-0.711091451896322,0.4770563648277426,-0.7355936569644979,0.4016219547695169,-1.0252971408902074,0.4544337500000058,-1.1569898682951565,0.3272512499999999,-0.3430932453789099,10.0273,-0.3573965125074278,3.8286666666666576,-0.2638232978135331,6.8984,-0.2750515346684474,2.5421333333333265,-1.085656132241129,0.541,-0.9047491078022548,0.2686333333333358,-0.765379419207895,0.9569057025354878,-0.27381036243004225,0.9536195622055489,0.07719911663323803,0.6836777660425614,0.31472953460236885,0.5310817575786606
"Cow Milk, UHT",Meat,34,13,5,29,8,363,0.1974421137858553,7.9730807577268195,0.0024547694495937,5.01774,1.610995124883995,-0.0177399999999998,-0.0110118272401831,0.622307553848923,0.00614788241617,1.0,4,3,12,0,0.3909090909090909,0.3347393862665266,0.325,0.2958333333333333,0,0.0,0,0.0,-0.2666335400402998,0.4285873675493457,-0.4178944317413556,0.3643255343911867,-0.2447844424099431,0.3765412500000035,0.2694830667746459,0.2674141666666669,-0.2767591835625557,6.1845,-0.2838262467781302,2.2587333333333293,-0.2128694224390074,4.1863,-0.2193037830753642,1.4984000000000048,-0.7798936843528961,0.3782,-0.691889388611952,0.1622666666666621,-0.3080208998014883,0.9562834408875798,0.07166156587363245,0.9485542996356293,0.1569425704246005,0.5888903129650207,0.7544419034100258,0.48243967667027343
Fish,Hazelnut,4,16,1,3,15,386,0.1079238438792472,10.68663594470046,0.1494259886095025,1.01512,0.8464817692071105,-0.01512,-0.017862168507377,0.7026459470810584,0.2116868171967952,1.0,9,12,108,0,0.4311926605504587,0.4067772799850416,0.35,0.3124999999999999,0,0.0,0,0.0,-1.559946492884438,0.682320512204742,-1.3925763893132554,0.5809466319512587,-2.346731448762181,0.7399387500000063,-2.025644584183852,0.618556666666666,-0.6764700344960455,40.1831,-0.8010479015314944,19.97123333333339,-0.5457289029411193,30.7739,-0.6257463515765461,13.922499999999957,-6.377042156569663,0.976,-3.836930327031127,0.8929333333333356,-5.386671775223345,0.9568996197026185,-3.664421502604919,0.9562290678966979,-3.988200920430955,0.5884014266981956,-3.019217269202396,0.5269861902046576
Egg Yolk,Orange,14,23,4,10,19,372,0.1871658868697453,8.186813186813186,0.005449658714475,4.05674,1.5322795346802751,-0.0567399999999995,-0.037029796923992,0.6326473470530589,0.0125297481099201,1.0,2,1,2,0,0.4961832061068702,0.4351145038167939,0.1125,0.10625,0,0.0,0,0.0,1.876709004987155,0.3090715069415854,2.4902821761363394,0.2686725806759546,-0.5971633283362839,0.1966224999999996,-0.5322059963741858,0.1504450000000004,-0.1254615348032886,1.2537,-0.1258125345569479,0.6408,-0.1002978780799362,0.848,-0.1010770363581035,0.43295,-0.3081078900564433,0.0867,-0.3031253579319997,0.0448,0.32260761857724046,0.9357949196173224,0.6851894749832975,0.9304589783154786,-0.5189900358111408,-0.005703617362392763,-0.4872672356165599,-0.10127485025379063
Gluten,Meat,5,13,1,4,12,388,0.1064999023444249,10.36,0.1512165591764372,1.04788,0.8759152388216569,-0.0478799999999999,-0.0546628233850703,0.7071658566828664,0.2136838531435296,1.0,1,3,3,0,0.2181818181818181,0.179127414701685,0.1375,0.1041666666666666,0,0.0,0,0.0,-1.1254067680078157,0.3318474618267952,-1.664507296715521,0.2679899756113451,-0.5765667256471956,0.2243937499999998,-0.6731888794663587,0.1486116666666669,-0.1377532869281511,1.5125,-0.1387844292557855,0.519366666666666,-0.1040645008673666,0.9964,-0.1052008350266772,0.3403666666666671,-0.3678743220216742,0.1192,-0.3579892497234027,0.0420666666666661,-1.1639173672268477,0.8890689675839691,-0.9534805058618466,0.8723783763782711,-0.2661170407028028,0.1543971776293583,0.262864892508254,0.03740291044496933
Carrot,Peach,12,19,3,9,16,377,0.1678262156358177,8.42902711323764,0.0147696612750608,3.08798,1.3794199939104843,-0.0879799999999999,-0.0637804297374199,0.6531069378612427,0.0293821984940039,1.0,2,4,8,1,0.4285714285714285,0.3727047146401985,0.5,0.3666666666666667,3,1.3333333333333333,1,0.3333333333333333,0.2500065686189989,0.3965188436741397,0.5447196374903156,0.3378059471480483,0.918601191924197,0.3215150000000014,1.4960730407545813,0.2273791666666669,-0.0681032616612558,4.4209,-0.0331249722681801,1.5728666666666742,-0.1087477932980696,3.0267,-0.1139464294758181,1.0567000000000004,1.634753842283995,0.2723,2.850439729619888,0.1098000000000014,1.040423011218678,0.9813088410941031,1.26781293010488,0.9616466003241059,1.474961764556823,0.8877239638605208,2.0677741846137034,0.6172776335621628
Chicken,Shellifish,7,38,3,4,35,363,0.1522477299605478,7.964006259780907,0.0205311131345822,3.0816,1.2547754540155782,-0.0815999999999999,-0.0650315558364332,0.6745265094698106,0.0383931815616687,1.0,5,6,30,0,0.3211009174311927,0.3119266055045871,0.25,0.2375,0,0.0,0,0.0,-1.2014766656579907,0.5208225383788989,-1.3215507628152303,0.4347220872511501,-1.206244377213113,0.5219587500000054,-1.0340463841697376,0.3824583333333352,-0.3941048778770603,14.944,-0.4245577084427221,5.93653333333338,-0.3075920614287261,10.6748,-0.3284099209681076,4.036533333333347,-1.472264970436334,0.6843,-1.152784052102825,0.3912666666666714,-0.18685596630430604,0.976086279314408,-0.32720740934587955,0.9610662435286764,0.051214620578724404,0.7601398489367983,0.711435403087913,0.7105698650347915
Apple,"Cow Milk, UHT",20,34,7,13,27,358,0.2186630988673153,7.242424242424242,0.0005559955255932,7.2498,1.8931138264774268,-0.2497999999999995,-0.1319519177908123,0.6486470270594588,0.0017622231065412,1.0,4,4,16,0,0.3478260869565217,0.3408813726197813,0.2,0.1791666666666666,0,0.0,0,0.0,-0.7130704005102116,0.4567575308134058,-0.5719255135387764,0.3852912689569479,-0.9958014510327824,0.4202450000000031,-1.0314647377390285,0.3006708333333338,-0.3112508457002388,8.4348,-0.3233312276660838,3.1638333333333186,-0.2391560305392223,5.8154,-0.2484063587250558,2.115933333333333,-0.9366051514306885,0.4673,-0.8053090813260795,0.2183666666666633,-0.9668121020291885,0.9475304339521203,-0.4858624449775564,0.9456678147474386,0.11324278719894432,0.6456069745415098,0.36237567373932295,0.4861841099392857
Fig,Tomato,8,19,2,6,17,380,0.136337458492524,8.362637362637363,0.0493587185414024,2.16316,1.1822769617987152,-0.1631599999999999,-0.1380048882554291,0.6993660126797464,0.0831538771823627,1.0,13,2,26,1,0.8473282442748091,0.6063293877677164,0.8375,0.6666666666666666,38,17.333333333333332,27,9.666666666666666,2.131265303885721,0.5009085281489553,1.9391562628736811,0.4224530815036948,1.526372027873354,0.4899525000000011,2.1522193894326707,0.3618416666666664,0.7447407729779383,12.8807,0.9316653531559056,5.263900000000028,0.5929130511387702,9.0304,0.5521440862454712,3.527966666666647,0.793720259311018,0.6135,1.9463039734441296,0.3433666666666713,0.764605469069141,0.9914132659723084,1.2899256900708183,0.9846723502548439,0.5738880690494889,0.8485392787758428,0.9100883613009543,0.7160660024700723
Apple,Potato,20,34,7,13,27,358,0.2186630988673153,7.242424242424242,0.0005559955255932,7.26226,1.8855873600552144,-0.2622600000000004,-0.1390866345181274,0.6525469490610187,0.0017622231065412,1.0,4,2,8,0,0.2695652173913043,0.2530640425539812,0.2875,0.1833333333333333,0,0.0,0,0.0,-0.9914413651659952,0.4007371473370959,-1.3132902792697374,0.3393983156595365,-0.2064653975730604,0.3286875000000018,-0.4991842676576818,0.2305100000000003,-0.2205614242126711,4.7413,-0.2247272221582847,1.6821333333333397,-0.1690480159575759,3.2449,-0.1725737869248057,1.1323333333333343,-0.6311939617646863,0.2849,-0.5818759882806371,0.1127333333333349,-0.022086409858690804,0.9551193270960089,0.7123891010311028,0.9517143883281779,-0.010912047860447577,0.4528634642639767,0.7985710682744315,0.3953550572087175
Cow Milk,Shellifish,28,38,10,18,28,349,0.2461020788110936,6.960170697012802,6.279218179066448e-05,10.31804,2.164664075185803,-0.3180399999999999,-0.1469234897210095,0.6432671346573069,0.0002818113118765,1.0,4,6,24,0,0.3212435233160621,0.3111341173314488,0.275,0.2708333333333333,1,0.3333333333333333,0,0.0,-1.0789737134433626,0.4966277972465479,-1.2006999032093222,0.4161532940193669,-0.9206274307889688,0.4845425000000032,-0.6058382166245846,0.3515883333333338,-0.3374132379332335,12.5482,-0.3579127906522858,4.885000000000029,-0.2862550177476583,8.8907,-0.2987357499995818,3.320233333333317,-1.2332058107699064,0.6033,-1.0051739663514516,0.3208333333333386,-1.3937180390769726,0.9486573241697333,-1.241776053017311,0.9421846375288035,-1.1200150705759089,0.42425594715573267,-0.5664847894006212,0.4041816771511317
Cow Milk,Egg White,28,33,9,19,24,353,0.2390288990344797,7.029304029304029,0.0001221753223471,9.31102,2.094088479410554,-0.3110199999999992,-0.1485228551983368,0.6477670446591068,0.0004966692451936,1.0,4,5,20,1,0.3943661971830985,0.3818114680592921,0.4625,0.3166666666666666,0,0.0,0,0.0,-0.5251854762715772,0.4766518076272741,-0.2368651839241594,0.401357220323389,0.0379719728427252,0.4540237500000032,-0.0834923329484653,0.327166666666667,-0.3366765246641149,10.2876,-0.353694661863871,3.9276999999999904,-0.2602185487329427,7.1804,-0.2724395399845193,2.644666666666658,0.9185084741629468,0.5424,0.2117545118809434,0.270033333333335,-0.7630150965364443,0.9571934317736001,-0.30376335764328,0.9532325757045365,-0.46438577171957596,0.5444412611621262,0.09591977992927674,0.49063427610379096
Apple,Onion,20,12,3,17,9,376,0.1617977041723511,7.926315789473684,0.0170806521745222,3.21574,1.3876729630572184,-0.2157399999999998,-0.1554689078359626,0.6866662666746665,0.0336219153330068,1.0,4,1,4,1,0.2651515151515151,0.2510979358805446,0.275,0.175,0,0.0,0,0.0,-0.7660487660303368,0.3512552479280851,-0.6683823537510389,0.2897316472013083,0.1399324697657788,0.2512350000000011,0.0568722584534427,0.1706841666666664,-0.1557604542887132,2.5439,-0.1578342223425674,0.8741666666666666,-0.1208561472411668,1.7555,-0.1224287163041895,0.5984999999999998,2.336653230672758,0.1548,1.987788087306335,0.0568666666666662,-0.35749983131850815,0.9239650430987912,-0.45386386758222436,0.9028476421030103,-0.16683382372783107,0.2460497963638815,-0.16815738493972257,0.04986726098733083
Casein (nBos d8),Soybean,15,16,3,12,13,377,0.1615815949456893,7.82962962962963,0.017261017381896,3.24224,1.4127985639856808,-0.2422399999999998,-0.1714611029307749,0.6913461730765385,0.0336795701758654,1.0,1,7,7,0,0.3375,0.3087616822429906,0.2125,0.1875,0,0.0,0,0.0,-0.389018370075383,0.3850798189163683,-0.2847490825483995,0.3271936825160645,-0.4879860480079709,0.3038775000000012,-0.2971852334357411,0.2146008333333341,-0.1874973995663067,3.9101,-0.1940570476968274,1.40216666666667,-0.144471271071135,2.725,-0.1496555237290063,0.962533333333333,-0.5647240171184678,0.2418,-0.5197759310423247,0.0969000000000021,-0.9141397339920483,0.9155317138562117,-0.8409488182338024,0.905343493479006,-0.9001304759982088,0.147021526266356,-0.7656501552816872,0.0794003344975842
Casein (nBos d8),Pistachio,15,31,5,10,26,364,0.1894218253290482,7.204851752021563,0.0032971237886173,5.34426,1.6723352093405188,-0.3442600000000002,-0.2058558583693028,0.6892662146757065,0.0080772333860887,1.0,1,4,4,0,0.3364485981308411,0.3130841121495327,0.2375,0.2041666666666667,0,0.0,0,0.0,-0.1252700663111461,0.3504893982142851,0.4050415945417974,0.2896319950040774,-0.0722396271140277,0.2496824999999985,0.4478963535524462,0.1702791666666664,-0.1602278126243209,2.5475,-0.1625055579734297,0.8869999999999983,-0.1268324852685772,1.7754,-0.1290441450978067,0.6130999999999993,-0.4235379101843993,0.1521,-0.4047391193714313,0.0556333333333328,-0.21159113645237226,0.9291180081419679,-0.3164674709108633,0.9065561128142422,0.5435380036971902,0.45470306195526605,0.5480873695601427,0.1680853348518143
Apple,Fig,20,8,2,18,6,379,0.1314400595473816,7.88981288981289,0.054293597123567,2.24956,1.1941020921177556,-0.2495599999999997,-0.2089938554226983,0.7249855002899942,0.091126869355667,1.0,4,13,52,1,0.6163522012578616,0.5831460324447378,0.6875,0.6541666666666667,11,9.333333333333334,6,4.333333333333333,0.2026313829919725,0.5813345801503346,0.8488777251027569,0.4873532577715656,0.3462671408849284,0.6138487500000045,1.1312293916476277,0.4743879166666668,-0.2611991073382291,23.5795,-0.0531869995687448,10.33149999999993,-0.2535959187166025,17.3911,-0.1668265234946497,7.099799999999991,0.4286165199944131,0.8448,1.074670794245655,0.6098000000000022,0.55769285895239,0.994168604630826,0.8244976989933647,0.9879139957876539,0.7289340621104125,0.965168507171929,0.8174442484699189,0.8570789794731258
Peach,String Bean,19,13,3,16,10,376,0.1583398374757574,7.606060606060606,0.0186283692349248,3.29914,1.4271703683863393,-0.2991399999999999,-0.2096035670487112,0.7029459410811784,0.0359124231642366,1.0,4,8,32,1,0.8625954198473282,0.5613082616422311,0.9125,0.5708333333333333,46,15.333333333333334,32,10.666666666666666,1.9787396470065424,0.5284459909601117,1.248293340286364,0.4406119297527219,1.665864480952015,0.535870000000001,1.2240048859236596,0.3944874999999993,0.7848375731890195,16.0984,0.6186010059881139,6.512466666666728,0.5905233372447045,11.5092,0.5024630285134795,4.419166666666668,0.6510705977481791,0.7023,1.6696021820433944,0.4167666666666719,1.056713685319203,0.9987566863815599,0.64406407398046,0.9771772845966599,0.9926036158874275,0.9821896651308859,1.406048094799295,0.8650544676846311
Gluten,Shellifish,5,38,2,3,36,364,0.1173956111964162,7.1330724070450096,0.071558234207277,2.2447,1.083412160721856,-0.2446999999999999,-0.2258604886223182,0.751404971900562,0.1134016084471255,1.0,1,6,6,0,0.1924398625429553,0.1650649426291572,0.125,0.1041666666666666,0,0.0,0,0.0,-1.5214748544153682,0.3760829399737683,-2.461362244745683,0.3176446027006668,-0.8918647311422669,0.288365000000002,-1.140703288974174,0.2019249999999999,-0.1978682856051804,3.3361,-0.2016698959857604,1.1718333333333362,-0.155253052996867,2.2674,-0.1582988669447827,0.7865333333333331,-0.5202384361958973,0.213,-0.4858352442894778,0.0824000000000013,-2.2483087377921116,0.8655096056254571,-2.23577746787627,0.8599556629938933,-1.1716726939385482,0.03417315052810134,-1.1182632404581443,-0.015677069448809287
Gluten,Hazelnut,5,16,1,4,15,385,0.092115681852699,8.290322580645162,0.1833641037772032,1.23546,0.9306011972912996,-0.23546,-0.2530192317454064,0.7712645747085058,0.2488659310431148,1.0,1,12,12,0,0.3130434782608696,0.2658598535783654,0.225,0.1583333333333333,0,0.0,0,0.0,-0.7916368826346231,0.4247596544831386,-1.2767005625871188,0.3626645103016966,-0.6827058604545806,0.3684225000000015,-0.9672196496663054,0.2658787499999986,-0.2578774864975807,6.5983,-0.2689709963919908,2.489633333333332,-0.2018187671232726,4.6516,-0.2111549928344953,1.7114666666666711,-0.7498372473517257,0.3599,-0.658532992213248,0.1628333333333299,-1.9235919942951167,0.892330001730044,-1.7307511946213219,0.8898489448843877,-1.3474487043618257,0.14217641895564978,-1.1214225698862452,0.1265590787736929
Shellifish,String Bean,38,13,5,33,8,359,0.1816082822304949,6.943810359964881,0.0041258269688074,5.42158,1.6442172312684256,-0.4215799999999996,-0.2564016432760367,0.7086458270834584,0.0098639259049818,1.0,6,8,48,0,0.3157894736842105,0.313914557385831,0.225,0.225,0,0.0,0,0.0,-1.5211638272855728,0.5799712381459401,-1.5568243391213958,0.4816861878903707,-1.7847725401019976,0.6089412500000071,-1.528814498846972,0.4636420833333345,-0.4853755907979395,22.9118,-0.5365699141843921,9.796366666666598,-0.3829347901977692,16.86,-0.4164830938287237,6.735633333333362,-2.2398319517503604,0.8338,-1.6166009773906778,0.5845000000000011,-2.680320719442321,0.949936635265539,-2.163158125905974,0.9459168156117223,-2.7296005830062304,0.36319566309741247,-2.0184811590690477,0.3376821781423984
Egg White,Rice,33,25,8,25,17,355,0.2236283670521107,6.771428571428571,0.000332817322667,8.5184,2.012546009411958,-0.5183999999999997,-0.2575841732688984,0.6914261714765705,0.0011742799875232,1.0,5,7,35,0,0.4150943396226415,0.3658580413297394,0.2875,0.2833333333333333,0,0.0,0,0.0,-0.7374843091885461,0.539759684695403,-0.8499828467915607,0.4494788006662932,-1.1844582754648054,0.5516687500000043,-0.8600473445907197,0.4094991666666656,-0.4275224676535359,17.1718,-0.4658363273498421,7.015400000000024,-0.333031300088335,12.3273,-0.3593542210561335,4.760066666666678,-1.6976417695261126,0.7424,-1.2874072387743802,0.4586333333333358,-1.3736025805353425,0.9591119955700609,-0.9756320677402452,0.9546567854695279,-2.253702669414043,0.3062030750114293,-1.6980243245138056,0.2897200980222661
Cow Milk,Rice,28,25,7,21,18,359,0.2131996001964883,6.778755499685732,0.0007145848765547,7.53068,1.9470538609910093,-0.5306800000000003,-0.2725553774510866,0.6974460510789784,0.0021669303553902,1.0,4,7,28,0,0.34375,0.3330514453763781,0.2625,0.2416666666666666,0,0.0,0,0.0,-1.0085406222138165,0.50935301608192,-1.0210413758467534,0.4274354764125754,-1.0806432347225825,0.5059875000000018,-0.9331310065583324,0.3720191666666652,-0.3875802460047493,13.4808,-0.4113841520796076,5.395666666666706,-0.3011968232892958,9.5015,-0.3187327051553715,3.6290333333333367,-1.379710282840595,0.6556,-1.098193067011783,0.3699000000000048,-1.8004849194931205,0.944645421628246,-1.42478713251129,0.9422644351573689,-0.5331222614574276,0.6077768283454686,0.18729561353175564,0.5932168299081831
Apple,Pumpkin Seeds,20,18,4,16,14,371,0.1720415899370733,6.987460815047022,0.0085074668231809,4.46864,1.600705016672341,-0.4686399999999997,-0.2927709947297108,0.7211855762884742,0.018864382955749,1.0,4,9,36,1,0.5408805031446541,0.4914753085184666,0.5875,0.5541666666666667,10,4.0,6,2.0,0.0023721299102715,0.5404772342087009,0.4105772826727455,0.4507079785477402,0.1564014019070436,0.5525150000000041,0.9634507473637736,0.4118620833333333,-0.1832627145475589,17.1248,-0.207924807663335,7.058633333333353,-0.1760837056910189,12.2738,-0.2164956465326982,4.778099999999987,0.5912086478707319,0.741,1.5175231848476085,0.4588333333333336,0.47219397271410485,0.9898073312358255,0.4317082657276346,0.9760451906243822,0.7287024796388992,0.9359965169269173,0.6830065196743592,0.7525731016934788
Banana,Fish,22,4,1,21,3,380,0.0862276108078271,7.584717607973422,0.2008961526417364,1.27678,0.9113576858731152,-0.27678,-0.3037007360450735,0.7937641247175057,0.2689802902912032,1.0,2,9,18,1,0.366412213740458,0.361323155216285,0.4,0.2666666666666666,0,0.0,0,0.0,-0.6453424002793359,0.4671886266469526,-0.3908442257929146,0.394592036110327,-0.1658973957247612,0.4370837500000025,-0.3871361249160457,0.3159304166666661,-0.3107431971366313,9.6253,-0.3311587985097956,3.731933333333328,-0.2390766261131661,6.7528,-0.2549401347973968,2.525066666666661,0.9841259761879442,0.508,0.2763146826523489,0.2516333333333336,0.8380252509059857,0.9890238413294286,0.3966845422488123,0.9620597107713976,0.7704112949301372,0.8465229600887069,0.3029227477278536,0.5044968930389779
Orange,Pistachio,23,31,7,16,24,358,0.2102486094290342,6.651205936920222,0.0007976450251631,7.61888,1.949417232303029,-0.6188799999999999,-0.317469236315747,0.7142657146857063,0.0023676130111984,1.0,1,4,4,0,0.3435114503816794,0.3129770992366412,0.15,0.1458333333333333,0,0.0,0,0.0,-0.0588631585973643,0.3499849246550863,0.4116381729788385,0.2897119234488018,-0.597135813354819,0.2492562500000012,-0.3203550791650805,0.1692354166666668,-0.1642986042375784,2.1803,-0.1657391553380463,0.7452,-0.1265159330569175,1.4517,-0.1279098108892702,0.4943333333333334,-0.4227165687563934,0.1516,-0.4063229633040443,0.054766666666666,-0.2766508099622489,0.9276040968016442,0.08323663316961595,0.9196780608871783,-1.6444910511138586,-0.19337714834937056,-1.7133787240544645,-0.2077270312983114
Chicken,Mulberry,7,26,2,5,24,374,0.1198568359413413,6.9480519480519485,0.0682244488692221,2.40368,1.201067216104078,-0.40368,-0.336101089587162,0.7701845963080738,0.1096673805605547,1.0,5,3,15,0,0.3406593406593406,0.3274771937192319,0.275,0.1999999999999999,0,0.0,0,0.0,-0.7341407817831133,0.4494805619688759,-0.6929497090709869,0.3805120123552521,-0.6174769719147494,0.4095712500000039,-0.804763461031777,0.2927758333333338,-0.295513828863263,7.9115,-0.307929353282766,2.952966666666656,-0.2269996459633116,5.439,-0.2364946282698296,1.9709000000000003,-0.9028906202505949,0.4491,-0.7827702268441893,0.2045666666666603,-1.6278711302589302,0.9311412146483915,-1.543364094936723,0.9267166621338475,0.02947708512449004,0.6067650182148747,0.6215552019748363,0.5179928310633294
Egg Yolk,Onion,14,12,2,12,10,381,0.1263559604755373,7.266666666666667,0.0601170819861262,2.4262,1.2639594771985374,-0.4262000000000001,-0.3371943544777539,0.7603847923041539,0.0994857905434124,1.0,2,1,2,0,0.4545454545454545,0.3939393939393939,0.1625,0.13125,0,0.0,0,0.0,1.5375968333064822,0.308329696091614,1.981384672920943,0.2679010698492879,-0.2254234115568502,0.1930512500000008,-0.2124835407638861,0.1483762499999998,-0.1169749874234244,1.0469,-0.1179524615501709,0.5329,-0.0881002725141027,0.673,-0.0887608195882151,0.3408,-0.2950841948167599,0.0801,-0.2894081587525361,0.0417,0.22589857502553976,0.9318463730665738,0.6517809264717008,0.9287887401317321,0.12897025905860587,0.18254366341194658,0.7623461984584698,0.15034196180471188
Peach,Peanut,19,14,3,16,11,375,0.1497763914920192,6.926218708827404,0.0230025261244925,3.50024,1.4545514574603409,-0.5002399999999998,-0.3439135806672821,0.74872502549949,0.0421712978949029,1.0,4,12,48,1,0.7938931297709924,0.5646344133240618,0.8375,0.5333333333333333,38,14.0,32,11.0,1.2772324717479346,0.5749036297835187,0.7676677453081481,0.4803603904792849,1.0828512747142087,0.6042325000000058,0.4511045127960473,0.4623274999999973,0.3634280240091946,22.0063,0.2525354432034449,9.602499999999944,0.3958252933638035,15.9675,0.2968951556574438,6.505166666666666,0.4596088664043802,0.8256,0.2466206655329323,0.5769000000000029,0.8511952383697048,0.9977750980905088,0.03998574261105484,0.975631057927184,0.7654651100885642,0.9680844773100518,0.15149970909273094,0.722003197481838
Egg Yolk,Tomato,14,19,3,11,16,375,0.1497763914920192,6.926218708827404,0.0230025261244925,3.51554,1.4631057748501988,-0.5155400000000001,-0.3523600336091791,0.7513449731005379,0.0421712978949029,1.0,2,2,4,0,0.4427480916030534,0.4036323927846628,0.2,0.1541666666666666,0,0.0,0,0.0,0.8302183327983683,0.3506589324982767,2.003587807186758,0.2908575209147954,-0.312524264742005,0.2516012500000004,-0.2290625547420984,0.1709200000000004,-0.1663073230202362,2.1851,-0.1644562330798636,0.7619666666666659,-0.1281518790578845,1.4579,-0.1273475417245865,0.5061666666666664,-0.419260007103863,0.1495,-0.4036401134566613,0.053866666666666,0.22770438313099908,0.947924870904086,0.9755749210108473,0.9408927908374373,-0.6239993621525173,0.10326492824754685,-0.32609363803162505,0.022639446595592694
Egg White,Potato,33,34,10,23,24,348,0.2352969074367541,6.355623100303951,0.0001093192632784,10.82214,2.208661545008656,-0.8221399999999992,-0.3722344882845222,0.7221655566888662,0.0004509419610235,1.0,5,2,10,0,0.3829787234042553,0.3452071499630949,0.2125,0.2041666666666667,0,0.0,0,0.0,-0.2351837792892694,0.415139568678321,-0.1140490356657855,0.3531638118961585,-0.6878055013342205,0.3528975000000033,-0.4537426641428974,0.2507116666666661,-0.2399680642238154,5.537,-0.2468093547490888,2.027999999999997,-0.1861799330382249,3.8584,-0.1923511672738095,1.3835333333333364,-0.703556520505086,0.3311,-0.6331989038625909,0.1389666666666649,0.09738813576031777,0.9618834458369054,0.8189434083117202,0.957979750676413,-0.36501598605516966,0.3955672814787961,0.3478752154335631,0.3650195536245812
Fig,Shellifish,8,38,3,5,35,362,0.1368841929154581,6.498079385403329,0.0307294022480754,3.4978,1.329479281523409,-0.4977999999999998,-0.3744323111448462,0.7716445671086578,0.053704656265328,1.0,13,6,78,0,0.3503649635036496,0.340630324231806,0.325,0.3208333333333333,0,0.0,0,0.0,-1.6993784495134183,0.6383200040070239,-1.623578225106418,0.5366534444267806,-1.887333799409965,0.6860725000000036,-1.454414004645206,0.5526654166666678,-0.5928484529648673,31.9031,-0.6780105882926123,14.940833333333307,-0.473432969253645,23.9389,-0.5267922419557555,10.299966666666633,-3.690512571572636,0.9316,-2.502931753600296,0.7839000000000081,-3.333210607975408,0.958969417830119,-2.269811120644705,0.9580190683214571,-4.111918959811498,0.39992630964320774,-2.984065030013531,0.3763481089080023
Pistachio,Soybean,31,16,5,26,11,363,0.1799931781548407,6.560295324036095,0.0045351309937762,5.64602,1.7206505047800968,-0.64602,-0.375451027506927,0.744745105097898,0.0107350569093184,1.0,4,7,28,1,0.4968287526427061,0.4493666463611281,0.6,0.5291666666666667,7,3.6666666666666665,0,0.0,-0.0874493238806391,0.511211050409186,0.2298845126321013,0.4281357219196929,0.4134576675920484,0.50663875,1.134896595038736,0.3712758333333334,-0.1952987533661515,13.2796,-0.1355739081623109,5.3269000000000135,-0.3238809575351593,9.2546,-0.3409060356424164,3.543199999999987,0.7206212924262969,0.6582,1.8865305266073709,0.3687333333333376,0.9213389931505129,0.9950450515001594,1.849948089431638,0.9928320645591094,0.7735424371892557,0.9146819346536075,1.687010989841346,0.885003185289538
Hazelnut,Pistachio,16,31,5,11,26,363,0.1799931781548407,6.560295324036095,0.0045351309937762,5.65928,1.718798964858894,-0.6592799999999999,-0.3835701635148029,0.74812503749925,0.0107350569093184,1.0,12,4,48,1,0.6131078224101479,0.6033857411269091,0.7375,0.7166666666666668,21,20.0,10,7.666666666666667,0.2013230220476632,0.5780565762128983,1.0859366773542072,0.4824756759783151,0.6032738437905383,0.6064725000000031,1.5819346656907054,0.4645816666666688,-0.0319753207482056,22.4227,0.5818956580013402,9.797733333333326,-0.1558161292840806,16.398,0.0639157305824121,6.690900000000012,0.4533712709722327,0.8295,1.1452690020443017,0.583133333333334,0.5826660716846542,0.9940153700468919,1.2890484884004791,0.9934667090869014,0.5606147904464351,0.9313006662819638,1.1985792691914672,0.9131597917799925
Fish,Olive,4,2,0,4,2,399,-0.0070359101390341,17.755555555555556,1.0,0.15384,0.3718780101054645,-0.15384,-0.413684046433321,1.0,1.0,1.0,9,5,45,0,0.3928571428571428,0.3723893065998329,0.325,0.2875,1,1.0,0,0.0,-1.0260668105705946,0.5700392627121382,-0.9572448450854244,0.4741654833798165,-1.2397956124052787,0.595140000000004,-1.0553130378232587,0.4504016666666677,-0.4646323814677515,21.1807,-0.4745066139602559,9.026999999999992,-0.3854410147195387,15.4135,-0.4165509032618805,6.153733333333341,-2.135098051832612,0.8201,-1.5378565343824704,0.5525666666666676,-2.2997329824628494,0.9516808206854498,-1.9038797343015674,0.9469212825515109,-2.3715765791196044,0.39161546691876636,-1.6359662662463887,0.38063913054188064
Chicken,Meat,7,13,1,6,12,386,0.0833344133320298,7.135384615384615,0.2055578448802915,1.43124,1.0156535149350885,-0.43124,-0.4245936174676273,0.8150636987260255,0.2726192694511667,1.0,5,3,15,1,0.8256880733944955,0.5400611620795107,0.875,0.5041666666666667,40,13.333333333333334,32,10.666666666666666,2.546921269215741,0.4482838883851615,2.1010472407629823,0.3799569559579886,2.1436808049534157,0.4095075000000022,1.827469358968524,0.2934054166666661,1.3060562055013638,7.6652,1.152966673761168,2.8837333333333293,1.230459624634601,5.2097,1.1332673229304546,1.9067333333333327,1.1066589829575428,0.4495,0.4831666508343827,0.205999999999994,1.2688664210881457,0.9958491776153198,0.9406349280661738,0.9676919865981762,1.2056519263867032,0.9384534483528341,1.0646014982528795,0.6068792155795038
Banana,"Cow Milk, UHT",22,34,7,15,27,356,0.2024348631162017,6.2727272727272725,0.0010802169988989,7.84006,1.9587442907128003,-0.8400600000000003,-0.4288768084650277,0.752344953100938,0.0031113624399817,1.0,2,4,8,0,0.3053435114503817,0.2794464128741342,0.225,0.1833333333333333,0,0.0,0,0.0,-0.7101118910240499,0.3971155030000812,-0.9050818235557356,0.3375735157756172,-0.5084155430531803,0.3238700000000017,-0.4811014861056036,0.227549166666666,-0.2086766989233587,4.4157,-0.2143459914540867,1.5586333333333395,-0.1585469831871145,3.0328,-0.162396212848368,1.0517999999999994,-0.6195897859924517,0.2774,-0.5732576425209313,0.1087333333333354,-0.8933364179118826,0.9320939677202396,-0.8677787526568167,0.9216869443055232,-1.2900130682141007,0.05856475800436982,-1.260275522905497,0.019310786678574044
Banana,Cow Milk,22,28,6,16,22,361,0.1923432121609458,6.329292929292929,0.0021797032976913,6.8058,1.8712365857902629,-0.8057999999999996,-0.4306243294509407,0.7546649067018659,0.0056092364679122,1.0,2,4,8,0,0.3053435114503817,0.2794464128741342,0.225,0.1833333333333333,0,0.0,0,0.0,-0.7101118910240499,0.3971155030000812,-0.9050818235557356,0.3375735157756172,-0.5084155430531803,0.3238700000000017,-0.4811014861056036,0.227549166666666,-0.2086766989233587,4.4157,-0.2143459914540867,1.5586333333333395,-0.1585469831871145,3.0328,-0.162396212848368,1.0517999999999994,-0.6195897859924517,0.2774,-0.5732576425209313,0.1087333333333354,-0.8933364179118826,0.9320939677202396,-0.8677787526568167,0.9216869443055232,-1.2900130682141007,0.05856475800436982,-1.260275522905497,0.019310786678574044
Chicken,Cow Milk,7,28,2,5,26,372,0.1132212966639226,6.389365351629502,0.0780186238843171,2.5283,1.2080724771304074,-0.5283000000000002,-0.4373081996329364,0.7990040199196016,0.1219176824487518,1.0,5,4,20,0,0.3441558441558441,0.3179963853177447,0.225,0.1958333333333333,0,0.0,0,0.0,-0.8490257296770463,0.477696496028736,-1.0096510890557124,0.4015544019244128,-1.0217634153302937,0.4543025000000029,-1.0447638148821157,0.3269025000000012,-0.3370028169081852,10.0687,-0.3543622605090906,3.8595666666666695,-0.2575641928135075,6.9359,-0.2707297351076213,2.568966666666661,-1.085656132241129,0.541,-0.9048272408319584,0.2683666666666682,-1.2821328862214034,0.9462536308767621,-1.1473800525685696,0.9397438969055006,-1.1502890952719225,0.35862569907538333,-0.7961896384902555,0.3120676724535541
Carrot,Casein (nBos d8),12,15,2,10,13,380,0.1199432239928409,6.710758377425044,0.0682233023852975,2.57272,1.2946937095699511,-0.5727199999999999,-0.4423594520979299,0.7926641467170656,0.1096673805605547,1.0,2,1,2,0,0.2142857142857142,0.2006912442396313,0.1125,0.09375,0,0.0,0,0.0,-0.9883167225240238,0.3077822258725048,-1.0530746040730854,0.2675633751175917,-0.5960734808847749,0.1926424999999997,-0.6827708383969614,0.1477018749999999,-0.1042122750094606,1.146,-0.1049585677959369,0.582,-0.0795576711613882,0.7909,-0.0802132973090262,0.40065,-0.2904539182693865,0.0778,-0.2871124525969237,0.0398,-1.7900463990315292,0.855894191151341,-1.602213710815682,0.8456489192126009,-1.4331316691388705,-0.27386902392625784,-1.5580084724440069,-0.31839381205656614
Casein (nBos d8),Mulberry,15,26,4,11,22,368,0.1620021951879852,6.408695652173913,0.0112757994109775,4.71404,1.6055487779572446,-0.7140399999999998,-0.4447326732162444,0.7742245155096898,0.0242364883891126,1.0,1,3,3,0,0.2967032967032967,0.2391971482691168,0.175,0.0958333333333333,0,0.0,0,0.0,-0.3576153695697435,0.3345213190433306,-0.5353593014310674,0.2687731191919254,-0.3371321234442925,0.2280650000000003,-0.7836951331301294,0.1495608333333326,-0.1501864411969142,1.855,-0.1519189330343734,0.6398000000000006,-0.1184653382529793,1.2551,-0.1201765123759611,0.4302666666666671,-0.372588858634908,0.1219,-0.3624380334748109,0.042966666666666,-1.149250335584311,0.8893938503917228,-3.2359775828759774,0.7955644747495777,-0.6113259403188573,0.05387191281802245,-1.7679994485409627,-0.2933127648179024
Apple,Egg Yolk,20,14,3,17,11,374,0.1440170304431918,6.51304347826087,0.0265021182717388,3.66332,1.480826315811547,-0.6633200000000001,-0.447939095164227,0.7796244075118498,0.0473493259568327,1.0,4,2,8,0,0.4695652173913043,0.4282242427799897,0.2625,0.1958333333333333,0,0.0,0,0.0,0.546672053098352,0.3977641029201127,1.4012630679109144,0.3377095725910629,-0.3098090056009573,0.3235737500000022,-0.3417925091783567,0.2276129166666671,-0.215460768839819,4.6456,-0.2189151988702315,1.6475666666666742,-0.167390325620104,3.253,-0.1702050087199011,1.1344666666666685,-0.6058498152454501,0.2685,-0.5576485463258881,0.1067666666666688,0.2547330883677908,0.9613823168970903,0.748036046998437,0.9519042627807671,0.33561392922313354,0.5445615186587819,0.42160720066335944,0.3193891640847471
Cherry,Sesame,13,31,4,9,27,365,0.1583285449350629,6.2956937799043065,0.0123861366258874,4.71156,1.5801779540292271,-0.7115600000000004,-0.4503037130632182,0.7765444691106178,0.0257356394337883,1.0,4,4,16,0,0.376068376068376,0.3157492291625334,0.1875,0.1833333333333333,0,0.0,0,0.0,-0.5300319682371897,0.4565180407315676,-0.8894582648584571,0.3856011644940892,-1.0475662639410566,0.4196412500000027,-0.9843173046778784,0.3009999999999999,-0.303125097450871,8.8874,-0.3163462969781724,3.3305333333333125,-0.2352390380336933,6.2155,-0.24487374352999,2.257199999999992,-0.9351011953517472,0.4665,-0.8031046180628908,0.2181333333333295,-1.2678100533813141,0.9414311932932464,-1.4637125978010836,0.9302285361070606,-2.0521549402380024,0.04527437713174802,-2.171650528551321,-0.006791718423991612
Meat,Sesame,13,31,4,9,27,365,0.1583285449350629,6.2956937799043065,0.0123861366258874,4.7204,1.5838509525836073,-0.7203999999999997,-0.454840778309897,0.7773444531109378,0.0257356394337883,1.0,3,4,12,0,0.3545454545454545,0.3378328360463798,0.325,0.2791666666666667,0,0.0,0,0.0,-0.5324810528670944,0.4319629800621653,-0.3822189638565971,0.3655811237516928,-0.2552227414397691,0.3793625000000047,0.0924011314917874,0.269245416666666,-0.2771085772915018,6.5612,-0.2818361507529276,2.407699999999992,-0.2137857443533089,4.5068,-0.2175213312207114,1.6173666666666708,-0.7842111195994095,0.3808,-0.6948623921280419,0.1639333333333295,-1.494242724425406,0.9290229832914432,-1.2295351386181,0.9272562757422279,-1.2051089757826263,0.1951086987344195,-0.9617287350594159,0.162536865283981
Meat,Pistachio,13,31,4,9,27,365,0.1583285449350629,6.2956937799043065,0.0123861366258874,4.72674,1.5940730762421145,-0.7267400000000004,-0.4559013076823462,0.7763644727105458,0.0257356394337883,1.0,3,4,12,0,0.3363636363636363,0.3272727272727272,0.2625,0.2375,0,0.0,0,0.0,-0.659014805999015,0.4316352182719957,-0.5326866896247455,0.3656820874783579,-0.5451174532354879,0.3785937500000021,-0.2892107851272043,0.2685841666666675,-0.2681280504719063,6.8393,-0.2755968658828951,2.506133333333328,-0.2085905090572742,4.7542,-0.2147748624468697,1.7032000000000065,-0.7820508586580543,0.3795,-0.6954063387074975,0.1635333333333292,-0.7692238080347861,0.9457912880880168,-0.3765276746570358,0.941406668072148,-1.164582763222848,0.20838237083576655,-0.9197872946333098,0.17167636025956953
Egg Yolk,String Bean,14,13,2,12,11,380,0.1189029247770866,6.6173913043478265,0.0696484070587581,2.6005,1.3000999000076878,-0.6004999999999998,-0.4618875826361104,0.7984840303193936,0.1110021487498958,1.0,2,8,16,0,0.5161290322580645,0.4624533160961996,0.2375,0.2291666666666666,1,0.3333333333333333,0,0.0,0.4176401169435654,0.4535326983960716,0.9899095406855836,0.3840685748908399,-0.82069918615253,0.417322500000002,-0.5955261329301206,0.3002745833333338,-0.2628866156604809,8.4287,-0.2785098934595802,3.2164333333333124,-0.2298352581139266,5.8487,-0.2401187346334639,2.1669999999999976,-0.9268665565672553,0.4621,-0.794530008508399,0.2182999999999964,-0.2029116971327488,0.9630105369331826,0.36092902817663414,0.9590126257891102,-0.8510122277782567,0.37313878981165827,-0.4824099459500211,0.31887953993271384
Casein (nBos d8),Peach,15,19,3,12,16,374,0.141982416248923,6.355151515151515,0.0278968832579601,3.7018,1.4918434100132627,-0.7018,-0.4704247076398996,0.7865242695146097,0.0495257959104925,1.0,1,4,4,0,0.3626373626373626,0.2947956764750657,0.15,0.125,0,0.0,0,0.0,0.121283251479852,0.3493119275042854,0.0981021775909192,0.2891381300001003,-0.591740933916215,0.2481324999999998,-0.5934029500509325,0.1695641666666671,-0.1471510343363586,2.2689,-0.1497546855136018,0.7889333333333318,-0.1112752101964888,1.5563,-0.113501330938518,0.5365999999999999,-0.4230451804608498,0.1518,-0.4048276938367197,0.0556999999999995,-1.836419864943968,0.8710038112345293,-2.315276041661198,0.8440822406755583,-1.0575299546520942,-0.021286984646196036,-1.7406603610150286,-0.21826988931211236
Gluten,Olive,5,2,0,5,2,398,-0.0078762135226321,14.49090909090909,1.0,0.19622,0.4169864645285264,-0.19622,-0.4705668329590982,1.0,1.0,1.0,1,5,5,0,0.2738095238095238,0.2351915925506983,0.1375,0.1125,0,0.0,0,0.0,-0.7972036125232159,0.3647746943001778,-1.2000554598902011,0.3061473250161363,-0.7589598201810002,0.2700337500000008,-0.9372210897157318,0.1877204166666671,-0.1680076153386145,2.8274,-0.1714418928948906,0.9837666666666646,-0.129405276949105,1.9365,-0.1317960733310838,0.6665666666666661,-0.4720093843237697,0.1822,-0.4462128223766523,0.0682666666666671,-1.8816875372318262,0.8743998282924379,-2.097546433278444,0.8588315700898713,-1.1416607714940754,0.0023363159614804697,-1.375476555235739,-0.1017891526691389
Hazelnut,Pumpkin Seeds,16,18,3,13,15,374,0.1407839697670194,6.264038231780167,0.0287519858278372,3.74964,1.5051643997915982,-0.7496399999999999,-0.4980452634302229,0.7951640967180656,0.050722842922694,1.0,12,9,108,1,0.5911949685534591,0.5576519916142558,0.675,0.6666666666666666,17,12.333333333333334,6,4.666666666666667,-0.567192220343787,0.6821999528088903,-0.1890628602330764,0.5813103595747863,-0.3907829629199827,0.7402362500000016,0.3048960856881614,0.6202808333333347,-0.393817531652229,40.2167,-0.3127034442859568,20.074066666666724,-0.443591890630679,30.8435,-0.4234543385821114,13.988266666666666,0.1581462933568189,0.9756,0.4558271405574194,0.8928000000000041,0.5272182051625247,0.9971539714566442,0.9052317703813644,0.99616950453386,0.4661261691232899,0.968841004094362,0.8274660076478089,0.9562185990662398
Egg White,Sesame,33,31,9,24,22,350,0.2197797117515435,6.040362811791384,0.0002996395560049,10.07788,2.148882199097937,-1.0778800000000004,-0.5016003206003918,0.7673246535069299,0.0010915440968751,1.0,5,4,20,0,0.3537414965986394,0.3492445605182266,0.225,0.2041666666666667,0,0.0,0,0.0,-0.778558294042334,0.4761237692720527,-0.6242210310878732,0.4005138281304862,-1.019121755293004,0.4533712500000051,-0.9786700940230308,0.3263670833333336,-0.3419347586798466,10.2264,-0.357042423875095,3.891266666666664,-0.2647983642648321,7.0728,-0.2756959998455429,2.593666666666666,-1.0880638510097689,0.5421,-0.9084088213548782,0.2676666666666686,-1.233420152262224,0.947534066035607,-1.386475844340543,0.9362107904948118,-1.94983714854471,0.15174820969814046,-1.7283952259699458,0.13057536732682323
Banana,Pumpkin Seeds,22,18,4,18,14,369,0.1597640110191622,6.198508853681267,0.0121282420180797,4.83002,1.6452740803890389,-0.8300200000000002,-0.5044873738020202,0.7910441791164177,0.025578735985499,1.0,2,9,18,1,0.7633587786259542,0.4910941475826971,0.8125,0.4000000000000001,22,7.333333333333333,10,3.333333333333333,1.964597893208648,0.463794954554624,1.1835944654757835,0.3930166289257653,1.7201257602944926,0.4327912500000033,0.6844755697785849,0.3142074999999991,0.4342176732053034,9.221,0.3454156786477758,3.57666666666666,0.1357840274347608,6.4016,0.0991304608150263,2.397666666666669,0.9912383814932116,0.5044,0.2889940958208249,0.2486666666666664,1.2341346234005748,0.9977851001876542,0.09465908660648867,0.9566202995489119,1.2313990911001451,0.9682393055843407,0.3348846471723279,0.5117410348822312
Hazelnut,Kiwi,16,12,2,14,10,379,0.1140687769072117,6.231527093596059,0.0766858401646522,2.70506,1.32070829345469,-0.70506,-0.5338499072764313,0.8176836463270735,0.1205063202587392,1.0,12,7,84,1,0.4311926605504587,0.4172191427222169,0.4625,0.3291666666666666,1,0.6666666666666666,0,0.0,-1.3102391373254338,0.6495661434627407,-1.0683536630490575,0.5481034100266152,-1.303569012617776,0.7016437500000063,-1.5148179083947486,0.5693670833333361,-0.5997438664734152,33.7806,-0.6931003869942028,16.09220000000001,-0.4947149334945057,25.5023,-0.5635625452765884,11.13039999999999,0.2291741418344333,0.9501,-1.619706949576886,0.8098000000000085,-2.182096531486444,0.9727916980490231,-2.3833962455354905,0.9596608429056405,-1.264404850485711,0.7675075361913997,-0.7221459307861755,0.7214979548533061
Hazelnut,Onion,16,12,2,14,10,379,0.1140687769072117,6.231527093596059,0.0766858401646522,2.70476,1.3163864715196678,-0.7047599999999998,-0.5353746906760658,0.8207835843283134,0.1205063202587392,1.0,12,1,12,1,0.3939393939393939,0.356060606060606,0.3625,0.2208333333333333,0,0.0,0,0.0,-0.2101154966826621,0.42289000617091,-0.0718097235670509,0.3614495657998568,-0.0183235693939746,0.366298750000005,-0.3925154238179117,0.2642283333333324,-0.2474089392598212,6.0781,-0.2607579966719588,2.310666666666659,-0.1900088795438334,4.2018,-0.2012374859278851,1.5544000000000031,1.3301563738723348,0.3611,0.7033513061756077,0.1615333333333299,-1.263522120299361,0.9150748563745218,-0.980371874611899,0.912298975181308,-1.4378411894845886,0.11755077617125617,-1.6152891012019008,0.031935741368387095
Casein (nBos d8),Cherry,15,13,2,13,11,379,0.1126373626373626,6.111111111111111,0.078911587436252,2.73892,1.3264528765093773,-0.7389199999999998,-0.5570646444255919,0.8254834903301934,0.1229705570881594,1.0,1,4,4,0,0.2900763358778626,0.2483416047302755,0.125,0.1125,0,0.0,0,0.0,-0.5563132805724216,0.3520617515963879,-0.7371053813872104,0.2905779888922478,-0.7502632724434308,0.2505475000000015,-0.7815312344416598,0.1708166666666662,-0.1680924827121691,2.2395,-0.1686303925609263,0.7777666666666648,-0.1292715490616277,1.4992,-0.1306578248072995,0.5176333333333333,-0.4263258407887398,0.1538,-0.4074229372933904,0.0561333333333329,-1.2751147288651903,0.8916259609896214,-2.057647844053164,0.8529864936737636,-0.9082592332687643,0.023335152562219574,-1.5845960928339664,-0.19234154051461924
Chicken,Olive,7,2,0,7,2,396,-0.0093426474052285,10.573333333333334,1.0,0.2672,0.4768691225063749,-0.2672,-0.5603214538102705,1.0,1.0,1.0,5,5,25,0,0.3486842105263157,0.34751538632514,0.3,0.2583333333333333,1,0.3333333333333333,0,0.0,-0.9324966614748986,0.5014530233402432,-0.8046694218399906,0.4198654150624245,-0.8399898043342767,0.4906812500000012,-0.7324696070949545,0.357537499999999,-0.3499604609215719,12.6914,-0.3679737229705093,5.001933333333341,-0.2971436741477696,8.9482,-0.3072936878023735,3.3830333333333207,-1.2784177523096438,0.6204,-1.0319305225852613,0.3335333333333375,-0.7970961583122813,0.9611758214986549,-0.9807696805191825,0.9471780739193526,-0.9360286855957585,0.4838675884361326,-0.600928168659398,0.40941952645753305
Pistachio,Rice,31,25,7,24,18,356,0.1962857490861199,5.899062327633756,0.001400096159927,8.13098,1.9990058127979564,-1.1309799999999992,-0.565771241263674,0.7924041519169617,0.0038502644397993,1.0,4,7,28,1,0.3744680851063829,0.3537943247252542,0.55,0.425,0,0.0,0,0.0,-0.8376605213519711,0.5127255131340795,-0.8093018826359217,0.4292580517396431,0.1772055672954248,0.509935000000001,0.367172556497646,0.3736145833333356,-0.390572528104805,13.8949,-0.4191756043615174,5.56196666666669,-0.3039151817142986,9.8237,-0.3245599896293723,3.749799999999994,0.7163017611613282,0.6609,0.8799284941282943,0.3710333333333389,0.578685276179665,0.9888182340315267,0.9496467806306342,0.979255104919114,0.26779255042405464,0.799037818905957,0.777195599029928,0.7106612747515602
Orange,Potato,23,34,7,16,27,355,0.1950145146939132,5.87603305785124,0.0014591051146882,8.13024,1.9868964599092689,-1.1302400000000006,-0.5688469544364747,0.7949041019179617,0.0039543863253146,1.0,1,2,2,0,0.2595419847328244,0.2366412213740458,0.1375,0.1,0,0.0,0,0.0,-0.5153097130851064,0.3089442557208806,-0.4983823258307882,0.2686615886568591,-0.4150273881520776,0.1947975,-0.6058143255327615,0.1491025,-0.1297746619666089,1.0603,-0.1297863806138007,0.53835,-0.0982324805182528,0.6696,-0.0985062344948987,0.339,-0.2998637292684632,0.0825,-0.2951279528635951,0.0426,0.01263563288613295,0.9241000360354648,0.5157201672513434,0.9236593294286574,-0.7588148577803684,-0.07852442681723176,-0.48164620222005106,-0.10233213567038373
Casein (nBos d8),Chicken,15,7,1,14,6,384,0.07431094182474,6.119363395225464,0.2337130838450748,1.60076,1.0497082558501671,-0.60076,-0.57231139857373,0.8557428851422971,0.3049140465978767,1.0,1,5,5,0,0.2660550458715596,0.2556551168400606,0.1875,0.1708333333333333,0,0.0,0,0.0,-0.8373405979503369,0.3645505838638588,-0.8253443714835743,0.3050441573315465,-0.4671730748645912,0.2699737500000001,-0.2002342431029175,0.1869133333333332,-0.1666243133507319,2.8969,-0.170074910765656,1.010766666666666,-0.1269115655058134,1.9859,-0.129496524885942,0.6854666666666661,-0.4659799277722809,0.1784,-0.4393639921359427,0.0668000000000004,-0.9153723653896154,0.9084711064752927,-1.515961690416782,0.8769788352293117,-0.2985837467893907,0.249959036957975,-0.7340108246994662,0.007005074409067928
"Cow Milk, UHT",Orange,34,23,7,27,16,355,0.1950145146939132,5.87603305785124,0.0014591051146882,8.14018,1.9879360069177257,-1.1401800000000009,-0.5735496495019667,0.7936241275174496,0.0039543863253146,1.0,4,1,4,0,0.3358778625954198,0.282442748091603,0.125,0.0999999999999999,0,0.0,0,0.0,-0.1314352616599146,0.3507106434694759,-0.1293066150048689,0.2900436799190384,-0.7541560657154117,0.2521512500000001,-0.9498743489682644,0.1713683333333338,-0.15859950885835,2.5461,-0.1609965104671584,0.8825666666666658,-0.123919777896164,1.7803,-0.1261668485564265,0.6128333333333333,-0.4250147577130797,0.153,-0.4087000123378687,0.0551999999999994,-0.11124335377839335,0.9332404819846528,-0.2516850110767322,0.9094857258753745,-0.977599866722404,0.0033880529282251173,-0.8541383706066602,-0.06810493118978311
Fig,Olive,8,2,0,8,2,395,-0.0100002812618657,9.305882352941175,1.0,0.29528,0.4985676700308595,-0.29528,-0.5922566137947197,1.0,1.0,1.0,13,5,65,1,0.5176991150442478,0.4850400337126001,0.6125,0.5708333333333334,11,6.666666666666667,5,3.0,-0.5548089126688082,0.6119140050371601,-0.2424486607124878,0.513376197329572,-0.2143545760966775,0.6551250000000053,0.3403969256698711,0.516496249999999,-0.3213276933377111,27.0646,-0.2841521168872065,12.329866666666629,-0.3185396701629049,19.9068,-0.3064567038427356,8.37336666666665,0.3217283934097528,0.9062,0.8600981113944903,0.7082666666666704,-1.3597270910887402,0.9739047186323537,-0.8437950723478077,0.969859702175157,-2.249012189027377,0.561083287889391,-1.570847197135743,0.5146094976206533
Mulberry,Soybean,26,16,4,22,12,367,0.1537394828885158,5.88,0.0143746574752539,4.97352,1.6437331929482972,-0.9735199999999996,-0.5922615690773005,0.8160236795264094,0.0288006530129195,1.0,3,7,21,1,0.5222929936305732,0.4138727514523692,0.6,0.3583333333333333,5,1.6666666666666667,2,0.6666666666666666,0.2794550110873248,0.478566783935149,0.1181581039353013,0.403962502605766,0.6460860134140236,0.455443750000002,0.2276789502764804,0.3294516666666665,-0.1764978195256825,10.4625,-0.2087195290069881,4.011299999999992,-0.1906377309136296,7.3213,-0.2083909081430869,2.704866666666656,0.91205116788744,0.5459,0.2118069116053772,0.2704000000000041,1.053585562952984,0.9946337653234196,0.10431282791565313,0.9598007979185831,1.143792724556467,0.9649284016157208,0.3161716497875511,0.5385156720481873
"Cow Milk, UHT",Pistachio,34,31,9,25,22,349,0.2142517370399279,5.786928104575163,0.0003862858647818,10.30286,2.169362998762535,-1.3028600000000008,-0.6005726108277815,0.7971440571188576,0.0013133719402582,1.0,4,4,16,0,0.3624161073825503,0.3503257938565765,0.3125,0.2625,0,0.0,0,0.0,-0.6208279922553095,0.4581481577293234,-0.4550952795353043,0.3865200208385166,-0.4904259609477787,0.4215512500000013,-0.3214741167553129,0.3009066666666669,-0.2944622059367603,9.4479,-0.3096298969973113,3.5301333333333225,-0.2306720459024074,6.7554,-0.2413719900634488,2.4474333333333336,-0.9422637918473084,0.4703,-0.8067636897434838,0.2179333333333294,-0.9894364228828391,0.9474896627464912,-0.7181210722227804,0.942022787854775,-0.5769685195340859,0.45470306195526605,-0.6663930515420352,0.28347603832994356
Hazelnut,Mulberry,16,26,4,12,22,367,0.1537394828885158,5.88,0.0143746574752539,4.99466,1.6530430981677404,-0.9946599999999995,-0.601714499218137,0.8166636667266655,0.0288006530129195,1.0,12,3,36,1,0.6263736263736264,0.5803411026340962,0.6625,0.6208333333333332,11,6.666666666666667,6,3.0,0.534444870318911,0.5370491713300589,1.277821336748589,0.4506998467735955,0.5135428983961853,0.5480237500000028,1.3983691768440436,0.4108495833333332,-0.1466993528807985,16.4319,-0.0178125088955144,6.922066666666687,-0.1673216450176251,11.6077,-0.1318590355851835,4.620733333333344,0.6036908357658005,0.7329,1.5216432434340323,0.4544000000000011,0.5902271157173864,0.9914703535702163,0.2648847024852928,0.9732377340331698,0.7961962652844888,0.9474642119661083,1.4870441385652768,0.9067181097813717
Fish,Pistachio,4,31,1,3,30,371,0.0651609623824469,5.220140515222482,0.2736770015820308,1.60204,0.9558597378276796,-0.6020399999999999,-0.6298413628847023,0.880282394352113,0.3529489606609639,1.0,9,4,36,0,0.4,0.372503465117814,0.2375,0.2291666666666666,1,0.3333333333333333,0,0.0,-0.8302692887299761,0.5407627591599276,-0.784216355592298,0.4516622754284845,-1.4066861137596964,0.5515837500000034,-1.218725786694784,0.4116316666666672,-0.4079907504246361,17.1146,-0.4457844700018825,7.123666666666703,-0.3391942655718437,12.2578,-0.3640444604461889,4.827733333333358,-1.6994189840528595,0.7428,-1.290716723186406,0.4591666666666681,-2.363132489832032,0.9429219800812003,-2.2627230987345577,0.9353929392533497,-2.845493065399549,0.18888173878403008,-2.594343051557323,0.12225499363441339
Pumpkin Seeds,Shellifish,18,38,6,12,32,355,0.1771445004134412,5.688,0.0036827027719734,7.1728,1.860671964640733,-1.1727999999999996,-0.6303099215161492,0.8167236655266895,0.008905156271884,1.0,9,6,54,0,0.3502824858757062,0.3389830508474576,0.35,0.3208333333333333,1,0.6666666666666666,0,0.0,-1.3813410969496878,0.5870126591873556,-1.3722521752081362,0.4909968535094223,-1.291267779925168,0.620283750000004,-1.0072749862961905,0.4800270833333352,-0.4923466560765637,23.0034,-0.5360921608881927,10.147766666666689,-0.4027481008673547,16.6298,-0.4428954448724203,6.820833333333326,-2.4672195318384023,0.8589,-1.74884792276904,0.6270666666666699,-2.870362809116514,0.9511667870487278,-2.4760471715280628,0.9448187290965064,-3.783171744003417,0.23733251466506017,-2.8781267945351363,0.22798581804323714
Meat,Potato,13,34,4,9,30,362,0.1469278648387476,5.629853321829163,0.0172563820186987,5.02926,1.6075459098887352,-1.0292599999999998,-0.6402678727049476,0.8294834103317934,0.0336795701758654,1.0,3,2,6,0,0.2909090909090909,0.256060606060606,0.15,0.1208333333333333,0,0.0,0,0.0,-0.7094472688534083,0.3776399003716789,-1.0296128453491062,0.3200736417780496,-0.7713087057784657,0.2915075000000011,-0.9650750290013844,0.2036070833333338,-0.1877275422428017,3.392,-0.1916560334749799,1.199766666666669,-0.1444376210920147,2.3329,-0.1477246372419385,0.8135333333333322,-0.5241156927634321,0.2155,-0.4910638511241686,0.0826333333333348,0.008651405591026827,0.9497708583205406,0.7917515596713908,0.9467100174735178,-0.13896900240175603,0.33830537718139325,0.8302606448718567,0.3250448384406858
Chicken,Wheat Flour,7,16,1,6,15,383,0.0703626637414728,5.709677419354839,0.2474669515709325,1.68376,1.0678540454575245,-0.6837599999999999,-0.640312225166541,0.8719825603487931,0.3213633329428081,1.0,5,5,25,0,0.3669724770642202,0.3515868318324666,0.25,0.2416666666666666,0,0.0,0,0.0,-0.821179845932216,0.5015474885377271,-0.7700076562354801,0.4198218064446887,-1.0640893189692329,0.4907950000000041,-0.8586529538354222,0.3569383333333336,-0.3762970297657358,12.576,-0.3982075644829451,4.929933333333361,-0.291924570345702,8.8406,-0.30799726168746,3.3199999999999927,-1.279775930005264,0.6209,-1.0302405387345823,0.3341000000000049,-0.6610517811082437,0.9638716660742077,-0.14942505132312064,0.9601752504051501,-1.2178466849339193,0.4176140799739281,-0.7766087812860034,0.37643970893666934
Onion,Shellifish,12,38,4,8,34,359,0.1435295263476367,5.516624040920716,0.0189040572459104,5.03088,1.5798501275753978,-1.0308799999999998,-0.6525175913883018,0.8332633347333054,0.036195140324081,1.0,1,6,6,0,0.2954545454545454,0.2777777777777778,0.075,0.075,0,0.0,0,0.0,-0.6665478614806808,0.3758021439633913,-0.63357259040267,0.3173173847269654,-1.1684592896122434,0.2895912500000019,-1.474090069330949,0.202259583333334,-0.1790380703440878,3.3859,-0.1843060605042673,1.2003000000000037,-0.1365242155432537,2.3215,-0.1408037821620273,0.8123333333333327,-0.5276792684775258,0.2178,-0.4934107460919865,0.0835000000000014,-1.0700356188066478,0.9069140436243059,-0.7814975495532832,0.9037588313928625,-1.0337034924998139,0.07535285237460052,-0.9267110215738178,0.01881086611325929
Soybean,String Bean,16,13,2,14,11,378,0.1068924397333021,5.674662668665667,0.0885564922798515,2.88376,1.3537977184202965,-0.8837600000000001,-0.6528006274314242,0.8472230555388892,0.1357382299699364,1.0,7,8,56,1,0.8702290076335878,0.6573243978933664,0.9,0.6916666666666665,55,26.33333333333333,35,14.0,1.5814427737645034,0.5977237861562872,1.4376788301266974,0.4972749298048362,1.276320960125602,0.6335150000000018,1.278968859598685,0.4892000000000015,0.6500274109112283,24.6518,0.8379642501094959,10.843766666666609,0.3917532397126988,18.0177,0.4093705263833265,7.367566666666687,0.3891149930744744,0.8685,1.0087475122866232,0.6415333333333368,0.8902056483918672,0.9989716682330547,0.9471256752876761,0.9904247153203481,0.807890027164099,0.985332338388649,0.8941121589039482,0.882603310251783
Egg Yolk,Fig,14,8,1,13,7,384,0.0702708128045288,5.696296296296296,0.2471904919181514,1.71416,1.0901447125955346,-0.7141599999999999,-0.6551056861979824,0.875162496750065,0.3213633329428081,1.0,2,13,26,0,0.4963503649635036,0.4696886274016276,0.2875,0.2749999999999999,2,1.0,0,0.0,-0.0042368700668969,0.4970287619243833,0.5324261422487214,0.4202795015019656,-0.8856641461669101,0.4865862500000024,-0.605106899044462,0.3592370833333315,-0.3055219285385715,12.2751,-0.3151111809608655,4.960833333333363,-0.2812903415517708,8.6003,-0.3033843124088727,3.3114000000000074,-1.239930259721224,0.6059,-1.0059848896608456,0.3367000000000043,-0.19044095966208838,0.9714242704862011,0.2692290726140582,0.9663738298582928,-1.0822952295157509,0.4442055087441664,-0.7976097443375193,0.3716133632107557
Cherry,Hazelnut,13,16,2,11,14,378,0.1068924397333021,5.674662668665667,0.0885564922798515,2.8944,1.353398921234977,-0.8944000000000001,-0.6608546718685572,0.8523229535409291,0.1357382299699364,1.0,4,12,48,1,0.6477987421383647,0.5993072646066904,0.675,0.6416666666666667,15,8.666666666666666,6,3.333333333333333,0.4465408688895719,0.5714488409043944,1.112268974444393,0.478555455269013,0.3563813621576355,0.5980525000000017,1.166344693181616,0.458607916666666,-0.1398129447234791,21.2904,-0.0335608268488874,9.261999999999963,-0.226406518768863,15.4463,-0.1887300394010238,6.284300000000009,0.4655029842535358,0.8219,1.1716381379773015,0.5719666666666656,0.7601160271634604,0.9963308563121287,1.2083510040152734,0.991945901997068,0.8583109781482492,0.9826914898129081,1.4663096088451337,0.9579869305428241
Banana,Rice,22,25,5,17,20,363,0.1648615923586416,5.572822299651568,0.0076251940493005,6.2445,1.8160946423576043,-1.2445000000000004,-0.685261643844962,0.8303433931321373,0.0171109354466304,1.0,2,7,14,0,0.3816793893129771,0.346408052874998,0.2375,0.2208333333333333,0,0.0,0,0.0,-0.4114040555985476,0.4415275946824028,-0.375314575297201,0.3750835142851423,-0.7335322090300792,0.3951037500000023,-0.5545702343953123,0.2842049999999984,-0.2958756630663928,7.0342,-0.3047474676122989,2.6673333333333207,-0.2287009313448498,4.7766,-0.2352623343597146,1.7623000000000015,-0.8586719872302382,0.4244,-0.7467520682204919,0.1940666666666621,-0.4333197480075897,0.9547028035591921,-0.1415942753947964,0.9470854246720227,-0.9910889893731322,0.29413202527931537,-0.7110730642857445,0.24131661924982395
Kiwi,Pumpkin Seeds,12,18,2,10,16,377,0.1036353245277391,5.447330447330447,0.0945839890764602,2.94,1.362101317817438,-0.94,-0.6901101905592517,0.8579828403431932,0.1434097780321464,1.0,7,9,63,1,0.7431192660550459,0.5349378063261947,0.8,0.5625000000000001,17,6.333333333333333,9,3.0,0.7594987100220645,0.6122548498458394,0.1980785558948435,0.5119077683701538,0.7272490879225155,0.6527575000000084,0.3066792822729661,0.5132695833333334,-0.208686468661213,27.661,-0.3015385906458228,12.52533333333328,-0.2426629537841113,20.5933,-0.3113202144813993,8.627466666666662,0.3383112095906892,0.8973,0.8873707257136074,0.6953666666666736,0.4907401996732422,0.9947237006131866,-0.04379252130261244,0.9796890957178365,0.3230380102958922,0.9205783310138185,0.1951849238059162,0.7915585125854271
Chicken,"Cow Milk, UHT",7,34,2,5,32,366,0.0964892785998402,5.125874125874126,0.110041955429838,2.86802,1.2433025696104714,-0.86802,-0.6981566846370727,0.8676226475470491,0.1637494350030215,1.0,5,4,20,0,0.3441558441558441,0.3179963853177447,0.225,0.1958333333333333,0,0.0,0,0.0,-0.8490257296770463,0.477696496028736,-1.0096510890557124,0.4015544019244128,-1.0217634153302937,0.4543025000000029,-1.0447638148821157,0.3269025000000012,-0.3370028169081852,10.0687,-0.3543622605090906,3.8595666666666695,-0.2575641928135075,6.9359,-0.2707297351076213,2.568966666666661,-1.085656132241129,0.541,-0.9048272408319584,0.2683666666666682,-1.2821328862214034,0.9462536308767621,-1.1473800525685696,0.9397438969055006,-1.1502890952719225,0.35862569907538333,-0.7961896384902555,0.3120676724535541
Banana,Sesame,22,31,6,16,25,358,0.1768536603601257,5.538324420677362,0.0038225408334908,7.34666,1.9147445898604856,-1.34666,-0.7033105131259944,0.8351632967340653,0.0092036283587484,1.0,2,4,8,0,0.3587786259541984,0.2999003119611903,0.1875,0.1666666666666666,0,0.0,0,0.0,-0.3124441455680677,0.4009819244269192,-0.5893342918857741,0.3393419636880495,-0.7068531161966854,0.3299187500000023,-0.6686478318678656,0.2302583333333339,-0.2209405632615798,5.0134,-0.2268730798814422,1.7810000000000008,-0.1719270849742755,3.4944,-0.1765668020235819,1.222166666666667,-0.6353784567230991,0.2876,-0.5865928773913904,0.1131000000000013,-0.708715852450906,0.9371261727516471,-0.8723118955038779,0.9216829661651467,-0.7954997379296868,0.21190941270818164,-1.2686108048530735,0.019630097484452685
Egg White,Strawberry,33,21,6,27,15,357,0.1745806551808791,5.451612903225806,0.0041319475716055,7.35688,1.9143345229086768,-1.3568800000000003,-0.7087998381486276,0.8352432951340973,0.0098639259049818,1.0,5,3,15,0,0.4351145038167939,0.3988029510138109,0.2375,0.2208333333333333,0,0.0,0,0.0,-0.1014400210996261,0.4501667941498119,0.234749916879956,0.3808528258943092,-0.8020484347287049,0.4124350000000031,-0.6384017565049755,0.2946599999999991,-0.2909434756999231,8.0772,-0.3044858495115383,3.022533333333321,-0.2224576648409954,5.5778,-0.2327450975707835,2.029666666666665,-0.9149984263124864,0.4557,-0.7894094503725745,0.2092666666666613,-0.8274437533112899,0.9494111345836965,-0.3729990460571989,0.946205800178833,-0.9002148334073296,0.3480068369749759,-0.32811383042127873,0.3370387779930701
Kiwi,Olive,12,2,0,12,2,391,-0.0123099651264567,6.264,1.0,0.41294,0.5685600728155293,-0.41294,-0.7262908877070925,1.0,1.0,1.0,7,5,35,1,0.6488888888888888,0.4555992638601334,0.725,0.4333333333333333,20,7.0,9,3.0,0.6518609763126888,0.538945459544143,0.063266651167971,0.4493926002097539,0.7892107337386293,0.5498125000000021,0.1767245126743455,0.4075770833333348,0.0917418224325548,16.4689,0.0158863600395138,6.767233333333376,-0.0764753104454457,11.7056,-0.1202661820452637,4.544933333333326,0.5924408999558999,0.7402,-0.3319725480567236,0.4494666666666686,0.6892795828043371,0.9931898776584943,-0.5257763592764846,0.9613315462768357,0.568711999507816,0.9009738508295626,-0.60550019667501,0.5013658976522932
Olive,Onion,2,12,0,2,12,391,-0.0123099651264567,6.264,1.0,0.41246,0.5655234286923929,-0.41246,-0.729342020283214,1.0,1.0,1.0,5,1,5,0,0.3106060606060606,0.2626262626262626,0.1875,0.1125,0,0.0,0,0.0,-0.4659364464120752,0.3657815634533446,-0.7054591505793366,0.3060485074499969,-0.4816247537579131,0.2735437500000002,-0.9235061841055184,0.1891741666666662,-0.1723326548080877,3.1138,-0.1772439801751246,1.0961333333333347,-0.1346023947299717,2.1812,-0.1384077990478966,0.7589999999999992,-0.476596721453251,0.1851,-0.4467260224157537,0.0706333333333339,-0.12348344895466012,0.9369621444969853,-0.5723837439990673,0.905764244252265,-0.17654016479866835,0.29449885849326674,-0.9295620559467356,-0.025209386428118524
Carrot,Olive,12,2,0,12,2,391,-0.0123099651264567,6.264,1.0,0.413,0.5652884219582072,-0.413,-0.7306004934071227,1.0,1.0,1.0,2,5,10,0,0.369047619047619,0.3215356328259554,0.275,0.2041666666666667,0,0.0,0,0.0,-0.3433982827512741,0.4166095820020756,-0.4604571526586087,0.3532353972123157,-0.3793794192207632,0.3533537500000019,-0.4524465435884291,0.249760833333333,-0.239229975075074,5.8528,-0.246879924182935,2.108766666666664,-0.1847637515539024,4.0793,-0.1906896206255674,1.4412333333333325,-0.7011752833942162,0.3296,-0.6327290175154018,0.1366333333333322,-1.146704191317898,0.9302465476673182,-0.9338321391568732,0.9256461956583255,-0.8386906783632183,0.2528251731040996,-0.32928601183051026,0.2391479700607235
Casein (nBos d8),Fig,15,8,1,14,7,383,0.0661190614333606,5.289655172413793,0.2625932440016674,1.8118,1.110342631803355,-0.8118000000000001,-0.7311256694535102,0.8888022239555209,0.340218960473292,1.0,1,13,13,0,0.3037383177570093,0.2866580728327424,0.2625,0.1999999999999999,0,0.0,0,0.0,-0.9032693843437184,0.4307249765698464,-1.0354907786403755,0.3680031954950046,-0.5567370429292601,0.3803712500000037,-0.6443964686637473,0.2751166666666671,-0.2647843526363559,6.6957,-0.2817633194462269,2.583933333333319,-0.2040363946158753,4.6456,-0.2178318744018773,1.7370333333333363,-0.7999262019093686,0.3902,-0.6957142826671817,0.1819666666666625,-0.519963653163672,0.941704642942342,-0.5107485757518729,0.9275671991694693,-0.06966608646102015,0.5328214400928497,0.29272313976199615,0.4189400933193343
Cow Milk,Wheat Flour,28,16,4,24,12,365,0.1445916217794556,5.370612244897959,0.0187359831745268,5.2356,1.6870129341531444,-1.2355999999999998,-0.7324188066289206,0.8495230095398092,0.0359961868524299,1.0,4,5,20,0,0.3661971830985915,0.3413779815055562,0.225,0.1833333333333333,0,0.0,0,0.0,-0.711091451896322,0.4770563648277426,-0.7355936569644979,0.4016219547695169,-1.0252971408902074,0.4544337500000058,-1.1569898682951565,0.3272512499999999,-0.3430932453789099,10.0273,-0.3573965125074278,3.8286666666666576,-0.2638232978135331,6.8984,-0.2750515346684474,2.5421333333333265,-1.085656132241129,0.541,-0.9047491078022548,0.2686333333333358,-0.765379419207895,0.9569057025354878,-0.27381036243004225,0.9536195622055489,0.07719911663323803,0.6836777660425614,0.31472953460236885,0.5310817575786606
Banana,Casein (nBos d8),22,15,3,19,12,371,0.1260534133508504,5.334358974358975,0.0414083512754708,4.15936,1.556934292255134,-1.1593600000000004,-0.7446428572915116,0.8618827623447531,0.0708234300778632,1.0,2,1,2,0,0.2442748091603053,0.234286937290433,0.175,0.125,0,0.0,0,0.0,-0.6676317320525964,0.3072510950653234,-0.5176762101345084,0.2673118738013829,-0.1189623124111477,0.1908724999999996,-0.2778339933370614,0.1467249999999994,-0.1007517341044584,1.0561,-0.1014145632414085,0.5342,-0.0751918838380837,0.713,-0.0756741664992929,0.35965,-0.290858554080092,0.078,-0.2866908185090785,0.04015,-1.6086395796064945,0.8628220132304361,-1.823085050549127,0.837516726027499,-1.2796395293170426,-0.2313076271467857,-1.927076654271179,-0.3965939097754664
Cherry,Olive,13,2,0,13,2,390,-0.0128289501447696,5.785185185185185,1.0,0.44134,0.5833000980627382,-0.44134,-0.7566259657177885,1.0,1.0,1.0,4,5,20,1,0.4292035398230088,0.3702355077375949,0.4875,0.3166666666666666,2,0.6666666666666666,0,0.0,-0.3045168451969176,0.4771528295046726,-0.3826438817041035,0.4018394812547922,0.1535934373153974,0.4530525000000015,-0.0762825237507222,0.3261287500000009,-0.2768918986125714,10.3044,-0.2974240254288121,3.933433333333343,-0.2684301118610958,7.1883,-0.280061116514868,2.655999999999991,0.9253760166707592,0.5387,0.2306124460444822,0.2655000000000027,0.47665395402379496,0.9824154455232351,-0.07545137534109402,0.9567777651115442,0.22095386926128718,0.7211460069913328,-0.08291378631578147,0.45345117728569434
Hazelnut,Peanut,16,14,2,14,12,377,0.1003946170549467,5.206896551724138,0.1009570842216222,3.07034,1.3881902911344688,-1.0703399999999998,-0.7710326219939828,0.876362472750545,0.1521118867918963,1.0,12,12,144,1,0.7226277372262774,0.6140415308573964,0.8125,0.7458333333333332,25,13.666666666666666,17,8.666666666666666,0.0266152208960768,0.7186047508017988,-0.0483146236696884,0.6200863410708993,0.2237483605089276,0.7795762500000069,0.534812766306202,0.6716679166666659,-0.3724273558163113,50.0757,-0.424757932224733,25.680966666666585,-0.3479283404664278,39.4555,-0.3773641875664305,18.34839999999996,0.0851599433705489,0.9928,0.2875299666426214,0.9561333333333344,0.0700643721119147,0.9953355911582457,0.5778278461236286,0.9949334639957046,0.05816920043747188,0.9502715870353236,0.5637264229008146,0.9476508340117622
Onion,Peach,12,19,2,10,17,376,0.0989613551165612,5.122448979591836,0.1039739099942719,3.07814,1.3812871317723912,-1.07814,-0.7805328632987338,0.878702425951481,0.1555449693514308,1.0,1,4,4,1,0.2857142857142857,0.2462538874752615,0.275,0.1583333333333333,0,0.0,0,0.0,-0.5796230712253846,0.34940074990795,-0.7467003694515616,0.2892404349811056,0.1498950751288612,0.2502287500000006,-0.1664094191751063,0.1708474999999997,-0.1527666218566773,2.2133,-0.1542712124139059,0.7725333333333322,-0.1172669403194106,1.5096,-0.1190027155116829,0.5220999999999996,2.374890785215157,0.1506,2.0324195617148137,0.0550666666666661,-0.7689324422848639,0.9095733636916861,-0.9565502120130667,0.8873275326811155,-0.7972876971263144,0.05883214098492182,-0.8109067313866757,-0.05948607341833112
Chicken,Fish,7,4,0,7,4,394,-0.0132454065621796,5.844444444444444,1.0,0.50638,0.6463430169809217,-0.50638,-0.7834539659224741,1.0,1.0,1.0,5,9,45,1,0.8110599078341014,0.7481999509125609,0.975,0.9458333333333334,176,152.0,144,120.0,1.3972849801275549,0.5696072012433858,2.569634238695768,0.4743036369576937,1.7439083496908647,0.5953012500000051,3.19284495339953,0.4513854166666665,3.385296206067685,21.5855,8.085423776780944,9.169333333333348,3.033527118566589,15.8091,7.318344745443403,6.296200000000007,0.4800691062184866,0.8127,1.2270605208573322,0.5528666666666663,0.768581139789054,0.9963569566216381,1.4346623756219647,0.994365413601637,0.7930848903568248,0.9699340835042006,1.4290392633828064,0.9400351064506925
Egg Yolk,Hazelnut,14,16,2,12,14,377,0.1003946170549467,5.206896551724138,0.1009570842216222,3.08472,1.3827879525075424,-1.08472,-0.7844442078288091,0.879262414751705,0.1521118867918963,1.0,2,12,24,0,0.50625,0.4915113057801736,0.3,0.2708333333333333,1,1.0,0,0.0,0.1051571144728269,0.4894831154276491,0.8290179773623634,0.4147665534864457,-0.786676282820498,0.4762237500000035,-0.5808572326620658,0.3510812499999998,-0.3346252989096213,11.0998,-0.3055276886983436,4.556400000000022,-0.2814922307540447,7.593,-0.3017266520493857,2.9835666666666576,-1.198354535677589,0.5895,-0.9759331234050642,0.320633333333338,-1.1784790863228165,0.9499263232478954,-0.851101321734741,0.9453085361669183,-2.2138381489994,0.14692636531314618,-1.874805913733824,0.1414058733415676
Olive,Peanut,2,14,0,2,14,389,-0.0133302444599531,5.372413793103449,1.0,0.46706,0.5950755888120433,-0.46706,-0.7848750793699967,1.0,1.0,1.0,5,12,60,0,0.4404761904761904,0.3902464494569758,0.25,0.2416666666666666,0,0.0,0,0.0,-0.9501808202653184,0.6027331986689752,-0.998391688487095,0.5043004140596873,-1.926645294355436,0.6428175000000068,-1.6376466352173944,0.502743333333334,-0.5402617411763936,25.7776,-0.6072979420799866,11.586699999999986,-0.4260604989855746,18.9082,-0.4707827734681341,7.868999999999997,-2.7754675626767544,0.8851,-1.925093244622598,0.6727333333333375,-4.292434728236329,0.9375378086646338,-3.3697043514475897,0.9357395067297661,-3.9190334816458505,0.2850988356706913,-3.159098485751874,0.23249361146354927
Soybean,Strawberry,16,21,3,13,18,371,0.1240734400283708,5.206206206206206,0.0435258467653127,4.2343,1.5663344183155772,-1.2343000000000002,-0.7880181815370921,0.869042619147617,0.0739939395010316,1.0,7,3,21,1,0.8320610687022901,0.5669629915933907,0.875,0.5541666666666667,54,18.33333333333333,44,14.666666666666666,2.20559468942664,0.4821923059230004,1.8861870679960264,0.4060058242398691,1.8333967341055444,0.4616650000000007,1.7048392438685602,0.334084583333332,1.4018632440542589,10.7697,1.252984295553735,4.168033333333348,1.3147284417791625,7.5328,1.2122645554572515,2.804866666666657,0.8862254030976083,0.5601,1.250321940350397,0.2849333333333377,1.2201905723601996,0.9985811654513452,0.9399380478439044,0.9740396207193379,1.177433661236003,0.9798100772543116,1.0106165287536175,0.6830435072933098
Egg Yolk,Olive,14,2,0,14,2,389,-0.0133302444599531,5.372413793103449,1.0,0.46708,0.592550650662034,-0.46708,-0.7882532902092834,1.0,1.0,1.0,2,5,10,0,0.5119047619047619,0.4371502132913404,0.2625,0.2208333333333333,0,0.0,0,0.0,0.7045278230513272,0.4156106952412707,1.2408091834127104,0.352861153362887,-0.4464333446974348,0.3542775000000039,-0.29017805506836,0.2499649999999992,-0.2431617947360327,5.8511,-0.250672349230971,2.097133333333332,-0.1907173416113525,4.0931,-0.1963711613106455,1.4411000000000007,-0.7099194051007531,0.3351,-0.6403275884924952,0.1380333333333321,-1.107265367729131,0.9323570225015401,-0.6649060830733288,0.9311633197795426,-1.9397975544863744,-0.06975198373379239,-2.0135030344931804,-0.07096942120571559
Casein (nBos d8),Sesame,15,31,4,11,27,363,0.1402450052916991,5.172332015810277,0.0211794500853569,5.32472,1.6789511373473622,-1.32472,-0.7890164106222739,0.8647627047459051,0.0394093134697728,1.0,1,4,4,0,0.308411214953271,0.2438413276312083,0.225,0.175,0,0.0,0,0.0,-0.3691023007016891,0.3485800746412184,-0.7985878845240397,0.2892214222680864,-0.1413570388405765,0.2481499999999996,0.0748114008743999,0.1695733333333327,-0.1581154134786171,2.0568,-0.1602244179164373,0.7091333333333331,-0.1186990153422601,1.3547,-0.1205085160083682,0.4638999999999995,-0.4123119813941501,0.1453,-0.3965332151170089,0.0525333333333325,-0.46992910319460324,0.9195528559041528,-0.7116043524513295,0.8941192304923611,0.38900401969404874,0.40526261056878843,0.4760102130380069,0.1533959798949547
Shellifish,Tomato,38,19,6,32,13,354,0.1688855852215414,5.251851851851852,0.0050104011226131,7.50068,1.888851380495564,-1.50068,-0.7944934236203792,0.8559428811423772,0.0115672223447982,1.0,6,2,12,0,0.2671755725190839,0.2495795057575365,0.2,0.1875,0,0.0,0,0.0,-1.1365241639844228,0.4312087329664518,-1.590133476612413,0.3655538217373407,-0.8281850212356167,0.3771050000000019,-0.7458405384598169,0.2680779166666671,-0.2755563813697693,6.5439,-0.2835133542066291,2.401733333333325,-0.2127996579778829,4.483,-0.2198655777469985,1.612066666666669,-0.7797278748201238,0.3781,-0.6916688103228021,0.1635999999999967,-0.5509356342049578,0.9489123771946111,-0.003299281064587042,0.946698213070424,-1.0737140871758668,0.23002556438005467,-0.8110279286989303,0.18913570934814028
"Cow Milk, UHT",Strawberry,34,21,6,28,15,356,0.1701435972595465,5.245614035087719,0.0048494156572704,7.5412,1.9152186715881825,-1.5412,-0.8047122883999298,0.8594028119437611,0.0112418272054906,1.0,4,3,12,0,0.3587786259541984,0.3478980208194185,0.2125,0.175,0,0.0,0,0.0,-0.5077473283247592,0.4310694111150643,-0.2483938908746603,0.3656913641660627,-0.7814395476790127,0.3779900000000035,-0.87679361315861,0.2685162500000003,-0.2584766412140722,6.6386,-0.268334642920831,2.411433333333319,-0.1981575060646207,4.6144,-0.205412778090031,1.6392333333333375,-0.7883742582915143,0.3833,-0.6986524959810475,0.1648666666666625,-0.591529270524201,0.9496754398196099,-0.319783051215945,0.9421106565828378,0.39397430431575586,0.6603247242800319,0.8209617530473697,0.49761630644879973
Mulberry,Shellifish,26,38,8,18,30,349,0.1921043843530911,5.264953478068232,0.0012867746787143,9.72006,2.1154984274161,-1.72006,-0.8130755275960692,0.8548229035419291,0.0035911429207131,1.0,3,6,18,0,0.4175824175824176,0.3809523809523809,0.2,0.1916666666666666,0,0.0,0,0.0,-0.3193838918384883,0.4666481165856394,-0.170568994975442,0.3948650873262537,-1.0552188625167835,0.4343262500000045,-0.9881329813290256,0.3135679166666664,-0.3227461870971511,9.2483,-0.3357206718024267,3.5583999999999927,-0.2501575446719907,6.456,-0.2607021648070968,2.400866666666665,-1.0076291007486506,0.5038,-0.8540147879771487,0.2426333333333321,-1.556234662530451,0.9372494836515314,-1.7639176273535573,0.9270514585124842,-0.42087602189556317,0.5218854254291366,0.03203432332040214,0.4491754730863029
Meat,Pumpkin Seeds,13,18,2,11,16,376,0.0966754135857859,4.960474308300396,0.1088741324302152,3.14984,1.4033203391955806,-1.1498400000000002,-0.8193710073774874,0.8852422951540969,0.1624425220567838,1.0,3,9,27,0,0.3636363636363636,0.3519550342130987,0.3375,0.3125,0,0.0,0,0.0,-0.8855580421328481,0.5090594250913849,-0.8077259260893687,0.4269025297400328,-0.7425557105291541,0.5051662500000044,-0.4173153855835227,0.3711287500000005,-0.3730339529039724,13.8818,-0.4035127907919589,5.55026666666671,-0.2888172878450559,9.884,-0.3101474036565347,3.7589666666666752,-1.355909260740103,0.6477,-1.0787906522967772,0.3634000000000056,-1.3895373436084604,0.9517211241228096,-1.2362608970358109,0.9445782608007055,-1.9300189511284034,0.2735926554268019,-1.6387388667742615,0.2266304464308253
Fish,Shellifish,4,38,1,3,37,364,0.0534925755553734,4.1657142857142855,0.3267538009351141,1.81674,0.9730959728618755,-0.81674,-0.8393211181400406,0.9174016519669608,0.4128578430734212,1.0,9,6,54,1,0.5809859154929577,0.5177198886534546,0.6875,0.5708333333333333,20,13.333333333333334,5,3.333333333333333,-0.0675858126575709,0.5926063055196353,0.2078862973471845,0.4944861819198229,0.2889747899784523,0.6266050000000035,0.5448033410259436,0.4841887499999986,-0.0983181706848013,24.6101,0.1344169299394591,10.810599999999976,-0.3015898551565335,18.0838,-0.2471352297694382,7.39366666666669,0.400956488449452,0.8615,0.0978705664711404,0.6317333333333348,0.6202120183255417,0.995285351856368,0.6924833401337551,0.9866916638910282,0.6666033861782477,0.9609830990948726,0.6283197456352498,0.8328389508765066
Olive,Soybean,2,16,0,2,16,387,-0.0142872178029235,4.696969696969697,1.0,0.51716,0.6158778567216068,-0.51716,-0.839711956446861,1.0,1.0,1.0,5,7,35,0,0.4166666666666667,0.4031746031746031,0.275,0.2541666666666666,0,0.0,0,0.0,-0.7248512087566821,0.538953262862081,-0.4682752204296326,0.4492581635068972,-1.232373449861351,0.5494787500000025,-1.053683934638551,0.4083262499999985,-0.4342433996808816,16.7204,-0.4692560350810487,6.874533333333358,-0.3398596126677852,11.9324,-0.364890109278268,4.640633333333339,-1.6654083300081026,0.735,-1.2773126098103622,0.4541333333333348,-2.1997656413030318,0.9452288564113707,-1.8336922132633213,0.9419002654434615,-1.8244408180137037,0.3967386640437521,-1.635404956252579,0.30436299870278194
Fig,Fish,8,4,0,8,4,393,-0.0141777576851963,5.143790849673203,1.0,0.57336,0.6803957013385667,-0.57336,-0.8426860999738952,1.0,1.0,1.0,13,9,117,1,0.3944954128440367,0.3944954128440367,0.35,0.3125,0,0.0,0,0.0,-1.8776342742979224,0.692055779294224,-1.5662999963316515,0.5912195022152544,-2.465250487333626,0.7504325000000027,-2.1454323683060923,0.6324445833333349,-0.6854218082353788,43.1286,-0.8241427285217805,21.47526666666664,-0.5571503344582691,33.4395,-0.6462242267791318,15.122033333333343,0.1413925035681856,0.9804,-2.679709155082252,0.911166666666668,-1.4074441622411202,0.9848254339540186,-2.4107050886626515,0.9689410744651271,-2.3841161357363823,0.7445137450743324,-3.662759403867758,0.48611821563399316
Olive,Wheat Flour,2,16,0,2,16,387,-0.0142872178029235,4.696969696969697,1.0,0.5175,0.6134278686202641,-0.5175,-0.8436199698001539,1.0,1.0,1.0,5,5,25,0,0.369047619047619,0.3583959899749374,0.25,0.2041666666666667,0,0.0,0,0.0,-0.8005927131013102,0.4995290579902341,-0.6841107744882526,0.4192722393814858,-1.0599570867905237,0.4892450000000037,-1.1307329546150715,0.3562262499999995,-0.3602641881539967,13.0008,-0.3823328587298117,5.100900000000017,-0.281409752558929,9.3035,-0.2971843625577602,3.4991999999999965,-1.2748964613394027,0.6191,-1.0262996553585626,0.3307666666666728,-1.2578041419563257,0.9524158484767309,-1.0825458734952327,0.9456167541131909,-1.5054161322349842,0.3427521466957293,-1.1270395219214349,0.3041586279873743
Meat,Shellifish,13,38,4,9,34,358,0.1335669012354914,4.922196796338673,0.0254721595912895,5.40546,1.633518346514664,-1.4054599999999997,-0.8603882552030969,0.8806623867522649,0.0457613208038603,1.0,3,6,18,1,0.5598591549295775,0.5352112676056339,0.6875,0.6833333333333332,21,18.33333333333333,6,5.0,0.5978008000595271,0.4676224526129521,1.7680186155056004,0.3938931703839668,1.1228330603171934,0.4379750000000034,3.0250626672442333,0.315219583333335,0.4157217052544926,9.251,1.4335283233857117,3.5093333333333163,-0.015346348654823,6.3864,0.298428499724456,2.3407999999999927,0.9796078752547976,0.5103,2.6126466449629797,0.248300000000001,1.0959446915186788,0.9942275306926277,1.9740590153836874,0.9875966897898616,1.1567354865546846,0.9526974525967241,2.281578452559009,0.8901574221204892
Chicken,Gluten,7,5,0,7,5,393,-0.0148273141947945,4.7696969696969695,1.0,0.62184,0.7121200842554576,-0.62184,-0.8732235106809997,1.0,1.0,1.0,5,1,5,0,0.1834862385321101,0.1722955050771186,0.1625,0.1375,0,0.0,0,0.0,-1.5707874275074398,0.3654091854467688,-2.2169575831920287,0.3064058684434078,-0.6163646518205944,0.2706625000000012,-0.6213942046300209,0.1881641666666664,-0.1723770041477594,2.8536,-0.1756031121319309,1.0074,-0.1320078897322487,1.9433,-0.1350949572987634,0.6782666666666656,-0.47042476829801,0.1812,-0.4448855079132415,0.0678000000000005,-1.602817979753908,0.884122084454391,-2.413816417784821,0.8488932219976494,-0.8939365141187815,0.07525323373989604,-1.4286138741880678,-0.11241413847880045
Banana,Wheat Flour,22,16,3,19,13,370,0.11916954367085,4.925925925925926,0.0491725014048909,4.3904,1.5875225478713682,-1.3903999999999996,-0.8758300799344988,0.8878222435551288,0.0830896785787465,1.0,2,5,10,0,0.3064516129032258,0.2955347615529837,0.2125,0.1999999999999999,0,0.0,0,0.0,-0.7922226866679122,0.4130851747724378,-0.8273785706493859,0.3521076722922321,-0.6814559234539926,0.3500562500000028,-0.4892753885692656,0.2491879166666662,-0.2423276248993982,5.0783,-0.2492380888340639,1.8574,-0.1852191246311106,3.4354,-0.1914276387002107,1.232800000000002,-0.7041919572391035,0.3315,-0.6357558485588929,0.138133333333332,-0.10039585058206507,0.9566340530093856,0.008821879418056478,0.9432430775621995,-0.40967739584866975,0.3801633053803345,-0.08822719804585533,0.28506533386823835
Apple,Chicken,20,7,1,19,6,379,0.0572150069864049,4.491124260355029,0.3003882001025645,1.99536,1.1353671082077377,-0.99536,-0.8766856048624226,0.9186016279674406,0.3829949551307698,1.0,4,5,20,0,0.3478260869565217,0.3314009661835748,0.275,0.2083333333333333,0,0.0,0,0.0,-0.8147171064394187,0.4773249817630091,-0.8350055144463714,0.4010711843120055,-0.7925345376881229,0.4538037500000038,-0.9389927950431394,0.3261191666666671,-0.3274123266061446,10.858,-0.3460036588906767,4.116466666666675,-0.2556450947962697,7.7159,-0.2691077455546783,2.825899999999998,-1.0776026991725132,0.5373,-0.8994565875996371,0.264000000000002,-1.0304788657897619,0.9514624233832022,-0.9608467049681138,0.9427842397482137,-0.40374967824403146,0.5539283225493148,0.09573146769273468,0.48590947950394375
Casein (nBos d8),Hazelnut,15,16,2,13,14,376,0.0944630862759414,4.8084291187739465,0.1138334021969647,3.2472,1.413369081308913,-1.2472,-0.8824305105393809,0.8992820143597128,0.1680540490328874,1.0,1,12,12,0,0.2943925233644859,0.2943925233644859,0.2375,0.2208333333333333,0,0.0,0,0.0,-0.934118571207261,0.4259309482692904,-0.8916794208842436,0.3632448805670891,-0.6277439858690467,0.3706662500000027,-0.4027684037542045,0.2668270833333339,-0.2651423010453269,6.3869,-0.2801134929758385,2.452399999999991,-0.203666859619007,4.3786,-0.2165296629639389,1.6354000000000035,-0.7553796383207811,0.3633,-0.6629084461259477,0.1649999999999967,-1.9367236919228819,0.8927369754889883,-1.7215816325519713,0.8906897702305737,-1.439331574754627,0.11703258267891545,-1.361921509396168,0.07903383813081981
Peach,Rice,19,25,4,15,21,365,0.1371744511523298,4.935483870967742,0.0233504218907246,5.54426,1.7264996531711188,-1.5442600000000004,-0.8944455894697733,0.8863222735545289,0.0426696634550376,1.0,4,7,28,0,0.4175824175824176,0.3888760730363784,0.2,0.1916666666666666,0,0.0,0,0.0,-0.5635827928601654,0.510216506573221,-0.4241646383011552,0.4276844261660002,-1.362259859531801,0.506978750000003,-1.2948339273002067,0.3717945833333333,-0.3816123450390987,13.8095,-0.4045629281522446,5.502066666666677,-0.2981932311368102,9.8518,-0.3132799220782445,3.73953333333333,-1.37453204455909,0.6539,-1.0897684227397368,0.3689000000000058,-1.3478052041983932,0.9534349717634499,-1.2957386877105492,0.9446739446299629,-1.989079585360261,0.2632610169008827,-1.8729474380737097,0.18409849102910145
Egg White,Fig,33,8,2,31,6,366,0.0874427799196561,4.474969474969475,0.1323137122891278,3.19466,1.320230087674115,-1.1946599999999998,-0.9048877246122036,0.9054618907621848,0.1918035984346271,1.0,5,13,65,0,0.425,0.4205826831109993,0.2625,0.2541666666666666,0,0.0,0,0.0,-1.0885847058497335,0.6108308715764967,-0.7893737351295993,0.5133387412918201,-1.943458755917238,0.6526525000000021,-1.6266392159709482,0.5168112499999996,-0.5450325977671173,27.2433,-0.6187473514566268,12.473599999999951,-0.4315345152318247,20.1596,-0.4810033980015979,8.507733333333318,-3.021872310236128,0.9013,-2.073140870973752,0.7085000000000048,-1.6303442911375956,0.9712193722843198,-1.191468454167112,0.9657708317330052,-3.184250570459274,0.429314004133129,-2.3210360757585415,0.3970293211222198
Onion,Pistachio,12,31,3,9,28,365,0.1140050339875987,4.724838411819022,0.055728985542358,4.40404,1.5370334018491592,-1.4040400000000002,-0.913473967651478,0.8955220895582089,0.0927713972975159,1.0,1,4,4,0,0.3560606060606061,0.3181818181818182,0.2,0.1708333333333333,0,0.0,0,0.0,0.0457261738690094,0.3509444334131001,0.4830965166263745,0.2902571183897007,-0.3003690560359096,0.2508162500000007,0.0037781679941511,0.1705466666666667,-0.1584182781779405,2.4822,-0.1615144912870839,0.861633333333335,-0.1240901578384809,1.7219,-0.1266068693676356,0.5928333333333339,-0.4312287725435882,0.1568,-0.4121574679417321,0.0572999999999996,0.13444164970341024,0.9417242380970572,0.22202110119336174,0.9237130970912423,0.14584163242276227,0.33766213684126656,0.06086985122517113,0.08738767305210786
Gluten,Pistachio,5,31,1,4,30,370,0.0519168534176928,4.049180327868853,0.329826659813844,1.9738,1.0614299600067827,-0.9738,-0.917441599249542,0.9257014859702806,0.4139435260750928,1.0,1,4,4,0,0.3020134228187919,0.2621831684310062,0.325,0.2708333333333333,1,0.3333333333333333,0,0.0,-0.4380270370165871,0.3501939876916419,-0.4816086165058313,0.2899794039693145,0.4512057504733578,0.2503187500000007,1.326967071406662,0.1709666666666673,-0.0890846452983646,2.2668,-0.0934282043864789,0.7877999999999983,-0.1230249776951149,1.5279,-0.1251917702765449,0.5258666666666668,-0.4222234625074029,0.1513,-0.4040610432878331,0.0552999999999994,0.11445119300217252,0.9407098769374119,-0.2350166521309911,0.9093988764851281,0.9621791727843099,0.5791153352476537,1.2267133109026234,0.28556879909765637
Olive,Tomato,2,19,0,2,19,384,-0.0156295193646678,3.943589743589744,1.0,0.58694,0.6388125205410426,-0.58694,-0.9187985224567778,1.0,1.0,1.0,5,2,10,1,0.6327433628318584,0.4212622066097712,0.7375,0.3625,26,8.666666666666666,12,4.0,1.5763797532624289,0.4169220258673093,0.9883342730540688,0.3539608756677121,1.85825925786039,0.3545387500000017,1.1179083577523687,0.2500183333333333,0.913642353844528,5.5509,0.8530256334218999,1.992200000000005,0.4117770359008887,3.8049,0.3903168006834832,1.33676666666667,1.4136833979449528,0.3335,0.8994945090279548,0.1383333333333317,1.3038371923112688,0.9919217622403564,0.6433515469955176,0.9547210845619252,1.2522697831130054,0.8764992511332987,0.5304441607898158,0.3988365545263923
Olive,Peach,2,19,0,2,19,384,-0.0156295193646678,3.943589743589744,1.0,0.58612,0.6371682239408993,-0.58612,-0.9198826588916112,1.0,1.0,1.0,5,4,20,0,0.4126984126984127,0.3756613756613756,0.2875,0.225,0,0.0,0,0.0,-0.4132797295479954,0.4779316014589619,-0.3153095722503644,0.4017733304684087,-0.7458364717569804,0.4546175000000057,-0.8165038826226383,0.3271170833333322,-0.3463080561287422,10.1972,-0.3638528028047297,3.896766666666666,-0.2681259619937522,7.0554,-0.2814340794555461,2.602499999999988,-1.0988655599134032,0.547,-0.9153879424134684,0.2697000000000024,-1.829837163206706,0.9356931232228233,-1.5322349971915912,0.9342102948366199,-1.3014169049301687,0.32535331555675573,-0.8948754108063407,0.2973305283763336
Kiwi,Strawberry,12,21,2,10,19,374,0.0904840521082714,4.572649572649572,0.1235276977150828,3.31684,1.4208914154149852,-1.31684,-0.9267703258066374,0.9068018639627208,0.180937437123137,1.0,7,3,21,1,0.8623853211009175,0.4833905268809674,0.85,0.4208333333333333,50,16.666666666666668,40,13.333333333333334,2.3594294250642047,0.4854681494423145,0.8970317567081857,0.4070230351760134,1.6872705163320632,0.4669687500000034,0.6502283125914554,0.3365291666666657,1.209567804464474,11.252,1.0470957255566506,4.339066666666682,1.1157150087671783,7.8428,1.014104757979574,2.91656666666665,0.8786962132983901,0.5643,0.149945322497723,0.2874333333333382,0.9558858685450127,0.9934275220721367,0.39420040943751977,0.9653436227600453,0.862282800823857,0.9026796528880134,0.9645836634244009,0.6771736338935191
Gluten,Sesame,5,31,1,4,30,370,0.0519168534176928,4.049180327868853,0.329826659813844,1.98602,1.058935578588235,-0.98602,-0.9311425736724744,0.9282814343713126,0.4139435260750928,1.0,1,4,4,0,0.2837837837837837,0.2688448602620755,0.1875,0.1708333333333333,0,0.0,0,0.0,-0.606432946571771,0.3513061141261565,-0.3769856621035141,0.2906456250228006,-0.3925476039280398,0.2536124999999998,-0.0154583481981377,0.1719904166666662,-0.1622238797221045,2.3266,-0.1648200336826287,0.8036333333333328,-0.123965584578387,1.5639,-0.125993837734982,0.5356333333333325,-0.4333468861044244,0.1581,-0.4164983272830525,0.0570999999999996,-0.516149072566965,0.9184181776686439,-0.7634968836629419,0.8927855493460094,0.37518900376051617,0.40966203371463566,0.7870993249148657,0.21117852058091355
Carrot,Kiwi,12,12,1,11,11,382,0.0553435114503816,4.338374291115312,0.3064994021804637,2.1312,1.1998110517910725,-1.1312000000000002,-0.942815119356794,0.9258614827703446,0.3899006000526988,1.0,2,7,14,0,0.2922077922077922,0.2742484755387981,0.2625,0.2625,0,0.0,0,0.0,-1.0209257414754982,0.4416328888941166,-1.3241329121901857,0.3750984379377411,-0.6143437323484968,0.3951150000000039,-0.1874289564895406,0.2839387499999997,-0.2868172925196486,7.3018,-0.2963688263818153,2.7462999999999864,-0.2208665060840463,5.0299,-0.2293539931522524,1.841666666666672,-0.8443431660054638,0.4162,-0.7372841938086352,0.1888333333333288,0.05717503407755815,0.9663609015278054,0.1931367036790393,0.9531424568162302,0.47208091228122645,0.7100196038304066,0.7844331069314276,0.5310178933191912
Apple,Olive,20,2,0,20,2,383,-0.0160563604038901,3.7414634146341466,1.0,0.61402,0.6459717018569776,-0.61402,-0.950536994476498,1.0,1.0,1.0,4,5,20,1,0.411504424778761,0.3515573755473717,0.45,0.2958333333333333,0,0.0,0,0.0,-0.414972260920032,0.4763507389960561,-0.5984887141897439,0.4014229408726434,-0.0106592505700755,0.4523825000000031,-0.2420406238647366,0.3262675,-0.3428119948337508,9.9944,-0.3601030568532108,3.854566666666681,-0.2626737924944201,6.8617,-0.2764567057732383,2.5529999999999986,0.9173988370120232,0.543,0.221407330344859,0.2680666666666677,0.34473547271553484,0.9795288825693074,-0.026269062072365262,0.9572346262838444,0.04309379307752318,0.6737690355799858,-0.1935984745411064,0.430959216402379
"Cow Milk, UHT",Fig,34,8,2,32,6,365,0.084999352120424,4.325443786982248,0.1391665605535246,3.26068,1.3210321485868544,-1.2606799999999998,-0.9543143982896896,0.9132417351652968,0.1996737607941875,1.0,4,13,52,0,0.4087591240875912,0.394469003803845,0.2875,0.2625,0,0.0,0,0.0,-1.0144320883645896,0.581011822229965,-0.8349260770697223,0.4872798651710435,-1.552771538260703,0.6144637500000036,-1.3413130282984551,0.4746995833333339,-0.5113222016362845,22.749,-0.568980194412738,10.012099999999949,-0.4029527444688736,16.5597,-0.4430375874593602,6.784766666666683,-2.363813715855684,0.8482,-1.6878927660025576,0.6111333333333315,-1.9212279757859525,0.9612425205686159,-1.4704017065089108,0.9562097533310245,-1.8423793632281467,0.5328214400928497,-1.5182121573028362,0.4444395082950206
Orange,Soybean,23,16,3,20,13,369,0.1145389028806004,4.672990063233966,0.055172993410918,4.5476,1.6157890456368371,-1.5476,-0.9577982993380416,0.9034619307613848,0.0921191943557292,1.0,1,7,7,1,0.7786259541984732,0.465648854961832,0.8125,0.375,31,10.333333333333334,16,5.333333333333333,3.1313006251063498,0.3859211877053436,2.1346260021012133,0.3271167344730565,2.673384519592396,0.3049387500000013,1.752291457159937,0.2150016666666667,1.34324711590965,3.9282,1.2769384879656651,1.4059333333333384,0.7299786128981067,2.7111,0.7053180770244242,0.9551666666666656,1.779025373240613,0.2401,1.2936905647325732,0.0953333333333351,1.4770119821706773,0.9976807166640538,0.6731752392307058,0.9500291585897381,1.8566613576770286,0.9662766834799857,0.61433266442117,0.323924779876607
Sesame,Soybean,31,16,4,27,12,362,0.1323167640588888,4.745454545454545,0.0267275564492172,5.64,1.711560691299028,-1.6399999999999997,-0.9581898020544538,0.8972420551588968,0.0476005052952725,1.0,4,7,28,1,0.4375,0.390643390178549,0.475,0.3583333333333333,0,0.0,0,0.0,-0.4514545448421378,0.512419836489932,-0.4103555501688373,0.4290040901998704,-0.1590957073425613,0.5108462500000033,-0.1120666468864442,0.3739133333333329,-0.3999357088834666,13.8345,-0.4190587299779998,5.543000000000034,-0.3120930432553043,9.7535,-0.3267176588054225,3.7413333333333343,0.7067355825807201,0.6669,-0.1184294206206428,0.372966666666672,0.693708259067763,0.9912304853781797,0.9396064830629103,0.9791651578692084,0.5165778825926913,0.860075404379167,0.474543652811977,0.6522485147181879
Apple,Sesame,20,31,5,15,26,359,0.1487011453532459,4.813755325623859,0.0128714241561907,6.7939,1.8556246360727169,-1.7938999999999998,-0.9667364644374672,0.8941821163576729,0.0266452728842178,1.0,4,4,16,0,0.3304347826086956,0.2907859078590786,0.25,0.2333333333333333,0,0.0,0,0.0,-0.8421465282318907,0.4571495764542134,-1.2260882248758245,0.3859026822213243,-0.7863903668378726,0.422720000000005,-0.5859958336157507,0.3022025000000002,-0.3179846385723017,8.2791,-0.3253580723147395,3.1043666666666665,-0.2431104218243092,5.5972,-0.2496935037298359,2.04283333333333,-0.9532896799882667,0.4761,-0.8139930263474113,0.2236999999999967,-1.2452460607091738,0.9421607835358634,-1.165012195714981,0.935169336173627,-0.7035261966558073,0.42413963017937595,-1.1599772407871773,0.19300559003358472
Egg White,Peach,33,19,5,28,14,358,0.1473357976779221,4.771324863883848,0.0134148189656844,6.80696,1.8491337318863648,-1.80696,-0.9771927085861216,0.8978420431591368,0.0273662306899963,1.0,5,4,20,0,0.4444444444444444,0.4397064626072259,0.2,0.1916666666666666,0,0.0,0,0.0,-0.1960619178368517,0.4751195893315345,0.4798372275525648,0.4002727034421483,-1.1277356134708223,0.4520275000000061,-1.072787936365821,0.3257804166666672,-0.3293926538446132,10.2594,-0.3480712555433518,3.9047333333333394,-0.25325824841467,7.1656,-0.266732957294751,2.630566666666664,-1.0791210147625545,0.538,-0.9004620495642186,0.2668333333333351,-1.530635443623461,0.9415932711920073,-1.207926067898123,0.9391642971473376,-0.6326374302203052,0.49627702883798724,-0.45574290585445865,0.3795435066706812
Apple,Meat,20,13,2,18,11,374,0.0878016378382931,4.4007050528789655,0.130378901055081,3.42446,1.4392962545633206,-1.4244599999999998,-0.9896920078015335,0.9172616547669048,0.1894885064557006,1.0,4,3,12,0,0.2893081761006289,0.2826186392224128,0.225,0.2041666666666667,0,0.0,0,0.0,-0.9787274266589078,0.4304396946585286,-1.1375356104092496,0.3652839669891166,-0.7182144167681148,0.378016250000003,-0.5970250503478988,0.2680466666666661,-0.2666704156485396,6.8934,-0.2734294973118521,2.5350333333333293,-0.2092081589183609,4.8316,-0.214961676509567,1.7372333333333358,-0.7878740654125868,0.383,-0.7011801265894774,0.1642999999999959,-0.08875386265516806,0.9612575474334587,0.2459305105811861,0.9514274037768509,0.17546621330077997,0.5977877982376887,0.8024730576624772,0.4941754365160922
Banana,Onion,22,12,2,20,10,373,0.0866153804050828,4.337979094076655,0.1336509528064736,3.45368,1.4319966681525484,-1.45368,-1.0151420267446751,0.9215215695686086,0.1927462497749346,1.0,2,1,2,0,0.2727272727272727,0.2050659264399722,0.0875,0.075,0,0.0,0,0.0,-0.3691577614416457,0.3087579075904707,-0.9733539948834724,0.2678716326159214,-0.776322731545932,0.1948674999999998,-0.9086579334394396,0.1489006250000003,-0.1134218689080823,1.1564,-0.1137959452176583,0.5849,-0.0875793141863007,0.7747,-0.0878641600768777,0.39065,-0.3067440361603016,0.086,-0.3016013562336408,0.0445,-0.9053706408020894,0.8902065831349555,-0.4219243475958473,0.8897290498142578,-0.948569239306849,-0.13076707255076492,-0.97344531421847,-0.19756053766569584
Egg White,Kiwi,33,12,3,30,9,363,0.1076387296701461,4.390854184641933,0.065344878962669,4.59132,1.5519860365351248,-1.5913199999999996,-1.025344276648706,0.9147217055658888,0.1062564553566879,1.0,5,7,35,0,0.4311926605504587,0.3960041946407021,0.3,0.2625,0,0.0,0,0.0,-0.6360500828941459,0.5389844707477437,-0.5409478960745654,0.4491061616390796,-1.1231910004133754,0.5506012500000005,-0.9957388560737036,0.4084054166666666,-0.4171772180082073,17.2568,-0.4525555066108191,7.060333333333355,-0.3253430689644153,12.4006,-0.3496693101427999,4.807066666666684,-1.6564770255812624,0.7329,-1.2680614914268082,0.4484666666666688,-1.0714741145668507,0.9641043945854852,-0.628454895092798,0.9598631210395867,-1.6231457414776362,0.4419691432869109,-1.037826052856502,0.4175546115916205
Carrot,Egg White,12,33,3,9,30,363,0.1076387296701461,4.390854184641933,0.065344878962669,4.59606,1.5541983388229454,-1.5960599999999996,-1.0269345682152495,0.9157816843663128,0.1062564553566879,1.0,2,5,10,0,0.3935483870967742,0.3598799050411953,0.2625,0.2041666666666667,0,0.0,0,0.0,-0.1576233468865915,0.4151507473034135,0.1021143903504573,0.3528762009246854,-0.4408704993432341,0.3529350000000009,-0.4524719167041345,0.249757083333333,-0.2413235824348979,5.5751,-0.2499966913361951,2.0076000000000027,-0.1852037240167207,3.834,-0.1913746687738517,1.3520333333333354,-0.6981627362633358,0.3277,-0.6299742286421904,0.1357666666666655,-1.561451703512548,0.9202260167035826,-1.5507074281352038,0.9145908913592873,-0.8348809685117536,0.2512472729151326,-0.908012999828423,0.12923430187457902
Fish,Kiwi,4,12,0,4,12,389,-0.0174522794015454,3.462222222222222,1.0,0.80784,0.7789701755523122,-0.80784,-1.0370615273264068,1.0,1.0,1.0,9,7,63,1,0.3804347826086957,0.3753822629969419,0.35,0.2708333333333333,0,0.0,0,0.0,-1.3533834707012704,0.6136265225778519,-1.1760259904898704,0.5131560314804146,-1.4952379325126162,0.6539762500000015,-1.5062425136354411,0.5142412500000026,-0.5356068478178592,28.1657,-0.61197352650236,12.67929999999993,-0.4252761235450968,21.0038,-0.4742873489239825,8.727200000000021,0.3454264809943017,0.8934,-1.0526141262881183,0.6969000000000075,-0.2999943987592316,0.9856925404440942,-1.3925845831737858,0.9627624258681461,-0.5654896641417663,0.7929093827798195,-1.569668239300701,0.507104330711052
"Cow Milk, UHT",Peach,34,19,5,29,14,357,0.1433730090223296,4.596727060198714,0.0152538810079265,6.93866,1.8634745515836808,-1.93866,-1.0403469145057131,0.9092818143637128,0.0302382588178331,1.0,4,4,16,0,0.4603174603174603,0.4014016076516076,0.2,0.1625,0,0.0,0,0.0,0.0480805827563015,0.4531791717858671,0.2215648924094765,0.3841988249956309,-0.9935022834017668,0.4169587500000036,-1.1612461530467848,0.2995674999999987,-0.3006615938937201,8.5353,-0.3144246464422603,3.206166666666656,-0.2337991672665371,5.9495,-0.2443110896431098,2.168333333333333,-0.9352890752559946,0.4666,-0.800970902231695,0.2185666666666632,-1.5389559861088615,0.9352238907150618,-1.2726260146104076,0.9330014404087897,-0.3337025417913193,0.5183086924700102,-0.6716995883193558,0.28294240778360674
Egg Yolk,Peach,14,19,2,12,17,374,0.0858570674095452,4.28,0.135572740194248,3.51582,1.455702485949653,-1.5158200000000002,-1.041297940087757,0.9245215095698086,0.1950161724332644,1.0,2,4,8,0,0.4835164835164835,0.468050468050468,0.175,0.1541666666666666,0,0.0,0,0.0,0.6830693487773974,0.3960582093973834,2.0475186027530783,0.3371574315767681,-0.7723057828569528,0.3249600000000017,-0.8040912689382831,0.2287887499999986,-0.2185413462678151,4.2925,-0.2247988869814473,1.5307333333333366,-0.1660771484105958,2.9014,-0.1708581134231289,1.0180333333333331,-0.6169630295366115,0.2757,-0.566791738796446,0.1101000000000015,-0.8392714491554958,0.9342353135717787,-0.3410453854972392,0.9320217140661229,-1.1087520887061482,0.12257988076042516,-1.1543468278947204,0.04214472540016071
Kiwi,Meat,12,13,1,11,12,381,0.0507922836296214,3.9808695652173913,0.3276749929535792,2.28488,1.2286266257899512,-1.2848799999999998,-1.04578557311818,0.9406611867762644,0.4130913956111414,1.0,7,3,21,0,0.3448275862068966,0.3393825814365545,0.2125,0.1833333333333333,0,0.0,0,0.0,-0.8621563187975507,0.4814996071124604,-0.7830916884503739,0.4048569901815432,-1.1037142969833116,0.4607200000000029,-1.173985728088036,0.3321991666666663,-0.3430976247157477,10.7715,-0.3635838002842597,4.133133333333338,-0.2654854372889032,7.5583,-0.2800755392951041,2.789866666666664,-1.1295267496600254,0.5606,-0.9354089414877332,0.2821666666666702,-1.0342277066449859,0.9521744216137531,-0.7113821939620193,0.9473187205162291,-1.1291887744331053,0.3816429431998437,-0.8742635361154187,0.30959302691987567
Banana,Orange,22,23,4,18,19,364,0.1294728965173043,4.546777546777546,0.0292018187798226,5.87794,1.7912234244783647,-1.87794,-1.0484119258025495,0.9118617627647448,0.051354922681757,1.0,2,1,2,1,0.7938931297709924,0.5381679389312977,0.85,0.51875,30,15.0,15,7.5,4.908538103453865,0.3092488618535979,4.144322165707528,0.2684458795433188,4.711840865477801,0.1942349999999999,4.555310750782937,0.1486593749999997,4.288519078940015,1.0121,4.17730964795812,0.51445,2.8059184624707645,0.621,2.739759979841711,0.3155,3.357072928952653,0.0815,3.1766277272223524,0.0422,2.0095265865092986,0.9976100100995117,1.478667376725704,0.9583512405390455,2.8093033491343857,0.9652152920898325,2.4559238286102123,0.49282228216958285
Peanut,Shellifish,14,38,4,10,34,357,0.1245236001909485,4.440993788819876,0.0332701055901146,5.7803,1.6958867621394993,-1.7803000000000004,-1.049775279661955,0.9152616947661046,0.0577849202354622,1.0,12,6,72,0,0.4722222222222222,0.4509650495565989,0.3,0.2875,0,0.0,0,0.0,-0.9027672991040376,0.6253683537274545,-0.6284150288253443,0.5254894951947133,-1.9100349358364896,0.6710862500000038,-1.5511403519032134,0.5357133333333328,-0.5710836137885201,29.289,-0.6540245394106045,13.547899999999917,-0.4536165945476643,21.7526,-0.5075013997891126,9.254033333333313,-3.405063646730726,0.9206,-2.2681909503641298,0.7460000000000068,-3.8843229050526826,0.9501417428683997,-3.4018472635265633,0.9418789207665185,-4.772303353291008,0.2704677096218071,-3.408519469078179,0.26856745901599205
Pistachio,Potato,31,34,8,23,26,348,0.1807619826975231,4.756724207145725,0.0021055920519837,10.29874,2.169924978518842,-2.2987400000000004,-1.0593638133835788,0.9037819243615128,0.0054686904683467,1.0,4,2,8,0,0.3031914893617021,0.2956339655338404,0.2625,0.1791666666666666,0,0.0,0,0.0,-0.7233036567754991,0.3990401173674158,-0.6470931779635858,0.3389565935007739,-0.3203563977563684,0.3260275000000026,-0.532476332454117,0.2298954166666658,-0.2324052229284408,4.4221,-0.2361629794161346,1.584833333333338,-0.1798072669109988,2.9947,-0.1831397277591518,1.0547000000000006,-0.6197443384031023,0.2775,-0.5700415391445106,0.1111666666666679,-0.012600294574723942,0.9550945210298949,0.6346522121457637,0.9501769662724237,-0.18101457116466732,0.3988442344267671,0.1288954525398796,0.27327450389053276
Olive,Rice,2,25,0,2,25,378,-0.018069273054159,2.9686274509803923,1.0,0.71128,0.6713574022828674,-0.71128,-1.0594654912292332,1.0,1.0,1.0,5,7,35,0,0.4013157894736842,0.3879490392648287,0.2875,0.2458333333333333,0,0.0,0,0.0,-0.8172256552518214,0.5405907686224226,-0.6259370106720893,0.4502836272062951,-1.172580568483661,0.5513912500000013,-1.1016573146898183,0.4088045833333324,-0.4443995063154413,17.0081,-0.4736416806235857,7.011233333333372,-0.3481927429715358,12.1561,-0.3691658838552856,4.746900000000004,-1.6611437313611972,0.734,-1.2698685222499424,0.4503666666666686,-1.9873350910079657,0.9490475963802204,-1.5304068134874056,0.9463074492625657,-1.9536787110522909,0.37012145113949235,-1.7354936941328034,0.28165168265843404
Fish,String Bean,4,13,0,4,13,388,-0.0181880630899448,3.197530864197531,1.0,0.85428,0.799828532624337,-0.85428,-1.0680789258630234,1.0,1.0,1.0,9,8,72,1,0.4125,0.3934565116817025,0.3375,0.2958333333333333,0,0.0,0,0.0,-1.276710590699596,0.6308766915792829,-1.1306102786152283,0.527829884136703,-1.7267687459288297,0.6763500000000061,-1.5135616845463318,0.5383245833333336,-0.5816202406369312,30.5511,-0.6647327254935993,14.022966666666628,-0.4633772736920454,22.8291,-0.5172354694023462,9.641700000000013,0.2948839123097941,0.92,-1.2708888064123107,0.7492666666666727,-0.09992446891519706,0.9893961036940673,-1.3962186270210255,0.9659739819457401,-0.3158265441961259,0.8498565957307039,-1.847606816126476,0.5109930827569503
Fish,Meat,4,13,0,4,13,388,-0.0181880630899448,3.197530864197531,1.0,0.85542,0.7996228008254892,-0.85542,-1.0697793998831806,1.0,1.0,1.0,9,3,27,1,0.8133802816901409,0.6792544256363872,0.975,0.8624999999999999,129,86.33333333333333,111,74.0,1.8529998106042465,0.507743421731556,2.717394735493227,0.4257192215980025,2.0792882135536987,0.5024050000000024,3.5167137304815066,0.3681737500000011,3.321374531122017,13.5578,6.152602424895776,5.452800000000015,3.228458281440608,9.5843,6.190919421469228,3.676166666666664,0.7439883869393222,0.6437,1.9232414092044492,0.3575333333333387,1.1485233295342017,0.9991509925015094,1.7480551263595527,0.9916103622306839,1.1266960154847716,0.9930466306056172,1.7152921488013255,0.8860289081789405
Carrot,"Cow Milk, UHT",12,34,3,9,31,362,0.1046309631673918,4.239766081871345,0.0704393472794037,4.68274,1.554672342456764,-1.68274,-1.082375979842066,0.9239815203695926,0.1119446850531034,1.0,2,4,8,0,0.3935483870967742,0.3303169948331239,0.2375,0.2166666666666666,0,0.0,0,0.0,-0.0314113637525947,0.3975959316055903,-0.1228624032349589,0.3382926399164524,-0.4438844805743033,0.3241087500000021,-0.1261882686445579,0.2284508333333335,-0.2208111436517579,4.4177,-0.2260888390648725,1.5721666666666725,-0.169075016722447,3.011,-0.1733573312733748,1.0545333333333338,-0.6137197914185712,0.2736,-0.566054508383976,0.108833333333335,-1.1290765811213226,0.9262316895599824,-0.9846744944050518,0.9194969125926707,-0.5625429606969303,0.27637663201177787,-0.5316429908863289,0.14853282294813236
Cherry,Pistachio,13,31,3,10,28,364,0.1056390948950461,4.2631578947368425,0.0687318402172992,4.7188,1.586583297529633,-1.7188,-1.083334233176558,0.9242815143697126,0.1101673210340139,1.0,4,4,16,0,0.376068376068376,0.3624146643014567,0.1875,0.1791666666666666,0,0.0,0,0.0,-0.5304962619984595,0.4566497097859425,-0.2993977913527247,0.3858363006000439,-1.0538891653944664,0.4197400000000009,-1.0276982852653924,0.3004045833333337,-0.3059394740049128,8.5573,-0.3201191901825824,3.1988333333333108,-0.2362891139145235,5.9627,-0.2473561015814338,2.1670333333333303,-0.9428313025829892,0.4706,-0.8100953914415673,0.2200333333333306,-1.3894899842396586,0.938882979714057,-1.0086378872184163,0.9376074415393618,-2.0871936230942145,0.03789514590917826,-2.0545708461880112,0.018539614989843873
Shellifish,Strawberry,38,21,6,32,15,352,0.1538934247037621,4.548387096774194,0.0086830957765868,8.1628,1.968892114870692,-2.1628000000000007,-1.0984857848049454,0.9148417031659368,0.019102810708491,1.0,6,3,18,0,0.3129770992366412,0.3055835613807672,0.225,0.2208333333333333,0,0.0,0,0.0,-0.9927684899762712,0.4638255095038062,-1.0899981906242049,0.3925101248500526,-0.949727860980192,0.4339137500000044,-0.7582753869702457,0.3127120833333336,-0.3297860124230509,8.8557,-0.3443199166582978,3.3734666666666584,-0.2545747756594379,6.0628,-0.2661778519558235,2.233399999999996,-1.014302267110115,0.5071,-0.8596150002003919,0.2450666666666666,-0.9161995586255035,0.9510220436633443,-0.5211598801483307,0.9472972839541326,-0.41674468878194076,0.5236488856063378,0.08389885174846648,0.458179798576063
Egg White,Hazelnut,33,16,4,29,12,360,0.124927890455368,4.399322033898305,0.033073313454612,5.91626,1.732307020247852,-1.9162600000000003,-1.1061895943398237,0.9230615387692246,0.0576215181616067,1.0,5,12,60,0,0.4608695652173913,0.432712215320911,0.275,0.2583333333333333,0,0.0,0,0.0,-0.8238101828753526,0.6006642186462605,-0.6206991330651621,0.5026886801288479,-1.7889302352471923,0.6398900000000057,-1.5321215366298762,0.5000491666666654,-0.5383443781566964,25.2242,-0.6062372093814569,11.278633333333278,-0.4238734431018198,18.412,-0.4694112704177841,7.634199999999991,-2.727419763329592,0.8815,-1.904270527157768,0.6694000000000031,-1.9773269207984425,0.9647609429341598,-2.364888499032061,0.9486233734867052,-2.69246597786114,0.4571174907180482,-1.9473765482810268,0.4227718880184514
Chicken,Fig,7,8,0,7,8,390,-0.0188259640092193,3.062745098039216,1.0,0.95072,0.8542198087143612,-0.95072,-1.1129688053369728,1.0,1.0,1.0,5,13,65,0,0.3669724770642202,0.3519798244568887,0.2625,0.2416666666666666,0,0.0,0,0.0,-1.4393400944837198,0.6125948579111391,-1.3736825009087952,0.5135070852950976,-1.9419930165661403,0.6541737500000075,-1.700271493934762,0.5155091666666664,-0.5543561593814379,27.4856,-0.6307554751929589,12.528099999999958,-0.4408943025977687,20.3225,-0.4927290845144348,8.576666666666664,-2.9983345360399647,0.8999,-2.046070640453812,0.7012666666666716,-2.9707240166609195,0.9551557972659233,-2.02845919479839,0.9547531167393979,-2.7827386495931328,0.47352724266186164,-2.0243718110671693,0.43652045861558975
Peach,Strawberry,19,21,3,16,18,368,0.1061071003280959,4.225225225225225,0.0680362718275142,4.85576,1.6661677053646191,-1.85576,-1.1137894426983217,0.9276814463710724,0.1096673805605547,1.0,4,3,12,1,0.9465648854961832,0.6833962416563598,0.95,0.6458333333333334,95,44.333333333333336,87,37.0,3.629650691675633,0.4312273489804964,4.4253244814422485,0.3656351658815583,2.694261022276567,0.3798300000000016,3.5220129155232582,0.2694916666666664,3.616204681219049,6.6003,4.879123170830202,2.410399999999993,3.772290018183016,4.5412,4.710584024225742,1.6199000000000012,1.252482764252487,0.3893,2.114839303595472,0.1674999999999959,1.5614954896156406,0.9994935732104058,1.4511882332164878,0.9719598198096323,1.5302146805153283,0.9928686554870485,2.0132443286061688,0.7303344496575591
Hazelnut,Rice,16,25,3,13,22,367,0.1059890535623241,4.234567901234568,0.0682104401777128,4.83144,1.6393375266857038,-1.83144,-1.1171829901940176,0.9278814423711526,0.1096673805605547,1.0,12,7,84,1,0.4260869565217391,0.4019897251222413,0.55,0.4666666666666666,2,1.3333333333333333,0,0.0,-1.322790240364511,0.6474944144450578,-1.1805255075805536,0.5462795421389027,-0.7998422109014339,0.6989462500000037,-0.6402052609222404,0.5683441666666664,-0.5707072939665666,33.4359,-0.6499723133359939,15.842100000000064,-0.4854842424203799,25.233,-0.5516778791742067,10.930800000000009,0.2417127706711083,0.9448,-1.5828540980781736,0.8088333333333375,-0.45395372833095604,0.9875535712007594,-0.17119650465890537,0.982803168079327,-1.2832789363526909,0.7606497311829882,-0.6794616409969542,0.7242307901549818
Kiwi,Peanut,12,14,1,11,13,380,0.0466454246615301,3.676328502415459,0.3482563707203063,2.4184,1.266768108218706,-1.4184,-1.119699802037576,0.9496810063798724,0.4350239048070376,1.0,7,12,84,1,0.8348623853211009,0.5393072844132413,0.8625,0.4541666666666666,39,13.0,29,9.666666666666666,1.1269858675069446,0.6472720448274394,-0.0562153291681964,0.5461703047627705,0.8871795952742751,0.6989325000000051,-0.7203145645945138,0.568105000000001,0.1040205272355273,33.3434,-0.1281248206904425,15.87853333333342,0.0774270968413413,25.0497,-0.0642090603802819,10.936933333333268,0.2361000704007586,0.9472,-1.611755758477888,0.8107333333333414,0.3389092894938364,0.994658300437181,-1.837199172500356,0.9651734802203945,0.11378935273746243,0.9190547801304132,-1.2806394835735966,0.6458702072460015
Meat,String Bean,13,13,1,12,12,380,0.0463108320251177,3.6528,0.3499147514563869,2.44006,1.274506648236878,-1.44006,-1.129896028390393,0.9517609647807044,0.4350239048070376,1.0,3,8,24,0,0.3629032258064516,0.3573313782991202,0.3,0.2791666666666666,0,0.0,0,0.0,-0.8125526998185806,0.4955047978880427,-0.6467351788882678,0.4158132199740906,-0.8060918309139912,0.4824662500000036,-0.5357282475339069,0.351596666666666,-0.3596643467247796,12.1532,-0.3828374301694429,4.829300000000015,-0.2791179420809951,8.5717,-0.297602242774004,3.266199999999989,-1.2339790675094384,0.6036,-1.001387848661217,0.3209333333333382,-0.833198220522813,0.9592466658706049,-0.6536959188985514,0.9511017510728048,-1.3061363348085437,0.3808460673157004,-1.0187146362849941,0.3170810563879248
Banana,String Bean,22,13,2,20,11,372,0.0799660878884329,3.9501590668080593,0.1528671062369508,3.67726,1.4732341607497434,-1.67726,-1.1384883983048737,0.9395812083758324,0.2138614628402229,1.0,2,8,16,1,0.7938931297709924,0.4869042836097878,0.85,0.4708333333333334,26,8.666666666666666,11,3.6666666666666665,2.201176183729937,0.456202773937542,1.247791804356396,0.3854898656053353,1.9370661114484915,0.4203750000000024,1.398004166881296,0.3014354166666667,0.5794584002110262,8.8958,0.493225384563679,3.38693333333333,0.1785120616785272,6.2368,0.1458162291464199,2.302433333333333,1.0595714100118288,0.4711,0.40350684521543,0.2223999999999964,1.2948400565670446,0.9981427950511599,0.26075435957541937,0.9571464465137031,1.306819540127269,0.9732757654839742,0.4376136741547606,0.4994650657053137
Gluten,Onion,5,12,0,5,12,388,-0.019536616629114,2.8254545454545457,1.0,0.97722,0.856446771025497,-0.97722,-1.1410166201337777,1.0,1.0,1.0,1,1,1,0,0.2348484848484848,0.2348484848484848,0.0875,0.0875,0,0.0,0,0.0,-0.3874813526652671,0.2688662686263666,-0.3874813526652671,0.2688662686263666,-0.5473172822806557,0.1501750000000001,-0.5473172822806557,0.1501750000000001,-0.1016260384318036,0.5446,-0.1016260384318036,0.5446,-0.0817917942715707,0.3433,-0.0817917942715707,0.3433,-0.2160602184645075,0.0446,-0.2160602184645075,0.0446,0.02030381209767809,0.9054748410205132,0.02030381209767809,0.9054748410205132,1.2081160291547732,0.346253598542797,1.2081160291547732,0.346253598542797
Casein (nBos d8),Tomato,15,19,2,13,17,373,0.0801513640114888,3.952380952380953,0.1521382566459847,3.71634,1.5038872977720097,-1.7163400000000002,-1.1412690316240697,0.9393812123757525,0.2138614628402229,1.0,1,2,2,0,0.2595419847328244,0.2138831418991225,0.15,0.10625,0,0.0,0,0.0,-0.4992486732354406,0.3092419304732371,-0.8335485435970277,0.268421536749607,-0.3133923597926408,0.1940837499999993,-0.5158732649491259,0.1485493750000003,-0.1159246800225863,1.4121,-0.1162604398577555,0.7145,-0.0917952893607099,0.994,-0.092205662602199,0.50265,-0.2944830694630698,0.0798,-0.2906661536967523,0.04095,-0.5065932839622729,0.9038918878872491,-0.5276845121175333,0.8851692008842496,0.07224310222389461,0.16460736347192603,-0.08140395082330475,-0.02140189311048868
Cow Milk,Peach,28,19,4,24,15,362,0.1236541657525303,4.2955892034233045,0.0344586250590699,6.03646,1.7828546402889962,-2.03646,-1.142246795661308,0.9267014659706806,0.0594808881788868,1.0,4,4,16,0,0.4603174603174603,0.4014016076516076,0.2,0.1625,0,0.0,0,0.0,0.0480805827563015,0.4531791717858671,0.2215648924094765,0.3841988249956309,-0.9935022834017668,0.4169587500000036,-1.1612461530467848,0.2995674999999987,-0.3006615938937201,8.5353,-0.3144246464422603,3.206166666666656,-0.2337991672665371,5.9495,-0.2443110896431098,2.168333333333333,-0.9352890752559946,0.4666,-0.800970902231695,0.2185666666666632,-1.5389559861088615,0.9352238907150618,-1.2726260146104076,0.9330014404087897,-0.3337025417913193,0.5183086924700102,-0.6716995883193558,0.28294240778360674
Cow Milk,Tomato,28,19,4,24,15,362,0.1236541657525303,4.2955892034233045,0.0344586250590699,6.03342,1.7769364376926955,-2.03342,-1.1443403133993588,0.9281214375712484,0.0594808881788868,1.0,4,2,8,0,0.3129770992366412,0.2953884052634046,0.15,0.1458333333333333,0,0.0,0,0.0,-0.6576971422039547,0.3984960926630777,-0.6634063039633071,0.3385083539557206,-0.8952832748323765,0.3260925000000012,-0.8899399676666692,0.2290399999999998,-0.2091629214031065,4.7733,-0.2153020032997425,1.7029000000000054,-0.1620753999963666,3.3531,-0.1666579744615434,1.1749666666666665,-0.617426489238403,0.276,-0.5703255881762171,0.1090666666666686,-0.7091741971318059,0.9372874282171246,-0.16158514074008126,0.9352566704987141,-0.9481765979914086,0.16460736347192603,-1.0883590358034156,0.051631848320989014
Banana,Meat,22,13,2,20,11,372,0.0799660878884329,3.9501590668080593,0.1528671062369508,3.68872,1.4747558311801994,-1.68872,-1.1450844704567618,0.9398012039759204,0.2138614628402229,1.0,2,3,6,0,0.2977099236641221,0.2680545917187139,0.125,0.1083333333333333,0,0.0,0,0.0,-0.6423565765045822,0.3760091857648124,-0.8383114418167547,0.3184887437510428,-0.897933572993458,0.2897575000000011,-1.1238911537303158,0.202249583333333,-0.1899035413263781,3.3958,-0.1935911448267314,1.1812333333333358,-0.1463475433802516,2.3237,-0.1489371628145829,0.7989666666666655,-0.5191520512864776,0.2123,-0.4898979485566517,0.0800000000000015,-0.5192219866615619,0.9357240106197253,-0.18713037380984915,0.9269867924781307,-1.1065580775372226,0.04569170691162601,-0.823900203012962,0.03445931624939943
Olive,Pistachio,2,31,0,2,31,372,-0.0202818478578709,2.365079365079365,1.0,0.82142,0.6912084950288154,-0.82142,-1.18838238521035,1.0,1.0,1.0,5,4,20,0,0.3928571428571428,0.373015873015873,0.25,0.2291666666666666,0,0.0,0,0.0,-0.5540417075270434,0.4807637682645927,-0.3610078590833544,0.4032782114613211,-0.9262245811028956,0.4584437500000035,-0.7928414449756821,0.3299308333333354,-0.3425493410565055,10.4562,-0.3590026329967671,4.010166666666672,-0.2630212464885635,7.2519,-0.2756432474322335,2.683333333333327,-1.1127164370551683,0.5532,-0.9243936227930052,0.2761666666666683,-1.7594941971019715,0.9371117212897073,-1.5087203482837432,0.9344687168366459,-2.2055779322957365,0.09001660044312407,-2.071248769090237,0.06612364906927215
Fish,Wheat Flour,4,16,0,4,16,385,-0.0202555014905332,2.595959595959596,1.0,1.01446,0.8515226998735853,-1.01446,-1.1913481580122336,1.0,1.0,1.0,9,5,45,0,0.4181818181818181,0.3858284066614016,0.2875,0.2374999999999999,0,0.0,0,0.0,-0.8712296226454347,0.5677599217726309,-0.8242751908206007,0.4735513972245344,-1.4045904444172552,0.5919912500000051,-1.367074458386118,0.4490145833333351,-0.4675433177423462,20.8386,-0.5158710012040467,8.87873333333332,-0.3671491050690358,15.1546,-0.4003489890904957,6.047133333333342,-2.098905763822046,0.815,-1.5171739040565608,0.5471999999999986,-0.34638089367425895,0.9802218799342577,-0.4601991898797141,0.9673983548488213,-1.5172269805827665,0.5470319066701126,-1.3839744800797529,0.426206748083157
Gluten,String Bean,5,13,0,5,13,387,-0.0203602754481988,2.609427609427609,1.0,1.04932,0.8802088034097363,-1.04932,-1.1921262272487665,1.0,1.0,1.0,1,8,8,0,0.2741935483870967,0.2457838143746462,0.1375,0.1291666666666666,0,0.0,0,0.0,-0.9371630302206476,0.3961941879420243,-1.347725670981365,0.3368503981430546,-0.9377189277078872,0.3221825000000011,-1.0231234724501288,0.2284191666666676,-0.2173116676918315,4.6485,-0.2248205560096536,1.6824666666666723,-0.1695961518516296,3.2518,-0.1758518694796642,1.1567333333333358,-0.6123303352223547,0.2727,-0.5559801813212277,0.1122666666666679,-1.1576611522593963,0.9102204841944974,-1.0683096238859002,0.9013947959290985,-0.5128534159579082,0.29301228775147836,-0.2363784206148626,0.2046189340472695
Fish,Soybean,4,16,0,4,16,385,-0.0202555014905332,2.595959595959596,1.0,1.00992,0.84629876143121,-1.00992,-1.193337443023175,1.0,1.0,1.0,9,7,63,1,0.4311926605504587,0.4006116207951071,0.3375,0.2833333333333334,1,0.3333333333333333,0,0.0,-1.056944614553205,0.6113140497388085,-0.9613873132540716,0.511348446716625,-1.576578641047119,0.6533400000000057,-1.440985270275707,0.5122491666666683,-0.5483424234833725,26.1183,-0.6122348188194575,11.89639999999994,-0.4497475949176898,19.042,-0.4896512934402289,8.034866666666664,0.3292441112162234,0.9022,-1.0627326580807426,0.695800000000004,-0.04635439330611014,0.9887128455535305,-1.4205012807062702,0.9625439871595356,-0.22705528988131715,0.8424525552799819,-2.1159571802426944,0.4200740714825548
Cherry,Egg White,13,33,3,10,30,362,0.0993755159504796,3.9617486338797816,0.0802938379012402,4.92258,1.610858821746959,-1.92258,-1.193512413406274,0.9390812183756324,0.1244332681287176,1.0,4,5,20,0,0.4615384615384615,0.4330919292751353,0.3,0.2583333333333333,0,0.0,0,0.0,-0.0990813965954021,0.4769349860531223,0.3863696474558071,0.4016854711217703,-0.6905993773608529,0.4535275000000052,-0.5499605585395847,0.3267641666666664,-0.3147648425125569,10.5366,-0.330435270340002,4.003999999999997,-0.2427703330390695,7.4581,-0.254038668654946,2.740199999999985,-1.0906975729014772,0.5433,-0.908265444461159,0.2701000000000023,-0.776402041442022,0.9570856360234102,-0.2890765811826023,0.9535852179209069,-0.8569874048176,0.44673532782781694,-0.5088162666062374,0.37329371267570016
Kiwi,Rice,12,25,2,10,23,370,0.0761941231023725,3.753799392097264,0.1651790000477632,3.77228,1.4737379691111994,-1.77228,-1.2025747026582,0.9460410791784164,0.227679162227998,1.0,7,7,49,0,0.3706896551724138,0.3665770325846251,0.325,0.2541666666666667,0,0.0,0,0.0,-1.2071706602457206,0.5785983779696992,-1.0729360165636452,0.4815247250229872,-1.3077424946239615,0.6056262500000025,-1.340005151065348,0.4621904166666665,-0.4946582087747351,22.0708,-0.5442103959531184,9.47563333333332,-0.3885751101775258,16.0215,-0.4220629266405064,6.436300000000021,-2.2285841048010364,0.8324,-1.6057836942459962,0.5803000000000003,-2.1630073631744673,0.9565043948367434,-1.4658263120842712,0.9552238834952962,-2.2102042319274218,0.4519136232955196,-1.6023452832515035,0.4118753193148407
Egg White,Meat,33,13,3,30,10,362,0.0993755159504796,3.9617486338797816,0.0802938379012402,4.9352,1.6014371545583672,-1.9352,-1.2084145759273803,0.9419611607767844,0.1244332681287176,1.0,5,3,15,0,0.3454545454545454,0.3305591122492531,0.2875,0.2375,0,0.0,0,0.0,-0.7024035396645989,0.452159000288043,-0.6615839211921343,0.3809930641491424,-0.5682256950391001,0.4129050000000047,-0.4913089619042031,0.2939083333333336,-0.2989475030352331,8.2376,-0.3112219788247772,3.0390333333333213,-0.2292587195875162,5.6737,-0.238459256507817,2.0338333333333334,-0.9113155679749256,0.4537,-0.7895616323399866,0.2074999999999945,-0.3074083365922493,0.9608916427376599,0.41849000115991075,0.9589150445030677,-0.6718654068175054,0.4120291588541837,-0.05301869621929462,0.38964969299710467
Meat,Orange,13,23,2,11,21,371,0.0763678547503739,3.756319514661274,0.1644211679042127,3.8193,1.4945927572419178,-1.8193,-1.2172546609668369,0.9478610427791444,0.2271927960449836,1.0,3,1,3,0,0.3511450381679389,0.2686560259079343,0.1125,0.0791666666666666,0,0.0,0,0.0,0.185909148688981,0.3317030587239671,0.0180644960207431,0.2676728329489758,-0.7308601678580078,0.2244562499999992,-1.0385315224462617,0.1486079166666664,-0.1593400998248977,1.5643,-0.1596909057703859,0.5380999999999997,-0.1246139436641882,1.0017,-0.1252845316099965,0.3421333333333335,-0.3602996530918078,0.1149,-0.3497235421835487,0.0408333333333328,0.13219351540391538,0.936368097018868,0.7671558556474531,0.9303007367926632,-0.46070514996174716,0.0973205846495373,0.45700943715826925,0.06969986871550311
Egg Yolk,Meat,14,13,1,13,12,379,0.0422218984479145,3.373333333333333,0.3714737010254353,2.58414,1.2987842239571592,-1.58414,-1.219709918537056,0.9608207835843284,0.4590236702098441,1.0,2,3,6,0,0.4090909090909091,0.3903969270166453,0.3,0.2625,0,0.0,0,0.0,0.2474035031439156,0.3783605601998678,1.1446382221800164,0.3196399355826194,0.0290572544078172,0.2945875000000013,0.6801622612898833,0.2045850000000005,-0.199033940650874,3.5378,-0.2028207834834795,1.234733333333336,-0.1529619663338882,2.4054,-0.1558430141486594,0.8290666666666658,-0.5371161427524856,0.2239,-0.5058481015516814,0.0845666666666684,0.49851844237214976,0.963180598176063,1.2536570418189958,0.9566237389411268,0.3407713252235688,0.4916399953649149,1.437562068530585,0.43319473358544486
Meat,Peanut,13,14,1,12,13,379,0.0422218984479145,3.373333333333333,0.3714737010254353,2.58816,1.2975622583907105,-1.5881599999999998,-1.2239566847217802,0.9589408211835764,0.4590236702098441,1.0,3,12,36,0,0.3363636363636363,0.3336859721475106,0.2625,0.2375,1,0.3333333333333333,0,0.0,-1.1862756465095723,0.5386531956486449,-1.1390681497583175,0.4507264602079132,-1.2820661676740304,0.5505387500000033,-1.1548160781716774,0.412042083333333,-0.4039177712403992,17.4687,-0.4471857289342532,7.25920000000002,-0.3351425442706041,12.5754,-0.3633901398455429,4.933266666666673,-1.6590193536423408,0.7335,-1.2695160700964994,0.4584000000000008,-1.8853852438873366,0.9492393093821339,-1.3094220091314532,0.9486846430666662,-1.8641959955123493,0.38257286680765684,-1.3551260013285211,0.35528858915554795
Casein (nBos d8),Shellifish,15,38,4,11,34,356,0.1162482799385271,4.043478260869565,0.0423317503476425,6.13126,1.7376164169344166,-2.13126,-1.2265422789686045,0.9395812083758324,0.0721827110791109,1.0,1,6,6,0,0.2803738317757009,0.2476635514018691,0.275,0.2375,0,0.0,0,0.0,-0.7996254497026629,0.375998260244082,-1.125510542355036,0.3181988177649376,-0.0739023151801274,0.2885325000000017,0.3994224150332573,0.2026766666666668,-0.1958977395965236,3.2245,-0.1986980596293084,1.156000000000002,-0.1510942299682655,2.1697,-0.1541803492368442,0.7682333333333321,-0.5230304735002377,0.2148,-0.4866252071076894,0.0835333333333349,-1.0626430998441097,0.9069363567350893,-0.8429279686243372,0.9016299107499185,-0.051161621172729106,0.36773201004038525,0.41910764641890264,0.25358927927551683
Egg White,Olive,33,2,0,33,2,370,-0.0209820527609029,2.2119402985074625,1.0,0.85406,0.691925947193773,-0.85406,-1.2343228396966326,1.0,1.0,1.0,5,5,25,0,0.4285714285714285,0.3928571428571428,0.375,0.2708333333333333,0,0.0,0,0.0,-0.4439275307338528,0.5005982019851868,-0.3036352206461644,0.4198766971967987,-0.5137049921651797,0.4906037500000031,-0.6474091830844487,0.3577979166666661,-0.3632316102019522,12.7295,-0.3877386335338205,4.990733333333364,-0.2810216944944749,8.9561,-0.2989830724967722,3.371999999999992,-1.269238376917927,0.617,-1.026709109730743,0.3331666666666715,-1.4775625404506896,0.9482969237190744,-1.0956940797271773,0.9455510951811251,-1.2169699402568004,0.4186797705458617,-0.7685165527958021,0.3778643942430631
Cherry,"Cow Milk, UHT",13,34,3,10,31,361,0.09641361589164,3.8253968253968256,0.0863942368576152,5.01718,1.611882392608097,-2.01718,-1.2514436594447274,0.9456210875782484,0.133518366052678,1.0,4,4,16,0,0.3511450381679389,0.3379266990098042,0.175,0.1458333333333333,0,0.0,0,0.0,-0.6988894319372506,0.4556209366924654,-0.6177004010150864,0.3851646747963887,-1.1142413338273929,0.4185050000000022,-1.3287727101959932,0.299021666666666,-0.2962137083730308,8.418,-0.304723133213895,3.1510333333333183,-0.2285539554113952,5.8454,-0.2355736993919911,2.1275999999999997,-0.9422637918473084,0.4703,-0.8118221967017978,0.2156999999999962,-1.1692613267083936,0.9437878795298468,-0.9018858205967989,0.9393631644034088,-0.35894835293658417,0.5152082533143796,-0.816175543741412,0.2569006120706612
Onion,Soybean,12,16,1,11,15,378,0.0393149667981166,3.185133239831697,0.3876969255828745,2.70124,1.319190078191919,-1.70124,-1.2896094566839966,0.9675606487870244,0.4748864088471454,1.0,1,7,7,0,0.303030303030303,0.2878787878787879,0.15,0.1333333333333333,0,0.0,0,0.0,-0.6743016370882422,0.3887568681081296,-0.6183991955271262,0.3282909374605217,-0.8239026218694755,0.3087400000000024,-0.8982023641096226,0.2159291666666663,-0.2012398549043351,4.0438,-0.2065377824541232,1.4493333333333396,-0.153191323094513,2.7635,-0.157602464169409,0.9744999999999996,-0.5750408588566764,0.2485,-0.5316267374208271,0.097866666666669,-0.08473319905334491,0.9446956113726809,-0.1137290583103731,0.9270739472657451,0.37279523481035337,0.5336195330910545,-0.13851022645645583,0.19204399746138803
Carrot,Soybean,12,16,1,11,15,378,0.0393149667981166,3.185133239831697,0.3876969255828745,2.70188,1.318106393884803,-1.70188,-1.291155257189912,0.9671606567868642,0.4748864088471454,1.0,2,7,14,1,0.4025974025974026,0.3578550481776288,0.425,0.3333333333333333,1,0.3333333333333333,0,0.0,-0.2835890820019663,0.4443406155064214,-0.2371704938882018,0.3757361883762407,0.115185864466653,0.4000387500000041,0.4346678690676249,0.2847204166666672,-0.256101351614712,7.4709,-0.2694167671134403,2.781233333333325,-0.2288273678838552,5.1176,-0.2375038440528527,1.860199999999999,1.1605459631763488,0.4261,1.8810913293499425,0.1904999999999944,1.0168153043768577,0.9896930892511447,1.0310058781810458,0.9680322498232156,1.2072716686770728,0.9220351837819798,1.3542251223386583,0.636440062412835
Carrot,Hazelnut,12,16,1,11,15,378,0.0393149667981166,3.185133239831697,0.3876969255828745,2.70298,1.3157808022615316,-1.7029800000000002,-1.2942733296252389,0.9663006739865204,0.4748864088471454,1.0,2,12,24,1,0.4387096774193548,0.4245496439044826,0.5,0.4624999999999999,3,1.3333333333333333,1,0.3333333333333333,-0.3409268888983087,0.4936800454711821,0.0943779234830641,0.4158549363473069,0.0827713712186348,0.4812437500000043,0.7936255969900848,0.3530633333333323,-0.2787459762704751,12.2292,-0.2873171360549378,4.918633333333357,-0.2541683725407739,8.5729,-0.2764418389829783,3.301066666666656,0.8195619023613,0.5982,2.056945619448588,0.3252666666666715,0.6563178242221356,0.9885826878749704,1.2810368577894466,0.9833382084348341,0.8816312100621574,0.9187808294082918,1.791494087857811,0.8778490616204668
Kiwi,Wheat Flour,12,16,1,11,15,378,0.0393149667981166,3.185133239831697,0.3876969255828745,2.70712,1.3152115060323943,-1.7071200000000002,-1.297981345335001,0.9670006599868004,0.4748864088471454,1.0,7,5,35,0,0.3853211009174312,0.3535777982568349,0.2375,0.2291666666666666,0,0.0,0,0.0,-0.9093289940432464,0.5373266151492592,-0.9762621783860636,0.4487206402436111,-1.4042496257127937,0.549361250000003,-1.2259649201763634,0.4078716666666652,-0.4461455702433675,16.2865,-0.4827373790027912,6.708666666666705,-0.3470206541510318,11.4937,-0.3738727282952615,4.478766666666678,-1.7003089671167375,0.743,-1.2863176027588723,0.4535666666666679,-1.2789895940971279,0.9607279418636289,-0.7208150124275865,0.9584692823275355,-1.1567878358244181,0.5355192439925718,-0.85469271710724,0.44974925297339335
Casein (nBos d8),String Bean,15,13,1,14,12,378,0.0384615384615384,3.1324137931034484,0.3923709948532342,2.74984,1.331247525593945,-1.7498399999999998,-1.314436245971084,0.9681006379872402,0.4795645492650641,1.0,1,8,8,0,0.3064516129032258,0.2602307557029444,0.1875,0.1416666666666667,0,0.0,0,0.0,-0.6838174898699633,0.3935580628662291,-1.1185566254156445,0.3352646647600351,-0.6758936676764422,0.318636250000002,-0.8802815646056912,0.2263404166666659,-0.2096972222817624,4.273,-0.2175788514351351,1.553366666666672,-0.1588656478994889,2.8952,-0.1652538105152236,1.032566666666666,-0.6010699236279562,0.2654,-0.5460373133716957,0.1093666666666684,-0.528332874951006,0.9312339571582944,-0.37133892387005507,0.9217814422700146,0.02579415462615575,0.45311173499348123,0.5590291206600778,0.34882260432799955
"Cow Milk, UHT",Rice,34,25,6,28,19,352,0.1443340742361448,4.12280701754386,0.012315475974997,8.68876,2.037726591670235,-2.6887600000000003,-1.319490068486637,0.9453610927781444,0.0257356394337883,1.0,4,7,28,0,0.34375,0.3330514453763781,0.2625,0.2416666666666666,0,0.0,0,0.0,-1.0085406222138165,0.50935301608192,-1.0210413758467534,0.4274354764125754,-1.0806432347225825,0.5059875000000018,-0.9331310065583324,0.3720191666666652,-0.3875802460047493,13.4808,-0.4113841520796076,5.395666666666706,-0.3011968232892958,9.5015,-0.3187327051553715,3.6290333333333367,-1.379710282840595,0.6556,-1.098193067011783,0.3699000000000048,-1.8004849194931205,0.944645421628246,-1.42478713251129,0.9422644351573689,-0.5331222614574276,0.6077768283454686,0.18729561353175564,0.5932168299081831
Olive,Shellifish,2,38,0,2,38,365,-0.0226684194937481,1.8987012987012988,1.0,0.92678,0.70012772520448,-0.92678,-1.3237298947550231,1.0,1.0,1.0,5,6,30,0,0.3571428571428571,0.3499373433583959,0.3125,0.2749999999999999,0,0.0,0,0.0,-0.9853860569877304,0.5208143914638053,-0.9148592962931557,0.4352450412626876,-0.930058293186663,0.5217962500000033,-0.770465599368543,0.3835475000000001,-0.3953056863434607,14.5577,-0.4228344129064263,5.855366666666679,-0.3055040993185019,10.2814,-0.3253617895633772,3.9324333333333175,-1.4637887693523994,0.6818,-1.1477530732521943,0.3922333333333381,-1.1001877481839482,0.9600837916925559,-0.8125768263940748,0.9539276003868561,-1.6435102095591247,0.3791549659719646,-1.1159721511599576,0.3594478993865568
Cow Milk,Soybean,28,16,3,25,13,364,0.0946260869495242,3.7058823529411766,0.090239932351139,5.243,1.688120552567261,-2.2430000000000003,-1.3286965771424852,0.9543809123817524,0.1379416949563733,1.0,4,7,28,0,0.3875,0.366139240506329,0.2375,0.225,0,0.0,0,0.0,-0.7601069641683357,0.5129351439255248,-0.6842235414745254,0.4288645237292877,-1.2158385979000896,0.5112650000000037,-1.080461267577475,0.3744166666666674,-0.3873894466632707,14.1921,-0.4150324010167938,5.587900000000032,-0.3027741174221839,10.0979,-0.3221157810065322,3.790466666666666,-1.4089267641952408,0.665,-1.1117750710751193,0.3752000000000061,-1.2633178416714537,0.9554028090813149,-1.2476410490780268,0.9455951671282133,-1.3970288493561234,0.4135988466316258,-1.121841771476988,0.34032127715876
Meat,Rice,13,25,2,11,23,369,0.0697052078114257,3.418131359851989,0.1880406301426454,4.0476,1.529435922162154,-2.0476,-1.3387942380124829,0.9613807723845524,0.2541946831566845,1.0,3,7,21,0,0.4181818181818181,0.3575757575757576,0.325,0.2708333333333333,0,0.0,0,0.0,-0.4023714892292254,0.4830975187507091,-0.5563176094144203,0.4053562979848422,-0.6062938695751242,0.4622925000000027,-0.4889471786374687,0.3339758333333327,-0.3375500334530398,11.2645,-0.3564762207189388,4.348100000000031,-0.2626104658832696,7.9798,-0.2770669969108144,2.97293333333333,-1.115195792595319,0.5543,-0.9214124635497568,0.2821333333333375,-0.6921924380594077,0.9591294847320793,-0.44460160741389904,0.9515092715512523,-1.2539129652912238,0.35071796384872583,-0.7213477765780167,0.3407611935067685
Apple,Wheat Flour,20,16,2,18,14,371,0.0707808747272586,3.462255358807083,0.1836550721066837,4.07404,1.544952451824974,-2.07404,-1.3424620269381378,0.9610207795844083,0.2488659310431148,1.0,4,5,20,0,0.3739130434782609,0.3572213465199305,0.2625,0.2208333333333333,0,0.0,0,0.0,-0.6494237026046599,0.4762693005319572,-0.5259023192149384,0.4014183578892523,-0.8428775768220721,0.4511675000000066,-0.8316559138619743,0.3260533333333328,-0.3237149565505362,10.379,-0.3423590583375218,4.000000000000001,-0.2498327234373394,7.3116,-0.2636555213767889,2.710366666666657,-1.0730624375293774,0.5352,-0.8970726724162811,0.2654666666666679,-0.20561918925100053,0.968263359496296,-0.09840154342021891,0.9562825532184379,-0.2657089834487563,0.592515414153258,-0.3896726468859341,0.3923421715562026
Chicken,Kiwi,7,12,0,7,12,386,-0.0231740442450497,2.061333333333333,1.0,1.33288,0.9883475631578196,-1.33288,-1.348594411202252,1.0,1.0,1.0,5,7,35,0,0.3804347826086957,0.3480759620189905,0.25,0.2125,0,0.0,0,0.0,-0.9446626379537562,0.5414825405939525,-1.0339262452488047,0.4504536034378389,-1.3579320911899246,0.553975000000001,-1.3466082137193949,0.4095724999999992,-0.4469276942451462,17.105,-0.4770025037153718,7.043000000000014,-0.3483252293531492,12.1531,-0.3706008903646764,4.751800000000025,-1.6976417695261126,0.7424,-1.2895830888671027,0.4522000000000014,-2.141563954841284,0.9467918228084391,-1.5967832398016006,0.9455779274997113,-2.3415348530300273,0.2956899976405046,-1.8683651081488066,0.26166480288353244
Apple,Hazelnut,20,16,2,18,14,371,0.0707808747272586,3.462255358807083,0.1836550721066837,4.08702,1.5465598984843756,-2.08702,-1.3494595340570217,0.9625207495850084,0.2488659310431148,1.0,4,12,48,1,0.6289308176100629,0.5996171725458025,0.675,0.6541666666666667,10,8.666666666666666,7,5.333333333333333,0.3280656241130701,0.5730119023702469,1.1011256184826448,0.4794796223904876,0.343671487786996,0.6011937500000047,1.2252657564144078,0.4611399999999976,-0.2602787201299258,21.4603,-0.0382793253492716,9.32476666666663,-0.2094016876651445,15.5142,-0.0641009253227435,6.293200000000024,0.4650259001530819,0.8222,1.1497268535452223,0.5783333333333347,0.772565269710059,0.996625105951185,1.0087948221731315,0.9893119134265177,0.8548507209749691,0.9828713118025416,1.3810226080429013,0.9441386098572616
Egg White,Mulberry,33,26,6,27,20,352,0.14292816659555,4.06430155210643,0.0129556033268165,8.79294,2.057558299635762,-2.79294,-1.3574050370744868,0.9488410231795364,0.0267209318615591,1.0,5,3,15,0,0.4505494505494505,0.3887916754158793,0.25,0.2291666666666666,0,0.0,0,0.0,0.0083152565921728,0.4493153878905221,0.104563779183001,0.3807953956164436,-0.7268191419695607,0.4078937500000016,-0.5477576091137765,0.2919841666666668,-0.292225620795929,8.0336,-0.3046599546722254,2.998599999999988,-0.2272211095623822,5.584,-0.2369096358672032,2.026499999999994,-0.8938034971352906,0.4441,-0.774214955550149,0.2015666666666611,-0.9095929658260792,0.9470438656793589,-0.4261730247501508,0.9449206904293389,-0.4504253324065199,0.4700248987048795,-0.0987391626296455,0.37812884299597177
Carrot,Chicken,12,7,0,12,7,386,-0.0231740442450497,2.061333333333333,1.0,1.33256,0.9807771644976244,-1.33256,-1.358677636711257,1.0,1.0,1.0,2,5,10,0,0.3311688311688311,0.3175115207373272,0.25,0.2083333333333333,0,0.0,0,0.0,-0.6170568346354008,0.4148829440068503,-0.5188586609101471,0.3529994910777699,-0.49526827937902,0.3514087500000021,-0.4073310951921532,0.2496920833333336,-0.2587538088667147,5.413,-0.2654525882578416,1.9653666666666672,-0.2015922740324562,3.6839,-0.2074505734271094,1.3117000000000014,-0.6940468231608478,0.3251,-0.6252990202255444,0.136766666666665,-1.0974338788588387,0.9315331348752686,-1.1524925986865417,0.9216511359630059,-0.22344298570041435,0.43009555033806224,0.3542733865841494,0.3639530041081276
Chicken,Onion,7,12,0,7,12,386,-0.0231740442450497,2.061333333333333,1.0,1.3427,0.9860105019724688,-1.3427,-1.3617502017615333,1.0,1.0,1.0,5,1,5,0,0.3106060606060606,0.2712908905569456,0.15,0.1083333333333333,0,0.0,0,0.0,-0.4623995568806116,0.3652040462543852,-0.578620790852217,0.3061420450215196,-0.6932602795425746,0.2738937500000011,-0.9878228777200332,0.1887758333333332,-0.1848921761133307,2.8748,-0.1884614959015117,1.0028000000000012,-0.142447170146291,1.9297,-0.1453386735118934,0.6654999999999985,-0.4819604655223867,0.1885,-0.4562247128950253,0.0704666666666674,-0.8966097263820281,0.9092982735142239,-1.095574882829964,0.889746778550092,-1.332624920355542,-0.05410903397353337,-1.6012849350891347,-0.1414326028348242
Pistachio,Tomato,31,19,4,27,15,359,0.1118076615825209,3.795307917888563,0.0482752564885834,6.50548,1.8303469533397183,-2.5054800000000004,-1.368855230112744,0.9558208835823284,0.0818199966468136,1.0,4,2,8,0,0.3206106870229007,0.3053435114503817,0.25,0.1833333333333333,0,0.0,0,0.0,-0.6017354374719189,0.3982489440608943,-0.517972091134064,0.3387826505906474,-0.3821381099911027,0.324871250000002,-0.4876626113815291,0.2290179166666656,-0.2244260810427447,4.4741,-0.230705651049088,1.5926000000000056,-0.1749610545887572,3.0504,-0.1796747635805446,1.0671000000000015,-0.6219085239613962,0.2789,-0.5717389192660595,0.1111333333333347,-0.4623105415948195,0.9437579977643241,0.12987183146805154,0.9408618262362053,-1.355090481310034,0.04827953219947931,-1.4861066829466354,-0.01586016811832177
Carrot,Cow Milk,12,28,2,10,26,367,0.0671802711963204,3.30188679245283,0.1980819253860602,4.09812,1.51905643924115,-2.09812,-1.3811995037183236,0.9641807163856724,0.2664843168862824,1.0,2,4,8,0,0.3935483870967742,0.3303169948331239,0.2375,0.2166666666666666,0,0.0,0,0.0,-0.0314113637525947,0.3975959316055903,-0.1228624032349589,0.3382926399164524,-0.4438844805743033,0.3241087500000021,-0.1261882686445579,0.2284508333333335,-0.2208111436517579,4.4177,-0.2260888390648725,1.5721666666666725,-0.169075016722447,3.011,-0.1733573312733748,1.0545333333333338,-0.6137197914185712,0.2736,-0.566054508383976,0.108833333333335,-1.1290765811213226,0.9262316895599824,-0.9846744944050518,0.9194969125926707,-0.5625429606969303,0.27637663201177787,-0.5316429908863289,0.14853282294813236
Orange,Shellifish,23,38,6,17,32,350,0.140568872944967,4.005714285714285,0.0139962589775926,8.80502,2.0172066824200194,-2.8050200000000007,-1.3905466526785697,0.9532609347813044,0.0282442492317607,1.0,1,6,6,0,0.3129770992366412,0.2900763358778626,0.125,0.1125,0,0.0,0,0.0,-0.5291939786694356,0.3775492816449767,-0.4474428156340655,0.3187422535431395,-0.896415650166033,0.2916762500000017,-1.0267615632870717,0.204006666666666,-0.2068637480053779,3.3436,-0.2107403148952392,1.208166666666671,-0.1593765755694538,2.2184,-0.1638449186945399,0.7914333333333324,-0.5279889946927152,0.218,-0.4902125578368964,0.0848333333333351,0.20676525951293528,0.9522932529527404,0.42972118124347924,0.9402934305808878,-0.44630521316109384,0.2511296151836085,0.07842966107299626,0.19500161411922423
Meat,Wheat Flour,13,16,1,12,15,377,0.034979751872858,2.92258064516129,0.4126252950247931,2.879,1.3471744504703165,-1.879,-1.3947711072935032,0.9736005279894402,0.4978124527073311,1.0,3,5,15,0,0.3181818181818182,0.3001466275659823,0.1625,0.15,0,0.0,0,0.0,-0.8917166441692757,0.4515037010409065,-1.0576389356185896,0.3814540978662809,-1.1380586531874368,0.4122375000000052,-1.2400320258033084,0.2942962499999986,-0.2995297011272838,8.1069,-0.3076776691778581,3.0429999999999904,-0.2327922991562907,5.6252,-0.2393380849568703,2.053766666666664,-0.913339634711292,0.4548,-0.7891790094190568,0.2080333333333276,-0.23120906698574578,0.9628113779941104,0.3309003498393603,0.9577251684029529,-0.3560081739806757,0.5017757340359369,0.02117134703429551,0.4047479242861253
Cherry,Soybean,13,16,1,12,15,377,0.034979751872858,2.92258064516129,0.4126252950247931,2.88902,1.3483261621729368,-1.88902,-1.4010111596111814,0.9745805083898322,0.4978124527073311,1.0,4,7,28,1,0.7938931297709924,0.5700513613355433,0.8125,0.5416666666666666,32,11.0,16,5.333333333333333,1.717823965413038,0.5118747481128888,1.5484877077729204,0.4286271022339549,1.3461664576929222,0.5090075000000016,1.2267283725658809,0.3723462500000005,0.4802920916431746,14.1375,0.393869836393321,5.58416666666668,0.1749906557837183,10.043,0.1282218841887696,3.7853999999999934,0.7225441268328877,0.657,0.8879357146839509,0.3683333333333389,1.1033108864350873,0.9984582354726157,0.8975895055430183,0.9785030338291415,1.0332416331454908,0.9782783751248122,0.8092980136526816,0.7160669433896786
Hazelnut,String Bean,16,13,1,15,12,377,0.034979751872858,2.92258064516129,0.4126252950247931,2.89632,1.3519949917067002,-1.89632,-1.402608746062119,0.9746205075898482,0.4978124527073311,1.0,12,8,96,1,0.4357142857142857,0.4256484205857676,0.5125,0.4749999999999999,2,1.6666666666666667,0,0.0,-1.4140490077506198,0.6681420862174956,-1.1299964253000367,0.5656144488158779,-1.1909664048394102,0.7223287500000066,-0.7817343880639951,0.5965741666666692,-0.6093617866878139,37.2693,-0.6914064293934763,18.132466666666684,-0.5166609927208887,28.4182,-0.5929121810123539,12.578233333333332,0.1940807147966325,0.9637,0.5339660938675584,0.8592000000000062,0.176631395256176,0.9941191298032437,0.6627551115909114,0.993057537765672,0.5263340884968741,0.9699968345434613,0.9072950852834055,0.9555559212979903
Cherry,Chicken,13,7,0,13,7,385,-0.0241510560930405,1.903703703703704,1.0,1.4244,1.0119706715117782,-1.4244,-1.4075506732542906,1.0,1.0,1.0,4,5,20,0,0.3333333333333333,0.3154563841586742,0.2875,0.2208333333333333,0,0.0,0,0.0,-0.929658160420984,0.4802183392737812,-1.0479795017588838,0.4033324314941099,-0.748236841535641,0.4570400000000053,-0.8442708344903337,0.3288449999999985,-0.3515058857680017,10.7448,-0.3713006869719229,4.1140333333333325,-0.2739843233032987,7.4977,-0.288518372710879,2.761199999999993,-1.0979790554357411,0.5466,-0.914754978142869,0.2734666666666682,-1.0998065675340944,0.9503739008687596,-0.9836508154915202,0.942698156522891,-0.533005314069943,0.5285450409652311,0.04496223893082549,0.481127610639124
"Cow Milk, UHT",Peanut,34,14,3,31,11,360,0.0889335499880809,3.483091787439613,0.1037588696940128,5.35098,1.6642695213215928,-2.35098,-1.4126197529190414,0.9625807483850324,0.1555449693514308,1.0,4,12,48,0,0.4507042253521127,0.413601982263954,0.225,0.1999999999999999,0,0.0,0,0.0,-0.7118587935294629,0.5719666496189714,-0.596375986315223,0.4785954586344804,-1.7664878866986078,0.6021925000000026,-1.6725236139214288,0.4612774999999992,-0.4913853688879133,21.6503,-0.5400352766316725,9.404466666666613,-0.3886901200098661,15.7702,-0.4223153662721353,6.401666666666697,-2.201806807232248,0.829,-1.5913487616539306,0.5790000000000001,-2.9673364725640776,0.9441357870550064,-2.293300659458768,0.9426299037360004,-1.5346665949471423,0.5624047309556295,-0.9013865574918821,0.53305032354624
Meat,Mulberry,13,26,2,11,24,368,0.0666071743281611,3.269742679680568,0.200065546761631,4.17446,1.534608649916975,-2.17446,-1.4169475716936966,0.9671206575868484,0.2685090232853469,1.0,3,3,9,0,0.3076923076923077,0.2902638762511373,0.225,0.1875,0,0.0,0,0.0,-0.757929028398832,0.4101584472957797,-0.8638273256229912,0.3479384259814072,-0.5816432195480684,0.3436150000000023,-0.5485950783016119,0.2412745833333329,-0.2358541399218507,5.3323,-0.239439145169256,1.9088000000000005,-0.1820987451914285,3.6772,-0.1854699143892246,1.2956666666666694,-0.6704367477036157,0.3101,-0.613209405962992,0.1252666666666665,-1.080588404989226,0.931838076296308,-1.080473795225395,0.922678426649251,-1.4662259789025256,0.04181264040967338,-1.4656561028361625,0.009664761813110873
Chicken,String Bean,7,13,0,7,13,385,-0.0241510560930405,1.903703703703704,1.0,1.43236,1.010101396098431,-1.43236,-1.4180358581153978,1.0,1.0,1.0,5,8,40,0,0.3548387096774194,0.3428751298056323,0.2875,0.2583333333333333,0,0.0,0,0.0,-1.1631973452604072,0.5546523886224287,-1.1470841157462086,0.4619501674549672,-1.2837364969349236,0.5721950000000001,-1.1287475340239297,0.4292008333333332,-0.4709452740198068,18.8024,-0.5077374285964659,7.916966666666619,-0.3703360554585345,13.4749,-0.3967949571914257,5.352933333333343,-1.8580526770433208,0.7754,-1.392180848249375,0.5000666666666665,-2.0618087376039034,0.9521510890135574,-1.7609459260354574,0.9463415824054421,-2.0009415013909133,0.4126763266896758,-1.3034560649409965,0.4065365033581349
"Cow Milk, UHT",Pumpkin Seeds,34,18,4,30,14,357,0.1075331539158025,3.6376483889202937,0.0544162232337762,6.63206,1.82106566504341,-2.63206,-1.445340522598485,0.9610207795844083,0.091126869355667,1.0,4,9,36,0,0.4191176470588235,0.3810834437244161,0.25,0.2208333333333333,0,0.0,0,0.0,-0.7157360698470341,0.5393135041553104,-0.6949753751962636,0.4505564799178517,-1.360986518725119,0.552226250000005,-1.2946868976396968,0.411962916666668,-0.4412413579004176,16.6857,-0.4748667666112993,6.934500000000034,-0.3429966549689492,11.7606,-0.3673931897570118,4.624900000000017,-1.6918910047284477,0.7411,-1.2883270079060427,0.4605666666666665,-1.6350094362634076,0.9549366449028869,-1.748208861574005,0.943246806481211,-1.8872018646891022,0.3879406170121139,-1.4556806141306036,0.34084594644414495
Peach,Pumpkin Seeds,19,18,2,17,16,370,0.0654762299415784,3.207792207792208,0.2040204492720461,4.29172,1.5806768934858262,-2.29172,-1.44983456735812,0.9690406191876162,0.2712214977289524,1.0,4,9,36,1,0.7175572519083969,0.5937368599042228,0.75,0.6208333333333332,21,10.0,12,5.0,1.0626247743738413,0.5395616352994486,1.4286933121787846,0.4511153998310711,0.8895426490733965,0.5523150000000014,1.40459854664521,0.4118624999999995,0.1012889283777791,16.9937,0.1959357585055407,7.042033333333388,-0.0018484953129852,12.067,0.0208792453394427,4.725099999999997,0.5872044253211391,0.7436,1.513253786421337,0.4608999999999995,0.9509490783047849,0.9976585625137598,0.5616321317045172,0.9779934390140133,0.8789318251505268,0.9667588452709704,1.2423218521181862,0.8602129949822489
Chicken,Egg White,7,33,1,6,32,366,0.0297529650674174,2.602366863905325,0.4509711565835815,2.81266,1.241742213343816,-1.81266,-1.4597715858582212,0.9770004599908002,0.5394345817556274,1.0,5,5,25,0,0.3571428571428571,0.3422892092616863,0.275,0.2416666666666666,0,0.0,0,0.0,-0.8807911503451439,0.4997442710730935,-0.8723643279649707,0.4185016217488565,-0.953125260708798,0.4902187500000042,-0.8609542252613899,0.3566312500000002,-0.3710636288815426,12.7872,-0.3948462768719283,4.973333333333363,-0.2892307851428177,8.9955,-0.305609718874771,3.3471999999999893,-1.2770617090756269,0.6199,-1.028940851509666,0.3323000000000058,-0.8698854345843596,0.9600226090259018,-0.6187164055695226,0.952963562108998,-0.9384883349333726,0.4803349857175442,-0.35282359156964505,0.45625645550783017
Chicken,Peanut,7,14,0,7,14,384,-0.025094764423691,1.767816091954023,1.0,1.5149,1.034899990337231,-1.5149,-1.4638129424528807,1.0,1.0,1.0,5,12,60,0,0.408284023668639,0.3781195461431283,0.3125,0.2583333333333333,0,0.0,0,0.0,-1.1331604917127875,0.6021243250125543,-1.0972406551919796,0.5034584135648317,-1.614327674736365,0.6415037500000037,-1.5306191365432915,0.5015408333333342,-0.5310456520845299,25.7651,-0.5975986720758899,11.568099999999944,-0.4193930566562667,18.9332,-0.4640367979679543,7.878400000000002,-2.856135353499404,0.8908,-1.951590272293471,0.6785000000000018,-3.6673617778089764,0.9455113444947405,-2.766244297677046,0.9436224260762643,-2.3797746938956057,0.5113769375816033,-2.2987355822729345,0.3713954599729645
Chicken,Egg Yolk,7,14,0,7,14,384,-0.025094764423691,1.767816091954023,1.0,1.51412,1.0310774100910176,-1.51412,-1.4684833409999178,1.0,1.0,1.0,5,2,10,0,0.5137614678899083,0.45665390641715,0.2625,0.2416666666666666,0,0.0,0,0.0,0.73106980802902,0.414001285842296,1.5182978462547456,0.3523886707932179,-0.4339159980327416,0.351251250000002,-0.0745320955216587,0.2491516666666666,-0.2458052432441506,5.4218,-0.2527087254193642,1.9542333333333315,-0.1895087465641877,3.716,-0.1950015062574664,1.3128666666666684,-0.6932561478034498,0.3246,-0.6274143201971002,0.135266666666665,-0.466346604742457,0.9473720286125458,0.1662235693146916,0.946136400889598,-1.077469712105581,0.17924677376738662,-0.7853929760042914,0.15270934608418976
Egg Yolk,Soybean,14,16,1,13,15,376,0.0310092588514426,2.6989247311827955,0.4365997727788831,3.06858,1.3833570701738584,-2.06858,-1.495333377477171,0.981080378392432,0.5244806692268811,1.0,2,7,14,0,0.5625,0.4925053145231423,0.275,0.2625,0,0.0,0,0.0,0.8135561271076324,0.4431267281061999,1.5561781781879112,0.3751321663482266,-0.5646641711265906,0.3972825000000033,-0.189819016413149,0.2840141666666662,-0.2761831833270641,7.6655,-0.2887569642617076,2.842866666666656,-0.2123227997167043,5.3385,-0.2217627067800296,1.9265333333333303,-0.8459078734605618,0.4171,-0.737420469788871,0.1875666666666615,-0.20051404274930892,0.9603611569064778,0.23886518698085993,0.9540334284836208,-1.4924912721657364,0.1533999957076371,-1.2200415841710872,0.144892131420587
Apple,Pistachio,20,31,4,16,27,358,0.1058371141304241,3.5553719008264464,0.0571262145716816,6.79416,1.8586742303050308,-2.79416,-1.5033080861843362,0.9667206655866882,0.0948159951914597,1.0,4,4,16,0,0.3826086956521739,0.368505641479369,0.2625,0.225,0,0.0,0,0.0,-0.4998002541304259,0.4586355068118873,-0.2299807204360767,0.3865986037979997,-0.7380977930611369,0.4254475000000022,-0.6618672831733278,0.3036483333333334,-0.305768557323596,8.8477,-0.3185749625572537,3.3343999999999885,-0.2354061077135758,6.1174,-0.2456731321161815,2.239033333333337,-0.964625279837684,0.482,-0.82429321455325,0.2272666666666644,-1.0733493087727057,0.9457095626111949,-0.6287434374128742,0.9434640138291231,-0.8615164590443564,0.3830509382356125,-1.0628683156263903,0.2129249286612336
Egg White,Orange,33,23,5,28,18,354,0.121901673096461,3.697961119013751,0.0305143734503152,7.95536,1.96558573214195,-2.95536,-1.503551817492828,0.9649207015859684,0.0534955109550838,1.0,5,1,5,0,0.4351145038167939,0.3511450381679389,0.175,0.1708333333333333,0,0.0,0,0.0,0.6254540698841683,0.3633119930318937,0.7585507136110461,0.3051116731559022,-0.5365869159962484,0.2684187500000002,-0.2020506268441245,0.1871929166666665,-0.1721970774562815,2.7442,-0.1764933076771712,0.9683000000000008,-0.1314384639566227,1.8494,-0.1348460288653644,0.6441666666666656,-0.4667745234372996,0.1789,-0.4405894014680036,0.067466666666667,0.05151318932711608,0.9427587970980221,0.41464915724789925,0.9353385836405074,-0.8435694179204154,0.08893282154581603,-0.6105779304199189,0.027581994987951376
"Cow Milk, UHT",Sesame,34,31,7,27,24,347,0.1472722283551183,3.868274582560297,0.0094922408562587,10.29266,2.183458294632622,-3.29266,-1.5080022403423128,0.9626207475850485,0.0206401051176789,1.0,4,4,16,0,0.3380281690140845,0.3310357953874224,0.225,0.1791666666666666,0,0.0,0,0.0,-0.7808314630136394,0.4575416444491479,-0.699136214815411,0.3859650836823317,-0.8808915029500204,0.420783750000003,-1.0269816984192102,0.3011695833333326,-0.3070019590958506,8.6505,-0.3200923179622443,3.2332333333333203,-0.2357722583860813,5.9876,-0.2458374999022807,2.1688666666666645,-0.9384880537173056,0.4683,-0.8038936291574608,0.2184333333333295,-1.918853627114777,0.9271482703843603,-1.7984338824225035,0.9246509955232463,-0.7400490345817857,0.40526261056878843,-1.002093670997776,0.21652928867156018
Chicken,Potato,7,34,1,6,33,365,0.0281708208499533,2.5177956371986223,0.4613023444973312,2.87188,1.2402359717408624,-1.87188,-1.509293426937559,0.9808803823923522,0.5494492893057386,1.0,5,2,10,0,0.2712765957446808,0.2612400115529026,0.175,0.1541666666666666,0,0.0,0,0.0,-1.0450389201239874,0.4169396733828476,-1.3240126151869005,0.3535504051827352,-0.8723296880795024,0.3559025000000035,-0.948840400037382,0.2515133333333329,-0.2317926570553427,6.0237,-0.2407237401469583,2.172533333333327,-0.1787374398423143,4.2382,-0.1851167897281175,1.4975666666666698,-0.7147042996843584,0.3381,-0.6434571807574192,0.1406666666666647,-0.7314859682531786,0.9416273885421275,-0.3740375656429686,0.9366145535660202,-1.0682372261368742,0.1890416156390711,-0.9999524422186259,0.11660323838520152
Kiwi,Tomato,12,19,1,11,18,375,0.0300964945973047,2.6474735605170387,0.4427698445238012,3.09656,1.377619746664514,-2.09656,-1.5218713328378028,0.9814603707925842,0.5307561597817361,1.0,7,2,14,1,0.8715596330275229,0.6168127760788312,0.875,0.6208333333333333,47,22.666666666666668,35,14.666666666666666,2.9322210160577424,0.4423473147565705,3.1936168010579964,0.3750580311319579,2.219880994413115,0.3961387500000033,2.9826533440958363,0.2831320833333324,1.481670037392253,7.4707,2.0551322188294083,2.7956666666666483,1.2456274407499863,5.1559,1.5133689785979143,1.880200000000004,1.1724900181047224,0.4211,1.8854650695795272,0.1886666666666611,1.2356190128795517,0.9947844504267986,1.911316121644059,0.9841794328437534,1.1987439370094937,0.9204827219138747,1.939143849212678,0.7503800730312804
Cherry,Cow Milk,13,28,2,11,26,366,0.0608093635921751,3.00656275635767,0.2244515156258608,4.38656,1.5602472132325689,-2.38656,-1.5296037575067676,0.9754204915901682,0.2969747647785564,1.0,4,4,16,0,0.3511450381679389,0.3379266990098042,0.175,0.1458333333333333,0,0.0,0,0.0,-0.6988894319372506,0.4556209366924654,-0.6177004010150864,0.3851646747963887,-1.1142413338273929,0.4185050000000022,-1.3287727101959932,0.299021666666666,-0.2962137083730308,8.418,-0.304723133213895,3.1510333333333183,-0.2285539554113952,5.8454,-0.2355736993919911,2.1275999999999997,-0.9422637918473084,0.4703,-0.8118221967017978,0.2156999999999962,-1.1692613267083936,0.9437878795298468,-0.9018858205967989,0.9393631644034088,-0.35894835293658417,0.5152082533143796,-0.816175543741412,0.2569006120706612
Carrot,Pistachio,12,31,2,10,29,364,0.0592339322497843,2.9418886198547214,0.2319400851027681,4.40004,1.5417418715206517,-2.40004,-1.5567067641697965,0.9772004559908802,0.303306265134389,1.0,2,4,8,0,0.3441558441558441,0.3311688311688311,0.175,0.1666666666666666,0,0.0,0,0.0,-0.4234891496356149,0.3995320771269324,-0.120978275885362,0.3391099149890451,-0.7722200310310956,0.3269825000000022,-0.6691541398066713,0.2297812500000002,-0.210907059612621,4.5953,-0.2174605077979665,1.6393666666666755,-0.1601761756100447,3.147,-0.165411714205022,1.1072999999999988,-0.6215993022033193,0.2787,-0.5719071299998522,0.1111333333333347,-1.4786720133019362,0.9178364171281587,-1.4762925265639495,0.9106143587112441,-2.057389166902096,-0.16917462566587183,-2.3708462311495606,-0.18249887026020986
Kiwi,Pistachio,12,31,2,10,29,364,0.0592339322497843,2.9418886198547214,0.2319400851027681,4.3945,1.53790433707692,-2.3945,-1.5569889116453128,0.9771004579908402,0.303306265134389,1.0,7,4,28,0,0.3695652173913043,0.3616941529235382,0.275,0.25,0,0.0,0,0.0,-0.8812064472546468,0.5164384910083546,-0.7411164656040652,0.4306831356880929,-1.0461291899938774,0.5121800000000026,-0.893498429156128,0.374999583333333,-0.3957050872166063,13.9287,-0.4185168039249522,5.585800000000049,-0.3066513558866228,9.8216,-0.3227001688265782,3.7659666666666585,-1.3994927229738656,0.662,-1.1082544481547487,0.3714000000000058,-1.8902258218913435,0.9440947727436119,-1.5227769315193616,0.9414694055083269,-2.38330996902273,0.18293226645450472,-2.3059046446625335,0.10481865692412799
Chicken,Soybean,7,16,0,7,16,382,-0.0268963083243855,1.5454545454545454,1.0,1.68238,1.0791744694904526,-1.68238,-1.5589508902989146,1.0,1.0,1.0,5,7,35,0,0.3761467889908257,0.3643730886850152,0.2875,0.2625,0,0.0,0,0.0,-0.9599090424873128,0.5401738095514406,-0.8557076638566519,0.4500680954742954,-1.1681688938571688,0.5499262500000037,-0.984754709549318,0.4083741666666664,-0.4317335622069318,17.2407,-0.4628892832487493,7.097133333333347,-0.3394876987824023,12.3877,-0.3603355725415079,4.824599999999993,-1.657747247632004,0.7332,-1.2694405617260736,0.4489666666666669,-1.9648662647011983,0.9490447813588611,-1.760109888828584,0.9428300423641399,-1.276812184960297,0.5108961189068251,-1.1473607946183115,0.3953955655529929
Mulberry,Peach,26,19,3,23,16,363,0.0848122398638728,3.281108961960026,0.1144261125489895,5.71836,1.7387923712738116,-2.71836,-1.5633608962803147,0.9731005379892402,0.1684856932807956,1.0,3,4,12,1,0.6813186813186813,0.5589567309312532,0.6875,0.4708333333333334,10,6.0,4,2.6666666666666665,1.7548748067543551,0.4314773100015777,2.707207881677844,0.3659803979170009,1.458970689799728,0.3786775000000025,1.9031067355850009,0.2688954166666661,0.1415965918073289,6.5499,0.4181309591820812,2.391866666666659,-0.0226596937355574,4.4933,0.1412362744424919,1.6012666666666715,1.271928082526846,0.382,2.1275886616692605,0.1650999999999963,1.0643413123349827,0.9880422669998504,1.258853748494162,0.9683004047831897,1.3438737166453565,0.9384067852152996,2.0972902319041937,0.739876870375002
Kiwi,Sesame,12,31,2,10,29,364,0.0592339322497843,2.9418886198547214,0.2319400851027681,4.40068,1.531736118788088,-2.4006800000000004,-1.5672934590714112,0.9767604647907042,0.303306265134389,1.0,7,4,28,0,0.3879310344827586,0.3589673053381566,0.1875,0.175,0,0.0,0,0.0,-0.7633005795470859,0.5154199394369977,-0.7568345318454913,0.4301078937626974,-1.4305567792845768,0.513056250000006,-1.4223108742220851,0.3750929166666662,-0.395001099336754,14.3051,-0.4216909711953454,5.735700000000029,-0.3061773470640788,10.1454,-0.3263169895384768,3.8901,-1.4004314238600035,0.6623,-1.107792898229729,0.3710666666666707,-1.9859348725811679,0.9423386599778972,-1.8822525274350617,0.9359955785445125,-2.5515081176623604,0.14324929270079706,-2.4312721363454166,0.07969937056174688
Chicken,Hazelnut,7,16,0,7,16,382,-0.0268963083243855,1.5454545454545454,1.0,1.68682,1.0743455159305129,-1.68682,-1.5700907901486518,1.0,1.0,1.0,5,12,60,0,0.3831168831168831,0.3753758591443842,0.25,0.2416666666666666,0,0.0,0,0.0,-1.282576871788646,0.6033153230944839,-1.120815753090404,0.5043329212116597,-1.9096171848059396,0.6423700000000048,-1.6278396618503224,0.5016854166666664,-0.5295799401360651,26.3278,-0.6010852622018504,11.75233333333323,-0.41976058959825,19.4516,-0.4676841770179109,8.040099999999976,-2.756529027343964,0.8837,-1.9241520152411495,0.6725333333333388,-2.791833910522762,0.9546912680642007,-2.7316869913204727,0.9437369940549637,-1.7175019537576923,0.6028798304694964,-1.136161168243662,0.5569528907621942
"Cow Milk, UHT",Tomato,34,19,4,30,15,356,0.1012656350890131,3.39344262295082,0.0648595144940028,6.94996,1.865919611987612,-2.94996,-1.5809684302839009,0.9730805383892324,0.106082179682611,1.0,4,2,8,0,0.3129770992366412,0.2953884052634046,0.15,0.1458333333333333,0,0.0,0,0.0,-0.6576971422039547,0.3984960926630777,-0.6634063039633071,0.3385083539557206,-0.8952832748323765,0.3260925000000012,-0.8899399676666692,0.2290399999999998,-0.2091629214031065,4.7733,-0.2153020032997425,1.7029000000000054,-0.1620753999963666,3.3531,-0.1666579744615434,1.1749666666666665,-0.617426489238403,0.276,-0.5703255881762171,0.1090666666666686,-0.7091741971318059,0.9372874282171246,-0.16158514074008126,0.9352566704987141,-0.9481765979914086,0.16460736347192603,-1.0883590358034156,0.051631848320989014
Apple,Kiwi,20,12,1,19,11,374,0.0273811499368594,2.505016722408026,0.460093061792491,3.20944,1.3971595780010244,-2.20944,-1.581379847219127,0.984760304793904,0.5491749099267818,1.0,4,7,28,1,0.4239130434782608,0.3832367149758454,0.4625,0.3833333333333333,2,1.0,0,0.0,-0.5261593571542641,0.5118830696600946,-0.4842996845054066,0.4285744986581664,-0.1948339501567556,0.5067637500000048,0.0782429304348978,0.3723541666666656,-0.3331352290430857,14.1831,-0.3405647942643718,5.648433333333346,-0.3031089343427779,10.1134,-0.3222340255516505,3.8451333333333415,0.7278418163672282,0.6537,0.8921830339329286,0.3666666666666733,0.5283135576200103,0.9879040480193173,0.18844164351902307,0.9675421056757143,0.22819015840823617,0.7886421123502196,0.9670961061714898,0.7481199551815995
Peach,Potato,19,34,4,15,30,356,0.1012656350890131,3.39344262295082,0.0648595144940028,6.94094,1.85799136607251,-2.9409400000000003,-1.5828598849824942,0.9728405431891364,0.106082179682611,1.0,4,2,8,0,0.3968253968253968,0.3597883597883597,0.175,0.1458333333333333,0,0.0,0,0.0,-0.0082621794164388,0.397885338453356,0.3300847922342146,0.3383078502586054,-0.7648980962448411,0.3236662500000027,-0.8824822942806224,0.2283979166666661,-0.2105461087977815,4.2551,-0.2170851127930698,1.5316666666666716,-0.1585306923391172,2.8888,-0.1636812802342554,1.0191,-0.6149551126043199,0.2744,-0.5677636256607274,0.1088333333333351,-1.1987941060872418,0.9251647125071621,-0.9037071828127718,0.9217205589409735,-1.1364334411053365,0.10411770652039855,-1.3989198473395361,-0.0071422437313727605
Hazelnut,Orange,16,23,2,14,21,368,0.0597711866271846,2.9550922213311948,0.2283912779522497,4.5577,1.612957132102401,-2.5577,-1.5857210021857049,0.9788804223915522,0.3014764868969696,1.0,12,1,12,0,0.3969465648854962,0.3486005089058523,0.2125,0.1958333333333333,0,0.0,0,0.0,-0.2059498891572227,0.4262056393771208,-0.1937549635572568,0.3637962019465274,-0.7423812333633166,0.3705862500000028,-0.6181883488526858,0.2670100000000007,-0.2599949508661248,6.5325,-0.2735533904075546,2.5094666666666616,-0.1999558112946711,4.5052,-0.2117404968488276,1.6860666666666662,-0.7526061653349981,0.3616,-0.6587308123717196,0.16463333333333,-0.41994912053964845,0.9438528366540924,-0.43225935137710964,0.9289770847341811,-1.5162723062495826,0.09773688972767486,-1.6356923171695368,0.027912945041215425
Meat,Peach,13,19,1,12,18,374,0.0258447255383984,2.429189189189189,0.4697097248139988,3.29758,1.418092431261094,-2.29758,-1.6201905809177668,0.9860002799944,0.5582778720776554,1.0,3,4,12,0,0.3333333333333333,0.3106749060947534,0.2375,0.2083333333333333,0,0.0,0,0.0,-0.6758314564244615,0.4292336956625034,-0.759885881564447,0.3644766760160599,-0.6565390618519531,0.3756200000000019,-0.5593013352735436,0.26740625,-0.2791912823746237,6.2407,-0.2875796161736983,2.2813666666666594,-0.2161983991978041,4.2412,-0.2228164034823249,1.5138000000000034,-0.7782364002468888,0.3772,-0.6917630440875667,0.1627666666666632,-1.3001132600236307,0.933447257322583,-1.0603029132775537,0.9301540829208347,-1.6817406267260435,0.05825838364168876,-1.5957735768650831,0.04573485519328092
Chicken,Pumpkin Seeds,7,18,0,7,18,380,-0.0286014633700205,1.3711711711711712,1.0,1.83106,1.1067245711558047,-1.83106,-1.6544857209483816,1.0,1.0,1.0,5,9,45,0,0.3761467889908257,0.3581249854098092,0.2875,0.2708333333333333,0,0.0,0,0.0,-1.1090615194392928,0.5672403341890091,-1.077721518169359,0.4727305526469417,-1.404405630476242,0.5932487500000021,-1.1531535322978863,0.4490554166666651,-0.4814203763343309,20.9097,-0.5296973006220291,8.879899999999996,-0.3788864794255662,15.1343,-0.4127094597577108,6.02460000000002,-2.0728266134656628,0.8112,-1.5156087954401782,0.5491333333333348,-2.6786373473120384,0.9467016255514001,-2.160896505226717,0.9434669256555805,-2.388481225070952,0.38432629060620327,-1.9201652218323562,0.3285200060487778
Apple,Egg White,20,33,4,16,29,356,0.0987409793894008,3.295839753466872,0.0695691014586211,7.102,1.8745335419778424,-3.1020000000000003,-1.654811680097782,0.978340433191336,0.1110021487498958,1.0,4,5,20,0,0.4260869565217391,0.3895542794640416,0.2375,0.2374999999999999,0,0.0,0,0.0,-0.3237025157609277,0.4768914974169205,-0.1404943189332406,0.401240063882766,-0.9716891821678552,0.4549762500000049,-0.7164141304197112,0.3278579166666662,-0.3316733734520277,10.4621,-0.3452504149618133,4.011566666666668,-0.2560758304672749,7.3365,-0.2651890028305587,2.716366666666665,-1.0982006019394428,0.5467,-0.9115768635089856,0.2699666666666695,-0.7286856658165748,0.9579363082405079,-0.18021242024186404,0.9552174442076767,-0.6271654411495775,0.5009543227009563,-0.3997179851242044,0.3929039793682862
Cow Milk,Potato,28,34,6,22,28,349,0.1280850169122419,3.542690058479532,0.0217002851843858,9.50932,2.098264315476005,-3.5093200000000007,-1.6724870999885866,0.9755004899902002,0.0401777557374272,1.0,4,2,8,0,0.2925531914893617,0.2646411345709764,0.2375,0.1624999999999999,0,0.0,0,0.0,-0.817961373816964,0.3989904696102975,-1.152816686505802,0.3387611526229463,-0.4534779692738683,0.3266600000000014,-0.7286298061923113,0.22968,-0.2271589441997824,4.5249,-0.2320524114341736,1.5915333333333366,-0.1768684388084359,3.0851,-0.1805372068580328,1.0690666666666662,-0.6197443384031023,0.2775,-0.5714964407724693,0.1101333333333347,-0.4180531531864622,0.9448944349384032,0.19611129316205414,0.9421020070461926,0.4144638205222227,0.5756799675189587,1.0291779540585098,0.4376881783325523
Fish,Sesame,4,31,0,4,31,370,-0.0287543036847808,1.306878306878307,1.0,1.60322,0.9564442647640268,-1.60322,-1.6762294041206316,1.0,1.0,1.0,9,4,36,0,0.3211009174311927,0.3176460000919485,0.25,0.225,0,0.0,0,0.0,-1.3078575385997375,0.5443624416158019,-1.3363460570098586,0.4543073073472276,-1.3763285283341584,0.5579850000000022,-1.2749406646877537,0.4167258333333332,-0.4362188417224632,17.9033,-0.4702168438243524,7.479066666666705,-0.3420242873636253,12.9369,-0.365778150793641,5.098900000000016,-1.7265259105339898,0.7488,-1.3101819845012042,0.4698000000000028,-2.69636258352588,0.9383919185555503,-2.7269832378299252,0.9291692611286407,-2.9439547337815286,0.17826915600040216,-2.911708191669939,0.06652033273158414
Chicken,Peach,7,19,0,7,19,379,-0.0294232493402626,1.2974358974358975,1.0,1.9117,1.1196352575727508,-1.9117,-1.7074310469146536,1.0,1.0,1.0,5,4,20,0,0.3968253968253968,0.3715913715913716,0.1875,0.1666666666666666,0,0.0,0,0.0,-0.5052665890686528,0.4760011800619233,-0.3544024530991384,0.4008887255595464,-1.194027104486921,0.4538862500000039,-1.277349939923136,0.3270366666666679,-0.3299773375760875,10.3023,-0.3497547093843468,3.943733333333333,-0.253649956989705,7.2112,-0.2678341692724349,2.657999999999989,-1.099087318834409,0.5471,-0.9154642415437916,0.2699000000000025,-1.6426404994873105,0.9393844224867797,-1.567785062458544,0.9336861049528902,-0.6186077898484729,0.5027071485960188,0.06421156482005884,0.48503882769787604
Chicken,Tomato,7,19,0,7,19,379,-0.0294232493402626,1.2974358974358975,1.0,1.92542,1.1215961053784025,-1.92542,-1.716678571516976,1.0,1.0,1.0,5,2,10,0,0.3358778625954198,0.3206106870229008,0.25,0.1875,0,0.0,0,0.0,-0.5760660802422702,0.4151851119354961,-0.4709010584738802,0.3529495950993162,-0.496711475302268,0.3517925000000046,-0.6123900223194203,0.2494020833333341,-0.2497845920526386,5.413,-0.2565366598571515,1.9595999999999945,-0.1926643080021459,3.6936,-0.1982055368401769,1.3108000000000013,-0.7022862045458502,0.3303,-0.6343067525364123,0.1379666666666648,-0.6094837187270683,0.9439744139094619,-0.11304143696018965,0.9410030353237447,-0.9274528040101768,0.22496082973620343,-0.599202037166888,0.18792046327526438
Kiwi,Potato,12,34,2,10,32,361,0.0521210002395186,2.6483516483516483,0.2663853349118135,4.68048,1.5572369664248271,-2.68048,-1.7213051435286455,0.984820303593928,0.3443368038837036,1.0,7,2,14,0,0.3189655172413793,0.2887534041778571,0.15,0.1458333333333333,0,0.0,0,0.0,-0.8592587720112191,0.4450132319840854,-1.1515104483891467,0.3768400280387335,-1.1630427449868144,0.4022337500000049,-1.232284761239077,0.2871604166666667,-0.2965178900906939,7.4133,-0.3080028211643756,2.7964333333333258,-0.2265194933093642,5.0339,-0.2362896946625586,1.850166666666669,-0.8794112073676957,0.4361,-0.7655866571096244,0.1973333333333278,-0.0638393804378165,0.9643113062045178,0.5812896155439133,0.960441187569599,-0.2593630946149188,0.5091671546907077,0.2583897560799174,0.432939269318221
Hazelnut,Potato,16,34,3,13,31,358,0.0757288418159842,2.950617283950617,0.1422228492981764,6.02432,1.7497909982623625,-3.0243200000000003,-1.7283892779213714,0.9819403611927762,0.2025051229854745,1.0,12,2,24,0,0.3303167420814479,0.3220692532332082,0.1625,0.15,0,0.0,0,0.0,-0.9981338041328056,0.4911445485991205,-1.006235707022352,0.4154314441581726,-1.38778803745351,0.4760037499999988,-1.4541504056226162,0.3505383333333326,-0.3551565100685618,11.7815,-0.3810460337084972,4.753200000000016,-0.2751610633783596,8.2837,-0.2947002668740505,3.1930666666666587,-1.1941552632798718,0.5878,-0.9762122385696966,0.3193333333333382,-1.7827772787318537,0.9367754687676757,-1.4685786677946813,0.9344642983020418,-2.409515069851845,0.08745830163301692,-2.1806367212583564,0.07324182268312292
Potato,Soybean,34,16,3,31,13,358,0.0757288418159842,2.950617283950617,0.1422228492981764,6.02394,1.7397375883736048,-3.02394,-1.7381586856595612,0.9829803403931922,0.2025051229854745,1.0,2,7,14,0,0.3351063829787234,0.3234010461795193,0.2375,0.2083333333333333,0,0.0,0,0.0,-0.7368309167652156,0.4437968905583777,-0.6865251954323017,0.3766002959047215,-0.746227471968898,0.3988562500000027,-0.6730979646433666,0.2856333333333332,-0.2853351353375244,7.315,-0.2961271256296088,2.767533333333328,-0.2168236963206575,4.9952,-0.2263902761311576,1.841033333333336,-0.8591993572778505,0.4247,-0.7472373524880457,0.1948333333333288,-0.3752359559422826,0.9568940641884,0.12669337740669787,0.9523167385131325,-0.7762264323749998,0.3607764761068895,-0.61735250852098,0.2627025266487712
Kiwi,Orange,12,23,1,11,22,371,0.0200404381599642,2.1536231884057973,0.5091442735222055,3.57306,1.450207652855273,-2.57306,-1.7742700467301868,0.991020179596408,0.6038687895263368,1.0,7,1,7,1,0.8073394495412844,0.4574083152414968,0.8125,0.35,35,11.666666666666666,27,9.0,3.3164970200652526,0.3867269985855092,1.9690042094166889,0.3275183413195263,2.647975069275602,0.3064937500000009,1.4479389963047269,0.2158912499999999,1.4932830142157396,4.0781,1.413361625538825,1.470233333333338,1.291007853906459,2.8512,1.2492776109533978,1.0101333333333329,1.7674024273509945,0.2425,1.2612008319798131,0.0973333333333354,1.3545404616886068,0.9936694167038777,0.911504336575742,0.9569420328518822,1.6462439089535148,0.9071353503850694,0.7577831837794907,0.3505915289619246
Kiwi,Onion,12,12,0,12,12,381,-0.0305343511450381,1.2208,1.0,2.13696,1.1993172884603969,-2.13696,-1.7818137206570968,1.0,1.0,1.0,7,1,7,1,0.303030303030303,0.2738252086078173,0.2375,0.1541666666666666,0,0.0,0,0.0,-0.6721466716352102,0.3872101670850849,-0.8289029996263817,0.3277694167122044,-0.3614531615206057,0.3064437500000002,-0.6710505598213363,0.2160275000000006,-0.2050532938185696,3.8369,-0.2115223613479694,1.3805333333333374,-0.1555437420103818,2.5968,-0.1609349866653042,0.9193999999999996,1.7493110992516692,0.2463,1.260665995619512,0.098066666666669,0.014668307424457376,0.9475880446248925,0.09724550061591548,0.9332424870528063,-0.009807659484149751,0.4121932389879902,0.1525548546820077,0.2432005626416088
Chicken,Strawberry,7,21,0,7,21,377,-0.0310135527191146,1.1705426356589148,1.0,2.07018,1.1461128947882924,-2.07018,-1.806261852051145,1.0,1.0,1.0,5,3,15,0,0.3396226415094339,0.3219776034658732,0.1875,0.1833333333333333,0,0.0,0,0.0,-0.7440530195824694,0.4514541603780866,-0.7739250359334607,0.3815839189859327,-1.013296267107283,0.4109325000000043,-0.9480117460615756,0.2939408333333313,-0.3017857123184976,8.1967,-0.3139370337712318,3.05823333333331,-0.2330071022287709,5.6658,-0.2424725232275946,2.052266666666668,-0.9017963336473892,0.4485,-0.7771023850228701,0.207399999999995,-1.269461523890369,0.9392373277493148,-0.9208875222451772,0.9371248560453559,-0.4101718521295461,0.48181176786639857,0.05427226657297798,0.4088547985995746
"Cow Milk, UHT",Potato,34,34,7,27,27,344,0.1331060726177263,3.4165289256198346,0.0160853374449656,11.04612,2.228100748530011,-4.04612,-1.8159502000389467,0.9809203815923682,0.03177420530502,1.0,4,2,8,0,0.2925531914893617,0.2646411345709764,0.2375,0.1624999999999999,0,0.0,0,0.0,-0.817961373816964,0.3989904696102975,-1.152816686505802,0.3387611526229463,-0.4534779692738683,0.3266600000000014,-0.7286298061923113,0.22968,-0.2271589441997824,4.5249,-0.2320524114341736,1.5915333333333366,-0.1768684388084359,3.0851,-0.1805372068580328,1.0690666666666662,-0.6197443384031023,0.2775,-0.5714964407724693,0.1101333333333347,-0.4180531531864622,0.9448944349384032,0.19611129316205414,0.9421020070461926,0.4144638205222227,0.5756799675189587,1.0291779540585098,0.4376881783325523
Egg White,String Bean,33,13,2,31,11,361,0.0481705745256142,2.494824016563147,0.286598238971376,4.9331,1.6127691682320824,-2.9331,-1.818673160285712,0.988360232795344,0.3670813060797761,1.0,5,8,40,0,0.4122137404580153,0.4098397002108818,0.2625,0.25,0,0.0,0,0.0,-0.8300262584117752,0.5532995470900106,-0.4988880489415979,0.4611668960124171,-1.4164798892096322,0.5729550000000039,-1.190653064703934,0.4303758333333332,-0.4436897167441817,18.7933,-0.4812909357895262,7.950499999999977,-0.3444713167855303,13.5032,-0.3702149825114773,5.374600000000021,-1.8807458843952551,0.7796,-1.402105362483561,0.5040333333333319,-1.1798620245712772,0.9655773227862188,-0.8729050135083208,0.9591366136914049,-1.9206599716095871,0.43057672848960393,-1.4418139909246448,0.3811532951872925
Banana,Cherry,22,13,1,21,12,371,0.0181602375166479,2.073488372093024,0.5216342411170604,3.68736,1.4770566104249363,-2.68736,-1.8194021684970287,0.992180156396872,0.617377234739812,1.0,2,4,8,1,0.8091603053435115,0.4694728298357853,0.85,0.4458333333333333,32,10.666666666666666,16,5.333333333333333,2.9974604419706665,0.4023623809260944,1.941667619811716,0.3400793353289889,2.588940481871116,0.3287300000000018,2.2779306650690296,0.2296579166666664,1.204087983192457,5.0568,1.148208616307896,1.7978333333333387,0.6227674479676257,3.5549,0.6015105273238498,1.2456333333333354,1.6079535196434664,0.2789,1.1648550102064827,0.1101333333333352,1.6839309744737527,0.9984511233955191,1.3522609504452752,0.9636783207987795,1.742386948421838,0.9781494915271639,1.663795455221369,0.5487151831656394
Banana,Peach,22,19,2,20,17,366,0.0498660406601814,2.554006968641115,0.2760223107506472,5.04462,1.6696433917456748,-3.04462,-1.8235151380539625,0.988640227195456,0.3551571475484245,1.0,2,4,8,1,0.8015267175572519,0.4646623450058564,0.85,0.4125,47,15.666666666666666,37,12.333333333333334,3.049836900443043,0.3988610622471837,1.91582324264608,0.3384169628166132,2.638012837168064,0.3270325000000027,1.942133988312916,0.2292558333333338,1.957544520476848,4.7699,1.839308390508803,1.711433333333337,1.759749931837556,3.3111,1.6919688487768196,1.1696333333333335,1.6023751546633995,0.2803,1.1426517692156788,0.1115000000000016,1.6867003504320144,0.9986632372072547,0.39817835920785993,0.9458769417465338,1.7488588006169696,0.980754189198856,1.583064588792957,0.5367543772253643
Banana,Chicken,22,7,0,22,7,376,-0.0317847966582755,1.1155555555555556,1.0,2.13388,1.165262264728417,-2.13388,-1.831244402733092,1.0,1.0,1.0,2,5,10,0,0.3358778625954198,0.3104325699745547,0.2375,0.2041666666666667,0,0.0,0,0.0,-0.5794834249555564,0.4160344459083252,-0.6112324526773038,0.353279655886126,-0.5585858598352865,0.352838750000003,-0.448671198654117,0.250092916666667,-0.2562920084319446,5.5077,-0.2603911306318084,2.0103000000000044,-0.198497954951849,3.7531,-0.2026135896175152,1.3449000000000009,-0.7005407230923789,0.3292,-0.6321849931659379,0.1375333333333319,-0.6885685060950816,0.9418700222420081,-0.46847732927932884,0.9342686482674917,0.020989901630313137,0.5058165964990977,0.2916535480431279,0.3528273804093165
Fig,Peach,8,19,0,8,19,378,-0.0314943673113429,1.1417797888386123,1.0,2.1669,1.1776775407555329,-2.1669,-1.8399773494957168,1.0,1.0,1.0,13,4,52,1,0.9083969465648856,0.7036918393311522,0.9375,0.7291666666666666,73,30.0,57,20.33333333333333,1.9436657662959087,0.580185295954032,1.961796880517677,0.4870658624313424,1.5541704463724229,0.6116950000000034,1.6205949943190343,0.4728845833333341,1.201329181401493,21.6885,1.2000306406091197,9.648899999999928,1.0528316014034873,15.5834,0.9452935602347322,6.452166666666707,0.4299233922720987,0.844,1.0753070625867789,0.6086333333333317,0.43138715433685904,0.9924160790265069,0.601703048998078,0.9845812806077882,0.7067993632020703,0.962355775530181,1.0317393729602018,0.8928509509745103
Meat,Onion,13,12,0,13,12,380,-0.03182167167157,1.1274074074074074,1.0,2.28278,1.2346722122085687,-2.28278,-1.8488955833197112,1.0,1.0,1.0,3,1,3,0,0.3333333333333333,0.2393939393939393,0.0875,0.0708333333333333,0,0.0,0,0.0,0.0117918327882506,0.3321242627185539,-0.519151265868741,0.2672929281400185,-0.8957599728348772,0.2239587499999999,-1.161850068230524,0.1475470833333325,-0.1224354201684606,1.7567,-0.1236552539315594,0.5987333333333331,-0.0930140820858497,1.217,-0.0939790263188979,0.4119000000000001,-0.3633043331528834,0.1166,-0.3529990240461912,0.0412333333333328,-0.2609426417226843,0.9221610896008141,0.2955087334307321,0.9145556052243528,-0.2447615134344282,0.1602847924539271,0.7300546970817203,0.1134017239143177
Cherry,Kiwi,13,12,0,13,12,380,-0.03182167167157,1.1274074074074074,1.0,2.27808,1.2319056431399278,-2.27808,-1.8492325387791413,1.0,1.0,1.0,4,7,28,1,0.8256880733944955,0.5630393416951055,0.8375,0.5791666666666667,37,14.333333333333334,28,9.333333333333334,1.909730118208436,0.5124012906435949,1.4743070716021136,0.428913801630493,1.457045927407212,0.5093700000000001,1.5060577524821352,0.3723695833333337,0.6487299539029563,13.8759,0.6597082685729929,5.508933333333346,0.5601528049196897,9.8227,0.4808765301560222,3.72293333333332,0.7201408788185005,0.6585,1.889260043012316,0.3685333333333385,0.8722632845295001,0.9942715619374922,1.1050537391152042,0.9814911862232099,0.7680155328280582,0.9156838819259405,1.3577581950051754,0.8215359631566536
Carrot,Meat,12,13,0,12,13,380,-0.03182167167157,1.1274074074074074,1.0,2.28472,1.234266795146009,-2.28472,-1.8510746695812448,1.0,1.0,1.0,2,3,6,0,0.3096774193548387,0.302360005585812,0.2,0.1791666666666666,0,0.0,0,0.0,-0.565438507286643,0.3794999605048571,-0.3013945361816155,0.320790080297366,-0.5117244349941037,0.2954712500000019,-0.3058496767395801,0.2049120833333337,-0.2011078579700074,3.4917,-0.2041452963241593,1.2106666666666674,-0.1544258123298428,2.3694,-0.1569218308843371,0.8124333333333326,-0.5335602463500234,0.2216,-0.504096614222111,0.0833666666666684,-0.7669022421157858,0.9299118876146392,-0.7762091849088065,0.9157136579499481,-1.3838190406537847,-0.029674951865416556,-1.726226126950425,-0.11527398129129125
Kiwi,String Bean,12,13,0,12,13,380,-0.03182167167157,1.1274074074074074,1.0,2.29662,1.2371889813605683,-2.29662,-1.856321091280936,1.0,1.0,1.0,7,8,56,1,0.8807339449541285,0.5275804189372514,0.8875,0.5541666666666667,41,14.666666666666666,28,9.666666666666666,1.6287888257066772,0.5996285822704196,0.2509970942882968,0.4992619855605031,1.211200201964255,0.6356675000000049,0.3872099452582017,0.4927254166666663,0.3504089814888599,24.8208,0.1990209553556689,11.01723333333328,0.2297532089481232,18.1484,0.1366751591940216,7.474399999999991,0.3796903471585766,0.874,0.996405992536619,0.6484666666666707,0.5257397690886049,0.9944594079646611,-0.13569597227282798,0.9765455804099211,0.36329755964496024,0.9166119307152861,-0.0782327870216927,0.7222981011322688
Banana,Mulberry,22,26,3,19,23,360,0.0705657507825943,2.7534097108565194,0.1599678522437511,6.44584,1.847513652019927,-3.44584,-1.8651228889337776,0.987860242795144,0.223238719175981,1.0,2,3,6,0,0.286624203821656,0.2677305352950804,0.2125,0.1625,0,0.0,0,0.0,-0.7484134901257301,0.3781969911175756,-0.8527312623033252,0.3200485021468218,-0.4383161213950145,0.2933087500000031,-0.490464190513194,0.2040270833333336,-0.2058074505124265,3.4111,-0.2081397701145457,1.1935333333333362,-0.1595138932265823,2.2844,-0.1618712882172632,0.7899666666666664,-0.5278341345021014,0.2179,-0.497257090860566,0.0821666666666683,-0.3583269264398506,0.9401941550064083,-0.09648759165948774,0.928984010071145,0.2935679270729101,0.47303567086586373,0.4524691714989854,0.26001072181991053
Sesame,Shellifish,31,38,7,24,31,343,0.1303109857221996,3.3381924198250728,0.0177959704114553,11.1882,2.2295875762122463,-4.1882,-1.878464001452304,0.984840303193936,0.0345451190340015,1.0,4,6,24,0,0.3005181347150259,0.2905954193519489,0.2375,0.225,0,0.0,0,0.0,-1.2053180933553294,0.493761875489988,-1.426149066774122,0.414920000112925,-1.0952904205620773,0.4826125000000041,-0.9510174865427916,0.3504870833333322,-0.3634280431967968,11.8385,-0.3790047204085238,4.633733333333348,-0.280444317966418,8.2683,-0.2914956255276038,3.1064666666666647,-1.250115320154621,0.6098,-1.0113038848707745,0.3233000000000042,-2.4518319166475466,0.9293536495558923,-2.3240235205660174,0.9261059093801753,-2.1431975883936856,0.17657921032173435,-1.9843744866854582,0.12737211446670313
Banana,Egg White,22,33,4,18,29,354,0.0879019180275132,2.92304168575355,0.0934143408446121,7.69228,1.9433034764544628,-3.69228,-1.9000017468895425,0.987620247595048,0.142406101124531,1.0,2,5,10,0,0.4427480916030534,0.3598691384950926,0.2125,0.2041666666666667,0,0.0,0,0.0,0.1983583226441133,0.4153113391090486,0.1027797670359113,0.3527593190501774,-0.6850451054154915,0.3534050000000016,-0.4485772024823448,0.2496195833333341,-0.2473510106384718,5.637,-0.2530626444970952,2.04533333333333,-0.1918264935725191,3.8882,-0.1968604720395527,1.3847000000000014,-0.7099194051007531,0.3351,-0.6378580584907078,0.139866666666665,-0.7293390756657098,0.9410720005296282,-0.17384831205593404,0.9397517896898323,0.03759938793248739,0.5121920711802258,0.33777838780351405,0.3606592027963283
Chicken,Orange,7,23,0,7,23,375,-0.0325416612985001,1.0652482269503547,1.0,2.2139,1.163317149362116,-2.2139,-1.9030923778730096,1.0,1.0,1.0,5,1,5,0,0.3053435114503817,0.2875318066157761,0.1625,0.15,0,0.0,0,0.0,-0.503546182951683,0.3650767172242009,-0.2916505302540534,0.305700213435077,-0.616860719940129,0.2724925000000031,-0.4627755132070075,0.18827125,-0.1695276598864399,3.1626,-0.1738839592512907,1.1224999999999998,-0.1314021258057131,2.2158,-0.1354818298256336,0.7777333333333325,-0.473750798187092,0.1833,-0.4474414019666116,0.0686666666666672,0.008766563755655528,0.9416278657332784,0.37531921337272145,0.9344714719970312,-0.6025933193543256,0.1638696503203576,0.04010127160347384,0.14293402508376382
Apple,Banana,20,22,2,18,20,365,0.0459352023765788,2.4093605800922875,0.2970490385487096,5.25934,1.7085323422165597,-3.25934,-1.907684109609248,0.991440171196576,0.379600251995048,1.0,4,2,8,0,0.3043478260869565,0.2848474221768562,0.2375,0.2125,0,0.0,0,0.0,-0.719663284235278,0.3995363434514032,-0.8264863305421473,0.3389776614595843,-0.4486551459522476,0.3266237500000013,-0.1766799112180241,0.2291416666666674,-0.2250365112909197,4.58,-0.2294842068156269,1.6376333333333355,-0.1731604923447375,3.106,-0.1770166284709465,1.0943333333333332,-0.6195897859924517,0.2774,-0.5699924339222827,0.1110000000000014,-0.16038889122845232,0.9510045680485885,0.056628460426895254,0.9391979396600725,0.3657037616353275,0.5582349109990771,0.1555730794295689,0.27568146325557624
Peach,Wheat Flour,19,16,1,18,15,371,0.0149491372415878,1.943330427201395,0.5433200838162028,3.92024,1.530045209266707,-2.92024,-1.9085971985099448,0.99430011399772,0.6389990922869806,1.0,4,5,20,0,0.4603174603174603,0.4179894179894179,0.15,0.1333333333333333,0,0.0,0,0.0,-0.1141111922083927,0.4783065521587737,0.1884040915632334,0.4024051121280059,-1.3542758911097803,0.4538325000000005,-1.535243979513405,0.3271804166666679,-0.3394034826506716,10.2059,-0.3573112116430927,3.901299999999983,-0.2609674715159611,7.0754,-0.2739208521907198,2.604166666666665,-1.0906975729014772,0.5433,-0.9087609849620728,0.2703666666666687,-0.8451695701450717,0.9554619541462067,-1.0835552000785524,0.9411436239711408,-1.5482272208223427,0.25836085321932245,-1.3717815827745903,0.20242511166968377
Cow Milk,Mulberry,28,26,4,24,22,355,0.0874598815104801,2.9020408163265308,0.0945073034001742,7.75972,1.966516087297533,-3.75972,-1.911868417596705,0.988420231595368,0.1434097780321464,1.0,4,3,12,0,0.3626373626373626,0.3323067590583514,0.225,0.1916666666666666,0,0.0,0,0.0,-0.4880549373318903,0.4327543654686318,-0.4784371093187541,0.3668118771238894,-0.7361751287915079,0.3816275000000037,-0.7342177355425257,0.2706354166666665,-0.2761382012779401,6.869,-0.2843478457536097,2.506799999999997,-0.2161272420625473,4.754,-0.2223393240817553,1.695900000000001,-0.7950598241900602,0.3873,-0.7037676015631132,0.1672666666666626,-1.4658422340704793,0.9297663904087717,-1.6983858214685,0.9195149460564798,-0.5647582046649922,0.3843474076941225,-0.5168290174919019,0.24798402317044563
Soybean,Tomato,16,19,1,15,18,371,0.0149491372415878,1.943330427201395,0.5433200838162028,3.92324,1.526377378763195,-2.92324,-1.915148927566436,0.994020119597608,0.6389990922869806,1.0,7,2,14,1,0.8320610687022901,0.5114503816793893,0.875,0.4291666666666666,47,15.666666666666666,34,11.333333333333334,2.6417037298948283,0.4433652755858113,1.795479274818686,0.3754983968391638,2.209468485647869,0.3987712500000026,1.2861540436657977,0.2846562499999996,1.4956246296550535,7.4826,1.3767391853960975,2.775666666666653,1.213085113971299,5.1794,1.1536827374078165,1.8670999999999975,1.1567572971329914,0.4277,0.5469093889343538,0.1928999999999945,1.386220950774728,0.9984102658233572,0.8697177486943777,0.9654632497653983,1.3939588026441385,0.9770047265061814,0.4353736751390084,0.46592875324255595
Hazelnut,Tomato,16,19,1,15,18,371,0.0149491372415878,1.943330427201395,0.5433200838162028,3.931,1.5288162087052848,-2.931,-1.917169626610768,0.994580108397832,0.6389990922869806,1.0,12,2,24,0,0.4274809160305343,0.3671423830069698,0.2625,0.1916666666666666,0,0.0,0,0.0,-0.3987667292613797,0.4910974383869131,-0.5261696636600594,0.4150737563917994,-0.9569055448013544,0.4776650000000026,-1.16431567850995,0.3507658333333349,-0.3699795899172696,11.5038,-0.397371049499823,4.6265000000000285,-0.2867023067447211,8.0004,-0.3084283751661751,3.0702666666666576,-1.2053148591706453,0.5923,-0.9815369728069951,0.3208000000000043,-1.4947760806025898,0.9433013557105586,-1.167146878810474,0.9398971567675872,-2.250502264602152,0.13367000446178373,-2.186715821718298,0.07814673329749934
Banana,Peanut,22,14,1,21,13,370,0.0142826439654583,1.9147286821705427,0.548481299013552,3.9128,1.5189720734760075,-2.9128,-1.9176126084624872,0.994480110397792,0.6414252910551388,1.0,2,12,24,1,0.7862595419847328,0.4826866762009125,0.8625,0.4125,30,10.0,22,7.333333333333333,1.8337140571296355,0.4908779503951586,0.7354635050161705,0.4146391779027255,1.7085170733163286,0.4761787500000052,0.4538835549180103,0.3497474999999993,0.5537842929844147,11.7954,0.4213297093894919,4.772300000000003,0.4612235329560002,8.2889,0.3852666016897099,3.206533333333325,0.8298305308286179,0.5922,0.0365072146009384,0.3213666666666717,1.0999495599374376,0.9973570061539432,-0.8413100103392162,0.9450919908431977,1.073443566782629,0.9617927231343336,-0.7412644117801134,0.363765381018295
Carrot,Shellifish,12,38,2,10,36,357,0.0436507322397451,2.332028701891716,0.3126765091480169,5.0384,1.5805206230859496,-3.0384,-1.922404526470244,0.99140017199656,0.3968586462263292,1.0,2,6,12,0,0.3311688311688311,0.315347018572825,0.25,0.225,0,0.0,0,0.0,-0.7031773031926609,0.4315624112953896,-0.6923162071157565,0.3658149472698573,-0.6058758044257472,0.3785412500000051,-0.4059384376804303,0.2689670833333339,-0.2688374099359158,6.5158,-0.2784531425552987,2.39896666666666,-0.2063939019319307,4.4486,-0.2140716731508513,1.5994333333333357,-0.7933855610769193,0.3863,-0.7048515440143452,0.1687333333333297,-1.3614967078377087,0.9295434774634751,-1.1730757119157724,0.92559775449691,-1.191962033078961,0.19812563170993738,-0.9669463964194125,0.160955872515497
Egg Yolk,Kiwi,14,12,0,14,12,379,-0.033065111152477,1.046896551724138,1.0,2.42886,1.262069372261288,-2.42886,-1.9245059371404736,1.0,1.0,1.0,2,7,14,0,0.5086206896551724,0.5013445112306232,0.25,0.2333333333333333,0,0.0,0,0.0,0.4623055461794886,0.4417522513837459,1.669246970610599,0.3750055252878118,-0.6894496508348134,0.397911250000004,-0.4549328818903157,0.2848466666666657,-0.2908309437827617,7.0553,-0.3005254631968511,2.651866666666661,-0.2216304059785196,4.7768,-0.2298482036568646,1.749000000000007,-0.8560385159198,0.4229,-0.7445925844419711,0.1904666666666619,-0.5908625185554,0.9518621680791726,-0.19203340167356103,0.9465449656292293,-1.0877580868160674,0.2748570761287441,-1.3001980088288039,0.13236725478866426
Peach,Sesame,19,31,3,16,28,358,0.0678870961694065,2.668261562998405,0.1702920357770081,6.51716,1.8268512622542663,-3.51716,-1.925257995913666,0.990320193596128,0.2335790515180967,1.0,4,4,16,0,0.3956043956043956,0.3606334293357194,0.225,0.1958333333333333,0,0.0,0,0.0,-0.4014336839076869,0.4561188101264015,-0.3173442193316015,0.3852869503750039,-0.8936208333085913,0.4212150000000036,-0.8942078976516645,0.3012604166666648,-0.3031598638616063,8.581,-0.3170095969849719,3.212466666666659,-0.2336227604317877,5.9367,-0.2439721672401377,2.1551666666666702,-0.9540543355923996,0.4765,-0.8171731487187589,0.2209666666666629,-2.119020666607211,0.9231781241931843,-2.0655921444510517,0.9209359820419983,-1.771275091266336,0.1243280518554299,-2.0385662796402984,0.020255819066993502
Peach,Pistachio,19,31,3,16,28,358,0.0678870961694065,2.668261562998405,0.1702920357770081,6.50002,1.8150922840450832,-3.50002,-1.9282876307533607,0.989740205195896,0.2335790515180967,1.0,4,4,16,0,0.4126984126984127,0.4013024013024013,0.2875,0.2749999999999999,0,0.0,0,0.0,-0.2903000373163973,0.456605783891526,0.1992971258407512,0.3856295940986957,-0.5981056946522052,0.4194337500000043,-0.21483255541655,0.3006170833333344,-0.3252935135884721,8.3017,-0.3383487453650302,3.139799999999984,-0.251487644070803,5.6363,-0.2621708453359915,2.0625666666666693,-0.9358529112760192,0.4669,-0.8043203566731238,0.2187333333333293,-1.686866340573091,0.9324059788558859,-1.6214632699665315,0.9276524922298314,-1.6846223637754063,0.14794043810545526,-1.7533881341841973,0.07451424536027791
Cherry,Meat,13,13,0,13,13,379,-0.0331632653061224,1.0411522633744856,1.0,2.43572,1.261835203820214,-2.43572,-1.9302996085589008,1.0,1.0,1.0,4,3,12,0,0.3511450381679389,0.3049271339347675,0.2125,0.1541666666666666,0,0.0,0,0.0,-0.5509551785008391,0.4297149393839813,-0.8416444059983568,0.3648120819655927,-0.7743490190586294,0.3755050000000038,-1.0781753229805369,0.2668308333333331,-0.2631769127669661,6.3741,-0.2725764176184117,2.3125333333333296,-0.2018625413836133,4.3659,-0.2088459220781899,1.5487333333333375,-0.7759192128048794,0.3758,-0.69077004258807,0.1587666666666635,-0.6544824908320069,0.948372416290999,-0.5273927123170263,0.9389638480268377,-1.4039938270249477,0.13740755020179837,-1.393850326275465,0.08265137176364379
Banana,Egg Yolk,22,14,1,21,13,370,0.0142826439654583,1.9147286821705427,0.548481299013552,3.9334,1.5062551045556665,-2.9334,-1.9474788773348788,0.994540109197816,0.6414252910551388,1.0,2,2,4,0,0.4885496183206106,0.4010701990719952,0.2625,0.2083333333333333,0,0.0,0,0.0,1.2267732718935556,0.3512581003122248,1.9293929597723904,0.2912180176780875,0.0532920660998211,0.2535525000000003,0.4838364050506158,0.1718579166666663,-0.172747828444678,2.346,-0.1751238989782899,0.8130999999999995,-0.1343878414715389,1.569,-0.1364708198418907,0.5387333333333326,-0.4291067732555146,0.1555,-0.4113246879713557,0.0569333333333329,-0.27439057255154486,0.9341725375736044,0.029724046625486947,0.9173624723231582,-1.0359430260615523,-0.018510874719230325,-1.783137456326393,-0.21659690126055522
Shellifish,Soybean,38,16,3,35,13,354,0.0651521975238356,2.588941053729786,0.181745499637066,6.47574,1.7786319046952916,-3.47574,-1.9541648785364896,0.990440191196176,0.248075973957163,1.0,6,7,42,0,0.3160621761658031,0.30890229771977,0.275,0.2583333333333333,0,0.0,0,0.0,-1.4205910387514806,0.5583844899748693,-1.5190021569503438,0.4657907442291478,-1.3825145772597975,0.5778187500000026,-1.1666954117168489,0.4355312499999976,-0.4600366320557116,19.0742,-0.5008791583182385,8.064399999999992,-0.3593567332824606,13.7001,-0.3875817943589258,5.445433333333351,-1.9513309067639728,0.792,-1.4467429036067243,0.5218333333333319,-2.242851111282,0.9506159062402257,-1.9202504874536919,0.9452607754942477,-2.6890010651458973,0.29554692769670965,-2.071817031391006,0.2757396914682711
Chicken,Rice,7,25,0,7,25,373,-0.0340161916732818,0.976470588235294,1.0,2.33574,1.189511938737901,-2.33574,-1.9636120697353168,1.0,1.0,1.0,5,7,35,0,0.4495412844036697,0.3672703443345645,0.2875,0.2708333333333333,0,0.0,0,0.0,-0.532484711375576,0.539338046555799,-0.833654994045883,0.4494581638132824,-1.1874094685010357,0.5518700000000031,-0.9439842923851156,0.4090662500000015,-0.4455385704033035,16.8357,-0.4813191312989408,6.916233333333366,-0.3481959104072157,11.9261,-0.3744127302996798,4.643033333333337,-1.7038781131618834,0.7438,-1.28903956751731,0.4534000000000011,-1.2296875316565823,0.9617552882846603,-0.9232407129148236,0.9556005413374979,-1.5200853518553226,0.46256902796032306,-1.2366240105291595,0.3795249291065912
Shellifish,Wheat Flour,38,16,3,35,13,354,0.0651521975238356,2.588941053729786,0.181745499637066,6.48802,1.7689930694041756,-3.48802,-1.9717544745242104,0.991740165196696,0.248075973957163,1.0,6,5,30,0,0.327683615819209,0.3148103556435638,0.25,0.2375,0,0.0,0,0.0,-1.1557234970737127,0.5208992663658608,-1.280456332468245,0.4351890985760553,-1.2002525166692677,0.5216275000000028,-1.0299987003938265,0.3840208333333327,-0.4077510766591071,14.7707,-0.4312898246911543,5.961400000000033,-0.318150518746117,10.4458,-0.3343329750093705,4.012399999999989,-1.4574030817109052,0.6799,-1.1481248153800323,0.3956000000000042,-1.0042342894195073,0.9616628661170149,-0.8163648016197685,0.9538819747490881,-1.639577389521362,0.37859196966737885,-1.1919657708612397,0.34364327891918567
Casein (nBos d8),Kiwi,15,12,0,15,12,378,-0.0342694925693831,0.9767741935483872,1.0,2.56454,1.2922207970776514,-2.56454,-1.984598921329613,1.0,1.0,1.0,1,7,7,0,0.2660550458715596,0.248395160218056,0.15,0.1333333333333333,0,0.0,0,0.0,-0.9585999600406948,0.3868248147545085,-1.218459545531715,0.3276346689440719,-0.8144934684608809,0.3053050000000026,-0.8981483029106629,0.214846666666667,-0.2004312285557758,4.0068,-0.2057156889298782,1.4415000000000024,-0.1555891372700963,2.7714,-0.1602350157855883,0.9820666666666652,-0.5602568999864204,0.2389,-0.5197693750810622,0.0937000000000021,-0.435783617682336,0.9320214775142399,-0.7987521551914833,0.9065478016748418,0.1825772253074577,0.46990978389344584,-0.40246972424727767,0.14360800431252718
Casein (nBos d8),Onion,15,12,0,15,12,378,-0.0342694925693831,0.9767741935483872,1.0,2.5672,1.2909702397809175,-2.5672,-1.9885818595134024,1.0,1.0,1.0,1,1,1,0,0.1363636363636363,0.1363636363636363,0.1625,0.1625,0,0.0,0,0.0,-1.4716711583889548,0.2674220331309546,-1.4716711583889548,0.2674220331309546,0.1236308879908037,0.1484850000000004,0.1236308879908037,0.1484850000000004,-0.0925909052875178,0.5982,-0.0925909052875178,0.5982,-0.074434017709613,0.3967,-0.074434017709613,0.3967,-0.2083402892550505,0.0416,-0.2083402892550505,0.0416,0.32844161522060755,0.9190662923739555,0.32844161522060755,0.9190662923739555,1.3851356029161468,0.39258777322345106,1.3851356029161468,0.39258777322345106
Apple,Soybean,20,16,1,19,15,370,0.0122783150037081,1.8387096774193548,0.5622498212745984,4.0787,1.546850448492031,-3.0787000000000004,-1.9903022965156807,0.995220095598088,0.6557633050624735,1.0,4,7,28,1,0.5443037974683544,0.4227389469822051,0.6,0.3583333333333333,9,3.0,7,2.333333333333333,0.1811600542606291,0.5141189500359644,-0.0731382509120733,0.4295377218439681,0.3911785661194319,0.5109400000000035,-0.1082911215590832,0.373437083333334,-0.146081397278755,14.5239,-0.1957807099127291,5.77463333333337,-0.0988512274356657,10.416,-0.1303977699464175,3.9564333333333335,0.7193404498933779,0.659,-0.1078586512788459,0.3695000000000054,0.570007982296077,0.988771036666241,-0.02880559929860968,0.9641229214082637,0.8341460242276075,0.932141919319728,-0.5922736397715674,0.4407776501410711
Banana,Strawberry,22,21,2,20,19,364,0.0422175724160523,2.279549718574109,0.3180326493383004,5.45178,1.7235297594181525,-3.4517800000000003,-2.002738845173923,0.992960140797184,0.4027456349408274,1.0,2,3,6,1,0.7938931297709924,0.4543184982476355,0.8625,0.4125,37,12.333333333333334,27,9.0,3.36133804449258,0.3780494744780324,2.1489824567559586,0.3196108429992991,3.0470152461653326,0.2942400000000029,2.39837801597976,0.204665833333333,2.210906628216422,3.359,2.101055358397972,1.1871333333333365,1.9432638957544568,2.2196,1.884099822306465,0.7741666666666661,1.8742025981897932,0.2216,1.455333071692415,0.085133333333335,1.846223017412425,0.9983466930997248,0.5869322995220507,0.9430900799030452,1.9507747513484421,0.976458611441786,1.0730454524843502,0.37068477060731403
Cow Milk,Kiwi,28,12,1,27,11,366,0.0097794065665529,1.7383399209486166,0.5819059610987151,4.10168,1.5049189937003251,-3.10168,-2.061027877901605,0.996140077198456,0.6758783523320478,1.0,4,7,28,0,0.391304347826087,0.3701298336488817,0.225,0.2166666666666666,0,0.0,0,0.0,-0.7282514348635956,0.5116654744621814,-0.6329419321269142,0.4281618445138149,-1.257242045852513,0.5086912500000018,-1.1305620627258506,0.3723483333333336,-0.387286958802292,13.8863,-0.41292180325079,5.508700000000008,-0.3017304447714073,9.8137,-0.3194936777529968,3.711266666666646,-1.3778790674938357,0.655,-1.0935769331896048,0.3644666666666726,-1.4184464940569466,0.9519143622162854,-1.559195477116262,0.9404499290381848,-1.1304032531687347,0.46990978389344584,-1.0955957019038427,0.34145839539415485
Egg White,Tomato,33,19,3,30,16,356,0.0619695629718299,2.479384003974168,0.1947095550899083,6.81242,1.8492359891587664,-3.81242,-2.061618972565153,0.9935001299974,0.2625770682823043,1.0,5,2,10,0,0.4427480916030534,0.3702032532888298,0.2375,0.2083333333333333,0,0.0,0,0.0,0.1932228427429642,0.4161439494614312,0.2424125346943761,0.3535703806499776,-0.5641132239258844,0.3535475000000029,-0.416470260210201,0.2503374999999999,-0.2511914799419104,5.512,-0.2588275694592516,1.9921333333333344,-0.1937142884590175,3.7773,-0.1998604151189894,1.336266666666668,-0.7072128498560388,0.3334,-0.6379080996546684,0.1390333333333319,-0.15924985946596368,0.9553447816242986,0.5437671987084978,0.9531083242775954,-0.9671681397714126,0.2178081990441862,-0.657805064089496,0.17965787861055257
Cherry,Shellifish,13,38,2,11,36,356,0.0374841392454842,2.1232876712328768,0.3490160281243598,5.40904,1.6329379285202477,-3.40904,-2.087672740316124,0.994480110397792,0.4350239048070376,1.0,4,6,24,0,0.358974358974359,0.3461864683238729,0.2,0.1958333333333333,0,0.0,0,0.0,-0.8593291835196188,0.4973254100838713,-0.8110703023814407,0.4171718958100626,-1.2606302916743657,0.4847350000000051,-1.1680018232515004,0.3518566666666688,-0.371887502472348,12.0743,-0.3911675636079614,4.733400000000005,-0.287355036655696,8.4083,-0.3012188125372745,3.1603333333333223,-1.2435727299633217,0.6073,-1.0093349303482806,0.3218666666666713,-1.3001143282023968,0.9509790806147564,-0.9469041936496952,0.947222663719911,-1.2036131802365615,0.40634922396913664,-0.6622277184259141,0.387555075075199
Hazelnut,Sesame,16,31,2,14,29,360,0.0369639358669849,2.1069549970777324,0.3505005436234955,5.63916,1.7220204686356062,-3.63916,-2.113308213393877,0.995040099198016,0.4350239048070376,1.0,12,4,48,1,0.7785714285714286,0.6048295608309248,0.8375,0.7250000000000001,41,21.33333333333333,25,13.0,1.2115685195631358,0.5716626000921556,1.1453659038247237,0.4788933754277152,1.107415677712824,0.6008425000000032,1.677153620062023,0.4614533333333335,0.4493661204684954,21.2893,0.6930861042581722,9.307433333333307,0.237457276418999,15.4032,0.4432756249038321,6.293833333333327,0.4602471464041312,0.8252,1.1579333978116604,0.5777000000000005,0.8835755875384669,0.9981515777533972,1.5001565704562485,0.996216058732116,0.8649963010418958,0.9849986801230936,1.4513508644702702,0.957217833765165
Hazelnut,Meat,16,13,0,16,13,376,-0.0369329359875861,0.8451178451178452,1.0,2.8964,1.3536569136971155,-2.8964,-2.1396854481312664,1.0,1.0,1.0,12,3,36,0,0.4090909090909091,0.3793334870257947,0.3,0.2791666666666666,0,0.0,0,0.0,-0.7618265895832561,0.5358452999588752,-0.697132257473785,0.4495486765245525,-1.105929040708179,0.5465300000000035,-0.8699869919350278,0.4092054166666662,-0.4385949264223653,16.2044,-0.4752852445015582,6.811533333333365,-0.3400417898430996,11.4253,-0.3675109728980111,4.543966666666681,-1.640548396188375,0.7291,-1.2615793902821797,0.4547000000000007,-2.609795973295496,0.9368791356765103,-2.2596113843927124,0.9338664744169317,-3.1282524565167686,0.11547406084099679,-2.650745256279047,0.10464343622678879
Mulberry,Pistachio,26,31,4,22,27,352,0.0761555357839458,2.5636363636363635,0.1270617204463395,8.39644,2.008779561425295,-4.39644,-2.188612471186526,0.995340093198136,0.1851470783646661,1.0,3,4,12,0,0.3626373626373626,0.3564079232869042,0.2,0.1833333333333333,0,0.0,0,0.0,-0.481745015104375,0.4311580688698621,-0.1298541922951384,0.3656704310583261,-0.8418831344315434,0.3781112500000026,-0.7982904571765942,0.2680041666666672,-0.2746871696277352,6.4696,-0.2836284182454699,2.356866666666664,-0.2135884744325379,4.4134,-0.2207648980524861,1.5723333333333387,-0.7845437433941266,0.381,-0.6985138908668376,0.1630333333333295,-1.1885883514129314,0.9359622636411054,-0.7380710587510227,0.9351902614675955,-1.592866172020391,0.08057420994183596,-1.5334430266383823,0.055415046768125586
Chicken,Sesame,7,31,0,7,31,367,-0.0381814598824095,0.7777777777777778,1.0,2.7072,1.2350660549136634,-2.7072,-2.1919475393478005,1.0,1.0,1.0,5,4,20,0,0.3310344827586207,0.3179199556848082,0.1875,0.1833333333333333,0,0.0,0,0.0,-0.9350511990746176,0.4777395151354091,-1.0133617630910865,0.4017682399568193,-1.1964621593430758,0.4547512500000035,-1.1487012545780717,0.3280233333333338,-0.3383961885227384,10.043,-0.3519827290773077,3.8600999999999943,-0.2589401091425148,6.9203,-0.2696579074843654,2.5649999999999977,-1.094662202433609,0.5451,-0.9111772263104552,0.2726333333333353,-2.2234079758511482,0.9268720085961177,-2.106243382772156,0.9242168845186489,-2.347514492414626,0.049557628945289936,-2.1950928273972434,0.03774994824477685
Chicken,Pistachio,7,31,0,7,31,367,-0.0381814598824095,0.7777777777777778,1.0,2.7115,1.2307671388203376,-2.7115,-2.2030974946234845,1.0,1.0,1.0,5,4,20,0,0.3766233766233766,0.3490805830255372,0.2375,0.2291666666666666,0,0.0,0,0.0,-0.6461977576942246,0.4792743011783574,-0.6333642167433392,0.4026372357527972,-0.9657629755613776,0.4553625000000029,-0.7731753233408999,0.3281820833333336,-0.3431151604222409,10.7662,-0.3570944196425239,4.1472000000000016,-0.269222191312343,7.5793,-0.2802956535256788,2.8181666666666545,-1.0979790554357411,0.5466,-0.9138395330350534,0.2714333333333355,-1.458748390657336,0.9428234445836614,-1.326641849864955,0.9369690376195331,-2.230124003569192,0.0857464092920879,-2.0498595886661217,0.07167013446742876
Kiwi,Peach,12,19,0,12,19,374,-0.0387683659219518,0.7682051282051282,1.0,3.07632,1.3817435571045742,-3.07632,-2.2264044468905566,1.0,1.0,1.0,7,4,28,1,0.8348623853211009,0.5786537621400006,0.8375,0.5375,36,14.333333333333334,28,11.0,1.9638870032624711,0.5113351045688745,1.6406786429977454,0.4280987364210243,1.4622850101233806,0.5074500000000013,1.2041755926666566,0.3711237500000006,0.603479677249755,13.8243,0.6462576665336139,5.496566666666692,0.5355105906382069,9.8856,0.6006954274038093,3.747766666666666,0.7233458688632453,0.6565,0.8962010491607888,0.3666333333333395,0.8808470845420241,0.9943219798151308,0.25431616540666346,0.9684865772355234,0.7668707139133298,0.9147084654132664,1.276257335662023,0.8059392886978456
Banana,Pistachio,22,31,3,19,28,355,0.0539262019290314,2.238866396761133,0.2319213043299159,7.336,1.9202249868179488,-4.336,-2.258068731406985,0.996440071198576,0.303306265134389,1.0,2,4,8,0,0.3511450381679389,0.3307888040712468,0.225,0.1958333333333333,0,0.0,0,0.0,-0.3668492456523412,0.3989488890325471,-0.1192445451482776,0.3385387809677779,-0.515129730811102,0.3266600000000015,-0.3580018068513956,0.2293845833333335,-0.2228253590207192,4.5304,-0.2277071765970283,1.614600000000006,-0.1718612980036263,3.1032,-0.1759706706812372,1.0893666666666677,-0.6259300665057401,0.2815,-0.5764004131882607,0.1114666666666681,-1.0937774207497435,0.9273804296663588,-0.6445428893109847,0.9259960959577299,-0.8892033335145135,0.18622237396505262,-1.0723912277265784,0.05606300230798177
"Cow Milk, UHT",Hazelnut,34,16,2,32,14,357,0.0300206735067836,1.896551724137931,0.3955261689685136,6.01998,1.748811253280352,-4.01998,-2.298692893506648,0.997440051198976,0.4804501242825649,1.0,4,12,48,0,0.3491124260355029,0.3459491645268133,0.3,0.2749999999999999,0,0.0,0,0.0,-1.3126723554363389,0.5756918253150227,-1.218141332554042,0.4813892331185337,-1.4179964276018262,0.6056862500000041,-1.1914299038656726,0.463973333333334,-0.4888670693994256,22.7105,-0.5445218423924022,9.844799999999973,-0.3878892502477505,16.6763,-0.4260107286763532,6.750399999999986,-2.16300524947493,0.8239,-1.584526879661785,0.5801666666666657,-3.628648392120813,0.9341747702692305,-2.9398487487966873,0.9332391919590312,-1.8389061461178364,0.505115471844757,-1.5743301879984963,0.41203485189937733
"Cow Milk, UHT",Soybean,34,16,2,32,14,357,0.0300206735067836,1.896551724137931,0.3955261689685136,6.01504,1.7449509444107607,-4.01504,-2.30094720591461,0.997500049999,0.4804501242825649,1.0,4,7,28,0,0.3875,0.366139240506329,0.2375,0.225,0,0.0,0,0.0,-0.7601069641683357,0.5129351439255248,-0.6842235414745254,0.4288645237292877,-1.2158385979000896,0.5112650000000037,-1.080461267577475,0.3744166666666674,-0.3873894466632707,14.1921,-0.4150324010167938,5.587900000000032,-0.3027741174221839,10.0979,-0.3221157810065322,3.790466666666666,-1.4089267641952408,0.665,-1.1117750710751193,0.3752000000000061,-1.2633178416714537,0.9554028090813149,-1.2476410490780268,0.9455951671282133,-1.3970288493561234,0.4135988466316258,-1.121841771476988,0.34032127715876
Egg White,Onion,33,12,1,32,11,361,0.0011828431831884,1.4508361204013378,0.6446553965979098,4.59424,1.553383025013471,-3.59424,-2.313814392280249,0.998340033199336,0.7472142096930318,1.0,5,1,5,0,0.3863636363636363,0.3409090909090909,0.225,0.1666666666666666,0,0.0,0,0.0,0.1854483988171966,0.3647876763508784,0.5844663451355223,0.3057861190249007,-0.2677615056955026,0.2725437500000017,-0.2652987781049056,0.1884099999999993,-0.1873042695132372,2.8108,-0.1912445249119184,0.9939999999999984,-0.1437845753528386,1.8667,-0.1475050577294448,0.6529999999999999,-0.48337778537601,0.1894,-0.4565962909391469,0.0708666666666674,-0.3017584325267149,0.9307027246492893,-0.17911742864317706,0.9176600488689802,-0.5402400329116795,0.18382755130180783,-0.28339584405884216,0.08683916229457117
Meat,Tomato,13,19,0,13,19,373,-0.040402830430281,0.7094017094017094,1.0,3.3095,1.4170073217877173,-3.3095,-2.33555603356,1.0,1.0,1.0,3,2,6,0,0.2977099236641221,0.2575846545312194,0.0875,0.0791666666666666,0,0.0,0,0.0,-0.653454840513873,0.377615607969488,-1.0246111190129257,0.3197138419260857,-1.1172545914828012,0.2928012500000015,-1.490762251072541,0.2035849999999999,-0.185075167367201,3.4715,-0.1887668510078857,1.2032999999999991,-0.1417863328991714,2.3718,-0.1444535379488934,0.8141666666666657,-0.5255105201508131,0.2164,-0.4958992122126762,0.0820000000000015,-0.22853965136311627,0.9437917608004079,0.38458353622911357,0.938817688274335,-0.8839802524470092,0.11718807513536358,-0.49798296401632197,0.09389201834243725
"Cow Milk, UHT",Kiwi,34,12,1,33,11,360,-0.0003889626883546,1.4036340038935755,0.6561181257399127,4.68416,1.5638302639353143,-3.68416,-2.355856696831639,0.998580028399432,0.757370922921998,1.0,4,7,28,0,0.391304347826087,0.3701298336488817,0.225,0.2166666666666666,0,0.0,0,0.0,-0.7282514348635956,0.5116654744621814,-0.6329419321269142,0.4281618445138149,-1.257242045852513,0.5086912500000018,-1.1305620627258506,0.3723483333333336,-0.387286958802292,13.8863,-0.41292180325079,5.508700000000008,-0.3017304447714073,9.8137,-0.3194936777529968,3.711266666666646,-1.3778790674938357,0.655,-1.0935769331896048,0.3644666666666726,-1.4184464940569466,0.9519143622162854,-1.559195477116262,0.9404499290381848,-1.1304032531687347,0.46990978389344584,-1.0955957019038427,0.34145839539415485
"Cow Milk, UHT",Onion,34,12,1,33,11,360,-0.0003889626883546,1.4036340038935755,0.6561181257399127,4.68734,1.551948363960606,-3.68734,-2.37594245119717,0.998820023599528,0.757370922921998,1.0,4,1,4,0,0.3409090909090909,0.2373737373737373,0.1625,0.1125,0,0.0,0,0.0,-0.0729246658557025,0.348887580868521,-0.903842984377742,0.2891319958318512,-0.5223274537359104,0.2487037500000001,-0.7767115399167364,0.1700533333333335,-0.165342775441895,2.224,-0.167114675302476,0.7669666666666657,-0.1276304862485093,1.4938,-0.1292461147262838,0.5114000000000002,-0.4227165687563934,0.1516,-0.4034639227509842,0.0555666666666661,-0.496956207205139,0.9190662923739555,-0.0959591719741406,0.9136867112793171,0.3461437785412488,0.39258777322345106,0.2670643848248689,0.1204726099747953
Banana,Carrot,22,12,0,22,12,371,-0.0418799641519082,0.6604444444444444,1.0,3.44198,1.4326456922770536,-3.44198,-2.4025340100170207,1.0,1.0,1.0,2,2,4,0,0.3032258064516129,0.282827358966241,0.1875,0.1625,0,0.0,0,0.0,-0.4149127112346467,0.3487293554703113,-0.1228573093331529,0.2897183428505283,-0.3863416605332927,0.2507187500000008,-0.1093380132553139,0.1705041666666664,-0.1585082420707383,2.2081,-0.159905470251386,0.761933333333332,-0.1201901623437461,1.4674,-0.121584579187359,0.5032666666666672,-0.4220590432673727,0.1512,-0.40607468385336,0.054766666666666,-0.31680760647418504,0.9322611369825851,0.17068857587809386,0.9204968703223714,-0.48047006350986526,0.14217432582800904,0.31934741013208023,0.12640027261770106
Banana,Tomato,22,19,1,21,18,365,-0.0016537207361794,1.3783783783783785,0.6625135931340822,5.04704,1.6807222371349768,-4.04704,-2.4079172099839283,0.999060018799624,0.7631830097499387,1.0,2,2,4,1,0.7709923664122137,0.4529262086513995,0.85,0.3875,29,9.666666666666666,18,6.0,3.859412646506761,0.349161541075688,2.9601232427649498,0.2899099889475262,3.6615930117996633,0.2495350000000011,3.00704237445328,0.1697791666666666,1.7718471910670297,2.2946,1.727055311548911,0.7873666666666651,1.226704795950358,1.5777,1.2072891477926824,0.5368333333333339,2.367492305174284,0.1514,2.0699386212165467,0.0547333333333326,2.038146486805552,0.9975703095121953,1.648192855841356,0.958029878697254,2.2605714605910894,0.9650235801671526,1.6076133538204371,0.3408949018930816
"Cow Milk, UHT",Mulberry,34,26,4,30,22,349,0.0660153791659055,2.2918032786885245,0.1639006715557733,8.98522,2.064577814372712,-4.98522,-2.414643790752289,0.997260054798904,0.2270327820809601,1.0,4,3,12,0,0.3626373626373626,0.3323067590583514,0.225,0.1916666666666666,0,0.0,0,0.0,-0.4880549373318903,0.4327543654686318,-0.4784371093187541,0.3668118771238894,-0.7361751287915079,0.3816275000000037,-0.7342177355425257,0.2706354166666665,-0.2761382012779401,6.869,-0.2843478457536097,2.506799999999997,-0.2161272420625473,4.754,-0.2223393240817553,1.695900000000001,-0.7950598241900602,0.3873,-0.7037676015631132,0.1672666666666626,-1.4658422340704793,0.9297663904087717,-1.6983858214685,0.9195149460564798,-0.5647582046649922,0.3843474076941225,-0.5168290174919019,0.24798402317044563
Apple,Shellifish,20,38,3,17,35,350,0.0439077521091571,1.974647887323944,0.2864147009266025,7.84086,1.9401995929285207,-4.84086,-2.4950319635379605,0.998120037599248,0.3670813060797761,1.0,4,6,24,0,0.3217391304347826,0.3072463768115942,0.225,0.1999999999999999,0,0.0,0,0.0,-1.0873767287624374,0.4987991571946961,-1.2492127376815034,0.4173150992168753,-1.1541261125910218,0.4875112500000019,-1.1406004076947185,0.3532379166666654,-0.3804445187835998,12.4344,-0.4021733616113596,4.844600000000017,-0.2976494835308191,8.7004,-0.3137877947127954,3.253333333333324,-1.2433120474162986,0.6072,-1.0087462997645058,0.3246000000000048,-1.5025368837334816,0.9465561803922704,-1.092659564514861,0.9445032147026456,-0.7722249592641576,0.5135542561577416,-0.14800694733832429,0.4897630092194116
"Cow Milk, UHT",String Bean,34,13,1,33,12,359,-0.0046148820025752,1.2877611940298508,0.6858687204596149,5.02898,1.613040656524194,-4.02898,-2.497754773696597,0.999220015599688,0.7884679347906639,1.0,4,8,32,0,0.4354838709677419,0.3926119781107533,0.2125,0.1999999999999999,0,0.0,0,0.0,-0.5424177680682615,0.5265789730257124,-0.4901138414696999,0.4398159174239832,-1.429584053099365,0.5328400000000022,-1.348202044650764,0.3935129166666663,-0.4168447461482338,15.1525,-0.4476110260722952,6.187566666666705,-0.3227370530379816,10.6861,-0.3444021904555205,4.141466666666662,-1.5436806445443958,0.7044,-1.1988314780261355,0.4183000000000045,-1.528415989443047,0.9535698864342245,-1.178812434174263,0.9493137312961192,-1.35903412266023,0.4626607960991035,-0.8507221023214621,0.4271141547691603
Cow Milk,Hazelnut,28,16,1,27,15,362,-0.0053049827103383,1.2756598240469208,0.6892841287863127,5.24988,1.6865467635378504,-4.24988,-2.5198708342276106,0.999260014799704,0.7907738164603711,1.0,4,12,48,0,0.3491124260355029,0.3459491645268133,0.3,0.2749999999999999,0,0.0,0,0.0,-1.3126723554363389,0.5756918253150227,-1.218141332554042,0.4813892331185337,-1.4179964276018262,0.6056862500000041,-1.1914299038656726,0.463973333333334,-0.4888670693994256,22.7105,-0.5445218423924022,9.844799999999973,-0.3878892502477505,16.6763,-0.4260107286763532,6.750399999999986,-2.16300524947493,0.8239,-1.584526879661785,0.5801666666666657,-3.628648392120813,0.9341747702692305,-2.9398487487966873,0.9332391919590312,-1.8389061461178364,0.505115471844757,-1.5743301879984963,0.41203485189937733
Peach,Soybean,19,16,0,19,16,370,-0.0449954229845812,0.5757575757575758,1.0,3.91462,1.5171058814730098,-3.91462,-2.5803208911161573,1.0,1.0,1.0,4,7,28,1,0.8473282442748091,0.6141352000372196,0.9,0.5791666666666667,60,22.0,51,18.33333333333333,2.0543721290190144,0.5112784114207474,2.054161766114901,0.4278946344765373,1.746432165559481,0.5089687500000054,1.5283093323357444,0.3710187500000007,1.3599687794923752,13.3164,1.295387957209898,5.294333333333373,1.3341177285084236,9.2984,1.3140156575624935,3.5290666666666484,0.7163017611613282,0.6609,0.9097585123010876,0.3654666666666718,1.1171056215661204,0.9988109300401566,0.5597088619886712,0.9730080860593159,1.0579514931258496,0.9828811061243925,0.8044884680454873,0.7103978316850439
Hazelnut,Strawberry,16,21,0,16,21,368,-0.0474273900449745,0.5193798449612403,1.0,4.23334,1.565762575999311,-4.23334,-2.70369215926506,1.0,1.0,1.0,12,3,36,1,0.6729559748427673,0.5460655816409813,0.6875,0.5333333333333333,5,2.0,0,0.0,0.790121522913571,0.5395981831550718,0.9295742667703032,0.4516946521260257,0.6044244636414171,0.5522387500000039,0.7986497794415435,0.4133770833333344,-0.3105038376339431,17.2391,-0.3411424787577675,7.209600000000045,-0.3422969861790183,12.3447,-0.3674079945606677,4.866466666666683,0.5949057135506128,0.7386,0.5671467154883749,0.4623666666666672,0.910378948287734,0.9971199562003196,0.5942340692864978,0.9786054774272634,0.9633293618537503,0.9852827113353136,0.6351270536502011,0.7453800973924508
Cow Milk,Onion,28,12,0,28,12,365,-0.0476214580632144,0.5129824561403509,1.0,4.10038,1.510120477180545,-4.10038,-2.715266802855076,1.0,1.0,1.0,4,1,4,0,0.3409090909090909,0.2373737373737373,0.1625,0.1125,0,0.0,0,0.0,-0.0729246658557025,0.348887580868521,-0.903842984377742,0.2891319958318512,-0.5223274537359104,0.2487037500000001,-0.7767115399167364,0.1700533333333335,-0.165342775441895,2.224,-0.167114675302476,0.7669666666666657,-0.1276304862485093,1.4938,-0.1292461147262838,0.5114000000000002,-0.4227165687563934,0.1516,-0.4034639227509842,0.0555666666666661,-0.496956207205139,0.9190662923739555,-0.0959591719741406,0.9136867112793171,0.3461437785412488,0.39258777322345106,0.2670643848248689,0.1204726099747953
Banana,Shellifish,22,38,3,19,35,348,0.0349625944120417,1.762007945106537,0.3410623476223695,8.49758,2.000668424202276,-5.497579999999999,-2.7478716280495314,0.999420011599768,0.4270892344110475,1.0,2,6,12,0,0.2977099236641221,0.2926208651399491,0.25,0.1791666666666667,0,0.0,0,0.0,-0.9331521558115374,0.4314214756334917,-1.008705313474355,0.3656816393662785,-0.5960507517000498,0.3764787500000025,-0.8224513261997987,0.267738333333332,-0.2672092257673474,6.7011,-0.2773656336976995,2.452033333333325,-0.2084410656931239,4.6345,-0.216432952341931,1.6558333333333364,-0.7787333964915367,0.3775,-0.6935037531148591,0.1642999999999966,-0.4262109485717499,0.9522419303300926,-0.4300221094592728,0.9390585418658509,-0.710254272019544,0.33614551332337017,-0.16197477240071956,0.3110311293360914
Pistachio,Shellifish,31,38,5,26,33,341,0.0666103831663869,2.1157420444945085,0.1526318603945618,11.19886,2.246186702035254,-6.19886,-2.759726070136225,0.999160016799664,0.2138614628402229,1.0,4,6,24,0,0.3333333333333333,0.3166378814047207,0.2875,0.2875,0,0.0,0,0.0,-1.0145529879844948,0.4990643630784844,-1.1277217223150162,0.4179965346133164,-0.8793786482872297,0.4876912500000033,-0.4902206909853293,0.3540516666666641,-0.3785607290534043,12.4314,-0.4020215479540288,4.910433333333355,-0.2941738139984791,8.7289,-0.3121942157648603,3.299966666666664,-1.2567075644325272,0.6123,-1.014619199069183,0.3249000000000056,-2.1214135254495043,0.935536411403641,-1.920662897075793,0.9320779464711494,-2.2529253926412096,0.1531948942216842,-1.9777822339835565,0.12812712943576918
Egg White,Soybean,33,16,1,32,15,357,-0.014071548100742,1.064516129032258,0.7501508165069857,5.8931,1.7352211357633949,-4.8931,-2.819871138699176,0.999820003599928,0.8588461388988142,1.0,5,7,35,0,0.45,0.4316157760814249,0.3375,0.2791666666666667,0,0.0,0,0.0,-0.5226518580045337,0.5381122764755453,-0.1763859986847715,0.448878694292914,-0.9596607845785112,0.5502450000000038,-0.8898366805314715,0.4089187500000004,-0.4445185432346538,16.4344,-0.4734697960184071,6.737200000000035,-0.345711223807264,11.5806,-0.365708288036029,4.490500000000011,-1.6822455857119265,0.7389,-1.2820061527824569,0.4556000000000027,-1.4846357778863752,0.9577377409943947,-1.054419960024555,0.9537780525329502,-2.5157227166398943,0.2565780315698168,-1.9793843754404037,0.23975778180079602
Egg Yolk,Shellifish,14,38,1,13,37,354,-0.0145353834781713,1.0503703703703704,0.7541851285257215,5.77006,1.6839559365969168,-4.77006,-2.832651316066944,0.999760004799904,0.8617064299448671,1.0,2,6,12,0,0.4180790960451977,0.3965883571591539,0.2625,0.2541666666666666,0,0.0,0,0.0,-0.0752449106995795,0.4286920915993935,0.4514757575843931,0.3641541252983046,-0.5365853891056913,0.3754312500000033,-0.1220659368479136,0.2671579166666671,-0.2560823142524404,6.5691,-0.2644216168278611,2.4183666666666577,-0.1973259481000377,4.5671,-0.2043085627818068,1.644233333333336,-0.7727800123272364,0.3739,-0.6879611727044308,0.1610999999999967,-0.42744282841894055,0.9525233679801534,-0.08497995558826954,0.945388150399078,-0.6689317036882321,0.350593451548647,0.019386487948700726,0.34771874858751817
Peach,Shellifish,19,38,2,17,36,350,0.0087013650465431,1.3718199608610568,0.5488130832557337,7.50484,1.900014887941672,-5.50484,-2.8972615082840294,0.999660006799864,0.6414252910551388,1.0,4,6,24,0,0.365079365079365,0.334383456520861,0.1625,0.1374999999999999,0,0.0,0,0.0,-0.7996054297528288,0.4940833905047713,-0.926315898288846,0.414929941905747,-1.4101032748257374,0.4807987500000015,-1.594347632268816,0.3489787500000002,-0.3635992456696261,11.8873,-0.3859308274507652,4.642000000000005,-0.2818312133925152,8.3453,-0.2981058103672268,3.125833333333327,-1.2324332386208312,0.603,-0.9982995889329898,0.3168000000000055,-1.3105828044396888,0.9500618096815708,-1.4195096615423226,0.9394788518338619,-1.2906064765032315,0.37761140185330355,-0.7264020287627136,0.3697013501039947
Banana,Potato,22,34,2,20,32,351,0.0060138771026375,1.3189493433395871,0.5683101051681365,7.84032,1.9571669059127257,-5.84032,-2.9840684421732364,0.999840003199936,0.6614563672185158,1.0,2,2,4,0,0.2748091603053435,0.2621095414090474,0.1625,0.1416666666666666,0,0.0,0,0.0,-0.6671316536491966,0.3514873688774881,-0.5009217730282873,0.2910718317611029,-0.5280320121196979,0.2522300000000007,-0.3886143361542205,0.1707854166666661,-0.159531914015837,2.4612,-0.1618775849261047,0.8487999999999989,-0.1224212880372222,1.6983,-0.1242918519050938,0.5812333333333329,-0.4279625178752282,0.1548,-0.4107259166130477,0.0563666666666662,-0.8083826298387198,0.9188424564113696,-0.16525565444356574,0.9121669586915507,-1.485678942859524,-0.16105448267921016,-1.7545620389869148,-0.21613034034767317
"Cow Milk, UHT",Shellifish,34,38,5,29,33,338,0.0552653253241051,1.8838856564634447,0.2027523049991806,12.04552,2.292223359448201,-7.04552,-3.07366207178695,0.999740005199896,0.270175874357578,1.0,4,6,24,0,0.3212435233160621,0.3111341173314488,0.275,0.2708333333333333,1,0.3333333333333333,0,0.0,-1.0789737134433626,0.4966277972465479,-1.2006999032093222,0.4161532940193669,-0.9206274307889688,0.4845425000000032,-0.6058382166245846,0.3515883333333338,-0.3374132379332335,12.5482,-0.3579127906522858,4.885000000000029,-0.2862550177476583,8.8907,-0.2987357499995818,3.320233333333317,-1.2332058107699064,0.6033,-1.0051739663514516,0.3208333333333386,-1.3937180390769726,0.9486573241697333,-1.241776053017311,0.9421846375288035,-1.1200150705759089,0.42425594715573267,-0.5664847894006212,0.4041816771511317
Potato,Shellifish,34,38,5,29,33,338,0.0552653253241051,1.8838856564634447,0.2027523049991806,12.01918,2.2759639996274124,-7.01918,-3.0840470240957583,0.999640007199856,0.270175874357578,1.0,2,6,12,0,0.2895927601809955,0.2774541895317865,0.25,0.225,0,0.0,0,0.0,-0.9963154060769582,0.4319723586245451,-1.2144076148247926,0.3663397978328524,-0.6022188402500486,0.3781237500000055,-0.4024507656137273,0.2689058333333335,-0.2798862390125936,6.548,-0.2862406529174528,2.437733333333323,-0.2173902765469386,4.4674,-0.2236826446258517,1.6287666666666671,-0.7913789838302113,0.3851,-0.6979072583189858,0.1673999999999955,-1.3923754384857276,0.9292200389236931,-1.0418057280083726,0.9283134094776964,-1.1565082179708146,0.2060397114494374,-0.7345530899071663,0.20316081716419035
Rice,Shellifish,25,38,3,22,35,345,0.023022858317385,1.5139280125195618,0.4226426873165469,9.42216,2.081187385700769,-6.42216,-3.085815359118927,0.999740005199896,0.5088037501815083,1.0,7,6,42,0,0.3559322033898305,0.3402905847799147,0.25,0.25,0,0.0,0,0.0,-1.1889028845370353,0.558071799291547,-1.2175575566091452,0.4656741332017881,-1.5005470102744165,0.5785625000000048,-1.222005466583517,0.4368349999999995,-0.4568802081065869,19.3618,-0.5051144156210261,8.121933333333338,-0.3569173807250088,13.9325,-0.3896326530475048,5.481000000000007,-1.9656584722611363,0.7944,-1.4469426904201712,0.5248666666666666,-1.4423052195408514,0.9622141785577247,-1.3905664645022842,0.9526087347924578,-2.8982014277652515,0.24952651741218176,-2.2069501302115433,0.24558650409910462
Hazelnut,Shellifish,16,38,1,15,37,352,-0.0217889556793058,0.9096774193548388,0.7996985201002822,6.49672,1.7799070879121757,-5.49672,-3.088206141393387,0.999920001599968,0.9118513613338584,1.0,12,6,72,0,0.3615819209039548,0.3533911567332431,0.325,0.3125,0,0.0,0,0.0,-1.5605131196987834,0.6265321524807816,-1.449665665739997,0.5263103185409661,-1.7888011611770638,0.672842500000006,-1.395752652203628,0.5364137499999987,-0.5656152802827639,30.0233,-0.6487208277017611,13.847166666666594,-0.4494335822659543,22.3744,-0.5035807987284683,9.512233333333327,-3.381983285776799,0.9196,-2.2632042655070124,0.7453333333333383,-3.9612149947252826,0.9498485069388862,-3.7652367459054643,0.9381513945738557,-3.0938681301350095,0.4845292198468658,-2.175706901498841,0.45726290233644235
Kiwi,Shellifish,12,38,0,12,38,355,-0.0562280618681463,0.3693506493506494,1.0,5.05796,1.5883956177224876,-5.05796,-3.1843200419126867,1.0,1.0,1.0,7,6,42,0,0.3695652173913043,0.3555722138930535,0.2375,0.1958333333333333,0,0.0,0,0.0,-1.1195195507384228,0.5622844924200225,-1.065673492508174,0.4684378424428168,-1.5693992948995097,0.5826475000000018,-1.5733079642725845,0.4392149999999997,-0.458444350522362,20.0023,-0.5008800233823782,8.455699999999947,-0.3591581740784018,14.5113,-0.3886650264439353,5.753033333333359,-1.951923361713982,0.7921,-1.4408054376975608,0.523600000000001,-2.2092554738355195,0.9518340171401205,-1.9224892968469969,0.9454529577899011,-2.943350239292999,0.2567268742834871,-2.284298465759761,0.23939831583874815
Egg White,Shellifish,33,38,2,31,36,336,-0.033933581529623,0.7316808001739509,0.8408172765594838,11.76002,2.267145694391957,-9.76002,-4.304981379953888,1.0,0.9567920733263092,1.0,5,6,30,0,0.3389830508474576,0.3231972570064881,0.3125,0.3,0,0.0,0,0.0,-1.0918300802592456,0.5223383391684692,-1.1926967772992076,0.4358943790941586,-0.9361613615809172,0.5245012500000014,-0.5969018173074645,0.3850312499999988,-0.3995235266543903,15.2076,-0.4286975555310914,6.077133333333355,-0.3116707691303557,10.8577,-0.3313458754664777,4.122433333333339,-1.4870453218844648,0.6886,-1.1621726505041183,0.3983000000000027,-1.9175281733792282,0.9460360711824523,-1.5864212072152595,0.9425512167224928,-1.4639415838380427,0.41960394909214105,-0.8337508945808066,0.41309617075519167
