allergen_a,allergen_b,n_pos_a,n_pos_b,n11,n10,n01,n00,phi,odds_ratio,fisher_p,n11_null_mean,n11_null_sd,excess,z_adj,p_perm,fdr_q_unadj,fdr_q_adj,n_prot_a,n_prot_b,n_combinations,same_family_any,identity_global_max,identity_global_top3,window80_max,window80_top3,kmer6_max,kmer6_top3,kmer8_max,kmer8_top3,z_identity_global_max,null_identity_global_max_mean,z_identity_global_top3,null_identity_global_top3_mean,z_window80_max,null_window80_max_mean,z_window80_top3,null_window80_top3_mean,z_kmer6_max,null_kmer6_max_mean,z_kmer6_top3,null_kmer6_top3_mean,z_kmer8_max,null_kmer8_max_mean,z_kmer8_top3,null_kmer8_top3_mean,z_same_family_max,null_same_family_max_mean,z_same_family_top3,null_same_family_top3_mean
Egg White,Egg Yolk,33,14,13,20,1,371,0.5859111330413193,163.09756097560975,7.331810004552713e-15,5.2554,1.652286548998085,7.7446,4.687201505511364,1.999960000799984e-05,4.113145412554072e-12,0.0067318653626927,5,2,10,0,0.4761904761904761,0.4041615264413192,0.2625,0.2208333333333333,0,0.0,0,0.0,0.4604563135756903,0.4138093947102725,0.7744567347053384,0.35218078039717726,-0.43714269565114267,0.3514325000000021,-0.2865639481216452,0.2492987500000001,-0.23948952491637465,5.4166,-0.24709272355799677,1.9295333333333273,-0.18389865211837605,3.7243,-0.18858120344045667,1.2946000000000006,-0.7022862045458502,0.3303,-0.6338603057401718,0.13796666666666502
Peanut,Pumpkin Seeds,14,18,10,4,8,383,0.6150505749344252,105.27450980392156,1.3897988203158857e-12,3.35022,1.429743316683103,6.64978,4.651030658724805,3.999920001599968e-05,9.745964227465147e-11,0.0067318653626927,12,9,108,1,0.7175572519083969,0.6280746395250213,0.775,0.7000000000000001,16,12.0,6,5.333333333333333,0.22492374629362125,0.6815218303563529,0.39819295268332566,0.5788471106341166,0.21706948399590686,0.738998750000005,0.555834853525644,0.6168237499999999,-0.39560666863220034,39.8134,-0.30831243660240526,19.62180000000007,-0.4271904149704088,30.4867,-0.3755443687652924,13.655666666666665,0.15880939012166118,0.9754,0.4594306418878594,0.892333333333336
Rice,Wheat Flour,25,16,12,13,4,376,0.5800137164269515,77.46913580246914,2.4231520003912293e-13,4.82174,1.6408788414748965,7.17826,4.374643525507254,5.999880002399952e-05,3.3984706805486985e-11,0.0067318653626927,7,5,35,1,0.4193548387096774,0.3913944250393809,0.4625,0.4125,0,0.0,0,0.0,-0.7110451466891561,0.5390485547690869,-0.5891365332170387,0.44956547312320355,-0.3938923163200135,0.5505475000000012,0.023381825333373504,0.40903999999999807,-0.43524618285630756,16.9389,-0.46347591288290857,6.99476666666668,-0.3399047687567817,12.0787,-0.36022267845251976,4.725499999999993,0.5950597792037357,0.7385,-0.33988626908587766,0.4540666666666676
Onion,Tomato,12,19,9,3,10,383,0.5810153787513569,99.1360544217687,2.5675610132405293e-11,3.08232,1.383019673612779,5.91768,4.278811149910544,5.999880002399952e-05,1.3094561167526699e-09,0.0067318653626927,1,2,2,0,0.25,0.2166030534351145,0.1,0.09375,0,0.0,0,0.0,-0.5941024630021666,0.3083093429281695,-0.7951509123383592,0.26753424166802237,-0.6724499606571427,0.1934200000000003,-0.674318922212507,0.1483818749999996,-0.11706690019247583,1.2346,-0.11781347102746642,0.6244,-0.09071107093065613,0.8356,-0.09122391213106594,0.4213,-0.29488391230979427,0.08,-0.2917389988533424,0.04085
Orange,Strawberry,23,21,13,10,8,374,0.5681182135858525,56.64705882352941,1.8403991873576e-13,5.6556,1.750950781718322,7.3444,4.194521100583114,3.999920001599968e-05,3.3984706805486985e-11,0.0067318653626927,1,3,3,1,0.7938931297709924,0.4198473282442747,0.85,0.3416666666666666,34,11.333333333333334,19,6.333333333333333,4.415702859408509,0.3327490558778404,2.767699574877197,0.26808008637438047,4.036993400988012,0.22521125000000042,2.8818683846478734,0.14827124999999974,2.7215379347189788,1.696,2.643498855014752,0.5824999999999997,1.724349891803376,1.1225,1.6836934802901224,0.38493333333333357,2.70801280154532,0.12,2.4745207608954756,0.04226666666666612
Cherry,Peach,13,19,9,4,10,382,0.5558251732878347,76.9047619047619,8.153747630054667e-11,3.28786,1.4172637794002925,5.71214,4.030400044808216,0.0003799924001519,3.049501613640444e-09,0.0214195716085678,4,4,16,1,0.8791208791208791,0.8197258436348167,0.8875,0.8333333333333334,42,37.333333333333336,28,25.33333333333333,2.809032681243787,0.4556034352700146,5.638205399365827,0.3850032228292617,2.1446515788923595,0.4180525000000013,4.585300102394687,0.299389583333334,1.2072189565864533,8.3471,3.4419006746814853,3.1240333333333146,0.8838572636702794,5.79,2.6770669058566763,2.0979333333333323,1.0715538773843742,0.4655,2.925605982032905,0.21549999999999592
Pumpkin Seeds,Strawberry,18,21,11,7,10,377,0.5439684567083717,55.12698412698413,9.05282690373514e-12,4.63614,1.630173579837435,6.36386,3.90379287133007,0.0003199936001279,5.642928769994904e-10,0.0214195716085678,9,3,27,1,0.7404580152671756,0.5445132587578215,0.7875,0.5375,28,10.0,18,6.0,1.4329475153960016,0.5066350386508203,1.3013358522293335,0.42484815610217663,1.2634632109257107,0.5037587500000065,1.2244527738220694,0.3684808333333343,0.4160216741140384,13.3372,0.3579432665163916,5.313833333333365,0.2685036360544129,9.372,0.21351784238163685,3.560066666666656,0.7323484869548518,0.6509,0.9214296655693468,0.3599666666666721
Orange,Peanut,23,14,10,13,4,378,0.5375611912560946,65.41975308641975,3.4657702503415146e-11,4.05744,1.5348422219889588,5.94256,3.871772560634411,0.0003799924001519,1.620247592034658e-09,0.0214195716085678,1,12,12,1,0.732824427480916,0.4421119592875318,0.7875,0.3666666666666666,30,10.0,21,7.0,2.1840267368229678,0.4252699987690843,1.034586212883631,0.36259712870110056,1.9719646291229314,0.3710862500000033,0.8876598093704,0.26645208333333337,0.9392359041772482,6.4547,0.827921994685052,2.450966666666662,0.7353705760799907,4.4787,0.6749978265719342,1.657200000000004,1.299853097174238,0.3718,0.6565644270365933,0.16859999999999642
Apple,Cherry,20,13,9,11,4,381,0.5403791710593133,70.03381642512078,1.4687191515852834e-10,3.43102,1.4410974150278668,5.56898,3.864402185394463,0.0004199916001679,5.149696525245901e-09,0.0214195716085678,4,4,16,1,0.8260869565217391,0.7628222084568036,0.8375,0.7875,34,28.33333333333333,24,15.0,2.522252248992921,0.45379007898488255,4.888751279233692,0.3847450322544019,1.9324554192335188,0.4164575000000047,4.159071327784745,0.2991412500000001,1.0028169151353516,7.9196,2.684383096246288,2.9773666666666534,0.8038119985958976,5.3812,1.600994866554008,1.9627333333333252,1.0815119235541322,0.4609,2.9216617722453315,0.21416666666666265
Pumpkin Seeds,Sesame,18,31,13,5,18,369,0.5237642057246433,49.024570024570025,1.3618312114530013e-12,6.20216,1.790142825139938,6.79784,3.7973729830571497,0.0003199936001279,9.745964227465147e-11,0.0214195716085678,9,4,36,1,0.6111111111111112,0.4661833571231814,0.7375,0.5875,22,10.333333333333334,14,6.0,0.3977867825838871,0.5429974400461646,0.1295217430362751,0.4530560630367053,0.8139998067485625,0.5559362500000016,1.1493598125401996,0.41544000000000086,0.11036374878752424,17.578,0.196524641259355,7.3122666666666785,0.03690839348675839,12.6449,0.07802324365746978,4.955866666666673,0.5787359118286176,0.7491,1.4770262282028703,0.46969999999999945
Sesame,Strawberry,31,21,14,17,7,367,0.5190692336982505,40.6,7.888204073690262e-13,7.05952,1.885846592276264,6.94048,3.6802993564936086,0.0003999920001599,8.121167662207347e-11,0.0214195716085678,4,3,12,0,0.3206106870229007,0.2868269968028998,0.225,0.1666666666666666,0,0.0,0,0.0,-0.7711119603291886,0.43108278555426377,-1.0987124263152008,0.36539016473022484,-0.7333380009602303,0.3797000000000024,-0.966384078372183,0.26961916666666647,-0.26288706644480264,6.4867,-0.27155890733037713,2.361533333333321,-0.20159294778133816,4.4751,-0.20794590425667572,1.5903000000000065,-0.7985821041109195,0.3894,-0.7064626381261467,0.16973333333332907
Fig,Soybean,8,16,6,2,10,387,0.517762127853655,95.95238095238096,3.6354954754812753e-08,1.90894,1.1354682190180403,4.09106,3.602971823850757,0.0019799604007919,4.248985336968741e-07,0.060232479560935,13,7,91,1,0.8931297709923665,0.6133103342012415,0.8875,0.6749999999999999,67,26.0,54,18.666666666666668,1.4224001797830286,0.659293424188805,0.45403733000518415,0.5575825702062047,0.9785945035518886,0.7138262500000038,0.576879538523269,0.5856300000000031,0.5559251997503434,35.4815,0.38903953435357286,17.037766666666663,0.505646868219942,26.8596,0.33454338292965896,11.789733333333286,0.20650458966599927,0.9591,0.5658940007560662,0.8438333333333389
Pistachio,Sesame,31,31,17,14,14,360,0.5109539416939797,30.005945303210463,1.0119507861731821e-13,9.61678,2.119991139509785,7.38322,3.482665499114895,0.0005799884002319,2.838521955215776e-11,0.0271144577108457,4,4,16,1,0.4139433551198257,0.3929836995038979,0.525,0.4583333333333333,6,3.333333333333333,4,1.3333333333333333,-0.27839908391172274,0.4564475994565998,0.10135019957848959,0.3850708802295038,0.47640474896063206,0.41928000000000404,1.3376428267510194,0.30001749999999994,-0.09732081849639547,8.8522,0.0026421722225228885,3.3056333333333243,-0.08352876813381041,6.2081,-0.09955301358925073,2.2487666666666644,1.0704778123721743,0.466,2.8998379731537134,0.2169666666666622
Rice,Sesame,25,31,15,10,16,364,0.5050070243477842,32.61038961038961,8.685740815195024e-13,8.13574,1.994661538306688,6.86426,3.441315665928577,0.0010599788004239,8.121167662207347e-11,0.0457421620798353,7,4,28,1,0.3694267515923566,0.3681221702095005,0.3375,0.3041666666666667,1,0.3333333333333333,0,0.0,-0.8651681016681405,0.5121514276523758,-0.6577204221995178,0.42839317405929506,-0.7652758911979961,0.5096287500000002,-0.4970783817341503,0.3728212499999994,-0.3538887652882069,14.0097,-0.38506557796158064,5.549700000000052,-0.2960318836635188,9.9948,-0.3163406425000563,3.778999999999994,0.7209416334945395,0.658,-0.10612329949518343,0.3689333333333389
Mulberry,Onion,26,12,9,17,3,376,0.488924878468211,58.39591836734694,8.266452346045076e-10,3.89102,1.488362643847258,5.10898,3.432617730040465,0.0014799704005919,1.932283235888037e-08,0.0553508929821403,3,1,3,1,0.3257575757575757,0.2619047619047619,0.2625,0.1208333333333333,0,0.0,0,0.0,-0.060223096597075504,0.33198491397702773,-0.10762815830854118,0.2676622183563686,0.25353744650604443,0.22385500000000144,-0.40718620309615117,0.14800166666666656,-0.12765084398136453,1.8225,-0.12915739318801997,0.6246666666666666,-0.09982061585228366,1.2804,-0.10108343720185768,0.43626666666666725,2.8017061805485413,0.113,2.5392486469382174,0.040033333333332886
Sesame,String Bean,31,13,10,21,3,371,0.474465245175164,51.83720930232558,3.7364774048360764e-10,4.71694,1.5917465364812329,5.28306,3.319033450940566,0.0012799744005119,9.528017382331998e-09,0.0512904027633733,4,8,32,1,0.4068965517241379,0.3681617837697692,0.5125,0.4041666666666666,0,0.0,0,0.0,-0.721026297615293,0.5288126589733189,-0.7495203258210253,0.44057193319192467,-0.10145259451238865,0.5354137500000018,0.061400813640079474,0.3952991666666673,-0.40934019537257366,16.3507,-0.4395425901816301,6.594700000000015,-0.319701634055526,11.7167,-0.34102612631671714,4.492133333333338,0.6453143380561522,0.706,1.6541781996987164,0.4215000000000027
String Bean,Tomato,13,19,8,5,11,381,0.4895776173191551,51.26877470355731,5.1253561561367345e-09,3.30662,1.4209166673665277,4.693379999999999,3.3030649212515253,0.0022799544009119,9.313460480305809e-08,0.0609073532815057,8,2,16,1,0.8702290076335878,0.5177859504898477,0.8875,0.5166666666666667,54,18.666666666666668,41,13.666666666666666,2.781693596209171,0.4530468447556386,1.6633603847406542,0.3844242380124576,2.1624274828543055,0.4146387500000043,1.8147830074629396,0.29902541666666793,1.7054499229277704,8.098,1.577789335448702,3.112133333333313,1.4591853416556737,5.6008,1.351577729576381,2.088599999999997,1.089379780090517,0.4573,1.6455257675239638,0.21569999999999703
Mulberry,Pumpkin Seeds,26,18,11,15,7,372,0.4812250448250836,36.8494623655914,1.8225617704850647e-10,5.46318,1.7122512337855085,5.53682,3.233649297923993,0.0019199616007679,5.680317518011787e-09,0.060232479560935,3,9,27,1,0.5031847133757962,0.4609905310542253,0.525,0.4958333333333333,2,0.6666666666666666,0,0.0,-0.023810758775853015,0.5070785429506407,0.378052732412519,0.42574616948910204,0.10149246052027495,0.5019275000000002,0.91575157663071,0.3676045833333351,-0.3229560228914766,13.9858,-0.35537641465284053,5.574800000000048,-0.2948116855880958,10.0035,-0.31414881265514083,3.806366666666668,0.75276918405435,0.6383,1.942518007056555,0.35330000000000467
Gluten,Rice,5,25,5,0,20,380,0.4358898943540673,204.17073170731703,5.998037847011019e-07,1.70924,1.0232979147833732,3.29076,3.2158376875972,0.0033199336013279,5.33128403557967e-06,0.0733600712601132,1,7,7,0,0.3375,0.3071327877086044,0.3125,0.2291666666666666,0,0.0,0,0.0,-0.38908712588555333,0.38536963943209085,-0.3190330509014717,0.3278985007855837,0.045077729965523665,0.30399625000000124,0.15046977495729383,0.2153570833333335,-0.20965265842508105,3.7724,-0.21578855772137806,1.3692333333333364,-0.16247901479079563,2.554,-0.1678812947858103,0.911666666666665,-0.5582539110217131,0.2376,-0.5147348856369075,0.09573333333333535
Egg Yolk,Peanut,14,14,7,7,7,384,0.4820971867007673,51.266666666666666,3.137235447217292e-08,2.75198,1.321917576704387,4.24802,3.2135286457046344,0.0033999320013599,3.8716138367236186e-07,0.0733600712601132,2,12,24,0,0.5277777777777778,0.4914841849148419,0.25,0.2416666666666666,0,0.0,0,0.0,0.24911789101325557,0.4883502527980354,0.8596787663085825,0.41339211121354946,-1.0141211306358286,0.4759387500000045,-0.7973416085255067,0.34994875000000086,-0.3505731745795635,11.402,-0.37655442830132324,4.598633333333346,-0.2709305299102947,7.9996,-0.2909629161227433,3.0860999999999925,-1.207063567921117,0.593,-0.9805412846795211,0.32016666666667243
Apple,Orange,20,23,11,9,12,373,0.4857086317632501,36.17052631578947,1.6718825203467259e-10,5.4459,1.7298766401105028,5.5541,3.210691370250083,0.0022399552008959,5.517212317144196e-09,0.0609073532815057,4,1,4,0,0.2519083969465648,0.2378581701515654,0.175,0.1083333333333333,0,0.0,0,0.0,-0.8812551423418203,0.35031218569422995,-0.9046984001194763,0.29001293363293495,-0.43480603295048215,0.24793625000000133,-0.8188037463543274,0.16933208333333322,-0.16353622084663033,2.3021,-0.16602505497277087,0.7983666666666651,-0.12564146073189444,1.5529,-0.12789661733321211,0.5352666666666666,-0.4121459641215645,0.1452,-0.3959479140166911,0.05256666666666585
Mulberry,Strawberry,26,21,12,14,9,370,0.483947891738659,33.62068965517241,6.075758378509839e-11,6.19314,1.8088109189188355,5.80686,3.210318966600933,0.0020399592008159,2.4346431788171564e-09,0.060232479560935,3,3,9,1,0.5796178343949044,0.3738395605464211,0.6375,0.3083333333333333,4,1.3333333333333333,0,0.0,1.2651450217375004,0.4093955511730484,0.3894717190289107,0.34769655588551174,1.4587878845320352,0.34260500000000277,0.6862945270266859,0.2413533333333342,-0.055912921906891795,5.2414,-0.07007105213967588,1.8838333333333346,-0.18401779906403393,3.6115,-0.18749844431349555,1.276033333333336,1.4936591882346315,0.3095,1.003938229098329,0.12616666666666623
Rice,Tomato,25,19,11,14,8,372,0.4768159961452162,34.75659229208925,2.455989855217364e-10,5.55384,1.7326919098327902,5.44616,3.143178524176044,0.0027999440011199,7.129632391180463e-09,0.0682942862881872,7,2,14,0,0.3435114503816794,0.3264826776277158,0.25,0.1999999999999999,0,0.0,0,0.0,-0.6832529810013552,0.4430377393272097,-0.6467976387123188,0.37597931446662325,-0.6838683866848059,0.3973625000000046,-0.7376334830381933,0.28475708333333266,-0.2829520811263864,7.3836,-0.2923475217254174,2.7838999999999956,-0.21805624594950784,5.1012,-0.226556633208299,1.8697666666666708,-0.857617924248129,0.4238,-0.7429597035543798,0.19223333333332787
Casein (nBos d8),"Cow Milk, UHT",15,34,11,4,23,367,0.4592431225265441,39.9645390070922,2.9817292342265205e-10,5.6982,1.7052614931440864,5.3018,3.1090832821333305,0.0025799484010319,7.965476668576562e-09,0.0657886842263154,1,4,4,1,1.0,0.5285099233434841,1.0,0.4333333333333333,208,69.33333333333333,207,69.0,,1.0,-0.057152664466872304,0.5312162124824599,,1.0,-0.3081353937523839,0.4529716666666669,-0.2216183346522869,252.9867,-0.2306361929671493,84.96009999999889,-0.21787470857173816,251.6319,-0.22393267234135758,84.31156666666818,,1.0,-0.359504753545635,0.37606666666670796
Strawberry,String Bean,21,13,8,13,5,379,0.4628364747848112,43.44444444444444,1.3484169856773462e-08,3.55854,1.4576875757171015,4.44146,3.046921764298532,0.0047399052018959,2.1613197970428322e-07,0.0857769941375366,3,8,24,1,0.8778625954198473,0.5525789364187751,0.9125,0.5666666666666665,56,18.666666666666668,42,14.0,2.3338292821040407,0.49669688715625726,1.5191755199710735,0.41650314460443394,1.8746691474326314,0.48575875000000335,1.5793969758563966,0.3535487499999995,1.2862076508543419,12.507,1.1059082081255858,4.919333333333359,1.0836062237217539,8.8136,0.9862404357097283,3.3253999999999926,0.7995900589021114,0.61,1.0490638029950663,0.327100000000005
Peanut,Pistachio,14,31,10,4,21,370,0.4538991581441139,40.2093023255814,1.244201781207034e-09,5.02528,1.6421208608382016,4.97472,3.029448147599021,0.0031199376012479,2.6846046125274845e-08,0.0729285414291714,12,4,48,1,0.4027777777777778,0.3829710421517361,0.45,0.3583333333333333,1,0.3333333333333333,0,0.0,-0.9942468703734858,0.5725849060353979,-0.8800168809117335,0.47994460409228984,-0.7000821334971822,0.6001312500000027,-0.6506804308832969,0.4612624999999985,-0.46489629326183257,21.2965,-0.5149895004291201,9.343066666666624,-0.38262215255181864,15.4107,-0.41513833284586826,6.325566666666659,0.4618416863668734,0.8242,1.1492470992390635,0.5796333333333319
Peanut,Sesame,14,31,10,4,21,370,0.4538991581441139,40.2093023255814,1.244201781207034e-09,5.03496,1.639175951019292,4.96504,3.0289853855607016,0.0038199236015279,2.6846046125274845e-08,0.073895763464041,12,4,48,1,0.7007299270072993,0.57294792055208,0.8125,0.7166666666666667,20,10.666666666666666,12,6.666666666666667,0.7385169066183231,0.5741189163245269,0.8343618951101803,0.48068047449057766,0.9787400172139231,0.6027000000000008,1.5962284489956071,0.46330583333333486,-0.04108929635699718,21.8546,0.0627440212813058,9.553233333333248,-0.09316500744969551,15.8949,0.011892735273232383,6.482400000000025,0.45577348387004035,0.828,1.1389794006090095,0.5844000000000009
Orange,Pumpkin Seeds,23,18,10,13,8,374,0.4647683440199391,34.26797385620915,1.3398064620418508e-09,4.98786,1.6689855063480914,5.01214,3.003105767507273,0.0041199176016479,2.7838200933536235e-08,0.0770424591508169,1,9,9,1,0.7404580152671756,0.4783715012722647,0.825,0.375,21,7.0,10,3.333333333333333,2.5227890888000144,0.4034597732194441,1.882002577030566,0.3437928231526915,2.4560675173333717,0.332847500000002,1.3418702245946825,0.23773833333333322,0.717843581788047,5.0565,0.6452756180475063,1.8826333333333332,0.32504740512322594,3.5459,0.2956246839661521,1.2927000000000026,1.5593937896110646,0.2914,0.9899528190506787,0.12296666666666677
Onion,Sesame,12,31,9,3,22,371,0.4426316444144846,44.81587301587302,5.146475488226026e-09,4.41296,1.5304326311210177,4.58704,2.9972178498573085,0.0037799244015119,9.313460480305809e-08,0.073895763464041,1,4,4,0,0.3484848484848485,0.2601010101010101,0.1875,0.1333333333333333,0,0.0,0,0.0,-0.03199700084123641,0.35212279983550576,-0.5240406609485991,0.2907846693988596,-0.3849705810877763,0.2532500000000001,-0.5020238241995821,0.1713666666666673,-0.15534041922115419,2.5354,-0.15788091179403885,0.8732333333333323,-0.11915034961220719,1.7392,-0.12103969631326443,0.5940999999999997,-0.4317179096833317,0.1571,-0.41296731379164564,0.05746666666666635
Onion,String Bean,12,13,6,6,7,386,0.4638620601355789,51.53333333333333,2.4506465343044773e-07,2.2801,1.2413718177886914,3.7199,2.9966041976258304,0.0074198516029679,2.3301910266861217e-06,0.122427551448971,1,8,8,1,0.3106060606060606,0.2954545454545454,0.25,0.1916666666666666,0,0.0,0,0.0,-0.649158565503617,0.3938739267876912,-0.5920192541768534,0.3354077194350941,-0.340875011211899,0.3165700000000015,-0.34642624038199055,0.22510583333333306,-0.20829488235964383,4.4434,-0.2168795716419119,1.623633333333338,-0.16182653670568267,3.1016,-0.16907145523497843,1.1146000000000011,1.668406205330591,0.2643,1.1382616426430967,0.10806666666666859
Mulberry,Tomato,26,19,11,15,8,371,0.4659379779484053,32.426944971537004,4.1752946566336065e-10,5.73686,1.7583223084520074,5.26314,2.993273744353256,0.0037999240015199,1.0184088271180232e-08,0.073895763464041,3,2,6,1,0.7056277056277056,0.4228612778231098,0.8,0.3541666666666667,40,13.333333333333334,26,8.666666666666666,2.716694933289877,0.37668024193784333,1.6851202150126812,0.31962989583101475,2.8075420695527455,0.28994375000000017,1.7984577209007742,0.2025787499999999,2.2827465886687723,3.2275,2.1857582275164527,1.1352333333333366,1.7294741324013174,2.1663,1.6818381027696316,0.753433333333333,1.915910911116892,0.2141,1.529060996944785,0.08110000000000145
Carrot,Rice,12,25,8,4,17,376,0.4392367096489709,40.63809523809524,2.7362662320899682e-08,3.77184,1.4766120053690477,4.22816,2.8634197640451,0.0065598688026239,3.569872921401097e-07,0.111517769644607,2,7,14,0,0.3290322580645161,0.3081971791649211,0.2625,0.2208333333333333,0,0.0,0,0.0,-0.7831980022354696,0.4447012878974588,-0.8915952158483071,0.3767565731070927,-0.6334899553987993,0.39943375000000425,-0.5681368294537178,0.28593041666666513,-0.28298107665069927,7.4143,-0.2977665369556342,2.7880333333333143,-0.21488631644001774,5.0691,-0.2263646163973276,1.8545333333333354,-0.862015830258254,0.4263,-0.7468599338420843,0.19376666666666145
Fish,Gluten,4,5,2,2,3,398,0.4410724291775089,113.85714285714286,0.0007261407843931,0.38166,0.5675523274553633,1.61834,2.8514375181155054,0.0394592108157836,0.0021784223531793,0.3613118362632747,9,1,9,0,0.2110091743119266,0.1975873179688109,0.15,0.1291666666666666,0,0.0,0,0.0,-1.476084463599858,0.40258007390666756,-2.113106650173381,0.3436698185656207,-0.9204794197712086,0.3315787500000034,-1.0794541784367009,0.23730374999999895,-0.2088087189006026,4.9202,-0.21855396000482927,1.8113666666666701,-0.1615217678293613,3.4555,-0.16926654573889208,1.2460000000000013,-0.6426726377087897,0.2923,-0.5782956249437744,0.12380000000000006
Carrot,Tomato,12,19,7,5,12,381,0.4432856577128438,41.61818181818182,1.036738134390899e-07,3.0808,1.3880458782043188,3.9192,2.823537796221962,0.0087798244035119,1.0766812194640474e-06,0.1296179339571103,2,2,4,0,0.2903225806451613,0.245563063711303,0.075,0.0666666666666666,0,0.0,0,0.0,-0.5582761859912946,0.35188582655858147,-0.8195851883601848,0.2913083916011366,-1.0767777239024208,0.2537375000000005,-1.4249540659484765,0.1716116666666673,-0.15972246598583348,2.2289,-0.16095140885722437,0.7676333333333327,-0.1202972055166892,1.4813,-0.1213857112667609,0.5068666666666669,-0.42992339227209864,0.156,-0.41308127187106186,0.05659999999999958
Cherry,Orange,13,23,8,5,15,377,0.4395261464204496,37.639296187683286,3.1745853206646434e-08,3.80428,1.4912725041386634,4.19572,2.813516636534102,0.0079998400031999,3.8716138367236186e-07,0.1282260069084332,4,1,4,1,0.9694656488549618,0.5012722646310432,0.975,0.4833333333333334,107,35.666666666666664,99,33.0,5.644440208904463,0.35066091554784107,3.6695080793621875,0.29025649828058875,4.381553208291157,0.24992499999999954,4.211241705762104,0.17044458333333304,8.345555776445519,2.1585,7.8956171814820175,0.7549333333333311,9.249473642433015,1.4401,8.867569445493006,0.5009000000000002,2.3776795298721654,0.1503,2.0436068867991994,0.054866666666666127
Peanut,Strawberry,14,21,8,6,13,378,0.4434095947772665,36.66381766381766,3.053857498463801e-08,3.77556,1.5065280237685592,4.22444,2.804089889700572,0.0086398272034559,3.8716138367236186e-07,0.1296179339571103,12,3,36,1,0.8015267175572519,0.5574626019027245,0.825,0.5375,37,12.333333333333334,29,9.666666666666666,1.5650723428086257,0.5385882111569634,1.0549148083240172,0.45080758278614613,1.2358242283313967,0.551030000000002,0.8422925498368459,0.4119449999999972,0.4929707257635334,17.0927,0.3347788703296786,7.139033333333385,0.45058961017460214,12.2857,0.35466155727058074,4.847100000000015,0.5921328278278989,0.7404,0.5659764009494996,0.46260000000000284
Carrot,Mulberry,12,26,8,4,18,375,0.4295145647029468,38.33933933933934,3.9156447692586406e-08,3.88724,1.4944581567912834,4.11276,2.752007462577883,0.0087798244035119,4.4830137052124433e-07,0.1296179339571103,2,3,6,1,0.4516129032258064,0.3724823563533241,0.525,0.35,0,0.0,0,0.0,0.6164002829168532,0.3774598320369113,0.8613934575812352,0.3200686312458003,1.276129055131932,0.2920937500000021,1.7134800351285533,0.2041995833333336,-0.19825697356839644,3.2735,-0.20120168308586378,1.1493000000000029,-0.15277246612632334,2.2003,-0.15536600462087283,0.7621666666666654,1.8950905592429783,0.2178,3.462406064262014,0.08340000000000158
Apple,Peach,20,19,9,11,10,375,0.4344775794011601,29.542443064182194,1.6268085871619532e-08,4.68186,1.6226173117528355,4.31814,2.661218987818712,0.0111597768044639,2.401683203678568e-07,0.1526984094464452,4,4,16,1,0.8301886792452831,0.6975679805868485,0.875,0.6166666666666667,52,23.666666666666668,34,14.0,2.5181422053685183,0.45486593957349253,4.086164001923412,0.3847821146290901,2.0868113194467077,0.4191487500000042,2.716900249537411,0.29999791666666686,1.7006985535004238,8.047,2.1955041604629004,3.0238666666666596,1.2434786173170003,5.4711,1.4832048354817404,1.9976999999999994,1.0631929305158752,0.4694,1.6451157776775938,0.21973333333332956
Cherry,Peanut,13,14,6,7,8,384,0.4256270300937752,39.20392156862745,7.723968770798311e-07,2.58092,1.2978643818211515,3.41908,2.6343892689329973,0.0154996900061998,6.46738280659381e-06,0.1850069381591091,4,12,48,1,0.7480916030534351,0.5323693825130914,0.7875,0.5125000000000001,31,10.666666666666666,21,7.0,1.0227648837048648,0.5727259858477857,0.4850709159869053,0.4793718109391418,0.8696693851960761,0.6003087500000028,0.33542672246054567,0.4596533333333341,0.20794997319114442,21.5736,0.07323984880501905,9.372633333333244,0.12552084088391965,15.7178,0.04046493686282533,6.371733333333326,0.468362564961208,0.8201,0.2511097754480134,0.5745000000000002
Peanut,String Bean,14,13,6,8,7,384,0.4256270300937752,39.20392156862745,7.723968770798311e-07,2.586,1.3015698214079796,3.414,2.622986445941785,0.0167596648067038,6.46738280659381e-06,0.1913961720765584,12,8,96,1,0.8320610687022901,0.5782365491712199,0.85,0.6541666666666667,42,16.0,26,9.333333333333334,1.002036619648924,0.6681538759025472,0.10583861764562662,0.5651733948099974,0.7274132923857908,0.7231562500000074,0.3702601987829606,0.5969033333333353,0.08602258795604686,37.1028,-0.08817108783190108,18.08376666666674,-0.03915294234152538,28.1061,-0.15074386450228455,12.486166666666653,0.19380314672479304,0.9638,0.5323934936900604,0.8595666666666723
Rice,String Bean,25,13,8,17,5,375,0.4189498572583627,33.16103896103896,6.841583888188559e-08,4.05464,1.521004428132936,3.94536,2.593917497559826,0.0122197556048879,7.525742277007414e-07,0.1632210212938598,7,8,56,1,0.375,0.3718193384223918,0.3375,0.325,0,0.0,0,0.0,-1.2708781104778248,0.5947329220985522,-1.1082638931739828,0.49534216721683977,-1.4239228936769355,0.6318262500000065,-1.0453241830091686,0.4883016666666672,-0.5162418093543152,24.6829,-0.584612768527873,10.774233333333328,-0.40736693983623645,18.1512,-0.4528248809074578,7.353033333333345,0.38089614510250014,0.8733,-0.8871986470383211,0.6462000000000028
Egg Yolk,Fish,14,4,3,11,1,390,0.3911369613014066,79.23188405797102,0.0001297674302817,0.91546,0.8153483846798251,2.08454,2.556624921527952,0.0334593308133837,0.0005203643146051,0.3194783561955879,2,9,18,0,0.5035971223021583,0.4773295920379877,0.275,0.2708333333333333,0,0.0,0,0.0,0.24519720663408007,0.4658380241265477,1.0054657311012674,0.3938278682925877,-0.7233477382583616,0.43642500000000256,-0.35547119373079816,0.31555875000000017,-0.3143788539151098,9.7401,-0.3343107729119462,3.7409333333333334,-0.24461504567726497,6.9021,-0.25947722350043934,2.5560666666666614,-1.0002000200040007,0.5001,-0.8439076335969182,0.24600000000000036
Egg Yolk,Pumpkin Seeds,14,18,7,7,11,380,0.4182926895881043,33.08695652173913,2.731168241755961e-07,3.35954,1.4321420978380606,3.64046,2.541968430015137,0.0173996520069598,2.5536423060418235e-06,0.1913961720765584,2,9,18,0,0.4503816793893129,0.4462091344035854,0.225,0.2166666666666666,0,0.0,0,0.0,-0.0821726585568022,0.46282585634262624,0.6712293380295495,0.39166199172014743,-0.9509754443897834,0.43422125000000433,-0.7870306668649929,0.3130241666666659,-0.31255495811424794,9.0687,-0.3268473094887121,3.4901333333333255,-0.23905299261003424,6.2712,-0.2507215958624757,2.333666666666666,-1.0132882815207969,0.5066,-0.853824037151792,0.24426666666666624
Pistachio,Wheat Flour,31,16,10,21,6,368,0.4183752486346005,27.68694096601073,9.006913151616101e-09,5.63584,1.7176109845945904,4.36416,2.540831445037642,0.0131997360052798,1.486140670016657e-07,0.1722105092781865,4,5,20,0,0.3870967741935484,0.3521505376344085,0.325,0.2708333333333333,1,0.3333333333333333,0,0.0,-0.5739234242640477,0.47641687854231557,-0.5992126393109165,0.40164158861822635,-0.5769069088450661,0.45331500000000285,-0.4520156301812687,0.3276758333333339,-0.3125051982992643,9.702,-0.3340025262220245,3.7421333333333284,-0.26675791482303934,6.5683,-0.2811453807704244,2.4429333333333303,-1.0874065832331707,0.5418,-0.9071639099857929,0.27180000000000226
Sesame,Wheat Flour,31,16,10,21,6,368,0.4183752486346005,27.68694096601073,9.006913151616101e-09,5.63976,1.720507815268505,4.36024,2.5342750328161308,0.0141397172056558,1.486140670016657e-07,0.1802813943721125,4,5,20,0,0.3241379310344827,0.3108572219914139,0.2125,0.1958333333333333,0,0.0,0,0.0,-0.9762341433441983,0.4791270969333257,-1.0909059869557842,0.4028998851888553,-1.0802645163420896,0.45600000000000274,-1.0430702391618247,0.32920749999999965,-0.34678662644058234,10.3933,-0.36503939513042494,3.9886000000000013,-0.26766558591948986,7.2291,-0.28183654755482185,2.673233333333332,-1.0871875969882874,0.5417,-0.9077083638399819,0.27090000000000214
Mulberry,String Bean,26,13,8,18,5,374,0.4095212286023807,31.28501228501229,9.767523007118472e-08,4.17204,1.537856377689412,3.82796,2.489153119585464,0.0164396712065758,1.0537654628833584e-06,0.1913961720765584,3,8,24,1,0.3885350318471338,0.3505128982835989,0.4,0.3666666666666667,2,0.6666666666666666,0,0.0,-0.6623448986283262,0.49539953245805257,-0.7393171468108856,0.4158705769612269,-0.37170187846037384,0.48387125000000203,0.10750436568434331,0.3522966666666676,-0.3121960635705274,11.9769,-0.341010322308767,4.698933333333344,-0.29076714805159526,8.3493,-0.3078276969814039,3.132766666666657,0.8064969720352111,0.6059,2.1091427972707533,0.32250000000000534
Sesame,Tomato,31,19,11,20,8,366,0.4192516194743221,24.187948350071736,4.1501715896717104e-09,6.50784,1.8202797956358248,4.49216,2.4678403895764203,0.0147397052058958,8.028435385537343e-08,0.1807359504983813,4,2,8,0,0.2900763358778626,0.265420298473318,0.2125,0.1583333333333333,0,0.0,0,0.0,-0.8257191761398662,0.397177929489357,-1.1137805588133631,0.3378040496446413,-0.5722401372675798,0.3244187500000024,-0.7477516943457766,0.2281445833333335,-0.22563168417801235,4.4606,-0.2312064034316482,1.577300000000008,-0.17429025738022366,3.0098,-0.17842315492795166,1.0471333333333326,-0.6206717424129226,0.2781,-0.5697773651993758,0.11083333333333453
Mulberry,Potato,26,34,14,12,20,359,0.4292793541956843,20.342439024390245,2.5417584282283286e-10,8.97434,2.071521557792728,5.02566,2.42607178336826,0.0148197036059278,7.129632391180463e-09,0.1807359504983813,3,2,6,0,0.2967032967032967,0.2701465201465201,0.15,0.1374999999999999,0,0.0,0,0.0,-0.6670117472939706,0.3788974935827203,-0.8107616176064943,0.3205140923785455,-0.7839571946531781,0.2957550000000007,-0.7850539172538289,0.20473916666666678,-0.1955217408255345,3.5468,-0.19837410331467428,1.2445333333333344,-0.15079977522049745,2.4371,-0.1532472768593618,0.8433,-0.5400517594337381,0.2258,-0.5090980579902211,0.08520000000000187
Fig,Kiwi,8,12,4,4,8,389,0.3937837785352597,45.8235294117647,2.9412959028807268e-05,1.50472,1.0350544534467738,2.49528,2.410771715140798,0.0335993280134397,0.0001447427194312,0.3194783561955879,13,7,91,1,0.8899082568807339,0.6536731226639484,0.875,0.725,38,19.0,23,9.666666666666666,1.4284184032469591,0.6533004742366704,0.8005972402451464,0.5545738461820591,0.9333573010793138,0.7059762500000075,0.9174976454642375,0.579866666666669,0.06373346544092642,34.4753,0.1013342679991657,16.6833,-0.05722952510544148,25.983,-0.09039579275684276,11.492233333333326,0.21933573526127376,0.9541,0.588095015963772,0.8335000000000067
Peanut,Rice,14,25,8,6,17,374,0.4007593315741254,27.984615384615385,1.53506925503827e-07,4.3074,1.5722802676367835,3.6926,2.3485634692535853,0.0235195296094078,1.4847825035801196e-06,0.2489520020920336,12,7,84,1,0.4366197183098591,0.4213739462503036,0.4,0.3125,1,0.3333333333333333,0,0.0,-1.2660224006742145,0.6484994168920741,-1.0256414928064412,0.5459959901480579,-1.6263208405423129,0.7000562500000055,-1.6166098810300966,0.5677550000000025,-0.5956470920105905,33.644,-0.6970813514070615,15.923166666666686,-0.4921122583289288,25.3256,-0.5559186362644783,10.986700000000013,0.23891934294085468,0.946,0.6411883936684658,0.8087666666666747
Orange,Sesame,23,31,12,11,19,363,0.4108864200293143,20.261984392419176,3.330285637498825e-09,7.60576,1.9512700536829843,4.39424,2.251989667809413,0.0243195136097278,6.672465152274432e-08,0.2513229735405292,1,4,4,0,0.2671755725190839,0.2264631043256997,0.225,0.1208333333333333,0,0.0,0,0.0,-0.7582534326403991,0.34910601572695504,-1.1125562678127328,0.28930385124656205,-0.146918467499336,0.24901875000000165,-0.6723253403384245,0.17010333333333352,-0.15748514959106405,2.0208,-0.15931590352598463,0.7007000000000002,-0.11637931076038219,1.3099,-0.11830745679606056,0.4513999999999995,-0.4207427742804716,0.1504,-0.40493801370905863,0.0543333333333327
Rice,Strawberry,25,21,10,15,11,369,0.4027374900630132,21.76577840112202,2.667362479162733e-08,6.01092,1.7949152496984373,3.98908,2.222433622239381,0.0271794564108717,3.562834168595936e-07,0.2722799115446263,7,3,21,0,0.3740458015267175,0.3477523324851568,0.2125,0.2041666666666667,0,0.0,0,0.0,-0.6795899864845927,0.4816699911132758,-0.6782878686218242,0.40515635122776045,-1.102039654692589,0.46048000000000167,-1.0056577556731643,0.33364166666666684,-0.3427329747763332,10.6481,-0.36442857193802564,4.122266666666664,-0.2638808524209019,7.4416,-0.28001337672442483,2.770466666666659,-1.1149701193219077,0.5542,-0.9273257548309684,0.2851333333333361
Carrot,String Bean,12,13,5,7,8,385,0.3812481048343874,33.258823529411764,1.0224022158224622e-05,2.28522,1.2279859736983971,2.71478,2.210758150456506,0.0408591828163436,5.974662948712514e-05,0.3613118362632747,2,8,16,1,0.3806451612903225,0.3584834520318391,0.4375,0.3583333333333333,0,0.0,0,0.0,-0.48694407723518224,0.45464327136606014,-0.3246990886035003,0.3847673941578922,0.0945990996249187,0.41661750000000347,0.49130750094464537,0.2994104166666674,-0.3010560181217336,8.5324,-0.3164769311546973,3.2432666666666523,-0.2327626104932655,5.9446,-0.24516393089798622,2.1902999999999992,1.085437556753085,0.4591,1.6330643866579515,0.2172666666666625
Carrot,Cherry,12,13,5,7,8,385,0.3812481048343874,33.258823529411764,1.0224022158224622e-05,2.2719,1.2357064335836403,2.7281,2.207725011262026,0.0412191756164876,5.974662948712514e-05,0.3613118362632747,2,4,8,1,0.4193548387096774,0.3580851645367774,0.5,0.3625,6,3.333333333333333,4,2.0,0.13542252659245924,0.40126526505567217,0.2674860728480188,0.3402545671371868,0.849912335219998,0.3298750000000028,1.380271718763007,0.23103333333333326,0.054082569319148004,4.8532,0.2188101898716063,1.7241666666666733,0.03364955639305899,3.3662,0.1279377467047023,1.1782666666666692,1.5754028533736466,0.2872,2.8273840676815984,0.114200000000001
Peanut,Potato,14,34,9,5,25,366,0.3813672799894838,24.825311942959,1.0599944549293808e-07,5.36568,1.6697658930520762,3.63432,2.1765446372587114,0.0306393872122557,1.0766812194640474e-06,0.301556074141675,12,2,24,0,0.3563829787234042,0.3277351675349172,0.225,0.1875,0,0.0,0,0.0,-0.8352254443036453,0.49054848948461494,-0.9451027821545027,0.4144962839066511,-1.1162748893577554,0.4774750000000028,-1.187635540443987,0.3510154166666666,-0.35334466042925766,12.0282,-0.38148580982947616,4.799100000000008,-0.2743060708530679,8.5157,-0.29556802278161143,3.2508666666666515,-1.215607129691248,0.5964,-0.9875193487577243,0.3240000000000055
Orange,String Bean,23,13,7,16,6,376,0.378999764475437,26.32867132867133,1.007267775851166e-06,3.8058,1.4926775807253216,3.1942,2.1399128929422755,0.0383592328153436,7.958834116232453e-06,0.3586588268234635,1,8,8,1,0.7862595419847328,0.460559796437659,0.8375,0.4041666666666666,37,12.333333333333334,24,8.0,3.012024095686603,0.39663204573496974,1.8108443103826235,0.337062533994652,2.6151852044315747,0.32338125000000045,1.7878114385372224,0.22869166666666693,1.629063956653527,4.4488,1.4929702301130556,1.6389333333333393,1.1812119471934532,3.0235,1.1124686763533296,1.0945666666666658,1.6192208409714504,0.2761,1.0817064533456906,0.11376666666666772
Egg Yolk,Gluten,14,5,3,11,2,389,0.3460493934133801,47.417391304347824,0.0003177568419304,1.10408,0.8931110533410727,1.89592,2.122826711087588,0.0655786884262314,0.0011354241294458,0.4608418942732257,2,1,2,0,0.3058419243986254,0.2800687285223368,0.2,0.1625,0,0.0,0,0.0,-0.01844216181093431,0.3075667263252209,0.20097391252590321,0.26748983812381655,0.05306085266858101,0.19286625000000018,0.17966230936250335,0.14833812499999985,-0.12944007305242322,0.9851,-0.12968035423097246,0.4968,-0.10120808636835195,0.6252,-0.10148245705087024,0.3144,-0.29106072678282174,0.0781,-0.2868944204619962,0.0402
Peanut,Wheat Flour,14,16,6,8,10,381,0.3779360498689634,27.7843137254902,3.419208764283372e-06,3.06238,1.390039112974883,2.93762,2.1133362166429057,0.0443591128177436,2.42807103387718e-05,0.3828532660116028,12,5,60,0,0.4722222222222222,0.4250130412102242,0.325,0.2833333333333334,1,0.3333333333333333,0,0.0,-0.7719535360697694,0.6041498311831748,-0.7035345147041214,0.5055068984554819,-1.5706676175757697,0.6446137500000058,-1.388260106898517,0.5042150000000012,-0.518834892500198,26.3545,-0.5938708462419401,11.768133333333287,-0.42737055993405426,19.4568,-0.4747327327106744,8.033000000000007,-2.8045049878633406,0.8872,-1.9482169198708064,0.6781000000000065
Fish,Tomato,4,19,3,1,16,385,0.3320863992949525,54.51515151515152,0.0003421622855593,1.14406,0.878263466392631,1.85594,2.113192761647101,0.0665386692266154,0.0011922549204893,0.4608418942732257,9,2,18,1,0.4122137404580153,0.361323155216285,0.3375,0.2333333333333333,0,0.0,0,0.0,-0.3403584337293417,0.46422026636774727,-0.3863766601608002,0.3934701003514064,-0.42892027972475527,0.4323375000000022,-0.6439307087343185,0.3139874999999986,-0.32287213229850087,8.9934,-0.3387482056915611,3.516599999999987,-0.24852464777738578,6.1709,-0.26251724674815546,2.3367333333333242,1.0046106288366798,0.4977,0.30329164360561234,0.24506666666666646
Fig,Peanut,8,14,4,4,10,387,0.3616668454239917,36.90476190476191,5.851992625631766e-05,1.7152,1.092762078404993,2.2848,2.090848543477019,0.0574588508229835,0.0002669079563397,0.437116392807279,13,12,156,1,0.8549618320610687,0.6742345891816465,0.8625,0.7291666666666666,43,17.333333333333332,28,10.666666666666666,0.8540887207130438,0.7282522713119199,0.3456515500960639,0.6309738638035932,0.5186783295481701,0.788901250000003,0.3297790136725432,0.6846837500000028,-0.12828134995391308,51.8418,-0.3295831226432237,27.02783333333329,-0.19749295059234742,41.1371,-0.3249586358184473,19.402766666666697,0.07834180476656065,0.9939,0.2531246197990331,0.9650666666666661
Gluten,Peanut,5,14,3,2,11,389,0.3460493934133801,47.417391304347824,0.0003177568419304,1.11418,0.902764048686034,1.88582,2.0889400754768603,0.0694786104277914,0.0011354241294458,0.469608439156518,1,12,12,0,0.3109756097560975,0.2979114101485842,0.325,0.2833333333333334,1,0.3333333333333333,0,0.0,-0.8146204272662977,0.422589668939191,-0.8493253926933249,0.3618373569512279,-0.20327453599861015,0.36713500000000315,0.16155067442804028,0.26539791666666723,-0.21222777276825336,6.0285,-0.22862208142084314,2.284366666666662,-0.19568904444555799,4.1316,-0.20655029093309088,1.5230000000000041,-0.756196242383322,0.3638,-0.6634538744315128,0.16543333333332982
Cow Milk,Gluten,28,5,4,24,1,376,0.3221046739691932,46.10204081632653,8.825294777624846e-05,1.84408,1.0434217525047098,2.15592,2.066201892786655,0.0573988520229595,0.0003722549150562,0.437116392807279,4,1,4,0,0.247191011235955,0.2289161503126391,0.225,0.175,0,0.0,0,0.0,-0.9414231089247337,0.35155393434345666,-1.0681968710934693,0.29071607004552846,-0.158545836207574,0.2515775000000009,0.04589852237910166,0.17154166666666565,-0.16904132251659595,2.2515,-0.17020172043069123,0.7810666666666655,-0.13088475535484495,1.4917,-0.13220452266677563,0.5134333333333325,-0.4246867422984164,0.1528,-0.404859090025858,0.05589999999999953
Banana,Olive,22,2,2,20,0,383,0.2939344714290035,93.53658536585364,0.0028236156949028,0.64986,0.6565226427169134,1.35014,2.056501805349261,0.1017579648407031,0.0069781868054646,0.5868629566184186,2,5,10,0,0.3358778625954198,0.3177863552009796,0.175,0.1708333333333333,0,0.0,0,0.0,-0.5947401065703104,0.41965010339367154,-0.5258841818145326,0.3547232984551105,-0.8798630257576846,0.35976125000000225,-0.8005998734994422,0.25258500000000134,-0.2465833264508155,6.3149,-0.2551389961558837,2.2812000000000006,-0.1925837532639797,4.4426,-0.1994762452941613,1.5774000000000048,-0.7212620269522438,0.3422,-0.6519394154909537,0.14166666666666455
Carrot,Peanut,12,14,5,7,9,384,0.365487567917559,29.680701754385964,1.5668889844372246e-05,2.42168,1.2592640619028248,2.57832,2.047481602948314,0.0545589088218235,8.53422058513867e-05,0.431092223225958,2,12,24,1,0.3896103896103896,0.3563748079877112,0.4125,0.3208333333333333,0,0.0,0,0.0,-0.6450437449880384,0.493275423265086,-0.6548528944480012,0.415446966737251,-0.30090008919111993,0.480378750000001,-0.22986605602503787,0.35202333333333297,-0.34830830487320513,12.5044,-0.37572289142127985,4.947666666666705,-0.2723659372099071,8.9425,-0.29144513994797344,3.378066666666662,0.810217180805791,0.6037,1.0274446057747506,0.3293000000000051
Mulberry,Rice,26,25,11,15,14,365,0.3932661617246986,18.701890989988875,1.9801148991391933e-08,7.1199,1.9029566442775296,3.8801,2.038984971974023,0.0400591988160236,2.777111146042718e-07,0.3613118362632747,3,7,21,0,0.4945054945054945,0.4088565362450713,0.2125,0.1875,0,0.0,0,0.0,0.08264185887046471,0.4814754305772278,0.03482585632669614,0.40589195673763756,-1.110381841581655,0.4612200000000042,-1.1393788210378986,0.3336574999999991,-0.34205913925457854,10.8998,-0.36120742756884944,4.214066666666664,-0.26722978899227073,7.6521,-0.2817944017903895,2.8507333333333262,-1.1251809532945902,0.5587,-0.9293665550765374,0.2827333333333378
Pumpkin Seeds,String Bean,18,13,6,12,7,380,0.3685750142958089,26.38133333333333,4.489080162530508e-06,3.1661,1.4001252765377816,2.8339,2.0240331686659103,0.0506589868202635,3.0692217112491685e-05,0.4241745015845952,9,8,72,1,0.7251908396946565,0.6047920223045491,0.7875,0.6875,26,17.333333333333332,16,9.666666666666666,0.5542833426558815,0.6309705583344805,0.6509237419012387,0.5279516419369408,0.5630129187608912,0.678992500000006,0.9305215070105042,0.5403183333333356,-0.08904604446158483,30.7133,0.1500298817957309,14.120066666666675,-0.1401390805041876,22.968,-0.0030835546900977364,9.725233333333343,0.2816572649422793,0.9265,0.7537179212374515,0.7574333333333393
Apple,Carrot,20,12,6,14,6,379,0.3634225355255886,26.17241379310345,5.04584555989434e-06,3.2099,1.3957800650532295,2.7901,1.998953896718389,0.0526389472210555,3.316133236760506e-05,0.431092223225958,4,2,8,1,0.3935483870967742,0.3476330121491411,0.4625,0.3458333333333334,0,0.0,0,0.0,-0.0240334083691101,0.3966585157301225,0.1574391626052207,0.3376068351289837,0.7118440387333206,0.3238762500000044,1.2806123828456693,0.22846374999999988,-0.2157425521967484,4.4537,-0.22119546725556133,1.5736333333333363,-0.1649279765634243,3.0266,-0.16878517749446528,1.0537333333333339,1.6212486005154914,0.2756,2.9071807474194795,0.1091333333333353
Casein (nBos d8),Gluten,15,5,3,12,2,388,0.3332820473366711,43.512,0.0003956851040056,1.17278,0.9178273648132312,1.82722,1.990810113154364,0.0790584188316233,0.0013292176248333,0.5205454030454274,1,1,1,0,0.219626168224299,0.219626168224299,0.225,0.225,0,0.0,0,0.0,-0.5615653522913924,0.26828055206126594,-0.5615653522913924,0.26828055206126594,0.6885740742322867,0.14860625000000022,0.6885740742322867,0.14860625000000022,-0.098281969281654,0.4763,-0.098281969281654,0.4763,-0.07758889347279972,0.2889,-0.07758889347279972,0.2889,-0.20198844988866643,0.0392,-0.20198844988866643,0.0392
Cherry,Rice,13,25,7,6,18,374,0.3607424156838731,23.35758835758836,1.9215106142041666e-06,4.0513,1.5183768669207245,2.9487,1.9420079851321608,0.0544589108217835,1.4372899394247169e-05,0.431092223225958,4,7,28,0,0.3740458015267175,0.3639981731584785,0.2875,0.2625,0,0.0,0,0.0,-0.842665028685699,0.511545307334978,-0.7035687085553305,0.42860723315343113,-0.9825272184120567,0.5082262500000009,-0.7895481740052859,0.3718999999999998,-0.3966997432749879,13.2721,-0.4212631294014211,5.323166666666689,-0.30610882634513314,9.2625,-0.32519068065989043,3.5472999999999986,-1.3886171850716913,0.6585,-1.099058502930937,0.3664333333333383
Rice,Soybean,25,16,8,17,8,372,0.3693360884871171,21.285714285714285,6.082035263406397e-07,4.83182,1.6335652688521518,3.1681800000000004,1.9394266396384443,0.0532589348213035,5.33128403557967e-06,0.431092223225958,7,7,49,1,0.425,0.4047838760588784,0.3625,0.3208333333333333,1,0.3333333333333333,0,0.0,-0.8942530909148526,0.5783853990408404,-0.7209503307123286,0.4816747987940846,-1.147931851458805,0.6076450000000038,-0.9227850181331264,0.46323916666666753,-0.46606073130015563,22.4036,-0.5252199177787652,9.556700000000003,-0.3840790425834536,16.383,-0.4214185291143025,6.524300000000017,0.44485021140757347,0.8348,-0.6944898860333218,0.5847000000000002
Cherry,Tomato,13,19,6,7,13,379,0.357082505381796,24.362962962962964,6.46004930818957e-06,3.29666,1.4199340986116222,2.70334,1.9038489199204816,0.0634387312253755,4.026764068771498e-05,0.4608418942732257,4,2,8,1,0.7938931297709924,0.4991679349367462,0.8625,0.525,39,14.333333333333334,28,9.333333333333334,3.0725608898359944,0.3980934771012512,2.4680302022896043,0.3388275190786401,2.751971075015967,0.324882500000001,3.189041523829577,0.22868499999999917,1.633526933158171,4.5477,1.742824265024585,1.612666666666672,1.3261175087740436,3.1514,1.2899688208396232,1.1013,1.6047614172494475,0.2797,2.891798422701384,0.11063333333333483
Strawberry,Tomato,21,19,8,13,11,373,0.3694243529805399,20.44927536231884,6.615716730243253e-07,4.86044,1.6580358881520034,3.1395600000000004,1.893541643118026,0.0576588468230635,5.709872439486869e-06,0.437116392807279,3,2,6,1,0.8396946564885496,0.4707379134860051,0.8625,0.4125,50,16.666666666666668,39,13.0,3.650566842657288,0.3814572183292775,2.39094749006703,0.321397342369262,2.9973143920781005,0.29685375000000197,2.4061673114494417,0.2053854166666661,2.6038179859716815,3.6634,2.4990163999380024,1.279733333333334,2.342115298506091,2.498,2.2768423665509867,0.8647333333333312,1.866629297084835,0.223,1.4921861517065278,0.08416666666666862
Onion,Strawberry,12,21,6,6,15,378,0.3531796872613177,24.41935483870968,6.970631960171484e-06,3.32524,1.421512906167229,2.67476,1.8816290646363905,0.0662586748265034,4.297279702918904e-05,0.4608418942732257,1,3,3,0,0.2121212121212121,0.1594571670907549,0.1125,0.075,0,0.0,0,0.0,-1.1452394471661433,0.33335248338121687,-2.0044583514332297,0.26782212993596527,-0.7220812749365065,0.22543875000000052,-1.089619194681141,0.1482470833333335,-0.13368705304558703,1.8797,-0.13524392708830313,0.6421999999999987,-0.10358371887456758,1.3009,-0.10471631713258917,0.44196666666666734,-0.3666468995513971,0.1185,-0.35767545037095333,0.04156666666666612
Fig,Wheat Flour,8,16,4,4,12,385,0.3355782340389458,30.84,0.0001046772450809,1.8905,1.1262636236689878,2.1095,1.873007309894249,0.0795584088318233,0.0004368550664888,0.5205454030454274,13,5,65,0,0.4112903225806452,0.3729848520524291,0.2625,0.2583333333333333,1,0.3333333333333333,0,0.0,-1.1633705391922835,0.6093877044808185,-1.1855541380303358,0.5136249199960109,-1.9196280011049238,0.6510912500000028,-1.589826511976884,0.5166945833333318,-0.5365872917749197,26.8554,-0.6093357930818336,12.372333333333245,-0.4423964044852146,19.7776,-0.48860917410894167,8.424433333333326,-2.9383518114778933,0.8962,-2.056163629456114,0.7082000000000056
Egg White,Gluten,33,5,4,29,1,371,0.2936429345659926,37.77966101694916,0.0001745287444885,2.06196,1.065420554710674,1.93804,1.8190375541668569,0.0861982760344793,0.0006752456941934,0.5465802262902111,5,1,5,0,0.2199312714776632,0.1878579610538373,0.15,0.1166666666666666,0,0.0,0,0.0,-1.2662179059443235,0.36540953353602357,-1.9923934572534758,0.30615444787143004,-0.6952091476910016,0.27242875000000005,-0.8843985424699023,0.18878833333333378,-0.1728698549924076,2.8243,-0.17720092378859406,0.9874999999999976,-0.13154631164340888,1.9094,-0.13447534765332628,0.658433333333333,-0.48022679029870935,0.1874,-0.45234846727482403,0.07120000000000064
Fig,Mulberry,8,26,5,3,21,376,0.3247943018741903,27.51827242524917,3.635942578542127e-05,2.7171,1.2596775738259374,2.2829,1.812289150362736,0.0797984040319193,0.0001743387851762,0.5205454030454274,13,3,39,1,0.6624203821656051,0.6209621942106018,0.7,0.6666666666666666,14,11.0,5,3.333333333333333,0.6975553178839595,0.5448281520744811,1.564633983578087,0.4575638102235824,0.6314488541923287,0.5601825000000012,1.594487227970266,0.4232258333333326,-0.10234634532557896,18.3129,0.19989262351880085,7.757933333333322,-0.21268069443136192,13.2637,-0.13762955054043424,5.287833333333331,0.5647240171184678,0.7582,1.4090167924913433,0.48669999999999847
Mulberry,Orange,26,23,10,16,13,366,0.370995727869891,17.276094276094277,1.267938166411482e-07,6.6663,1.8565948157850705,3.3337000000000003,1.7955991106171052,0.0640787184256314,1.247918090099722e-06,0.4608418942732257,3,1,3,0,0.2442748091603053,0.2324469423706064,0.1125,0.1041666666666666,0,0.0,0,0.0,-0.8436661157803877,0.3315605320590174,-0.6425758128395345,0.26742735050083055,-0.7368486175050362,0.22538000000000097,-0.6680531467744025,0.14909416666666667,-0.14185506174795887,1.7054,-0.14283972744996992,0.5849666666666661,-0.10899927876051822,1.1422,-0.11015720336587166,0.39020000000000044,-0.36506559973848624,0.1176,-0.3536994991707624,0.0418999999999995
Mulberry,Sesame,26,31,12,14,19,360,0.379280764211445,15.937223695844386,2.0669408151110167e-08,8.38078,2.0203431865898445,3.61922,1.791388722481805,0.0630787384252315,2.82817999335922e-07,0.4608418942732257,3,4,12,0,0.3296703296703296,0.3113553113553113,0.2,0.1958333333333333,0,0.0,0,0.0,-0.7085384442160153,0.4319525250334742,-0.7617461745752121,0.3663115429179359,-0.842564553064327,0.380106250000004,-0.687969456687844,0.2697475000000004,-0.2754351766050946,6.9927,-0.2844294896409122,2.5518333333333323,-0.21663711334434083,4.8878,-0.2235722698917009,1.7412666666666667,-0.7912118933399583,0.385,-0.7042813758998822,0.1655333333333297
Onion,Wheat Flour,12,16,5,7,11,382,0.3383302072344969,24.39130434782609,3.3180654735728535e-05,2.6993,1.316404007134588,2.3007,1.7477157373654049,0.0862782744345113,0.0001618638896238,0.5465802262902111,1,5,5,0,0.2954545454545454,0.2601010101010101,0.1375,0.125,0,0.0,0,0.0,-0.6034079618329153,0.36554403670609825,-0.763835302777946,0.3061390793987928,-0.759167162667835,0.27247000000000016,-0.7740962052741999,0.18832916666666705,-0.18604666818305396,2.8169,-0.18957519847880708,0.9895333333333339,-0.14388992705503542,1.8645,-0.14706609642709048,0.6483333333333337,-0.4821179958195135,0.1886,-0.45678459376621633,0.07063333333333392
Gluten,Pumpkin Seeds,5,18,3,2,15,385,0.3014017638565076,34.81935483870968,0.0007015282035566,1.34648,0.957638558956353,1.65352,1.7266639741428411,0.115277694446111,0.0021505864600834,0.6159122531835077,1,9,9,0,0.2907801418439716,0.2493338967523838,0.2125,0.1791666666666666,0,0.0,0,0.0,-0.8541442175056508,0.40374832680584594,-1.3708729814633662,0.3436118321670868,-0.605363318858766,0.333525000000002,-0.5857680810609175,0.2374883333333342,-0.22159670559259304,5.1093,-0.23021198564923873,1.852533333333329,-0.17097101938716125,3.5615,-0.17791442321845688,1.2675666666666707,-0.6439155579117131,0.2931,-0.5818414597289269,0.1205000000000003
Fig,Gluten,8,5,2,6,3,394,0.305517070064433,43.35164835164835,0.0033216000370624,0.70516,0.7501129077678906,1.29484,1.726193465798439,0.1415371692566148,0.0081018157425739,0.6965118592364995,13,1,13,0,0.2773722627737226,0.2478406138565652,0.2375,0.1999999999999999,0,0.0,0,0.0,-1.0852127624648227,0.4292326714910207,-1.5181494529010267,0.36794687142727145,-0.6640313203837421,0.3775412500000049,-0.6409044980159654,0.2750108333333335,-0.2652197328440113,6.601,-0.2813578385111742,2.5583999999999887,-0.20437280494207177,4.5283,-0.2177544848683878,1.7069000000000052,-0.7847100830014831,0.3811,-0.6826150638514232,0.18016666666666312
Peanut,Tomato,14,19,6,8,13,378,0.341534363739441,21.4400871459695,1.0985862068996624e-05,3.50142,1.454028192161349,2.49858,1.7183848383888425,0.0872582548349033,6.353678990419697e-05,0.5465802262902111,12,2,24,1,0.8473282442748091,0.4994445041751782,0.8875,0.425,47,15.666666666666666,34,11.333333333333334,2.2244152226231586,0.49193284223000655,0.9158681392600172,0.41549853302041473,1.810616693699481,0.4797550000000018,0.5330268229501243,0.35187875000000113,1.0523243826359245,12.0053,0.8625559165205864,4.833600000000019,0.8510912069091287,8.4146,0.7448616653497842,3.2447333333333255,0.8153063768285024,0.6007,0.02704648093833116,0.32450000000000495
Onion,Orange,12,23,6,6,17,376,0.334628711601263,21.51428571428572,1.2625248320649242e-05,3.56392,1.4478515923947457,2.43608,1.6825481373893612,0.0916381672366552,7.082764307884226e-05,0.5465802262902111,1,1,1,0,0.183206106870229,0.183206106870229,0.0625,0.0625,0,0.0,0,0.0,-0.9631310739875317,0.26708574592902495,-0.9631310739875317,0.26708574592902495,-0.7700039649865614,0.14784624999999957,-0.7700039649865614,0.14784624999999957,-0.0898643040556034,0.5574,-0.0898643040556034,0.5574,-0.07384651500661941,0.3728,-0.07384651500661941,0.3728,-0.2086014310307351,0.0417,-0.2086014310307351,0.0417
Carrot,Orange,12,23,6,6,17,376,0.334628711601263,21.51428571428572,1.2625248320649242e-05,3.55892,1.4508509343140663,2.44108,1.6825160616201371,0.0925581488370232,7.082764307884226e-05,0.5465802262902111,2,1,2,0,0.2442748091603053,0.232824427480916,0.075,0.075,0,0.0,0,0.0,-0.6598992429150142,0.30834473654698474,-0.5487502849465397,0.2679063829920307,-0.8606740108454451,0.19225124999999973,-0.9177057305860156,0.14768187500000027,-0.11788081158535135,1.0953,-0.118181117564766,0.5516,-0.08904727697882177,0.7216,-0.08931766200889527,0.363,-0.2916666666666667,0.0784,-0.28783106763125277,0.04025
Cow Milk,Meat,28,13,7,21,6,371,0.3369056893189792,19.937388193202143,4.540916257284866e-06,4.38084,1.565298979236874,2.61916,1.673265002240602,0.0881182376352473,3.0692217112491685e-05,0.5465802262902111,4,3,12,0,0.3909090909090909,0.3347393862665266,0.325,0.2958333333333333,0,0.0,0,0.0,-0.2666335400402998,0.42858736754934573,-0.41789443174135565,0.36432553439118676,-0.24478444240994315,0.37654125000000355,0.2694830667746459,0.26741416666666695,-0.2767591835625557,6.1845,-0.2838262467781302,2.2587333333333293,-0.21286942243900744,4.1863,-0.21930378307536427,1.4984000000000048,-0.7798936843528961,0.3782,-0.691889388611952,0.16226666666666212
Fig,Pumpkin Seeds,8,18,4,4,14,383,0.3138010378001775,26.448275862068964,0.0001731364155861,2.07274,1.1740906661753172,1.92726,1.6414916288178871,0.113717725645487,0.0006745106190543,0.6134196546838294,13,9,117,1,0.7480916030534351,0.67670415863957,0.8,0.7416666666666667,21,16.0,15,8.666666666666666,0.36385489230938045,0.6903558516621014,0.6951298870558406,0.5898941706303886,0.31285600473460495,0.7493000000000034,0.7478342181383612,0.6314120833333369,-0.3444993729985906,42.7343,-0.20424243968715244,21.328999999999965,-0.3005311476650624,33.1228,-0.2698589204072923,15.008533333333288,0.13766814015129447,0.9814,0.4023798096354871,0.9160666666666717
Orange,Tomato,23,19,8,15,11,371,0.3491861787971408,17.715287517531557,1.5144701606844687e-06,5.21444,1.7024615961601022,2.7855600000000003,1.636195498496309,0.0905381892362152,1.1481321083026853e-05,0.5465802262902111,1,2,2,1,0.7786259541984732,0.5190839694656488,0.8625,0.46875,38,19.0,28,14.0,4.831206022809088,0.3086408103871962,3.916532803541217,0.2678934053852118,4.845375612324667,0.19408874999999995,3.9854467500366075,0.14846874999999993,3.7651956330264476,1.2011,3.7426689133576625,0.60585,3.2642782397325503,0.8028,3.2492449918771316,0.4044,3.3548326278347056,0.0816,3.215676047724932,0.0419
Mulberry,Peanut,26,14,7,19,7,372,0.3364449933194708,19.102564102564106,4.968256028997743e-06,4.43876,1.5717282406319475,2.56124,1.6295692434527975,0.0940981180376392,3.316133236760506e-05,0.5498858772824543,3,12,36,1,0.5095541401273885,0.4248617624413802,0.525,0.3,5,1.6666666666666667,2,0.6666666666666666,-0.14684386848549996,0.5343114884033704,-0.23836661876694268,0.4491060897677496,-0.08804961529258941,0.5446725000000022,-0.7262235184826927,0.40911500000000045,-0.29570311648998426,16.6058,-0.34897331634249573,6.975866666666691,-0.2750544064164715,11.9033,-0.3063533181291315,4.722933333333331,0.6098608906467591,0.7289,-0.33495142894151597,0.45343333333333613
String Bean,Wheat Flour,13,16,5,8,11,381,0.3226305033146345,21.46547314578005,5.2670275218198494e-05,2.8909,1.352064048039146,2.1091,1.5599113097184698,0.117797644047119,0.0002441985487389,0.623438474626734,8,5,40,0,0.3533834586466165,0.3324341387820697,0.225,0.2208333333333333,1,0.3333333333333333,0,0.0,-1.184714343277301,0.5573995579647096,-1.2601832537355235,0.463919854934005,-1.590956682689448,0.5776212500000036,-1.3909310720119235,0.43373000000000084,-0.43585578703418876,19.8371,-0.4824630069383767,8.334999999999972,-0.3625092792198392,14.4532,-0.3921701863735873,5.704800000000018,-1.903472749136076,0.7837,-1.412886132273512,0.5096333333333333
Peach,Tomato,19,19,7,12,12,374,0.3373329697300245,17.976,5.455044123946376e-06,4.49914,1.6117441671679789,2.5008600000000003,1.5516482398036535,0.1093378132437351,3.5175629350964566e-05,0.5984606521461804,4,2,8,1,0.816793893129771,0.5180928768715028,0.85,0.4208333333333333,41,13.666666666666666,34,11.333333333333334,3.223630673541457,0.39789110898562197,2.780248419713938,0.33824433189915826,2.6757936603884285,0.32464875000000065,2.052628994457019,0.22900833333333317,1.7500882661299233,4.5237,1.6673622890322153,1.6049333333333398,1.665605000585972,3.0913,1.6209550717583847,1.0795333333333366,1.6208426633781925,0.2757,1.1632091617070541,0.10956666666666828
Pistachio,Pumpkin Seeds,31,18,9,22,9,365,0.3435011903700815,16.244444444444444,8.335277950926292e-07,6.22184,1.7932169457151577,2.77816,1.549260398547056,0.1025179496410071,6.7428258995017485e-06,0.5868629566184186,4,9,36,1,0.5021186440677966,0.4584306749953346,0.6375,0.6,11,6.0,4,1.3333333333333333,-0.22782057112450863,0.5406144263909513,0.07143348507583323,0.4512702668472496,0.38155646436743845,0.5525175000000027,1.264287208829146,0.4121512500000004,-0.14799070494527683,16.779,-0.06575977608584802,6.989866666666676,-0.21979246900597157,11.9033,-0.2540036474061957,4.684200000000007,0.5927489783638191,0.74,1.5107098779127892,0.4604666666666688
Carrot,Onion,12,12,4,8,8,385,0.3129770992366412,24.01038062283737,0.0001949306875113,2.13712,1.2053207480168922,1.86288,1.545547111061505,0.1304173916521669,0.000749014491054,0.6576591682452066,2,1,2,0,0.2272727272727272,0.2045454545454545,0.075,0.06875,0,0.0,0,0.0,-0.8560975805309489,0.30669619732426984,-0.991006007794558,0.26700867157240676,-0.8765920276098592,0.19117624999999988,-0.9947927481598292,0.14719937500000002,-0.09233388714990229,1.0299,-0.0930714132918995,0.5235,-0.06876509018718328,0.704,-0.06942857466695286,0.35735,-0.29428250871642675,0.0797,-0.28966178896798556,0.04115
Casein (nBos d8),Egg Yolk,15,14,5,10,9,381,0.3207349595101669,21.035087719298247,5.609048816638705e-05,2.90958,1.360207419329861,2.09042,1.5368391395996766,0.121077578448431,0.0002579242939454,0.6274839640821863,1,2,2,0,0.4299065420560747,0.3925233644859813,0.2375,0.20625,0,0.0,0,0.0,1.2644703154498946,0.3080879097650616,1.940501457364864,0.2677281541572755,0.30141337614188185,0.19584375000000015,0.6942047013597524,0.14980687499999987,-0.11764303161490355,1.0897,-0.11852327014735103,0.5544,-0.0890511361437333,0.7104,-0.08993290197254601,0.361,-0.30478873808490364,0.085,-0.2994825365511569,0.04405
Carrot,Fish,12,4,2,10,2,391,0.2770549354995341,37.285714285714285,0.0046816802218967,0.8048,0.7789332192171547,1.1952,1.5344062501291222,0.1773164536709265,0.0110353890944708,0.7894804008681731,2,9,18,0,0.3441558441558441,0.3362239910627007,0.2125,0.1791666666666666,0,0.0,0,0.0,-0.7902822043024392,0.4656452701094316,-0.6940799898530825,0.3940098636226922,-0.9938991287179542,0.4343525000000045,-1.0772655647342984,0.3143825,-0.31424420868246883,9.6749,-0.33290919842337086,3.730366666666671,-0.24384551732935084,6.8149,-0.258668596878765,2.540433333333329,-0.9954105314991352,0.4977,-0.8395223042913283,0.24516666666666734
Onion,Rice,12,25,6,6,19,374,0.318222514133438,19.205128205128204,2.156281475102089e-05,3.78428,1.478223556029331,2.21572,1.498907246446312,0.121917561648767,0.00011200684329,0.6274839640821863,1,7,7,0,0.3484848484848485,0.3080808080808081,0.275,0.2416666666666667,0,0.0,0,0.0,-0.29173605189965895,0.3845325073582297,-0.28231677369646047,0.3267147572687623,-0.15178980431021086,0.3034650000000004,0.2918355643361094,0.21478874999999997,-0.19456162605381092,3.7593,-0.19990419826665695,1.3726000000000043,-0.14949954985223085,2.5887,-0.1546870832679567,0.9306333333333332,-0.5670341136166516,0.2433,-0.5200862282853257,0.09693333333333572
Gluten,Strawberry,5,21,3,2,18,382,0.2763966159085785,28.945945945945947,0.0011303074729161,1.50996,0.9940929525954806,1.49004,1.4988940381376306,0.1575768484630307,0.003202537839929,0.7403181936361273,1,3,3,0,0.1823899371069182,0.1591367688417014,0.0875,0.0708333333333333,0,0.0,0,0.0,-1.4428414937076424,0.33427509919254345,-2.0204768337796235,0.26865233317158915,-0.8883134285380254,0.22597374999999967,-1.1575030358810492,0.14909874999999947,-0.13209857765250782,1.8584,-0.13339950587274754,0.632233333333333,-0.10134644795861089,1.2895,-0.1022823404889893,0.4359666666666668,-0.364537694657048,0.1173,-0.3533061627787906,0.04166666666666611
Carrot,Potato,12,34,7,5,27,366,0.3146708148788847,18.173553719008265,9.31432099846987e-06,4.68722,1.5590986728235,2.31278,1.4834083565805345,0.121357572848543,5.558866042703827e-05,0.6274839640821863,2,2,4,0,0.2467532467532467,0.2220360284876413,0.175,0.1166666666666666,0,0.0,0,0.0,-0.9299845985274925,0.3513875321901557,-1.2265630442430964,0.2909324213816923,-0.4608580213986033,0.2519837500000007,-0.7382858235248803,0.1710116666666663,-0.15537227661100414,2.4263,-0.15574554062423437,0.8281666666666657,-0.11973876697268548,1.6757,-0.12023450442054909,0.5702333333333329,-0.42779895794716355,0.1547,-0.41241449218410303,0.05559999999999949
"Cow Milk, UHT",Egg White,34,33,14,20,19,352,0.3654816717972533,12.78611632270169,1.5123234794550304e-08,10.80828,2.207533338729001,3.19172,1.4458309389962145,0.1098778024439511,2.3567040888174226e-07,0.5984606521461804,4,5,20,1,0.3943661971830985,0.3818114680592921,0.4625,0.3166666666666666,0,0.0,0,0.0,-0.5251854762715772,0.47665180762727416,-0.23686518392415948,0.40135722032338905,0.03797197284272527,0.4540237500000032,-0.08349233294846531,0.32716666666666705,-0.33667652466411496,10.2876,-0.353694661863871,3.9276999999999904,-0.26021854873294276,7.1804,-0.27243953998451936,2.644666666666658,0.9185084741629467,0.5424,0.21175451188094344,0.270033333333335
Cherry,Fish,13,4,2,11,2,390,0.2651259965803502,33.95652173913044,0.0055143212925047,0.85432,0.7953473062756924,1.14568,1.4404776265161214,0.1977160456790864,0.0126266703881436,0.827751504671399,4,9,36,1,0.3969465648854962,0.381679389312977,0.4,0.2958333333333333,0,0.0,0,0.0,-0.8426797921723557,0.5393601009904173,-0.6940348801116334,0.4520262636996711,-0.6757157466454141,0.5505162500000023,-0.7746562340402894,0.4119487500000015,-0.4243809520847351,17.0367,-0.46316368788603784,7.11066666666669,-0.32964015310830175,12.2083,-0.3573289546900671,4.810533333333343,0.593519202678914,0.7395,-0.3506679660300477,0.4583666666666677
Casein (nBos d8),Egg White,15,33,8,7,25,365,0.323918666495075,16.244444444444444,3.5582021490855907e-06,5.5852,1.6949634096345547,2.4148,1.4246915221141243,0.1283374332513349,2.4951892570462703e-05,0.6545209095818084,1,5,5,0,0.2710280373831775,0.2601246105919003,0.175,0.1541666666666666,0,0.0,0,0.0,-0.806566504942385,0.36348304186468017,-0.752145603374971,0.3050612488706171,-0.5382838303145695,0.2685724999999999,-0.4019669588281686,0.18644291666666726,-0.17811404927471108,2.6679,-0.18130825412626195,0.9397333333333334,-0.13620201657283185,1.7748,-0.13900725523898155,0.6192999999999994,-0.4691560182375491,0.1804,-0.44265591327130754,0.0681333333333338
Cherry,Onion,13,12,4,9,8,384,0.2986341495331959,21.427244582043343,0.0002770225387794,2.28202,1.2266232997950102,1.7179799999999998,1.4005766891001532,0.1583568328633427,0.001015749308858,0.7403181936361273,4,1,4,1,0.2564102564102564,0.2273468685682426,0.3,0.1666666666666666,0,0.0,0,0.0,-0.8658152120151972,0.35101234456383507,-1.1034547501108327,0.29031318073078166,0.29040566676239954,0.2517875000000004,-0.05605685046969756,0.1708283333333335,-0.1646106103195872,2.2099,-0.16586695728742043,0.7625666666666657,-0.12622345096074325,1.4608,-0.12748209213154707,0.5014,2.2947035016317474,0.1596,2.0041728115484703,0.05766666666666626
Orange,Rice,23,25,9,14,16,366,0.33603226041738,14.552769070010449,1.3367337416668542e-06,6.47078,1.837908102055157,2.52922,1.3761406226850048,0.1335573288534229,1.041538373715424e-05,0.6630589512103562,1,7,7,0,0.3816793893129771,0.3206106870229008,0.1625,0.1625,0,0.0,0,0.0,-0.03614696884315102,0.386193904121964,-0.10977045345973707,0.32781931914576606,-0.7473517149701407,0.30497750000000184,-0.5657864184915246,0.2148275,-0.20816645680199322,3.7843,-0.21349329493214622,1.367933333333334,-0.15908437997626726,2.5543,-0.16436539799944558,0.914533333333333,-0.5658020972047737,0.2425,-0.5209395965482757,0.09643333333333555
Fig,Strawberry,8,21,4,4,17,380,0.286913583613667,21.742857142857144,0.000330379380936,2.33176,1.215818778601482,1.66824,1.372112381681523,0.1652366952660947,0.001173055903197,0.7598179183957305,13,3,39,1,0.8702290076335878,0.6087346168002944,0.875,0.5750000000000001,53,19.33333333333333,38,12.666666666666666,1.91197838943904,0.5470277280138139,1.4585812419502948,0.4579567795174843,1.405119850542606,0.563745000000004,0.9884248226994187,0.42465124999999937,0.8856130745036697,17.9216,0.7648385729582847,7.588133333333344,0.6933083415388573,12.8246,0.5662332664983966,5.110666666666683,0.5596406313378746,0.7615,0.48079656727096465,0.4918666666666668
Gluten,Orange,5,23,3,2,20,380,0.2624110311761877,25.985365853658536,0.0014935114239057,1.61258,1.0147146118983408,1.38742,1.3673007008388274,0.1881762364752705,0.004028172638515,0.8188696691182455,1,1,1,0,0.2213740458015267,0.2213740458015267,0.075,0.075,0,0.0,0,0.0,-0.5384144638928094,0.26939628345205086,-0.5384144638928094,0.26939628345205086,-0.6514224965213712,0.14957750000000014,-0.6514224965213712,0.14957750000000014,-0.08598399802556066,0.5578,-0.08598399802556066,0.5578,-0.06131202895205558,0.3439,-0.06131202895205558,0.3439,-0.21093958535398877,0.0426,-0.21093958535398877,0.0426
Tomato,Wheat Flour,19,16,6,13,10,376,0.3146719383724334,17.264550264550266,2.766076197492664e-05,3.93196,1.5230793014153925,2.06804,1.3578019201483318,0.1493770124597508,0.0001397989861976,0.7224181378441397,2,5,10,0,0.3358778625954198,0.3104428717124579,0.15,0.1291666666666666,0,0.0,0,0.0,-0.6071259992563032,0.4198071767851588,-0.6498437275871036,0.35501730550413235,-1.0041553596421984,0.3586237500000028,-1.2240827526177311,0.25152749999999957,-0.259277603436604,5.6279,-0.2658121819318259,2.0230333333333315,-0.19934823876578864,3.7951,-0.2050966350752207,1.3412000000000022,-0.7243083983308951,0.3441,-0.6545628503294727,0.14089999999999783
Fish,Peanut,4,14,2,2,12,389,0.2544583855230894,31.16,0.0064117469362086,0.90536,0.8137833067838145,1.09464,1.345124667555753,0.2175156496870062,0.0145039920613429,0.861601388661882,9,12,108,1,0.4336283185840708,0.4195597623278877,0.3625,0.2875,0,0.0,0,0.0,-1.554691932065272,0.6834978333126897,-1.2962410906759365,0.5818012928682106,-2.2660401227177096,0.7400937500000079,-2.19885676696245,0.6197179166666663,-0.6793372675694658,40.1755,-0.8187398126553227,19.940566666666754,-0.5480768238667627,30.7791,-0.6380440724905501,13.882866666666686,0.15946999995601732,0.9752,-2.385308576452387,0.893033333333337
"Cow Milk, UHT",Fish,34,4,3,31,1,370,0.2398793422775122,27.444444444444443,0.0020520501984151,1.70224,0.968472499557938,1.29776,1.3400070736054626,0.2027759444811104,0.0053544193549344,0.8303452909044009,4,9,36,0,0.3909090909090909,0.385478803624456,0.2875,0.2583333333333333,0,0.0,0,0.0,-0.8844384863901029,0.5421259593567682,-0.6631818137557186,0.4524476796275424,-1.1812313562254806,0.5537175000000035,-1.0322425242387452,0.4134141666666681,-0.43082172849910866,18.1075,-0.4706187000793233,7.453099999999966,-0.3406092330602745,13.162,-0.3676941151654417,5.115100000000012,-1.6761634196950517,0.7375,-1.2828441565708553,0.4597666666666675
Potato,Pumpkin Seeds,34,18,9,25,9,362,0.3235595791930844,14.215686274509803,2.031893498926106e-06,6.63094,1.829736242303793,2.36906,1.2947549188932022,0.1520169596608067,1.4998582274967704e-05,0.7227246980484119,2,9,18,0,0.3404255319148936,0.3060155322358076,0.2125,0.2083333333333333,0,0.0,0,0.0,-0.8165149894046242,0.464767870120731,-1.0629471062971414,0.39352003613784947,-0.9980623027139008,0.433762500000003,-0.8480900345443751,0.31435625000000095,-0.321797924239053,9.0659,-0.338321123921244,3.5047999999999973,-0.24741005303925595,6.2503,-0.2604509466176675,2.3288333333333275,-1.01065678029292,0.5053,-0.8537939071443966,0.2490666666666676
Potato,Strawberry,34,21,10,24,11,360,0.330768671595482,13.434782608695652,8.413508252497726e-07,7.53818,1.9120204725891408,2.4618200000000003,1.2875489751772136,0.1512569748605028,6.7428258995017485e-06,0.7227246980484119,2,3,6,0,0.2389937106918239,0.2340166754684974,0.1875,0.1416666666666666,0,0.0,0,0.0,-1.1308118204896973,0.37931833790589087,-1.3764611595763225,0.32090775144071176,-0.57009601990929,0.29335250000000185,-0.7219069898110483,0.20445916666666666,-0.193335921713351,3.4954,-0.19703577761715174,1.243300000000001,-0.14945928832618585,2.4096,-0.15300008344767513,0.8469333333333314,-0.5334055827748605,0.2215,-0.5001397583660974,0.08513333333333493
Banana,Fig,22,8,4,18,4,379,0.2791362366323704,20.513513513513512,0.000400477088069,2.42086,1.2269543024905212,1.5791400000000002,1.2870405986552216,0.1844963100737985,0.0013373074190878,0.8149797633968581,2,13,26,1,0.8244274809160306,0.5114503816793894,0.825,0.4125,49,16.333333333333332,37,12.333333333333334,2.043162214866145,0.49819463573071443,0.9613046273579644,0.4210442599878051,1.4983808503119966,0.4893337500000006,0.3626417816337475,0.36163875000000123,1.1904991670661629,11.9973,0.9435589737088629,4.946000000000015,1.040465239074101,8.2717,0.8896739263375459,3.261499999999993,0.7788990978472433,0.6224,-0.04570610689483219,0.3487666666666719
Casein (nBos d8),Fish,15,4,2,13,2,388,0.2448393108261809,28.77777777777778,0.0073732618005822,0.95484,0.8298196035283812,1.04516,1.2595026624533747,0.2388552228955421,0.0166120476711913,0.8874025168503253,1,9,9,0,0.2844036697247706,0.2768298608133985,0.2875,0.1875,0,0.0,0,0.0,-0.8941199387443246,0.40330895668940586,-0.9419929713939363,0.34344377283084254,-0.22557493780435112,0.3328637500000018,-0.4874535017301525,0.2372754166666653,-0.21999722419704543,5.1896,-0.23000849274085905,1.902833333333331,-0.17167886275894165,3.6554,-0.17929166558850057,1.3107000000000024,-0.6369293076389522,0.2886,-0.571452128013575,0.1216
Apple,Rice,20,25,8,12,17,368,0.3203637713621299,14.318857142857144,5.083555407511649e-06,5.77978,1.7720279770929133,2.2202200000000003,1.2529260421962214,0.1637767244655107,3.316133236760506e-05,0.7593284497946405,4,7,28,0,0.3565217391304348,0.3435769026481523,0.2625,0.2458333333333333,0,0.0,0,0.0,-0.9396099533816789,0.5113565007330322,-0.92342175225598,0.4284046364501349,-1.0857918967218365,0.5076300000000052,-0.9089410177858095,0.37254750000000136,-0.3947540775084139,13.5596,-0.4217347886141679,5.415933333333341,-0.30576100263764067,9.5466,-0.3258906582764894,3.6322999999999994,-1.37453204455909,0.6539,-1.0939221154575747,0.3678333333333385
Onion,Peanut,12,14,4,8,10,383,0.2857770321035518,19.33613445378151,0.0003815639983534,2.42904,1.268796547284079,1.57096,1.2381496492583597,0.1928561428771424,0.0013133719402582,0.8196386072278554,1,12,12,0,0.4242424242424242,0.3244949494949495,0.1875,0.1791666666666666,0,0.0,0,0.0,0.003113424465737352,0.4238084722751477,-0.48746285950997686,0.3620032933854284,-0.8662273579447568,0.3686212500000026,-0.770312666516666,0.26555500000000015,-0.2663050368717097,5.9997,-0.2783923886806921,2.299033333333331,-0.20520445837524387,4.0686,-0.21681126702455183,1.5226333333333353,-0.7604490964442184,0.3664,-0.6679788800848391,0.1659666666666634
Cherry,String Bean,13,13,4,9,9,383,0.2847331240188383,19.12188365650969,0.0003928841507472,2.43892,1.2635779491586578,1.56108,1.2354441615884728,0.1952160956780864,0.0013277590877664,0.8234302983113269,4,8,32,1,0.8015267175572519,0.5502029973254845,0.8375,0.6416666666666666,39,14.333333333333334,24,8.333333333333334,1.628120816627994,0.5273746550075752,1.1265327387651347,0.4408426753407694,1.347440370122193,0.5323887500000029,1.7125347019389625,0.3936025000000004,0.6163312221763091,15.8635,0.5621516503367826,6.419433333333379,0.37058262972759043,11.3598,0.32600995068151295,4.351033333333334,0.6526279838677232,0.7013,1.6691135274084024,0.4164333333333376
Potato,String Bean,34,13,7,27,6,365,0.2984706116800706,15.335664335664337,1.897597259635485e-05,5.01842,1.606561764639007,1.98158,1.2334290804221024,0.1766764664706706,0.0001004294398731,0.7894804008681731,2,8,16,0,0.2903225806451613,0.2807140542717272,0.2375,0.1833333333333333,0,0.0,0,0.0,-1.0930040364102043,0.4573610567878603,-1.3098797387659167,0.38623953334861033,-0.8291085420069901,0.4213337500000045,-0.987722747159711,0.3026670833333333,-0.3185973169994961,8.4739,-0.33182049942309183,3.259433333333321,-0.2449843553993756,5.8214,-0.2559752593891592,2.1724000000000077,-0.9416965821485117,0.47,-0.8066938813038265,0.22389999999999782
Mulberry,Wheat Flour,26,16,7,19,9,370,0.3088835623814948,15.0,1.5191103886149768e-05,4.96976,1.6478002131326486,2.03024,1.2320911138494706,0.1735165296694066,8.355107137382372e-05,0.7850223640688476,3,5,15,0,0.4065934065934066,0.347915354284781,0.15,0.1374999999999999,0,0.0,0,0.0,-0.2934227889802119,0.4507990569728065,-0.4330437210014146,0.3817165838406154,-1.1840925613232085,0.40960875000000224,-1.334541702233427,0.29390666666666804,-0.28886499691439516,8.5029,-0.3019281157914007,3.1949666666666543,-0.22598602862807798,6.0406,-0.2364312116110178,2.2067000000000005,-0.9061798393768341,0.4509,-0.7811527098415553,0.20719999999999422
Fig,Orange,8,23,4,4,19,378,0.2718432749347365,19.41025641025641,0.0004807951699812,2.49984,1.239209415070754,1.5001600000000002,1.210578278179356,0.2052558948821023,0.0015591103488988,0.8344098335424597,13,1,13,1,0.7862595419847328,0.4885496183206106,0.7375,0.375,29,9.666666666666666,17,5.666666666666667,2.465367037577459,0.4322326257619261,1.476854874400669,0.36908473660287916,1.6708259761431337,0.3819800000000025,0.8409390077076088,0.276184999999999,0.9356002693711654,6.6057,0.7979471077595743,2.5770666666666595,0.5857005367250155,4.519,0.518962754152869,1.7165000000000026,1.2522193959171222,0.3894,0.5666054277602878,0.18326666666666253
Gluten,Mulberry,5,26,3,2,23,377,0.2444040855067295,22.48936170212766,0.0021672461899542,1.75784,1.0345813329071811,1.24216,1.2006402594849854,0.2306153876922461,0.0056028807030613,0.8861317294202062,1,3,3,0,0.2417582417582417,0.1878185508758757,0.1125,0.0875,0,0.0,0,0.0,-0.8743706043943666,0.3336791270728515,-1.4662428677962576,0.269380975939829,-0.7303125962963218,0.22561750000000025,-0.8986499521850553,0.1492037499999994,-0.12999627235393663,2.0021,-0.1323158968023017,0.6941999999999997,-0.10202328981397346,1.4197,-0.10398143749697189,0.48876666666666696,-0.36224538569457804,0.116,-0.3512156410959179,0.04116666666666616
Cherry,Mulberry,13,26,6,7,20,372,0.2952165438443075,15.747967479674797,4.913964879604697e-05,4.16262,1.533927878226352,1.83738,1.19782685097589,0.1882962340753184,0.0002316583443242,0.8188696691182455,4,3,12,1,0.7032967032967034,0.5604770318146114,0.7125,0.6000000000000001,12,6.0,3,1.0,1.8747652586864976,0.4338183088897018,2.6517638560330514,0.3675934251364356,1.5447028058286274,0.38225000000000275,3.0297360568067333,0.2711283333333328,0.22305510332340422,6.6944,0.4218958487946005,2.4515666666666576,-0.07456468120355624,4.568,-0.087353991029924,1.633066666666668,1.2493276040446366,0.3905,3.4509509660141533,0.16993333333332955
Carrot,Strawberry,12,21,5,7,16,377,0.2875057784730562,16.77777777777778,0.0001433898680798,3.31998,1.4116489647217534,1.6800199999999998,1.190111735980442,0.1994360112797744,0.0005705086240622,0.828767424651507,2,3,6,1,0.4451612903225806,0.37992273670678,0.55,0.4291666666666667,3,2.0,1,0.6666666666666666,0.5600419177733903,0.37705605733195424,0.9996004925267766,0.31929377948028026,1.4109294945237132,0.2927525000000006,2.711127023555468,0.20385500000000026,-0.019412739286240766,3.3148,0.15300266501961665,1.1505666666666687,-0.08742128211283048,2.2195,-0.020225659967178254,0.7621999999999992,1.909670167515554,0.2152,3.5446024602345485,0.08140000000000154
Carrot,Gluten,12,5,2,10,3,390,0.2442077078639261,26.564625850340136,0.0076737894058024,0.9846,0.8554781353138138,1.0154,1.1869385763173508,0.2523949521009579,0.0171300773119485,0.9076510777476758,2,1,2,0,0.1870967741935484,0.1779639715123586,0.0875,0.075,0,0.0,0,0.0,-1.2391487316462637,0.3096700098490908,-1.3785924636486557,0.2689984977490842,-0.7594926681376173,0.19469500000000015,-0.8917140112038887,0.1490112500000003,-0.1131860108819139,1.34,-0.11402989908202618,0.67995,-0.08801780378706008,0.9402,-0.08874713718438974,0.4762,-0.30184014657794855,0.0835,-0.2979081346590243,0.04285
Apple,Strawberry,20,21,7,13,14,371,0.30647602976119,14.233716475095786,1.7759980806823983e-05,5.05884,1.678278241055398,1.94116,1.1566377687047211,0.1912361752764944,9.488904031074528e-05,0.8196386072278554,4,3,12,1,0.7277486910994765,0.577820626480884,0.8125,0.5708333333333334,31,18.0,18,10.666666666666666,2.039511394489067,0.4317504672015265,2.8859877813173545,0.36620646744127416,2.0305929913711394,0.37890000000000323,2.7752637625326613,0.269259583333335,0.9643041331228189,6.6853,1.7515396660000242,2.44473333333333,0.5852212249834337,4.6527,1.1475301522305192,1.6618666666666686,1.2855037510249452,0.377,0.716745957683282,0.1635333333333298
Soybean,Wheat Flour,16,16,5,11,11,378,0.2842223650385604,15.74102079395085,0.0001665952422172,3.42942,1.4444024590120306,1.57058,1.0873562213915606,0.2220155596888062,0.0006535659502368,0.861601388661882,7,5,35,0,0.3875,0.3530115511551155,0.2375,0.2208333333333333,0,0.0,0,0.0,-0.8938449373479757,0.5392304057489182,-0.9772397567525987,0.4499936413785075,-1.387358164670872,0.5494662500000023,-1.2653056156974216,0.4080883333333329,-0.43296051600470026,17.4178,-0.4658462270006304,7.128066666666677,-0.34148221555777886,12.5722,-0.3644585665579281,4.870400000000007,-1.6624208873278785,0.7343,-1.2702256323401246,0.44886666666666813
Fig,Rice,8,25,4,4,21,376,0.2585153257951126,17.511627906976745,0.0006755526946503,2.64252,1.252999620750142,1.3574799999999998,1.0833842066027983,0.2387952240955181,0.0020938401198832,0.8874025168503253,13,7,91,1,0.3837837837837838,0.3752397558849171,0.5375,0.3625,2,1.3333333333333333,0,0.0,-1.6683446049862751,0.6592362480334982,-1.4787871810065454,0.5561282103836835,-0.9685157178384556,0.7122337500000041,-1.4087149415977855,0.5822066666666648,-0.5942904628221576,35.6281,-0.6814224542640551,16.97816666666673,-0.5048606314324487,27.0346,-0.5758830322430843,11.770799999999989,0.2078171852240375,0.9586,-0.6232770259876863,0.8400666666666712
Egg Yolk,Rice,14,25,6,8,19,372,0.2884357818941802,14.607843137254902,6.442974629233329e-05,4.31456,1.566707377400132,1.6854399999999998,1.0757848110710364,0.2208155836883262,0.0002868657751587,0.861601388661882,2,7,14,0,0.4522292993630573,0.4295289420815926,0.275,0.2583333333333333,1,0.3333333333333333,0,0.0,0.08418807627220655,0.4400614035031522,0.7200717409484917,0.37476089972325666,-0.5614573735808348,0.3953012500000028,-0.22650917443486385,0.2842545833333342,-0.23724203202718927,7.3428,-0.2529971410756448,2.764666666666652,-0.21098936392281753,5.0979,-0.22132836063713535,1.866533333333334,-0.8535856548592554,0.4215,-0.7420020496150183,0.19146666666666234
Pumpkin Seeds,Tomato,18,19,6,12,13,374,0.2921247182008886,14.425185185185184,6.053325240274109e-05,4.29954,1.58109322571441,1.7004599999999996,1.0754963542593476,0.2203755924881502,0.0002738641499833,0.861601388661882,9,2,18,1,0.7251908396946565,0.4791956403045194,0.8125,0.4916666666666667,24,8.666666666666666,13,4.333333333333333,1.682121000661335,0.4656609542621596,1.0470233890941905,0.393269256222099,1.68838526304157,0.4345350000000031,1.4372984565523828,0.31335124999999875,0.4365190615543881,9.9399,0.42760037235271814,3.7560000000000016,0.20152824661070823,7.0854,0.1722110624604803,2.5832333333333284,1.0012007208647784,0.4994,1.444644969188492,0.24553333333333344
Cherry,Gluten,13,5,2,11,3,389,0.2333600801370488,24.19254658385093,0.0090234569766135,1.05612,0.8809827158349931,0.94388,1.071394458749844,0.2828143437131257,0.0196971181473937,0.9738489892778832,4,1,4,0,0.2905982905982906,0.2332424794802112,0.125,0.1041666666666666,0,0.0,0,0.0,-0.5458742099284787,0.35108317863836386,-0.9921178740960674,0.29064844549907226,-0.7517076022747262,0.25072875000000094,-0.8944112655912476,0.17108208333333288,-0.15605867297572784,2.3533,-0.15857654613168065,0.8108999999999993,-0.11982541666001974,1.5915,-0.12173797869174827,0.5439999999999997,-0.4232094487035896,0.1519,-0.4055786847439105,0.05506666666666606
Egg White,Peanut,33,14,7,26,7,365,0.2894788920897461,13.79245283018868,2.880373302166016e-05,5.24464,1.651166639197873,1.7553599999999996,1.0631028742518338,0.2215355692886142,0.0001442013803458,0.861601388661882,5,12,60,0,0.4861111111111111,0.4650495565988524,0.2375,0.2291666666666666,0,0.0,0,0.0,-0.6642612531001978,0.5995837552128159,-0.33278517558695847,0.503197541044165,-1.9718353401455266,0.6397737500000023,-1.7093689957845277,0.5017900000000007,-0.5225831500286882,25.8403,-0.5884712822334847,11.586766666666678,-0.41249389979453993,19.0163,-0.4560389966009894,7.890900000000022,-2.794740182418513,0.8865,-1.93556181011037,0.6774333333333384
Orange,Peach,23,19,7,16,12,370,0.2987329492527805,13.472727272727273,2.378566634458644e-05,5.22148,1.7007370783281,1.7785200000000003,1.0457348303056722,0.2226955460890782,0.0001213907326519,0.861601388661882,1,4,4,1,0.7786259541984732,0.425219112242013,0.8125,0.3083333333333333,34,11.333333333333334,22,7.333333333333333,3.9091124418993495,0.34947392341201355,2.377921707914052,0.289515822527092,3.45348218263526,0.2475512500000009,1.9006665040363773,0.1694175000000003,2.3514765972006777,2.1171,2.3018305038864466,0.7295333333333323,1.7161124492977382,1.426,1.6947894666608612,0.48690000000000017,2.4108067323652134,0.1468,2.0830569326720565,0.05339999999999928
Carrot,Sesame,12,31,6,6,25,368,0.2783183392010416,14.450980392156865,8.265595141575885e-05,4.40408,1.535525758038593,1.5959199999999996,1.0393313115362852,0.2327953440931181,0.0003566922211095,0.8874025168503253,2,4,8,0,0.3116883116883117,0.2828934506353861,0.2,0.15,0,0.0,0,0.0,-0.6625598183841238,0.39926708315796916,-0.8500910815520913,0.3388571068010062,-0.6398211855634972,0.3266400000000024,-0.846853478180991,0.22953916666666674,-0.21062368010146604,4.679,-0.21636218479467226,1.6554666666666709,-0.16130764222831892,3.2331,-0.165686482599309,1.1270000000000022,-0.6284064651571055,0.2831,-0.5795058556496929,0.11166666666666825
Fish,Pumpkin Seeds,4,18,2,2,16,385,0.2207813806114675,23.363636363636363,0.0106354289367679,1.09514,0.8736179831024543,0.90486,1.0357616458244103,0.2983140337193256,0.0229479832058724,0.9902613782043884,9,9,81,1,0.3909090909090909,0.3803672271422114,0.375,0.2958333333333333,1,0.3333333333333333,0,0.0,-1.5174535862827148,0.6445658590691231,-1.3400888525195702,0.5422305341490105,-1.7197985523125905,0.6954300000000069,-1.6787821647216488,0.5617537500000016,-0.5923344320389107,32.9522,-0.6871903195771076,15.507566666666557,-0.48917657656433555,24.7792,-0.5474657377690703,10.691799999999965,0.24790813601397024,0.9421,-1.5384096237085203,0.7992666666666751
Cow Milk,Orange,28,23,9,19,14,363,0.3116166864231205,12.213085764809902,4.087719463356689e-06,7.04666,1.905697469274702,1.95334,1.0250000493223252,0.2195356092878142,2.8311242209174104e-05,0.861601388661882,4,1,4,0,0.3358778625954198,0.282442748091603,0.125,0.0999999999999999,0,0.0,0,0.0,-0.13143526165991465,0.3507106434694759,-0.12930661500486898,0.29004367991903846,-0.7541560657154117,0.2521512500000001,-0.9498743489682643,0.17136833333333387,-0.15859950885835003,2.5461,-0.1609965104671584,0.8825666666666658,-0.12391977789616401,1.7803,-0.12616684855642657,0.6128333333333333,-0.4250147577130797,0.153,-0.40870001233786873,0.05519999999999945
Banana,Hazelnut,22,16,6,16,10,373,0.2869459000556504,14.012987012987011,7.11545782505531e-05,4.40148,1.5784466445211247,1.5985199999999995,1.0127171580671104,0.2369352612947741,0.0003118571749887,0.8874025168503253,2,12,24,0,0.3893129770992366,0.3758380351808828,0.25,0.2291666666666666,0,0.0,0,0.0,-0.6395974997907041,0.49250636406513193,-0.4276257284671842,0.41514935000086434,-1.0186248827352056,0.4798625000000035,-0.8964577004310229,0.3511049999999992,-0.36848612544248716,11.4999,-0.39380738469356075,4.632333333333333,-0.2830432464720131,7.9652,-0.30374843762488046,3.077366666666648,-1.2130856795958536,0.5954,-0.9886799079784827,0.3203666666666697
Pumpkin Seeds,Rice,18,25,7,11,18,369,0.2931803410228951,13.025851938895418,2.904591083615139e-05,5.30066,1.7028633428434594,1.6993400000000003,0.9979309303601688,0.2371552568948621,0.0001442013803458,0.8874025168503253,9,7,63,1,0.4,0.3870475252400887,0.475,0.3416666666666666,11,3.6666666666666665,0,0.0,-1.2370830496809213,0.6107783270993656,-1.083739068585374,0.5107903355363822,-0.8920490818652734,0.6535062500000054,-1.09278449068659,0.5138912500000024,-0.3280350881446963,27.0288,-0.4329568987413851,12.194366666666632,-0.4392307603449785,19.9738,-0.48186846784994763,8.325366666666682,0.3273751528441556,0.9032,-0.11997737582918845,0.7075000000000037
Carrot,Wheat Flour,12,16,4,8,12,381,0.2635763971254019,16.157647058823528,0.0006714657255366,2.68824,1.316132858946999,1.31176,0.9966774942838996,0.2573948521029579,0.0020927348445891,0.9081667423255309,2,5,10,0,0.3870967741935484,0.3405250663315179,0.2375,0.2125,0,0.0,0,0.0,-0.2163859755070461,0.4171829052114355,-0.19481759938270035,0.35424966439609124,-0.5682096842272888,0.35528000000000376,-0.38069218672330185,0.25159041666666665,-0.24522358245052386,5.7294,-0.25316174633992294,2.0921333333333307,-0.19004914372816092,3.9914,-0.19664792087846095,1.426000000000002,-0.710238053312056,0.3353,-0.6377952725155634,0.14016666666666464
Egg Yolk,Potato,14,34,7,7,27,364,0.2838893699890162,13.254545454545454,3.568316531937391e-05,5.36724,1.6549244038323938,1.6327600000000002,0.9866069992193804,0.244315113697726,0.0001725711702083,0.8958220835583288,2,2,4,0,0.4298642533936652,0.3926703250858445,0.2625,0.1916666666666666,0,0.0,0,0.0,0.7178733588637435,0.3501091459220599,1.7956744655206505,0.2904281149870546,0.05684112827793742,0.2530225000000015,0.2735343534496942,0.17136958333333374,-0.17201599071254842,2.2107,-0.17334088804720693,0.7664999999999983,-0.13228093336937807,1.4689,-0.13390764087239346,0.5051999999999992,-0.42763537417777603,0.1546,-0.4119866579286218,0.055666666666666205
Cherry,Strawberry,13,21,5,8,16,376,0.2733028324310715,14.764705882352942,0.0002251806632724,3.5679,1.4545203986194215,1.4321000000000002,0.9845857104233794,0.254094918101638,0.0008535564330798,0.9079442614969356,4,3,12,1,0.8091603053435115,0.6233776625538112,0.85,0.6375000000000001,36,23.33333333333333,19,12.333333333333334,2.6390015041552526,0.4330984556237476,3.558342716044849,0.3666161291904142,2.2007307743989855,0.38222750000000383,3.4290957045018233,0.2706391666666665,1.3178427570491107,6.3682,2.6262351649215834,2.3343666666666616,0.7426336836189928,4.3103,1.5723597774149736,1.5442000000000056,1.251692898811983,0.3896,2.1010407066949606,0.16799999999999599
Fish,Peach,4,19,2,2,17,384,0.2140047559986787,21.97142857142857,0.0118464014839689,1.14232,0.8834166726975441,0.85768,0.9708668927212384,0.3221935561288774,0.0250786084245532,1.0,9,4,36,1,0.4285714285714285,0.4023587382366008,0.3625,0.3,0,0.0,0,0.0,-0.6592014095184638,0.5390157366212225,-0.4859283999608901,0.4509383733542299,-0.8518058569562929,0.5518087500000046,-0.7528986027968111,0.41196041666666616,-0.43985543969665214,16.7719,-0.46819925358800923,7.001100000000046,-0.343397378040174,11.931,-0.3637078477022369,4.6983333333333315,0.5896684618314821,0.742,-0.3583722955464044,0.46106666666666696
Fig,Hazelnut,8,16,3,5,13,384,0.2444862871315912,18.124579124579125,0.0025236992069151,1.90122,1.1372345895196825,1.09878,0.966185877677249,0.2829543409131817,0.0062924233559085,0.9738489892778832,13,12,156,1,0.6451612903225806,0.6365591397849463,0.8,0.7666666666666666,23,16.666666666666668,12,8.666666666666666,-0.5488851959382527,0.7264379600222253,0.05585965454351518,0.62963356881597,0.09083047628949921,0.7869487500000057,0.6174092671626628,0.6827687500000001,-0.41960452633581596,51.2313,-0.35118236428659955,26.753900000000193,-0.43931761067236286,40.4465,-0.40064871869880225,19.128633333333347,0.0770390589112292,0.9941,0.2555785810946718,0.9651666666666663
Olive,String Bean,2,13,1,1,12,391,0.1870066194179881,31.32,0.0632441021879965,0.44136,0.5803114253571094,0.55864,0.9626555252746,0.3962720745585088,0.1040467487608975,1.0,5,8,40,1,0.4047619047619047,0.380184331797235,0.425,0.3374999999999999,0,0.0,0,0.0,-0.866403409848703,0.5540664502461817,-0.7849823409135072,0.4619689740026749,-0.6477422255481975,0.569765000000006,-0.5971704084342424,0.4292129166666674,-0.45396366857239767,19.1608,-0.49565003464930063,8.060399999999987,-0.3583619056141507,13.8836,-0.3882554405002714,5.497866666666681,0.5502379986268504,0.7676,-0.4581127547778503,0.499900000000002
Meat,Olive,13,2,1,12,1,391,0.1870066194179881,31.32,0.0632441021879965,0.44182,0.5825934153421235,0.55818,0.958095277599753,0.3954320913581728,0.1040467487608975,1.0,3,5,15,0,0.3571428571428571,0.3243145743145743,0.2625,0.2541666666666666,0,0.0,0,0.0,-0.6256744724915639,0.45155608452975565,-0.731954671871432,0.3813827094189561,-0.6820719947092436,0.41182875000000296,-0.3414979582439228,0.2936762500000009,-0.2861802041453036,8.1213,-0.3012702483640938,3.0433666666666497,-0.21799353511074746,5.6119,-0.2295965398975577,2.042633333333334,-0.9111317435874833,0.4536,-0.7881576070188122,0.20516666666666084
Casein (nBos d8),Meat,15,13,4,11,9,381,0.260989010989011,15.71395881006865,0.0007230320130631,2.73422,1.321416282478765,1.26578,0.9578964757612944,0.2683146337073258,0.0021784223531793,0.9407781844363112,1,3,3,0,0.2636363636363636,0.2218351741716227,0.325,0.2333333333333333,0,0.0,0,0.0,-0.6765412756417737,0.3337149502380123,-0.8651442679878527,0.26811635114936805,0.6392294760609738,0.2260237499999993,1.2662886103175375,0.14875083333333342,-0.1411015073173527,1.7756,-0.14237352694837999,0.6071999999999996,-0.10893392131984135,1.2007,-0.11009977668054333,0.4090000000000002,-0.36927447293799814,0.12,-0.3585206640351978,0.042599999999999486
Apple,Cow Milk,20,28,8,12,20,365,0.2972622363054379,12.12390243902439,1.3423139015357438e-05,6.29866,1.803247682488459,1.70134,0.9434865861866368,0.249215015699686,7.455822760015369e-05,0.9019975729517667,4,4,16,0,0.3478260869565217,0.3408813726197813,0.2,0.1791666666666666,0,0.0,0,0.0,-0.7130704005102116,0.4567575308134058,-0.5719255135387764,0.38529126895694793,-0.9958014510327825,0.4202450000000031,-1.0314647377390285,0.3006708333333338,-0.31125084570023887,8.4348,-0.32333122766608385,3.1638333333333186,-0.23915603053922238,5.8154,-0.24840635872505587,2.1159333333333326,-0.9366051514306883,0.4673,-0.8053090813260795,0.2183666666666633
Apple,Peanut,20,14,5,15,9,376,0.2687804471907697,14.062818336162987,0.0002629540388299,3.64506,1.4831040409897076,1.35494,0.9135839176163388,0.2726545469090618,0.0009705079985764,0.9500571479253644,4,12,48,1,0.4904458598726114,0.3878006115717929,0.525,0.3,6,2.0,4,1.3333333333333333,-0.47330746093432896,0.5715812418584985,-0.8249722210256393,0.47865946962430755,-0.33966273276245007,0.5983800000000025,-1.0048936900182084,0.45904749999999894,-0.35165620206057335,21.159,-0.424904347071446,9.277133333333285,-0.28531666478635626,15.3271,-0.3324436534543275,6.282800000000017,0.4694732947867642,0.8194,-0.6560178992457997,0.5739333333333336
Apple,Fish,20,4,2,18,2,383,0.2077185659090488,20.72972972972973,0.013118027233016,1.18632,0.8918547289777634,0.81368,0.9123458939693389,0.3404931901361973,0.0269353963945403,1.0,4,9,36,0,0.3710691823899371,0.3468781332604138,0.2375,0.2208333333333333,0,0.0,0,0.0,-1.0031773123606815,0.5417206121601389,-1.0345967676917962,0.4519740933005999,-1.409927282250761,0.5536725000000029,-1.2814450301042069,0.41255958333333304,-0.4418361382251412,17.3911,-0.47498627824975664,7.247600000000022,-0.34664008859648726,12.4442,-0.37067190544696094,4.89843333333334,-1.690129234681989,0.7407,-1.2853243875966875,0.4597333333333332
Egg White,Pistachio,33,31,12,21,19,353,0.3216227131924762,10.539654144305308,5.451669056222497e-07,10.09508,2.160305486175512,1.9049200000000008,0.8817826979518383,0.2573948521029579,4.932881194420679e-06,0.9081667423255309,5,4,20,0,0.3605442176870748,0.3506064618241032,0.2625,0.2458333333333333,0,0.0,0,0.0,-0.7453043250530481,0.47978376162002107,-0.6157151738661977,0.40292491265541114,-0.8597428808764763,0.4576862500000014,-0.6506149781287679,0.3297795833333342,-0.3328211607712643,11.2078,-0.3517991485936909,4.305233333333338,-0.2598930961807645,7.9624,-0.27311635609643625,2.9399999999999973,-1.0951037641399834,0.5453,-0.9100223175837573,0.27546666666666925
Fish,Strawberry,4,21,2,2,19,382,0.2018641415288949,19.615384615384617,0.0144496271288054,1.23074,0.8968718149211738,0.76926,0.8577145442658496,0.3620527589448211,0.0288478320970102,1.0,9,3,27,1,0.3740458015267175,0.3638676844783715,0.3875,0.2958333333333333,0,0.0,0,0.0,-0.8199092886871766,0.5086492314712306,-0.6761275014412794,0.4264280713313016,-0.5185980842728884,0.5044337500000029,-0.5288455425188807,0.36959500000000256,-0.3777085812399967,13.7622,-0.4065159920055152,5.4872333333333705,-0.29310863933673936,9.7592,-0.3133301858621477,3.7009999999999854,0.7363816031889404,0.6484,-0.08729334002113157,0.3626666666666725
Gluten,Potato,5,34,3,2,31,369,0.2080534296429023,16.42222222222222,0.0048340548969307,2.09812,1.0658576197597875,0.9018799999999998,0.846154292355912,0.3477930441391172,0.0112418272054906,1.0,1,2,2,0,0.2180851063829787,0.1950154038702224,0.1125,0.10625,0,0.0,0,0.0,-0.9445733338074161,0.3091315531968622,-1.150760578313482,0.2689436076238744,-0.5946646235314564,0.1937450000000006,-0.5276760282283666,0.14863937499999985,-0.10390121230540782,1.1721,-0.10453528651026991,0.59315,-0.07948272339364619,0.8053,-0.07999828205217437,0.40675,-0.2938811075545895,0.0795,-0.2892574368184394,0.04105
Onion,Potato,12,34,6,6,28,365,0.2621608519510116,12.824561403508772,0.0001449225023544,4.68386,1.5627909330425471,1.31614,0.8421727898290587,0.2968140637187256,0.0005725459424005,0.9902613782043884,1,2,2,0,0.2575757575757575,0.2537878787878788,0.15,0.125,0,0.0,0,0.0,-0.525684227659635,0.30908669816907375,-0.2194162890849655,0.2682258799873647,-0.3096639403560111,0.19349999999999914,-0.27970592024994184,0.14849687500000025,-0.11673194538905016,1.2177,-0.11796636960911182,0.6274,-0.08955486850857466,0.8226,-0.09079874338299027,0.42185,-0.3004575664495865,0.0828,-0.2954197619150554,0.04285
"Cow Milk, UHT",Gluten,34,5,3,31,2,369,0.2080534296429023,16.42222222222222,0.0048340548969307,2.10054,1.0703979205884135,0.8994599999999999,0.8403043229993884,0.3470730585388292,0.0112418272054906,1.0,4,1,4,0,0.247191011235955,0.2289161503126391,0.225,0.175,0,0.0,0,0.0,-0.9414231089247337,0.35155393434345666,-1.0681968710934693,0.29071607004552846,-0.158545836207574,0.2515775000000009,0.04589852237910166,0.17154166666666565,-0.16904132251659595,2.2515,-0.17020172043069123,0.7810666666666655,-0.13088475535484495,1.4917,-0.13220452266677563,0.5134333333333325,-0.4246867422984164,0.1528,-0.404859090025858,0.05589999999999953
Pumpkin Seeds,Soybean,18,16,5,13,11,376,0.2637990889809198,13.33816425120773,0.0003117316278267,3.74204,1.5043592118905644,1.2579600000000002,0.8362098560350434,0.2970340593188136,0.0011282673755534,0.9902613782043884,9,7,63,1,0.732824427480916,0.5420068766708539,0.8,0.6041666666666666,19,9.0,10,3.6666666666666665,0.726840051509597,0.6089232666714581,0.28649763183551935,0.5092596943433564,0.7453347891320001,0.6492587500000034,0.5970257202549527,0.5094470833333345,-0.14633428499233853,25.8555,-0.14312313194024162,11.701333333333269,-0.20335242693851757,18.8552,-0.25502466918591943,7.8874999999999895,0.3481406733883832,0.8919,0.8884481752241001,0.6916666666666714
Casein (nBos d8),Olive,15,2,1,14,1,389,0.1726974057949758,26.86206896551724,0.0727906123945728,0.49562,0.605227903851103,0.50438,0.8333720186901472,0.4374712505749885,0.1150296719812826,1.0,1,5,5,0,0.2738095238095238,0.2330963702090116,0.2375,0.175,0,0.0,0,0.0,-0.7808203571303477,0.36593125307007096,-1.1893504082689037,0.30639796077113407,-0.20585927778910937,0.2744087500000013,-0.17178454357961534,0.18926624999999944,-0.18061257094763253,3.0058,-0.18416896416997022,1.0624000000000022,-0.1395253754309797,2.0548,-0.1431083212122063,0.7208666666666657,-0.4843221048378526,0.19,-0.4577171628026425,0.07120000000000072
Cow Milk,Egg Yolk,28,14,6,22,8,369,0.2681032584833338,12.558169934640524,0.0001298591872454,4.68356,1.6020067810093694,1.31644,0.8217443369188215,0.2977540449191016,0.0005203643146051,0.9902613782043884,4,2,8,1,0.4514003294892916,0.4416562811254507,0.5625,0.3374999999999999,13,4.666666666666667,5,1.6666666666666667,0.40644898221760933,0.39858635714477597,1.5450406274991044,0.3389398469200721,1.1844803313732635,0.3281387500000015,1.106711294175156,0.2310591666666659,0.3763550755766432,4.7365,0.38619045763255155,1.7010000000000032,0.08682426123544629,3.2908,0.07469921375888021,1.1625333333333348,1.5964385486903339,0.2818,1.1265858468067351,0.11270000000000156
Gluten,Soybean,5,16,2,3,14,386,0.2069059930845239,19.039408866995075,0.0136735279386999,1.24114,0.9311667414593374,0.7588600000000001,0.814956082742715,0.3610727785444291,0.0276925962946233,1.0,1,7,7,0,0.3,0.2638029782359679,0.2375,0.1625,0,0.0,0,0.0,-0.6952692502368443,0.38649805820421396,-0.9931178090384892,0.3280772288170829,-0.3587068180503739,0.3056100000000006,-0.5831990683483842,0.21543500000000046,-0.19561986986585686,3.9698,-0.20092655802670156,1.4185666666666688,-0.14979803792858581,2.7265,-0.15418777163303446,0.9614000000000001,-0.5659561034781468,0.2426,-0.5239088211343039,0.09613333333333562
Egg Yolk,Strawberry,14,21,5,9,16,375,0.2605370022265608,13.175438596491228,0.0003385007899451,3.79088,1.492524313235802,1.20912,0.8101174562299895,0.3099538009239815,0.0011868683947451,1.0,2,3,6,0,0.465648854961832,0.414728999383167,0.1875,0.1666666666666666,0,0.0,0,0.0,0.7248774135848813,0.37727575490265974,1.5529250986945013,0.3196910733206149,-0.568676466706307,0.29180125000000123,-0.4344760673907438,0.20349291666666625,-0.18574943807633776,3.3613,-0.18864563745235075,1.174066666666667,-0.14181521336286745,2.2946,-0.14422170808305942,0.7926666666666649,-0.5224102062797535,0.2144,-0.4905785288039848,0.08183333333333492
Apple,Tomato,20,19,6,14,13,372,0.2727960299455982,12.369093231162196,0.0001192915994627,4.685,1.6235070064523915,1.3150000000000004,0.8099749460727456,0.3015939681206376,0.000488486038676,0.9952600947981042,4,2,8,1,0.3943089430894309,0.3190455631738528,0.5125,0.2541666666666666,2,0.6666666666666666,0,0.0,-0.018065035588160454,0.3966279244969833,-0.2945749572879919,0.33813371766343886,0.9757495703713431,0.32234000000000257,0.2806456532706364,0.22788708333333474,-0.11829060044781098,4.3603,-0.12786080740826558,1.5605333333333398,-0.1688712797552059,2.9921,-0.17306313262530174,1.0508666666666682,1.6455465680438939,0.2697,1.1763609314329753,0.10760000000000192
Cow Milk,Strawberry,28,21,8,20,13,364,0.2874409035734996,11.195121951219512,2.069317401241525e-05,6.53982,1.8328814385005945,1.4601800000000005,0.7966581849366722,0.2956940861182776,0.0001084941179529,0.9902613782043884,4,3,12,0,0.3587786259541984,0.3478980208194185,0.2125,0.175,0,0.0,0,0.0,-0.5077473283247592,0.4310694111150643,-0.24839389087466038,0.36569136416606274,-0.7814395476790127,0.3779900000000035,-0.87679361315861,0.26851625000000034,-0.25847664121407227,6.6386,-0.268334642920831,2.411433333333319,-0.19815750606462076,4.6144,-0.20541277809003106,1.6392333333333375,-0.7883742582915143,0.3833,-0.6986524959810475,0.1648666666666625
Potato,Sesame,34,31,12,22,19,352,0.3147210000671422,10.042735042735044,8.032431943905512e-07,10.2993,2.1789629436959204,1.7006999999999994,0.7805089136189258,0.2883142337153257,6.626756353722048e-06,0.9862456409408398,2,4,8,0,0.2712765957446808,0.2446714749631045,0.1625,0.1333333333333333,0,0.0,0,0.0,-0.9766403787443331,0.4004260414098413,-1.4352429434060476,0.3396903237403619,-0.8417794385216159,0.32972000000000234,-1.0280758827193517,0.23082416666666636,-0.23040580748850753,4.4655,-0.23527588574388683,1.6093333333333388,-0.1755344335409977,3.0144,-0.18008889998771663,1.0708333333333342,-0.6280968458349981,0.2829,-0.5759784783723204,0.11340000000000118
Carrot,Pumpkin Seeds,12,18,4,8,14,379,0.2449562216110199,13.855983772819473,0.0010925818193875,2.94184,1.359991696445239,1.05816,0.7780635740393342,0.3275734485310294,0.0031113624399817,1.0,2,9,18,1,0.3766233766233766,0.3628403854210305,0.4125,0.3458333333333334,2,0.6666666666666666,0,0.0,-0.5762342848288644,0.46486641014458474,-0.36735104621362374,0.39296802961237504,-0.1067434536873236,0.43620125000000254,0.25303680053275673,0.3145408333333332,-0.25152020449143486,9.5243,-0.27416338742918367,3.6380333333333352,-0.2454696625268186,6.6337,-0.2585857032022489,2.446033333333332,0.983338778561337,0.5084,1.4470899439030709,0.24803333333333363
Hazelnut,Olive,16,2,1,15,1,388,0.166535382515328,25.06451612903226,0.0775455323310108,0.5244,0.6155035661960051,0.4756,0.7727006407767048,0.4596908061838763,0.1215168816695449,1.0,12,5,60,1,0.4285714285714285,0.4115497076023391,0.35,0.2916666666666666,2,0.6666666666666666,0,0.0,-1.0053450560566362,0.6017948427124368,-0.8021129437500932,0.5035818848430493,-1.4227853836512403,0.6412637500000048,-1.3152274511574364,0.5011341666666662,-0.4825278153035667,25.9929,-0.5554172562900227,11.648799999999927,-0.41284109425652227,19.1883,-0.4571316629725613,7.978433333333334,0.36029965309180784,0.8851,-0.9644770310712576,0.6709666666666699
Onion,Pumpkin Seeds,12,18,4,8,14,379,0.2449562216110199,13.855983772819473,0.0010925818193875,2.9543,1.3565439580050471,1.0457,0.7708559636635891,0.3298734025319493,0.0031113624399817,1.0,1,9,9,1,0.4166666666666667,0.3486477680026067,0.35,0.2208333333333333,0,0.0,0,0.0,0.10466509137077276,0.40290756493989516,0.06641104938863773,0.34395904152194096,0.077221115746573,0.3345862500000025,-0.17641655193196415,0.23893875000000056,-0.2333972704086853,4.7482,-0.24304207872282826,1.7700000000000062,-0.17923869936713818,3.2059,-0.18778430636136775,1.1665666666666672,1.5116716300014958,0.3044,0.9365443932230126,0.1293666666666654
Kiwi,Mulberry,12,26,5,7,21,372,0.2512836234071543,12.705426356589149,0.0004296931864813,3.88434,1.488825968473146,1.11566,0.7493555483480427,0.3305133897322053,0.0014096951907372,1.0,7,3,21,1,0.6977777777777778,0.49999185999186,0.825,0.5541666666666666,33,12.666666666666666,17,6.666666666666667,1.369811979748821,0.481952960592968,1.1152542266520193,0.4057209484988306,1.623007255420108,0.4601875000000039,1.7371069627837152,0.3320266666666671,0.683237141128258,10.9032,0.7109767067415891,4.214833333333336,0.3198932790026454,7.6253,0.367970805663425,2.841233333333324,0.8961592125816636,0.5546,1.296169537901815,0.27753333333333674
Apple,Casein (nBos d8),20,15,5,15,10,375,0.2570193398539127,12.689708141321043,0.0003819739843208,3.8675,1.518862650143192,1.1324999999999998,0.7456237072478098,0.3274534509309814,0.0013133719402582,1.0,4,1,4,0,0.2347826086956521,0.200090557549429,0.1875,0.1416666666666666,0,0.0,0,0.0,-1.0461348347019435,0.34992403510100634,-1.5736690281506525,0.2897556795276537,-0.3785718568882147,0.2503512500000003,-0.3855245806749543,0.17028791666666707,-0.15434960710347242,2.2498,-0.15390995345898742,0.7847666666666657,-0.116249697137229,1.5155,-0.11690949680421615,0.5264999999999999,-0.4253426749334103,0.1532,-0.4077060636423824,0.05559999999999949
Fish,Orange,4,23,2,2,21,380,0.1912611059886046,17.697674418604652,0.0172900467212999,1.31502,0.9197295252409808,0.6849799999999999,0.7447624341738148,0.3997120057598848,0.0336795701758654,1.0,9,1,9,1,0.4045801526717557,0.371501272264631,0.3875,0.25,0,0.0,0,0.0,-0.00450482856838683,0.40518386450281313,0.37931527241023966,0.34448198003040736,0.25969264675940196,0.3351375000000033,0.11399221407563598,0.23840583333333407,-0.23663627416422117,4.9988,-0.24269266757842592,1.8496666666666652,-0.18451028704806927,3.4451,-0.19080877284304756,1.249600000000001,1.5507529995163711,0.2937,0.9814995332253765,0.1238666666666667
Fig,Sesame,8,31,4,4,27,370,0.2260982580985512,13.472727272727273,0.0015982074707723,3.06208,1.299748465511693,0.93792,0.7216165472684392,0.3622527549449011,0.0042292188259589,1.0,13,4,52,1,0.6064516129032258,0.4763698549909809,0.725,0.5958333333333333,13,5.0,4,1.3333333333333333,0.14362329944806912,0.5816777193629504,-0.10228054389095685,0.48792212671220625,0.5255499393474387,0.6140075000000031,0.7630287535146951,0.47454958333333114,-0.2175993654969472,23.1672,-0.2834166963327495,10.192566666666652,-0.29965629139062294,17.0317,-0.35036676660553134,6.979866666666657,0.4199192734469453,0.8501,1.0770740038162554,0.6104666666666684
Fig,Pistachio,8,31,4,4,27,370,0.2260982580985512,13.472727272727273,0.0015982074707723,3.0689,1.309791124569104,0.9310999999999998,0.71087670586126,0.3629127417451651,0.0042292188259589,1.0,13,4,52,1,0.5539112050739958,0.4697427727501983,0.675,0.5958333333333333,19,10.333333333333334,8,3.333333333333333,-0.17747638392350204,0.584292497898914,-0.17811771286865344,0.4899118160169362,0.27955768878666193,0.6156050000000013,0.7360981822767017,0.47721541666666817,-0.08955608059902781,23.0505,0.004262648860315782,10.25623333333325,-0.21055897416102415,16.8011,-0.2305679629917827,6.962633333333347,0.42534267493341027,0.8468,1.0649064192694195,0.6130333333333351
Hazelnut,Peach,16,19,5,11,14,375,0.2547273781462643,12.385307346326837,0.000413185508488,3.92448,1.5268715498037162,1.07552,0.7043945511580599,0.3428731425371492,0.0013715802974071,1.0,12,4,48,1,0.6729559748427673,0.620037522749787,0.675,0.6375000000000001,10,7.333333333333333,4,2.333333333333333,0.5877113088108991,0.5723386108665969,1.2799514111498431,0.47953234457290245,0.3456780654101531,0.6007100000000011,1.1250956177600293,0.46048791666666483,-0.259846900487553,21.6181,-0.11945756834251094,9.43076666666666,-0.28299794263830613,15.7276,-0.265171539937479,6.411100000000018,0.4605661864718384,0.825,1.1619619813155937,0.5770666666666674
Olive,Pumpkin Seeds,2,18,1,1,17,386,0.1557281449240075,22.085714285714285,0.087018701870187,0.56122,0.6309771086180543,0.4387799999999999,0.6953976523189592,0.4852902941941161,0.1341139883219091,1.0,5,9,45,1,0.3849557522123893,0.3703820761342886,0.425,0.3,0,0.0,0,0.0,-1.0598181442430779,0.5657651578164201,-0.9604923271843335,0.4722047145772789,-0.7670828640172197,0.590327500000004,-0.9621527704129436,0.4478874999999998,-0.4635901159805246,20.3268,-0.5127959259690646,8.683400000000008,-0.3616209896360012,14.711,-0.3952773666567089,5.883400000000034,0.4824330185186354,0.8112,-0.5898595235334092,0.5469666666666659
Peanut,Soybean,14,16,4,10,12,379,0.239165333461955,13.01142857142857,0.0012930675044279,3.07018,1.3859779102135783,0.92982,0.6708764931590541,0.3644927101457971,0.0035911429207131,1.0,12,7,84,1,0.8320610687022901,0.6998106342738416,0.8875,0.775,48,26.33333333333333,36,15.333333333333334,1.1006121306887144,0.6489149580393057,1.2582728969341774,0.546567601094464,1.0167781874359643,0.701285000000006,1.3067067337906446,0.569348749999999,0.2737385075484522,33.3369,0.4742777617049123,15.838066666666727,0.22003646886182768,24.9499,0.22909237317883036,10.865466666666672,0.2330155729737538,0.9485,0.628875587736722,0.8146666666666741
Egg Yolk,Wheat Flour,14,16,4,10,12,379,0.239165333461955,13.01142857142857,0.0012930675044279,3.07224,1.3916973027206745,0.92776,0.6666392168658314,0.364292714145717,0.0035911429207131,1.0,2,5,10,0,0.4274193548387097,0.3983285425316725,0.2375,0.2166666666666666,2,0.6666666666666666,2,0.6666666666666666,0.09862172911054719,0.4140596897240831,0.665587570854685,0.35246910268040854,-0.5585877480159587,0.3517437500000045,-0.3264041101764106,0.2498420833333322,-0.152876629626252,5.4735,-0.16495400666037546,1.9891000000000032,-0.08594314030251317,3.7522,-0.09559662773442712,1.3404666666666691,-0.6935723855722891,0.3248,-0.6244997581606747,0.13563333333333238
Casein (nBos d8),Strawberry,15,21,5,10,16,374,0.2489676487214555,11.88888888888889,0.0004906569702602,3.99502,1.5371386403314449,1.0049800000000002,0.6537991913229778,0.3600327993440131,0.0015819457489423,1.0,1,3,3,0,0.2595419847328244,0.2133103581918095,0.1,0.0916666666666666,0,0.0,0,0.0,-0.6985714340242334,0.3330046485045222,-0.9942709306655639,0.26790099066476375,-0.8117164018801882,0.22557875000000022,-0.8457703299245992,0.14886999999999975,-0.14368394945549606,1.6746,-0.14486346072779888,0.5749666666666664,-0.10810652584225718,1.1039,-0.10941081898890576,0.37780000000000025,-0.3669978114690288,0.1187,-0.35556686369583945,0.04219999999999946
Fish,Rice,4,25,2,2,23,378,0.1818839444839975,16.106382978723403,0.0203622821450323,1.39382,0.930787734985802,0.6061799999999999,0.6512548212823693,0.4338913221735565,0.0383487302806031,1.0,9,7,63,0,0.4181818181818181,0.3934298739608474,0.2625,0.2583333333333333,0,0.0,0,0.0,-1.1463982709375786,0.6131536136972894,-1.0321666815305373,0.5122735436668314,-1.9587746065927736,0.6547450000000069,-1.6159671763005334,0.5146383333333331,-0.5545754551603062,26.8999,-0.630953659373826,12.166766666666618,-0.43818197869828907,19.7923,-0.48988510453889544,8.274866666666652,-3.035540247884562,0.9021,-2.060341115559268,0.7032000000000057
Potato,Rice,34,25,10,24,15,356,0.2923221756681414,9.857142857142858,6.178897019819069e-06,8.68478,2.0412781171609136,1.31522,0.6443120067486235,0.3404931901361973,3.894787896762357e-05,1.0,2,7,14,0,0.3191489361702128,0.2971502840088572,0.1875,0.1625,0,0.0,0,0.0,-0.8411374647867923,0.44546538980509676,-1.0159653058034226,0.37690263924718326,-0.9735173570394711,0.40129375000000433,-1.064343459066673,0.28603041666666634,-0.2882629783219879,7.9111,-0.3002385744795691,2.973299999999983,-0.22453665336579492,5.5684,-0.23467503932384295,2.0374333333333294,-0.8719251553319334,0.4319,-0.7569758755133359,0.19489999999999447
Egg White,Wheat Flour,33,16,7,26,9,363,0.2639273290114781,10.8291956305859,8.525554511172278e-05,5.89556,1.7420253403438204,1.1044400000000003,0.6339976660626642,0.3593128137437251,0.0003651019908982,1.0,5,5,25,0,0.3790322580645161,0.3462987345475825,0.25,0.2375,0,0.0,0,0.0,-0.753203869809235,0.5002255640685115,-0.8371426087103392,0.4194285881914062,-1.075101260772165,0.4914162500000031,-0.8997048517499643,0.358374583333333,-0.38534242075074016,12.1952,-0.40705576278948535,4.798533333333352,-0.2973074134431849,8.4446,-0.31272050862373785,3.176233333333324,-1.2885193013264986,0.6241,-1.0369105061001815,0.3376000000000059
Cherry,Potato,13,34,6,7,28,364,0.2479563627329629,11.08421052631579,0.0002528766707186,5.01886,1.6106223332612764,0.98114,0.6091682573489056,0.376652466950661,0.0009394954455175,1.0,4,2,8,0,0.2765957446808511,0.2547593323563286,0.35,0.2708333333333333,0,0.0,0,0.0,-0.9333929940812108,0.3998353659031771,-1.287587433859486,0.33938186589449176,0.12041522085147445,0.3261575000000027,0.44288894810383594,0.22926125000000017,-0.2158333778575055,4.6493,-0.222390224334871,1.64916666666667,-0.1657949376463473,3.2195,-0.17038267547292013,1.1221000000000012,-0.617426489238403,0.276,-0.5678337475986067,0.1110000000000014
Gluten,Peach,5,19,2,3,17,383,0.1866898003053246,15.653061224489797,0.019190753690435,1.40696,0.9743221019765488,0.59304,0.6086693494861046,0.4336113277734445,0.0364949587129967,1.0,1,4,4,0,0.2967032967032967,0.2550059496624382,0.125,0.0833333333333333,0,0.0,0,0.0,-0.4822598734682446,0.3495328494975836,-0.6079428661815637,0.289680202473405,-0.7496342095780297,0.2480012500000009,-1.168970397634635,0.17003791666666587,-0.14629194718827349,2.2681,-0.14876891129292388,0.7822999999999992,-0.11187199921662051,1.5674,-0.11368100782052837,0.5351333333333333,-0.41612274837781166,0.1476,-0.39705810202749753,0.05416666666666607
Gluten,Tomato,5,19,2,3,17,383,0.1866898003053246,15.653061224489797,0.019190753690435,1.41098,0.9720470356932324,0.5890200000000001,0.6059583316150232,0.4382312353752925,0.0364949587129967,1.0,1,2,2,0,0.2213740458015267,0.1916586828197917,0.125,0.10625,0,0.0,0,0.0,-0.9073021745556692,0.30845791121683735,-1.1955161245941621,0.2677684992780927,-0.4939076252124955,0.19200499999999956,-0.5201254906573801,0.1474587499999997,-0.11142567156197764,1.1282,-0.11181098253719036,0.5706,-0.08516274138321121,0.7601,-0.08552270227783262,0.3832,-0.2872026922702553,0.0762,-0.28333674302989775,0.03915
Fish,Mulberry,4,26,2,2,24,377,0.1775808948467006,15.408163265306122,0.021983662015696,1.43356,0.9403115049811952,0.56644,0.6023961176688231,0.4523109537809244,0.0405685341802811,1.0,9,3,27,0,0.3736263736263736,0.3443223443223442,0.225,0.2166666666666666,0,0.0,0,0.0,-0.820241891763078,0.5077448591615865,-0.8842551833012291,0.42594283016216267,-1.228188820369559,0.5025687500000026,-1.091244137769609,0.36816958333333394,-0.38401653027366695,13.5069,-0.41397880216116345,5.385200000000019,-0.29845562255621155,9.5555,-0.31991811145523763,3.6326666666666623,-1.3382665273977883,0.6417,-1.070747439833906,0.356366666666672
Cherry,Pumpkin Seeds,13,18,4,9,14,378,0.2326252139407974,12.364791288566243,0.0015338027557447,3.1606,1.3969136122180208,0.8393999999999999,0.6008961417930488,0.3910721785564289,0.0041170495022622,1.0,4,9,36,1,0.7557251908396947,0.5968527607588533,0.825,0.6416666666666666,24,12.0,13,6.0,1.277061990728978,0.5386026811358244,1.4422934691652367,0.45085643245096396,1.231666865481984,0.5501287500000047,1.5448196717200537,0.410889999999999,0.16719141728093326,17.2419,0.30822006789832324,7.1809000000000305,0.015154705377017552,12.4373,0.08048740551205523,4.898466666666672,0.5932111080241584,0.7397,1.5075149472709026,0.4600000000000022
Egg Yolk,Sesame,14,31,6,8,25,366,0.2505483184888416,10.990772779700116,0.0002403846677778,5.03964,1.6229197978951375,0.9603599999999995,0.5917482806270207,0.3819523609527809,0.000899038657489,1.0,2,4,8,0,0.4275862068965517,0.3994211702354619,0.35,0.2749999999999999,0,0.0,0,0.0,0.2482563291513481,0.3960159494755486,0.9632129140482186,0.33758068615255804,0.1278141148546638,0.32528500000000293,0.5001086022689363,0.22884416666666643,-0.20914267804086908,4.3797,-0.21368148752352184,1.5581666666666718,-0.15989431660216466,3.0103,-0.1637061146283647,1.0542666666666676,-0.6253111619361175,0.2811,-0.5767636634361646,0.11083333333333492
Egg Yolk,Pistachio,14,31,6,8,25,366,0.2505483184888416,10.990772779700116,0.0002403846677778,5.038,1.6352602239399083,0.9619999999999996,0.5882855743180792,0.3843123137537249,0.000899038657489,1.0,2,4,8,0,0.4228187919463087,0.3710897508815834,0.275,0.2416666666666666,0,0.0,0,0.0,0.20947674731686514,0.3961244993737001,0.5316715818862916,0.33728281831574203,-0.2450457091151867,0.32239875000000145,0.15717433961490224,0.22726874999999971,-0.216994046765712,4.3083,-0.22138723830837084,1.526766666666669,-0.16709319163723316,2.9114,-0.17047445667466915,1.0164999999999995,-0.6148006843634205,0.2743,-0.5684889484169736,0.1074333333333355
Apple,Mulberry,20,26,7,13,19,366,0.2657659595128143,10.441595441595442,8.654674444809302e-05,5.97276,1.77838634227774,1.02724,0.5776247689151284,0.377412451750965,0.0003678236639043,1.0,4,3,12,1,0.7032967032967034,0.5668464585662037,0.7125,0.6125,11,6.0,3,1.3333333333333333,1.9535560035935469,0.4292154376816203,2.83171587825776,0.36523549172823233,1.5921083321184708,0.3762775000000031,3.2040998255896453,0.268099166666668,0.16861444549461252,6.6318,0.39214973253532703,2.41686666666666,-0.06910483872898564,4.6099,-0.03796245836171376,1.6391333333333364,1.286599093668239,0.3766,3.5418735422561483,0.16309999999999616
Olive,Strawberry,2,21,1,1,20,383,0.1423848704990809,18.70731707317073,0.1011367803447011,0.62712,0.6502311170653093,0.37288,0.5734576371597238,0.5326493470130598,0.1521118867918963,1.0,5,3,15,0,0.3282442748091603,0.3011986493190583,0.2,0.1666666666666666,0,0.0,0,0.0,-0.8189174239664141,0.4528533174462249,-1.04032775598456,0.38199368547252477,-0.9616188628474648,0.4122187500000013,-1.0957522642466826,0.29400208333333255,-0.3128620015820589,8.1247,-0.324033873672503,3.0390666666666517,-0.24262815500983684,5.5825,-0.2520389561715871,2.0331666666666655,-0.9103967478404237,0.4532,-0.7883002223318177,0.20696666666666164
Potato,Wheat Flour,34,16,7,27,9,362,0.2585615150527869,10.4066985645933,0.0001051255507593,6.00284,1.7436719686913589,0.99716,0.5718736195251092,0.3822523549529009,0.0004368550664888,1.0,2,5,10,0,0.3191489361702128,0.299452841693142,0.2125,0.1916666666666666,0,0.0,0,0.0,-0.7098904440050685,0.4163225361269081,-0.7862519877695858,0.3540429257620646,-0.6903380960332997,0.3539425000000018,-0.5857555111494905,0.251039583333333,-0.2439957036249966,5.4291,-0.25121505957004886,1.98006666666667,-0.18736778802188545,3.7221,-0.19367984005671268,1.3328333333333326,-0.7092822546061852,0.3347,-0.6396180889683256,0.139933333333332
Fig,Potato,8,34,4,4,30,367,0.212972354383516,12.049180327868852,0.0022968315569645,3.25128,1.3243784812507335,0.74872,0.5653368811103864,0.4179516409671807,0.0058304185676792,1.0,13,2,26,0,0.334841628959276,0.3314720323481274,0.225,0.2125,0,0.0,0,0.0,-1.025145136107883,0.5007282813236623,-0.9615839144788783,0.4222625814280371,-1.176245356642884,0.49103625000000195,-1.0668806979155,0.36266499999999946,-0.3844108566686809,12.3645,-0.41173272525119087,5.038433333333344,-0.2967421887523612,8.5937,-0.3188308367466043,3.342033333333327,-1.2781463731404075,0.6203,-1.0296659176795933,0.3496333333333387
Apple,Gluten,20,5,2,18,3,382,0.180924752960357,14.768339768339768,0.021214995842908,1.4624,0.9814408999017722,0.5376000000000001,0.5477660448569098,0.4586508269834603,0.0394093134697728,1.0,4,1,4,0,0.2608695652173913,0.1962779923123267,0.125,0.1041666666666666,0,0.0,0,0.0,-0.811358882921898,0.35131150620744833,-1.6300339655097256,0.29086823377333204,-0.763355178044104,0.25241250000000043,-0.8965098167871338,0.17218291666666685,-0.1472766724497627,2.3975,-0.15101865282204158,0.8333666666666648,-0.11172736251471774,1.6537,-0.11429025366517898,0.5685,-0.42517872857647987,0.1531,-0.4061264973227435,0.05639999999999955
Cow Milk,Pistachio,28,31,10,18,21,356,0.2876297716701324,9.411062225015714,8.03758625844222e-06,8.895,2.057458383540237,1.1050000000000004,0.5370704014428929,0.380272394552109,4.901180316289224e-05,1.0,4,4,16,0,0.3624161073825503,0.3503257938565765,0.3125,0.2625,0,0.0,0,0.0,-0.6208279922553095,0.45814815772932344,-0.4550952795353043,0.38652002083851666,-0.4904259609477787,0.4215512500000013,-0.3214741167553129,0.30090666666666693,-0.2944622059367603,9.4479,-0.3096298969973113,3.5301333333333225,-0.2306720459024074,6.7554,-0.24137199006344887,2.4474333333333336,-0.9422637918473085,0.4703,-0.8067636897434838,0.21793333333332948
Cow Milk,Fish,28,4,2,26,2,375,0.1696303467600429,14.169811320754716,0.0253936322857129,1.49648,0.9421399097798584,0.50352,0.5344429152965753,0.4825703485930281,0.0457613208038603,1.0,4,9,36,0,0.3909090909090909,0.385478803624456,0.2875,0.2583333333333333,0,0.0,0,0.0,-0.8844384863901029,0.5421259593567682,-0.6631818137557186,0.4524476796275424,-1.1812313562254806,0.5537175000000035,-1.0322425242387452,0.4134141666666681,-0.43082172849910866,18.1075,-0.4706187000793233,7.453099999999966,-0.3406092330602745,13.162,-0.3676941151654417,5.115100000000012,-1.6761634196950517,0.7375,-1.2828441565708553,0.4597666666666675
Casein (nBos d8),Wheat Flour,15,16,4,11,12,378,0.2287001036154371,11.848695652173912,0.0017206336185516,3.24666,1.4212455257273462,0.7533400000000001,0.5300561981466684,0.4118117637647247,0.0045106329906892,1.0,1,5,5,0,0.2897196261682243,0.2554517133956386,0.225,0.1666666666666666,0,0.0,0,0.0,-0.6521963798924721,0.36294161178853324,-0.8411868267642819,0.3051508912758588,-0.25047127055834123,0.26797875000000115,-0.25250499462621456,0.18675833333333372,-0.17203581138204724,2.4543,-0.1754619280382042,0.8639333333333334,-0.12969101834512028,1.6179,-0.13263315858092542,0.5623666666666655,-0.4667745234372996,0.1789,-0.4384308642828477,0.06780000000000039
Pistachio,Strawberry,31,21,8,23,13,361,0.2677565742268919,9.685579196217494,4.78930189017344e-05,7.05814,1.890788126787348,0.94186,0.4981309045981379,0.3989920201595968,0.000227694776304,1.0,4,3,12,0,0.3459119496855345,0.336888974461092,0.275,0.2041666666666667,0,0.0,0,0.0,-0.5979481807575766,0.43111867355464895,-0.3998971592577194,0.3655400078739031,-0.49205936479271417,0.3788550000000029,-0.6069899691030076,0.26909041666666433,-0.26643480421366295,6.35,-0.2754655368424712,2.3118666666666683,-0.20220303924661012,4.3331,-0.20922540734577288,1.5408333333333395,-0.7927163953800346,0.3859,-0.703010610158221,0.16809999999999642
Strawberry,Wheat Flour,21,16,5,16,11,373,0.2384073267439344,10.826086956521738,0.000689630436826,4.2229,1.56443459115426,0.7770999999999999,0.4967289808049088,0.4185516289674206,0.0021257289838429,1.0,3,5,15,0,0.3459119496855345,0.3240740395245734,0.15,0.1416666666666666,0,0.0,0,0.0,-0.7036320939335933,0.45177117165596026,-0.7508362539699949,0.3818505394174088,-1.1921622632547866,0.412135000000006,-1.3169723433934577,0.29440583333333314,-0.29951077718605684,8.0891,-0.3118005218587644,3.023433333333315,-0.23080561110281503,5.5745,-0.24032378200237595,2.0261000000000013,-0.9069120799092137,0.4513,-0.7855227510304379,0.20723333333332836
Olive,Orange,2,23,1,1,22,381,0.1349060194715185,16.955555555555556,0.1104877154382104,0.6806,0.6627093178762465,0.3194,0.4819609312625424,0.5697086058278834,0.1639777998963917,1.0,5,1,5,0,0.3206106870229007,0.2690839694656488,0.225,0.1416666666666667,0,0.0,0,0.0,-0.38705745221577803,0.3661844443522055,-0.6086971603230679,0.3062721823959933,-0.2745673120594191,0.2741162500000003,-0.5773096361715994,0.18942583333333338,-0.18629333924704003,2.8768,-0.18909461063693966,1.0172000000000017,-0.14324828821161792,1.9365,-0.14646392688562512,0.6770333333333333,-0.4788071636249161,0.1865,-0.45225254226445993,0.0702000000000006
Fig,Onion,8,12,2,6,10,387,0.1844892505736059,14.194139194139192,0.0204389845880576,1.51204,1.0430028947227328,0.4879599999999999,0.4678414628271162,0.4742505149897002,0.0383487302806031,1.0,13,1,13,1,0.3484848484848485,0.3459595959595959,0.3125,0.2666666666666666,0,0.0,0,0.0,-0.5698511851582863,0.4291635027401275,-0.2684431780910858,0.36728508224725825,-0.30544464038421715,0.37710375000000357,-0.0589379499805941,0.2735458333333346,-0.2578039574617054,6.7328,-0.27279919494546423,2.6102333333333174,-0.2001273562671026,4.7214,-0.21328674288931754,1.7776333333333298,1.2622840392917207,0.3856,3.162705364285433,0.17903333333332946
Carrot,Fig,12,8,2,10,6,387,0.1844892505736059,14.194139194139192,0.0204389845880576,1.51538,1.040482318734922,0.48462,0.4657647624317429,0.4750904981900362,0.0383487302806031,1.0,2,13,26,1,0.4545454545454545,0.413880742913001,0.5,0.375,1,0.6666666666666666,0,0.0,-0.2775274121353229,0.49917723464537495,-0.08155858859387653,0.42153609182376023,0.05120847343252131,0.4884525000000027,0.09817299280820384,0.3611941666666668,-0.3470640839071066,12.3333,-0.3512226037845196,5.035766666666676,-0.29189562309681144,8.6293,-0.3136772081041392,3.3573999999999877,0.7922147225763144,0.6144,0.9529676815893853,0.3446333333333384
Carrot,Egg Yolk,12,14,3,9,11,382,0.2060664962895446,12.25400457665904,0.0060436984047774,2.42052,1.2638049412785193,0.5794800000000002,0.4585201252764318,0.4526109477810444,0.0137825805084558,1.0,2,2,4,0,0.435064935064935,0.3944840106130429,0.2625,0.175,0,0.0,0,0.0,0.7559878455700347,0.351328735740383,1.8108552889155727,0.29134605575817313,0.0645069067023557,0.25171000000000104,0.05459315471466635,0.17090874999999997,-0.16044877885312692,2.3561,-0.16271921100345998,0.8190666666666646,-0.12457700426230706,1.6146,-0.12653348590356053,0.5567999999999994,-0.4209073972747874,0.1505,-0.40434937849487185,0.054766666666666075
Casein (nBos d8),Orange,15,23,5,10,18,372,0.2343342392340241,10.546975546975547,0.0007770602460971,4.30192,1.5749680357391385,0.69808,0.4432343921649104,0.4379912401751965,0.0023187808407472,1.0,1,1,1,0,0.2900763358778626,0.2900763358778626,0.1,0.1,0,0.0,0,0.0,0.25288449950481806,0.2674867623773604,0.25288449950481806,0.2674867623773604,-0.42645784360681366,0.14834124999999898,-0.42645784360681366,0.14834124999999898,-0.07779453512823495,0.7184,-0.07779453512823495,0.7184,-0.061949354836254064,0.5161,-0.061949354836254064,0.5161,-0.202791553984669,0.0395,-0.202791553984669,0.0395
Banana,Gluten,22,5,2,20,3,380,0.1705188184860208,13.257839721254356,0.0255317173112446,1.57046,1.0046668046670997,0.42954,0.4275447322481506,0.504289914201716,0.0457613208038603,1.0,2,1,2,0,0.1908396946564885,0.1830487133076257,0.2125,0.1375,0,0.0,0,0.0,-1.2583519217575276,0.30733361714313334,-1.352615431822799,0.2677585466271771,0.15532266008526013,0.1919349999999994,-0.13167758708011318,0.14776625000000054,-0.13202230925604372,0.9132,-0.13198570441052548,0.46155,-0.10513702856713594,0.5768,-0.10531965580644023,0.2911,-0.28923767192845423,0.0772,-0.28505840921576103,0.03975
Mulberry,Olive,26,2,1,25,1,378,0.125256682659704,14.84313725490196,0.1244224422442244,0.73116,0.6770857068348142,0.2688399999999999,0.3970546081333655,0.6002279954400912,0.1817734117161716,1.0,3,5,15,1,0.7079646017699115,0.4777464423482123,0.85,0.4125,47,15.666666666666666,29,9.666666666666666,1.715234284171422,0.45183016377923757,1.2325554889964714,0.38232831158277536,2.0061775441344882,0.41152625000000187,1.0186602760594445,0.29395500000000024,1.5090997921065752,7.876,1.3591622665833747,2.959033333333325,1.018148515653559,5.4003,0.9492118216657498,1.9725333333333295,1.0977575619548732,0.4535,0.47818354110785144,0.20713333333332726
Hazelnut,Wheat Flour,16,16,4,12,12,377,0.2191516709511568,10.872,0.0022386464106631,3.42962,1.4490295564963471,0.5703800000000001,0.3936289618405985,0.4655306893862123,0.005708548347191,1.0,12,5,60,0,0.3790322580645161,0.3647498831229547,0.2375,0.2333333333333333,0,0.0,0,0.0,-1.3178820182393045,0.6063655046783231,-1.2290751928813999,0.5070187287293344,-1.9899330878956423,0.6453700000000073,-1.6904785370610285,0.5050575000000015,-0.5353931003256677,26.7492,-0.601003260538923,12.0541666666666,-0.42381461178127655,19.8042,-0.46787160583223103,8.275233333333333,-2.7989144791300964,0.8868,-1.9378200756480555,0.6769000000000038
Hazelnut,Soybean,16,16,4,12,12,377,0.2191516709511568,10.872,0.0022386464106631,3.429,1.4572299063634406,0.5710000000000002,0.3918393367488231,0.4665106697866042,0.005708548347191,1.0,12,7,84,1,0.5316455696202531,0.5214128441976543,0.625,0.5750000000000001,16,11.0,12,5.666666666666667,-0.7126714184166217,0.6508276872117194,-0.21488864519231407,0.5474567435159673,-0.4151230225884581,0.7017975000000046,0.03882568591617663,0.5688766666666676,-0.330702776150615,34.5837,-0.23012221810679917,16.275066666666664,-0.26846458263964934,26.2172,-0.27712595478064156,11.304233333333347,0.23515440442714636,0.9476,0.6433055775518208,0.8086000000000062
Banana,Soybean,22,16,5,17,11,372,0.2310204479273836,10.180124223602483,0.0008715351011129,4.3871,1.576798525493983,0.6128999999999998,0.3886989936193586,0.4611507769844603,0.0025733220617072,1.0,2,7,14,1,0.8396946564885496,0.4961832061068702,0.9,0.4541666666666666,52,17.333333333333332,44,14.666666666666666,2.6789721729977245,0.4433676440453887,1.566859619176389,0.3758009955625316,2.3147694248495077,0.3976762500000023,1.483821389885268,0.2842791666666667,1.6996332609979405,7.5204,1.5398262414789778,2.823333333333324,1.6515101546459345,5.2235,1.554986382279294,1.9045000000000007,1.166736940594501,0.4235,0.54084786768177,0.19316666666666193
Banana,Kiwi,22,12,4,18,8,375,0.215110724962074,10.745627980922098,0.0024456270141341,3.4421,1.4368324850169558,0.5579000000000001,0.3882846510067709,0.4700105997880042,0.00614788241617,1.0,2,7,14,1,0.7981651376146789,0.4987039885757801,0.8375,0.3958333333333333,21,7.0,14,4.666666666666667,2.4374258599968486,0.441955417173794,1.6446536885129317,0.3745016117743769,2.044923342861915,0.3951562500000037,0.9943175067574134,0.28308291666666663,0.5278926388630343,7.3397,0.45860604829320584,2.744499999999987,0.3894766447123632,5.0222,0.3528720355422404,1.831300000000005,1.1811899004132755,0.4175,0.5612296157552479,0.18939999999999546
Cow Milk,String Bean,28,13,5,23,8,369,0.2264671590282576,10.173967459324157,0.0009632051400016,4.39564,1.560137490864186,0.6043599999999998,0.3873761149507629,0.4640507189856203,0.0028290999138268,1.0,4,8,32,0,0.4354838709677419,0.3926119781107533,0.2125,0.1999999999999999,0,0.0,0,0.0,-0.5424177680682615,0.5265789730257124,-0.4901138414696999,0.43981591742398324,-1.4295840530993653,0.5328400000000022,-1.3482020446507639,0.3935129166666663,-0.4168447461482338,15.1525,-0.44761102607229525,6.187566666666705,-0.3227370530379816,10.6861,-0.34440219045552056,4.141466666666662,-1.5436806445443958,0.7044,-1.1988314780261355,0.41830000000000456
Apple,String Bean,20,13,4,16,9,376,0.2171095044728703,10.808612440191387,0.0023404896944968,3.44048,1.4474865697477128,0.55952,0.386545900800669,0.4679106417871642,0.0059144807144717,1.0,4,8,32,1,0.4276729559748428,0.3790714322237562,0.525,0.4375,3,1.0,1,0.3333333333333333,-0.5950738503234334,0.5276502251050791,-0.6355537296957204,0.4405500294270174,-0.041113261594712576,0.534288750000005,0.28781974667867327,0.39560375000000053,-0.3371051501726179,16.1945,-0.377388010747378,6.602666666666723,-0.2963070463245683,11.5717,-0.32088680936519604,4.481533333333319,0.6471802104086685,0.7048,1.6411525806906064,0.42266666666666985
"Cow Milk, UHT",Egg Yolk,34,14,6,28,8,363,0.2351504149887823,9.753353973168217,0.000415771799768,5.36978,1.6642844563355133,0.6302199999999996,0.378673247593529,0.4605107897842043,0.0013720469392345,1.0,4,2,8,1,0.4514003294892916,0.4416562811254507,0.5625,0.3374999999999999,13,4.666666666666667,5,1.6666666666666667,0.40644898221760933,0.39858635714477597,1.5450406274991044,0.3389398469200721,1.1844803313732635,0.3281387500000015,1.106711294175156,0.2310591666666659,0.3763550755766432,4.7365,0.38619045763255155,1.7010000000000032,0.08682426123544629,3.2908,0.07469921375888021,1.1625333333333348,1.5964385486903339,0.2818,1.1265858468067351,0.11270000000000156
Fig,String Bean,8,13,2,6,11,386,0.1754889374885437,12.926421404682277,0.0239140355438758,1.60802,1.0643362624659558,0.39198,0.3682858639917269,0.5110097798044039,0.0432766901294012,1.0,13,8,104,1,0.8702290076335878,0.6406089173314967,0.8625,0.6999999999999998,45,19.0,27,10.333333333333334,1.1910653737467793,0.6763170324358492,0.52958054107504,0.5742811504191856,0.7629730795817821,0.7320625000000065,0.5941631125234844,0.608729583333332,0.10797856209241503,38.6658,-0.0020371748398217747,19.049500000000048,-0.04647221228482735,29.596,-0.1347557181408348,13.263433333333326,0.17826605573733614,0.9692,0.48786763033580705,0.8780666666666701
Cherry,Fig,13,8,2,11,6,386,0.1754889374885437,12.926421404682277,0.0239140355438758,1.60784,1.0650119879137512,0.39216,0.3682212073201177,0.5112097758044839,0.0432766901294012,1.0,4,13,52,1,0.8015267175572519,0.6629181946768005,0.75,0.6749999999999999,29,16.0,17,8.0,1.2832123667887088,0.5820533472871229,1.5728674825394366,0.48775600520975315,0.6487953567320587,0.6119725000000041,1.2756995398951947,0.4725612499999988,0.15039625076973048,22.3763,0.351209764557219,9.880599999999944,0.019182517207597526,16.2207,0.08720579870960196,6.676666666666686,0.4375718013964544,0.8393,1.0794809246081531,0.6065000000000046
Fig,Meat,8,13,2,6,11,386,0.1754889374885437,12.926421404682277,0.0239140355438758,1.61024,1.0627545071181774,0.3897600000000001,0.3667450924832061,0.510229795404092,0.0432766901294012,1.0,13,3,39,0,0.3545454545454545,0.3454545454545454,0.3,0.2791666666666666,0,0.0,0,0.0,-1.1237086887821337,0.5453326101360715,-1.064412925435512,0.45826298330833787,-1.168656267655294,0.559751250000002,-0.9353740996374897,0.4238654166666671,-0.44940167439611667,17.4574,-0.49395629586391093,7.5202000000000115,-0.34942312147409205,12.4079,-0.3837850489086181,5.041700000000017,-1.731127539482183,0.7498,-1.315755516766806,0.48506666666666703
Egg Yolk,Mulberry,14,26,5,9,21,370,0.2261574803333229,9.976744186046512,0.0009926896776255,4.45398,1.5693444999744337,0.5460200000000004,0.3479287052708285,0.4790504189916201,0.0028854865758959,1.0,2,3,6,0,0.4945054945054945,0.4387205151536362,0.2375,0.1875,0,0.0,0,0.0,1.0040013742421132,0.37597584874066503,1.9609618879329151,0.31948006418524133,-0.28965749076793,0.28970750000000195,-0.18277942480674783,0.20281500000000027,-0.19140556747495976,3.1943,-0.19519657276200802,1.1230333333333342,-0.14687701937313563,2.1402,-0.15024902690490247,0.7438666666666665,-0.5200832590714763,0.2129,-0.4900297601200469,0.08056666666666801
Cow Milk,Olive,28,2,1,27,1,376,0.1196487636348512,13.690909090909091,0.1336511428920669,0.7641,0.6809781127172884,0.2359,0.3464134831862578,0.622367552648947,0.1927462497749346,1.0,4,5,20,0,0.3333333333333333,0.3277117942348497,0.25,0.2333333333333333,0,0.0,0,0.0,-0.9152292213088181,0.47847311802605275,-0.8900583393479752,0.4028180261835389,-0.9193650149794099,0.45633625000000255,-0.7537068658652102,0.3290304166666676,-0.33920128804602295,10.6516,-0.35520916037853695,4.091433333333325,-0.2634300347646204,7.4629,-0.2755761914710588,2.7679999999999967,-1.094662202433609,0.5451,-0.9120832910221242,0.27230000000000304
Egg White,Fish,33,4,2,31,2,370,0.1527914569015928,11.761904761904765,0.0348633409073781,1.67316,0.9645183328480595,0.32684,0.3388634397802442,0.5589088218235635,0.0599948903344758,1.0,5,9,45,0,0.4272727272727272,0.4040791386907155,0.3,0.2749999999999999,0,0.0,0,0.0,-0.8356673878673325,0.5702244609856864,-0.6695156582762863,0.47487415307779757,-1.3577763025969996,0.5952300000000041,-1.1425405630631145,0.45199499999999987,-0.47886336162966664,21.2356,-0.5292763837916716,9.051733333333337,-0.37691059120405895,15.4649,-0.41084789009354905,6.168399999999999,-2.0667562232255245,0.8103,-1.5186983329779795,0.5546666666666679
Fish,Potato,4,34,2,2,32,369,0.149841220291977,11.36923076923077,0.0369140465766883,1.69546,0.9654612309150484,0.30454,0.3154347272042835,0.5678686426271474,0.0633296028425753,1.0,9,2,18,0,0.3363636363636363,0.3171605770766418,0.2375,0.225,0,0.0,0,0.0,-0.8436596932570307,0.4675712677681903,-0.9149206233426197,0.39496280968130465,-0.8938390588082983,0.43789750000000305,-0.7239870545795485,0.31688208333333473,-0.33613776524161704,9.3766,-0.3514686685257303,3.666433333333329,-0.26052174813463186,6.4701,-0.27382825091333807,2.448766666666662,-1.0173504976172347,0.5086,-0.856012423499463,0.2517000000000003
Cherry,Egg Yolk,13,14,3,10,11,381,0.1955839511062588,11.057971014492754,0.0076947940866506,2.59862,1.295528500496998,0.40138,0.3098195059746045,0.5129097418051639,0.0171300773119485,1.0,4,2,8,0,0.4809160305343511,0.4580530186176161,0.1625,0.1583333333333333,0,0.0,0,0.0,0.6275226233454698,0.3986835318219061,1.8272562619126298,0.3387799478108154,-0.8317365299533024,0.3264612500000013,-0.7583225485482274,0.22936875000000045,-0.22336165230071686,4.7475,-0.2280677613538805,1.6853666666666751,-0.1750668600279476,3.304,-0.1790004407976572,1.1557000000000015,-0.6181990026770102,0.2765,-0.5688790096783136,0.10956666666666853
Meat,Strawberry,13,21,4,9,17,375,0.2101249516464916,10.16390977443609,0.0028382094665496,3.54982,1.4542207423909208,0.45018,0.3095678578066819,0.499430011399772,0.0069834890821681,1.0,3,3,9,0,0.2977099236641221,0.2865817908306746,0.2375,0.2208333333333333,0,0.0,0,0.0,-0.8175624521075717,0.4073373962958087,-0.8956719985732537,0.34642093976809674,-0.5134071537204431,0.3409700000000039,-0.1997199244091132,0.240243749999999,-0.2333281739379745,5.1643,-0.23830873484157003,1.8524333333333405,-0.17995790377168114,3.5475,-0.18416835913244814,1.2505666666666666,-0.6690268970663757,0.3092,-0.6116416013195712,0.12516666666666684
Casein (nBos d8),Pumpkin Seeds,15,18,4,11,14,376,0.2114774672189067,10.160419790104948,0.0027656473663231,3.55986,1.464573924525491,0.44014,0.300524263493631,0.50254994900102,0.0068651689048996,1.0,1,9,9,0,0.308411214953271,0.2767881824012753,0.25,0.1916666666666666,0,0.0,0,0.0,-0.717974590665723,0.40271078421956624,-0.937893770324237,0.343597170894704,-0.4165140092267602,0.33302250000000155,-0.4516416402333531,0.2377479166666667,-0.2371351094083157,4.534,-0.2427507500838745,1.705733333333339,-0.181535939600652,3.0183,-0.18808440679221708,1.1170666666666693,-0.6412748381211744,0.2914,-0.5757808918382584,0.12406666666666621
Orange,Wheat Flour,23,16,5,18,11,371,0.224074335387432,9.603995299647474,0.0010874776268634,4.54232,1.5957596992028595,0.4576799999999998,0.2868101006866058,0.502089958200836,0.0031113624399817,1.0,1,5,5,0,0.3282442748091603,0.2977099236641221,0.15,0.1125,0,0.0,0,0.0,-0.32248779825879514,0.3664766186344048,-0.14314334508276588,0.30639219881721513,-0.6895176356090053,0.27318374999999895,-0.9296869391207323,0.18848041666666726,-0.19027700878497,2.8063,-0.19334165169471348,0.9864333333333343,-0.14514939711925962,1.8423,-0.14837175469527972,0.640699999999999,-0.4772285449348931,0.1855,-0.45138011608849926,0.06996666666666725
Egg White,Pumpkin Seeds,33,18,7,26,11,361,0.2423380905250927,8.896636587366695,0.0002105355470237,6.49882,1.8069528515155,0.5011799999999997,0.2773619685647346,0.49215015699686,0.0008034723937436,1.0,5,9,45,0,0.4122137404580153,0.390315057872463,0.25,0.25,0,0.0,0,0.0,-0.9076798770403104,0.5674662052524037,-0.7839294696908118,0.47221439689320716,-1.578175323500605,0.5914900000000025,-1.2974856930169603,0.4482862499999997,-0.46856356836535556,20.7007,-0.5150322325796068,8.7686333333333,-0.3679124498988796,15.0618,-0.3985482804653066,5.977466666666697,-2.1037908579408517,0.8157,-1.5284588863225375,0.5535000000000008
Casein (nBos d8),Rice,15,25,5,10,20,370,0.2213320000610217,9.466898954703831,0.0011749351744243,4.58366,1.5991000607841908,0.4163399999999999,0.2603589420138155,0.5118897622047559,0.0033122544364425,1.0,1,7,7,0,0.322429906542056,0.2834890965732087,0.2,0.175,0,0.0,0,0.0,-0.5086698727885606,0.3854728397696503,-0.6778089238260029,0.32736564641287735,-0.5568128366406974,0.30467250000000173,-0.439336940632544,0.21477208333333375,-0.2055495388718308,3.6616,-0.21022746907722667,1.313466666666667,-0.15878307110203743,2.4864,-0.16347282901141835,0.8790333333333341,-0.5713456631723383,0.2461,-0.5257072434853582,0.0975333333333356
Olive,Sesame,2,31,1,1,30,373,0.1122044163749955,12.245901639344265,0.1474025180295807,0.82146,0.6889001875453367,0.17854,0.2591667170772112,0.6575068498630028,0.2093488926951767,1.0,5,4,20,0,0.3724137931034483,0.353252383833146,0.2875,0.2416666666666666,0,0.0,0,0.0,-0.6835448544236903,0.4813992882685562,-0.6019217418893428,0.4035013424376665,-0.7679944251557507,0.4609762500000048,-0.7067209337354078,0.33125124999999905,-0.3523694954478399,10.8257,-0.36896984658349397,4.126466666666671,-0.27479477151252163,7.5516,-0.2866863607014974,2.774199999999989,-1.1176818758164442,0.5554,-0.9299981060034016,0.2792333333333365
Fish,Onion,4,12,1,3,11,390,0.1298013280489943,14.5527950310559,0.1137576604715519,0.80436,0.7783090584080338,0.19564,0.2513654413841274,0.6039479210415791,0.1680540490328874,1.0,9,1,9,0,0.2878787878787879,0.2575757575757575,0.125,0.0999999999999999,0,0.0,0,0.0,-0.8743947518008346,0.4068862409130078,-1.2148223039374377,0.3455263790207392,-1.0389635483053947,0.338530000000004,-1.3361959102874037,0.24020333333333238,-0.22739245376769632,5.4135,-0.23870112755557985,2.006999999999995,-0.1751555431172824,3.7655,-0.1842600254111579,1.3663333333333334,-0.6588649092136757,0.3027,-0.5925014225093169,0.12886666666666619
Kiwi,Soybean,12,16,3,9,13,380,0.1888225870163068,10.38401559454191,0.0089855379298148,2.69684,1.3200356110347933,0.3031600000000001,0.2296604708734705,0.5409091818163637,0.0196909639790084,1.0,7,7,49,1,0.8715596330275229,0.5448302225034272,0.8875,0.5583333333333332,48,16.666666666666668,37,12.333333333333334,1.6850208039825159,0.580140069634835,0.572531566091899,0.4828906454742836,1.2953591974042349,0.608396250000001,0.6056684064508056,0.46378416666666555,0.5315231756422931,22.8222,0.3801256722447875,9.734266666666592,0.4561798705696847,16.8189,0.3484536527989913,6.697733333333365,0.4454951891621667,0.8344,0.22764314946202752,0.584366666666666
"Cow Milk, UHT",Olive,34,2,1,33,1,370,0.1056905034500319,11.059701492537313,0.1610438821659943,0.86304,0.6942924156290344,0.1369599999999999,0.1972655856767686,0.6811263774724505,0.2236277670671357,1.0,4,5,20,0,0.3333333333333333,0.3277117942348497,0.25,0.2333333333333333,0,0.0,0,0.0,-0.9152292213088181,0.47847311802605275,-0.8900583393479752,0.4028180261835389,-0.9193650149794099,0.45633625000000255,-0.7537068658652102,0.3290304166666676,-0.33920128804602295,10.6516,-0.35520916037853695,4.091433333333325,-0.2634300347646204,7.4629,-0.2755761914710588,2.7679999999999967,-1.094662202433609,0.5451,-0.9120832910221242,0.27230000000000304
Cow Milk,Peanut,28,14,5,23,9,368,0.2148246423470481,9.078387458006718,0.001426175113755,4.68534,1.604720874295588,0.3146599999999999,0.1960839452145369,0.5373892522149557,0.0039028499454468,1.0,4,12,48,0,0.4507042253521127,0.413601982263954,0.225,0.1999999999999999,0,0.0,0,0.0,-0.7118587935294629,0.5719666496189714,-0.596375986315223,0.4785954586344804,-1.7664878866986078,0.6021925000000026,-1.6725236139214288,0.46127749999999923,-0.49138536888791334,21.6503,-0.5400352766316725,9.404466666666613,-0.38869012000986614,15.7702,-0.42231536627213534,6.401666666666697,-2.201806807232248,0.829,-1.5913487616539306,0.5790000000000001
Olive,Potato,2,34,1,1,33,370,0.1056905034500319,11.059701492537313,0.1610438821659943,0.8703,0.6949517321368442,0.1297,0.1866316666356053,0.6852662946741065,0.2236277670671357,1.0,5,2,10,0,0.3452380952380952,0.2848699763593381,0.1875,0.175,0,0.0,0,0.0,-0.5295385815018561,0.4178428199423425,-1.005443281526873,0.35406845530176395,-0.8155214341926522,0.35511500000000235,-0.7494887765089853,0.2508308333333327,-0.2541318924995071,5.3663,-0.2628016228879096,1.9528333333333343,-0.1935686827882685,3.6235,-0.20076096349392383,1.2924333333333353,-0.7155028724243778,0.3386,-0.6447485828065673,0.13986666666666472
Casein (nBos d8),Potato,15,34,6,9,28,362,0.223509960773375,8.702677746999077,0.0006510184737746,5.68258,1.7045540600403388,0.3174200000000002,0.1862187931971418,0.5369292614147717,0.0020518054145369,1.0,1,2,2,0,0.1915887850467289,0.1676029031616623,0.2375,0.1624999999999999,0,0.0,0,0.0,-1.20382466734768,0.3081105607105479,-1.5596054756862447,0.2678066926439265,0.3186740617523893,0.19387624999999983,0.17720519110662128,0.14844562499999983,-0.13022930488766962,1.086,-0.13044499273796628,0.5483,-0.10116272247130544,0.699,-0.10144816120151232,0.35255,-0.2904539182693865,0.0778,-0.2867759750789051,0.0399
Pistachio,String Bean,31,13,5,26,8,366,0.2110179949750797,8.948945615982241,0.0015801112795892,4.71402,1.5967327389391144,0.2859800000000003,0.1791032356423081,0.5452890942181157,0.0042211544183313,1.0,4,8,32,1,0.3834586466165413,0.3714124019726736,0.4125,0.3833333333333333,0,0.0,0,0.0,-0.8582263703649461,0.5282624464401033,-0.7126859244780962,0.44089133467240854,-0.5407563545089555,0.5339575000000033,-0.07632655884688241,0.39440083333333253,-0.41874919291187973,15.3942,-0.45066148217438756,6.298966666666694,-0.32372528722190286,10.8868,-0.3468650898899921,4.224800000000009,0.6488914476572246,0.7037,1.6739130917721274,0.41656666666667086
Pumpkin Seeds,Wheat Flour,18,16,4,14,12,375,0.2022915293739696,9.322758620689656,0.0035836192791553,3.75358,1.5026300887443986,0.24642,0.1639924568567033,0.5531489370212596,0.0087030753922344,1.0,9,5,45,0,0.3387096774193548,0.3350630821153874,0.2375,0.2291666666666666,1,0.3333333333333333,0,0.0,-1.3348980758673745,0.5666679184026365,-1.3020815714874856,0.47316793317568007,-1.6419225003431157,0.5928712500000024,-1.4366508202272896,0.45039541666666655,-0.4610229128200144,20.5953,-0.5139016206722692,8.789533333333317,-0.37946323915634694,14.8283,-0.41350214272716446,5.919266666666692,-2.0892120205840263,0.8136,-1.52314406062862,0.5532999999999996
Cow Milk,Pumpkin Seeds,28,18,6,22,12,365,0.2246026401349015,8.447111111111111,0.0006600736203326,5.75976,1.7462544895862115,0.24024,0.1375744494474724,0.5514289714205716,0.0020687223519921,1.0,4,9,36,0,0.4191176470588235,0.3810834437244161,0.25,0.2208333333333333,0,0.0,0,0.0,-0.7157360698470341,0.5393135041553104,-0.6949753751962636,0.4505564799178517,-1.3609865187251193,0.552226250000005,-1.2946868976396968,0.411962916666668,-0.44124135790041763,16.6857,-0.47486676661129934,6.934500000000034,-0.34299665496894927,11.7606,-0.3673931897570118,4.624900000000017,-1.6918910047284477,0.7411,-1.2883270079060427,0.4605666666666665
Cow Milk,Fig,28,8,3,25,5,372,0.1711526850805918,9.29590017825312,0.0131556124992941,2.84736,1.2823030181669228,0.1526399999999999,0.1190358268190008,0.5953880922381553,0.0269353963945403,1.0,4,13,52,0,0.4087591240875912,0.394469003803845,0.2875,0.2625,0,0.0,0,0.0,-1.0144320883645896,0.581011822229965,-0.8349260770697223,0.48727986517104355,-1.552771538260703,0.6144637500000036,-1.3413130282984553,0.4746995833333339,-0.5113222016362845,22.749,-0.568980194412738,10.012099999999949,-0.4029527444688736,16.5597,-0.4430375874593602,6.784766666666683,-2.363813715855684,0.8482,-1.6878927660025576,0.6111333333333315
Cherry,Wheat Flour,13,16,3,10,13,379,0.1788051275937462,9.37037037037037,0.0113972535310559,2.88976,1.3529401843392783,0.1102400000000001,0.0814817988822151,0.5963880722385553,0.0243112518286021,1.0,4,5,20,0,0.4188034188034188,0.3554860436611841,0.2375,0.1999999999999999,0,0.0,0,0.0,-0.37394166733613143,0.47684644414378025,-0.5577249793047777,0.4022942433359661,-0.964179294437932,0.4526862500000044,-1.0008974714261374,0.3269975000000007,-0.33995128563300603,10.0883,-0.35722244731365527,3.9142999999999986,-0.26282551428499507,6.9847,-0.27643514962329463,2.6180666666666625,-1.080859251519751,0.5388,-0.8987524334161547,0.2677333333333356
Meat,Soybean,13,16,3,10,13,379,0.1788051275937462,9.37037037037037,0.0113972535310559,2.89068,1.3503514866878177,0.1093199999999998,0.0809566998501577,0.5988280234395312,0.0243112518286021,1.0,3,7,21,0,0.3545454545454545,0.3463367855772919,0.3125,0.2875,0,0.0,0,0.0,-0.807017871154097,0.4838112641298884,-0.6977611408418649,0.4060200499545894,-0.6716340945733028,0.46474750000000487,-0.3673528872904024,0.3348958333333348,-0.34395673235208735,11.3577,-0.3604279583517736,4.368866666666674,-0.2678557393684086,8.026,-0.2804079821230581,2.978033333333321,-1.1327422578994086,0.562,-0.9375503552678299,0.28556666666667024
Casein (nBos d8),Peanut,15,14,3,12,11,379,0.1775970436957122,9.24,0.0117417144183273,2.91688,1.3616207495481258,0.08312,0.0610448981682929,0.6053878922421552,0.0249511431389455,1.0,1,12,12,0,0.3055555555555556,0.289206509392109,0.1625,0.1333333333333333,0,0.0,0,0.0,-0.8489499492909705,0.42294278816820724,-0.9501517654005419,0.3617759951664994,-0.9885076427073178,0.3688275000000021,-1.1811376162763774,0.26563208333333205,-0.25450673796727086,6.1932,-0.2655142788652689,2.3665333333333254,-0.19697964983165758,4.2733,-0.20739151106933504,1.5974000000000008,-0.7612682183491702,0.3669,-0.6681539238189507,0.16609999999999664
Cow Milk,Sesame,28,31,9,19,22,355,0.2510207026800621,7.697435897435898,7.002070744910571e-05,8.89844,2.065653786673844,0.1015599999999992,0.0491660319145412,0.5691086178276434,0.0003093040699129,1.0,4,4,16,0,0.3380281690140845,0.3310357953874224,0.225,0.1791666666666666,0,0.0,0,0.0,-0.7808314630136394,0.45754164444914797,-0.699136214815411,0.3859650836823317,-0.8808915029500204,0.42078375000000307,-1.0269816984192102,0.30116958333333266,-0.30700195909585065,8.6505,-0.32009231796224435,3.2332333333333203,-0.23577225838608135,5.9876,-0.24583749990228074,2.1688666666666645,-0.9384880537173055,0.4683,-0.8038936291574608,0.21843333333332957
Gluten,Kiwi,5,12,1,4,11,389,0.112335545617406,11.289855072463768,0.1402786282379892,0.97646,0.8540174871745895,0.02354,0.0275638383915055,0.6770064598708025,0.2007558939834489,1.0,1,7,7,0,0.2586206896551724,0.2381813680315805,0.1375,0.1208333333333333,0,0.0,0,0.0,-1.0231101483722735,0.3855662230650597,-1.3683991271464102,0.327611039941146,-0.8802114345261126,0.30381250000000076,-1.0290998861645968,0.2151216666666665,-0.20909168819777682,3.7777,-0.21593376617639254,1.3743000000000025,-0.1631015556863624,2.5946,-0.1695708345569977,0.9291333333333339,-0.5613352983747529,0.2396,-0.5173034453172607,0.09540000000000205
Potato,Tomato,34,19,7,27,12,359,0.2275877568889627,7.843636363636364,0.0003845335684355,6.95384,1.857769968106926,0.0461600000000004,0.0248469944032078,0.5937081258374832,0.0013133719402582,1.0,2,2,4,0,0.2446808510638297,0.2367765686752206,0.2,0.1666666666666666,0,0.0,0,0.0,-0.9637055100415506,0.35042685054179784,-0.9591617388453787,0.2907148400581378,-0.30809859497577824,0.2505362500000016,-0.05300269799051575,0.17053999999999922,-0.17349359643771206,2.0929,-0.1742258635988286,0.7217333333333318,-0.1340354914614021,1.3568,-0.1350979831008965,0.46479999999999966,-0.42747176652595253,0.1545,-0.4114692817708684,0.05586666666666616
"Cow Milk, UHT",Wheat Flour,34,16,6,28,10,361,0.2128533467435862,7.852130325814536,0.0009785542275838,6.00202,1.7523971923054444,-0.0020199999999999,-0.0011527067087698,0.6078078438431231,0.0028592131337215,1.0,4,5,20,0,0.3661971830985915,0.3413779815055562,0.225,0.1833333333333333,0,0.0,0,0.0,-0.711091451896322,0.4770563648277426,-0.7355936569644979,0.4016219547695169,-1.0252971408902074,0.4544337500000058,-1.1569898682951565,0.3272512499999999,-0.3430932453789099,10.0273,-0.3573965125074278,3.8286666666666576,-0.2638232978135331,6.8984,-0.2750515346684474,2.5421333333333265,-1.0856561322411287,0.541,-0.9047491078022549,0.2686333333333358
"Cow Milk, UHT",Meat,34,13,5,29,8,363,0.1974421137858553,7.9730807577268195,0.0024547694495937,5.01774,1.610995124883995,-0.0177399999999998,-0.0110118272401831,0.622307553848923,0.00614788241617,1.0,4,3,12,0,0.3909090909090909,0.3347393862665266,0.325,0.2958333333333333,0,0.0,0,0.0,-0.2666335400402998,0.42858736754934573,-0.41789443174135565,0.36432553439118676,-0.24478444240994315,0.37654125000000355,0.2694830667746459,0.26741416666666695,-0.2767591835625557,6.1845,-0.2838262467781302,2.2587333333333293,-0.21286942243900744,4.1863,-0.21930378307536427,1.4984000000000048,-0.7798936843528961,0.3782,-0.691889388611952,0.16226666666666212
Fish,Hazelnut,4,16,1,3,15,386,0.1079238438792472,10.68663594470046,0.1494259886095025,1.01512,0.8464817692071105,-0.01512,-0.017862168507377,0.7026459470810584,0.2116868171967952,1.0,9,12,108,0,0.4311926605504587,0.4067772799850416,0.35,0.3124999999999999,0,0.0,0,0.0,-1.559946492884438,0.682320512204742,-1.3925763893132554,0.5809466319512587,-2.346731448762181,0.7399387500000063,-2.025644584183852,0.618556666666666,-0.6764700344960455,40.1831,-0.8010479015314944,19.97123333333339,-0.5457289029411193,30.7739,-0.6257463515765461,13.922499999999957,-6.377042156569663,0.976,-3.836930327031127,0.8929333333333356
Egg Yolk,Orange,14,23,4,10,19,372,0.1871658868697453,8.186813186813186,0.005449658714475,4.05674,1.5322795346802751,-0.0567399999999995,-0.037029796923992,0.6326473470530589,0.0125297481099201,1.0,2,1,2,0,0.4961832061068702,0.4351145038167939,0.1125,0.10625,0,0.0,0,0.0,1.876709004987155,0.30907150694158547,2.4902821761363394,0.2686725806759546,-0.5971633283362839,0.19662249999999967,-0.5322059963741858,0.15044500000000044,-0.12546153480328864,1.2537,-0.12581253455694796,0.6408,-0.10029787807993623,0.848,-0.10107703635810358,0.43295,-0.30810789005644335,0.0867,-0.30312535793199974,0.0448
Gluten,Meat,5,13,1,4,12,388,0.1064999023444249,10.36,0.1512165591764372,1.04788,0.8759152388216569,-0.0478799999999999,-0.0546628233850703,0.7071658566828664,0.2136838531435296,1.0,1,3,3,0,0.2181818181818181,0.179127414701685,0.1375,0.1041666666666666,0,0.0,0,0.0,-1.1254067680078155,0.33184746182679525,-1.664507296715521,0.26798997561134513,-0.5765667256471956,0.22439374999999986,-0.6731888794663587,0.1486116666666669,-0.13775328692815117,1.5125,-0.13878442925578555,0.519366666666666,-0.1040645008673666,0.9964,-0.10520083502667724,0.3403666666666671,-0.3678743220216742,0.1192,-0.35798924972340274,0.04206666666666612
Carrot,Peach,12,19,3,9,16,377,0.1678262156358177,8.42902711323764,0.0147696612750608,3.08798,1.3794199939104843,-0.0879799999999999,-0.0637804297374199,0.6531069378612427,0.0293821984940039,1.0,2,4,8,1,0.4285714285714285,0.3727047146401985,0.5,0.3666666666666667,3,1.3333333333333333,1,0.3333333333333333,0.2500065686189989,0.3965188436741397,0.5447196374903156,0.33780594714804835,0.918601191924197,0.32151500000000144,1.4960730407545813,0.22737916666666697,-0.06810326166125583,4.4209,-0.03312497226818014,1.5728666666666742,-0.10874779329806962,3.0267,-0.11394642947581816,1.0567000000000004,1.634753842283995,0.2723,2.850439729619888,0.10980000000000141
Chicken,Shellifish,7,38,3,4,35,363,0.1522477299605478,7.964006259780907,0.0205311131345822,3.0816,1.2547754540155782,-0.0815999999999999,-0.0650315558364332,0.6745265094698106,0.0383931815616687,1.0,5,6,30,0,0.3211009174311927,0.3119266055045871,0.25,0.2375,0,0.0,0,0.0,-1.2014766656579907,0.5208225383788989,-1.3215507628152303,0.4347220872511501,-1.206244377213113,0.5219587500000054,-1.0340463841697376,0.38245833333333523,-0.39410487787706033,14.944,-0.4245577084427221,5.93653333333338,-0.30759206142872614,10.6748,-0.3284099209681076,4.036533333333347,-1.472264970436334,0.6843,-1.152784052102825,0.3912666666666714
Apple,"Cow Milk, UHT",20,34,7,13,27,358,0.2186630988673153,7.242424242424242,0.0005559955255932,7.2498,1.8931138264774268,-0.2497999999999995,-0.1319519177908123,0.6486470270594588,0.0017622231065412,1.0,4,4,16,0,0.3478260869565217,0.3408813726197813,0.2,0.1791666666666666,0,0.0,0,0.0,-0.7130704005102116,0.4567575308134058,-0.5719255135387764,0.38529126895694793,-0.9958014510327825,0.4202450000000031,-1.0314647377390285,0.3006708333333338,-0.31125084570023887,8.4348,-0.32333122766608385,3.1638333333333186,-0.23915603053922238,5.8154,-0.24840635872505587,2.1159333333333326,-0.9366051514306883,0.4673,-0.8053090813260795,0.2183666666666633
Fig,Tomato,8,19,2,6,17,380,0.136337458492524,8.362637362637363,0.0493587185414024,2.16316,1.1822769617987152,-0.1631599999999999,-0.1380048882554291,0.6993660126797464,0.0831538771823627,1.0,13,2,26,1,0.8473282442748091,0.6063293877677164,0.8375,0.6666666666666666,38,17.333333333333332,27,9.666666666666666,2.131265303885721,0.5009085281489553,1.9391562628736814,0.4224530815036948,1.526372027873354,0.4899525000000011,2.1522193894326707,0.36184166666666645,0.7447407729779383,12.8807,0.9316653531559055,5.263900000000028,0.5929130511387702,9.0304,0.5521440862454712,3.527966666666647,0.793720259311018,0.6135,1.9463039734441299,0.34336666666667137
Apple,Potato,20,34,7,13,27,358,0.2186630988673153,7.242424242424242,0.0005559955255932,7.26226,1.8855873600552144,-0.2622600000000004,-0.1390866345181274,0.6525469490610187,0.0017622231065412,1.0,4,2,8,0,0.2695652173913043,0.2530640425539812,0.2875,0.1833333333333333,0,0.0,0,0.0,-0.9914413651659951,0.4007371473370959,-1.3132902792697374,0.3393983156595365,-0.20646539757306043,0.3286875000000018,-0.4991842676576818,0.23051000000000035,-0.22056142421267116,4.7413,-0.22472722215828478,1.6821333333333395,-0.1690480159575759,3.2449,-0.1725737869248057,1.1323333333333343,-0.6311939617646863,0.2849,-0.5818759882806371,0.11273333333333492
Cow Milk,Shellifish,28,38,10,18,28,349,0.2461020788110936,6.960170697012802,6.279218179066448e-05,10.31804,2.164664075185803,-0.3180399999999999,-0.1469234897210095,0.6432671346573069,0.0002818113118765,1.0,4,6,24,0,0.3212435233160621,0.3111341173314488,0.275,0.2708333333333333,1,0.3333333333333333,0,0.0,-1.0789737134433626,0.49662779724654793,-1.2006999032093222,0.41615329401936696,-0.9206274307889688,0.4845425000000032,-0.6058382166245846,0.35158833333333384,-0.3374132379332335,12.5482,-0.3579127906522858,4.885000000000029,-0.2862550177476583,8.8907,-0.2987357499995818,3.320233333333317,-1.2332058107699064,0.6033,-1.0051739663514516,0.3208333333333386
Cow Milk,Egg White,28,33,9,19,24,353,0.2390288990344797,7.029304029304029,0.0001221753223471,9.31102,2.094088479410554,-0.3110199999999992,-0.1485228551983368,0.6477670446591068,0.0004966692451936,1.0,4,5,20,1,0.3943661971830985,0.3818114680592921,0.4625,0.3166666666666666,0,0.0,0,0.0,-0.5251854762715772,0.47665180762727416,-0.23686518392415948,0.40135722032338905,0.03797197284272527,0.4540237500000032,-0.08349233294846531,0.32716666666666705,-0.33667652466411496,10.2876,-0.353694661863871,3.9276999999999904,-0.26021854873294276,7.1804,-0.27243953998451936,2.644666666666658,0.9185084741629467,0.5424,0.21175451188094344,0.270033333333335
Apple,Onion,20,12,3,17,9,376,0.1617977041723511,7.926315789473684,0.0170806521745222,3.21574,1.3876729630572184,-0.2157399999999998,-0.1554689078359626,0.6866662666746665,0.0336219153330068,1.0,4,1,4,1,0.2651515151515151,0.2510979358805446,0.275,0.175,0,0.0,0,0.0,-0.7660487660303368,0.35125524792808516,-0.6683823537510389,0.28973164720130834,0.13993246976577886,0.2512350000000011,0.05687225845344276,0.1706841666666664,-0.15576045428871327,2.5439,-0.15783422234256744,0.8741666666666666,-0.12085614724116689,1.7555,-0.12242871630418958,0.5984999999999998,2.336653230672758,0.1548,1.987788087306335,0.05686666666666629
Casein (nBos d8),Soybean,15,16,3,12,13,377,0.1615815949456893,7.82962962962963,0.017261017381896,3.24224,1.4127985639856808,-0.2422399999999998,-0.1714611029307749,0.6913461730765385,0.0336795701758654,1.0,1,7,7,0,0.3375,0.3087616822429906,0.2125,0.1875,0,0.0,0,0.0,-0.38901837007538304,0.38507981891636833,-0.28474908254839953,0.3271936825160645,-0.4879860480079709,0.3038775000000012,-0.29718523343574116,0.21460083333333413,-0.1874973995663067,3.9101,-0.1940570476968274,1.40216666666667,-0.144471271071135,2.725,-0.14965552372900634,0.962533333333333,-0.5647240171184678,0.2418,-0.5197759310423247,0.09690000000000219
Casein (nBos d8),Pistachio,15,31,5,10,26,364,0.1894218253290482,7.204851752021563,0.0032971237886173,5.34426,1.6723352093405188,-0.3442600000000002,-0.2058558583693028,0.6892662146757065,0.0080772333860887,1.0,1,4,4,0,0.3364485981308411,0.3130841121495327,0.2375,0.2041666666666667,0,0.0,0,0.0,-0.12527006631114612,0.3504893982142851,0.40504159454179745,0.2896319950040774,-0.07223962711402775,0.24968249999999853,0.4478963535524462,0.1702791666666664,-0.1602278126243209,2.5475,-0.1625055579734297,0.8869999999999983,-0.12683248526857724,1.7754,-0.12904414509780673,0.6130999999999993,-0.42353791018439935,0.1521,-0.40473911937143137,0.05563333333333288
Apple,Fig,20,8,2,18,6,379,0.1314400595473816,7.88981288981289,0.054293597123567,2.24956,1.1941020921177556,-0.2495599999999997,-0.2089938554226983,0.7249855002899942,0.091126869355667,1.0,4,13,52,1,0.6163522012578616,0.5831460324447378,0.6875,0.6541666666666667,11,9.333333333333334,6,4.333333333333333,0.2026313829919725,0.5813345801503346,0.8488777251027569,0.4873532577715656,0.34626714088492844,0.6138487500000045,1.1312293916476277,0.47438791666666685,-0.2611991073382291,23.5795,-0.05318699956874482,10.33149999999993,-0.25359591871660253,17.3911,-0.16682652349464974,7.099799999999991,0.42861651999441314,0.8448,1.074670794245655,0.6098000000000022
Peach,String Bean,19,13,3,16,10,376,0.1583398374757574,7.606060606060606,0.0186283692349248,3.29914,1.4271703683863393,-0.2991399999999999,-0.2096035670487112,0.7029459410811784,0.0359124231642366,1.0,4,8,32,1,0.8625954198473282,0.5613082616422311,0.9125,0.5708333333333333,46,15.333333333333334,32,10.666666666666666,1.9787396470065426,0.5284459909601117,1.2482933402863639,0.4406119297527219,1.6658644809520147,0.535870000000001,1.2240048859236596,0.3944874999999993,0.7848375731890195,16.0984,0.6186010059881139,6.512466666666728,0.5905233372447045,11.5092,0.5024630285134795,4.419166666666668,0.6510705977481791,0.7023,1.6696021820433944,0.4167666666666719
Gluten,Shellifish,5,38,2,3,36,364,0.1173956111964162,7.1330724070450096,0.071558234207277,2.2447,1.083412160721856,-0.2446999999999999,-0.2258604886223182,0.751404971900562,0.1134016084471255,1.0,1,6,6,0,0.1924398625429553,0.1650649426291572,0.125,0.1041666666666666,0,0.0,0,0.0,-1.5214748544153682,0.37608293997376835,-2.461362244745683,0.3176446027006668,-0.8918647311422669,0.288365000000002,-1.140703288974174,0.2019249999999999,-0.19786828560518044,3.3361,-0.20166989598576043,1.1718333333333362,-0.15525305299686706,2.2674,-0.1582988669447827,0.7865333333333331,-0.5202384361958973,0.213,-0.4858352442894778,0.08240000000000137
Gluten,Hazelnut,5,16,1,4,15,385,0.092115681852699,8.290322580645162,0.1833641037772032,1.23546,0.9306011972912996,-0.23546,-0.2530192317454064,0.7712645747085058,0.2488659310431148,1.0,1,12,12,0,0.3130434782608696,0.2658598535783654,0.225,0.1583333333333333,0,0.0,0,0.0,-0.7916368826346231,0.4247596544831386,-1.2767005625871188,0.3626645103016966,-0.6827058604545806,0.3684225000000015,-0.9672196496663054,0.2658787499999986,-0.25787748649758074,6.5983,-0.26897099639199085,2.4896333333333316,-0.20181876712327268,4.6516,-0.21115499283449532,1.7114666666666711,-0.7498372473517257,0.3599,-0.658532992213248,0.16283333333332997
Shellifish,String Bean,38,13,5,33,8,359,0.1816082822304949,6.943810359964881,0.0041258269688074,5.42158,1.6442172312684256,-0.4215799999999996,-0.2564016432760367,0.7086458270834584,0.0098639259049818,1.0,6,8,48,0,0.3157894736842105,0.313914557385831,0.225,0.225,0,0.0,0,0.0,-1.5211638272855728,0.5799712381459401,-1.5568243391213958,0.4816861878903707,-1.7847725401019976,0.6089412500000071,-1.528814498846972,0.46364208333333456,-0.48537559079793957,22.9118,-0.5365699141843921,9.796366666666598,-0.38293479019776927,16.86,-0.4164830938287237,6.735633333333362,-2.2398319517503604,0.8338,-1.6166009773906778,0.5845000000000011
Egg White,Rice,33,25,8,25,17,355,0.2236283670521107,6.771428571428571,0.000332817322667,8.5184,2.012546009411958,-0.5183999999999997,-0.2575841732688984,0.6914261714765705,0.0011742799875232,1.0,5,7,35,0,0.4150943396226415,0.3658580413297394,0.2875,0.2833333333333333,0,0.0,0,0.0,-0.7374843091885461,0.539759684695403,-0.8499828467915607,0.44947880066629325,-1.1844582754648054,0.5516687500000043,-0.8600473445907197,0.40949916666666564,-0.4275224676535359,17.1718,-0.4658363273498421,7.015400000000024,-0.333031300088335,12.3273,-0.3593542210561335,4.760066666666678,-1.6976417695261126,0.7424,-1.2874072387743802,0.45863333333333584
Cow Milk,Rice,28,25,7,21,18,359,0.2131996001964883,6.778755499685732,0.0007145848765547,7.53068,1.9470538609910093,-0.5306800000000003,-0.2725553774510866,0.6974460510789784,0.0021669303553902,1.0,4,7,28,0,0.34375,0.3330514453763781,0.2625,0.2416666666666666,0,0.0,0,0.0,-1.0085406222138165,0.50935301608192,-1.0210413758467534,0.4274354764125754,-1.0806432347225825,0.5059875000000018,-0.9331310065583324,0.37201916666666524,-0.3875802460047493,13.4808,-0.4113841520796076,5.395666666666706,-0.30119682328929587,9.5015,-0.3187327051553715,3.6290333333333367,-1.379710282840595,0.6556,-1.098193067011783,0.3699000000000048
Apple,Pumpkin Seeds,20,18,4,16,14,371,0.1720415899370733,6.987460815047022,0.0085074668231809,4.46864,1.600705016672341,-0.4686399999999997,-0.2927709947297108,0.7211855762884742,0.018864382955749,1.0,4,9,36,1,0.5408805031446541,0.4914753085184666,0.5875,0.5541666666666667,10,4.0,6,2.0,0.00237212991027154,0.5404772342087009,0.4105772826727455,0.4507079785477402,0.15640140190704366,0.5525150000000041,0.9634507473637736,0.41186208333333335,-0.18326271454755896,17.1248,-0.20792480766333504,7.058633333333353,-0.17608370569101897,12.2738,-0.21649564653269826,4.778099999999987,0.5912086478707319,0.741,1.5175231848476085,0.4588333333333336
Banana,Fish,22,4,1,21,3,380,0.0862276108078271,7.584717607973422,0.2008961526417364,1.27678,0.9113576858731152,-0.27678,-0.3037007360450735,0.7937641247175057,0.2689802902912032,1.0,2,9,18,1,0.366412213740458,0.361323155216285,0.4,0.2666666666666666,0,0.0,0,0.0,-0.6453424002793359,0.4671886266469526,-0.39084422579291467,0.394592036110327,-0.16589739572476123,0.4370837500000025,-0.3871361249160457,0.31593041666666616,-0.3107431971366313,9.6253,-0.3311587985097956,3.7319333333333278,-0.23907662611316619,6.7528,-0.2549401347973968,2.525066666666661,0.9841259761879442,0.508,0.2763146826523489,0.25163333333333365
Orange,Pistachio,23,31,7,16,24,358,0.2102486094290342,6.651205936920222,0.0007976450251631,7.61888,1.949417232303029,-0.6188799999999999,-0.317469236315747,0.7142657146857063,0.0023676130111984,1.0,1,4,4,0,0.3435114503816794,0.3129770992366412,0.15,0.1458333333333333,0,0.0,0,0.0,-0.058863158597364386,0.34998492465508635,0.41163817297883853,0.28971192344880187,-0.597135813354819,0.24925625000000123,-0.32035507916508055,0.1692354166666668,-0.16429860423757844,2.1803,-0.16573915533804634,0.7452,-0.12651593305691755,1.4517,-0.12790981088927023,0.49433333333333346,-0.42271656875639346,0.1516,-0.4063229633040443,0.054766666666666075
Chicken,Mulberry,7,26,2,5,24,374,0.1198568359413413,6.9480519480519485,0.0682244488692221,2.40368,1.201067216104078,-0.40368,-0.336101089587162,0.7701845963080738,0.1096673805605547,1.0,5,3,15,0,0.3406593406593406,0.3274771937192319,0.275,0.1999999999999999,0,0.0,0,0.0,-0.7341407817831133,0.4494805619688759,-0.6929497090709869,0.38051201235525217,-0.6174769719147494,0.40957125000000394,-0.804763461031777,0.29277583333333385,-0.295513828863263,7.9115,-0.30792935328276605,2.9529666666666556,-0.2269996459633116,5.439,-0.23649462826982964,1.9709000000000003,-0.9028906202505949,0.4491,-0.7827702268441893,0.20456666666666037
Egg Yolk,Onion,14,12,2,12,10,381,0.1263559604755373,7.266666666666667,0.0601170819861262,2.4262,1.2639594771985374,-0.4262000000000001,-0.3371943544777539,0.7603847923041539,0.0994857905434124,1.0,2,1,2,0,0.4545454545454545,0.3939393939393939,0.1625,0.13125,0,0.0,0,0.0,1.5375968333064822,0.308329696091614,1.981384672920943,0.2679010698492879,-0.2254234115568502,0.19305125000000087,-0.21248354076388618,0.1483762499999998,-0.11697498742342448,1.0469,-0.11795246155017099,0.5329,-0.08810027251410273,0.673,-0.08876081958821519,0.3408,-0.2950841948167599,0.0801,-0.28940815875253617,0.0417
Peach,Peanut,19,14,3,16,11,375,0.1497763914920192,6.926218708827404,0.0230025261244925,3.50024,1.4545514574603409,-0.5002399999999998,-0.3439135806672821,0.74872502549949,0.0421712978949029,1.0,4,12,48,1,0.7938931297709924,0.5646344133240618,0.8375,0.5333333333333333,38,14.0,32,11.0,1.2772324717479346,0.5749036297835187,0.7676677453081481,0.4803603904792849,1.0828512747142087,0.6042325000000058,0.4511045127960473,0.46232749999999734,0.3634280240091946,22.0063,0.2525354432034449,9.602499999999944,0.3958252933638035,15.9675,0.29689515565744384,6.505166666666666,0.4596088664043802,0.8256,0.2466206655329323,0.5769000000000029
Egg Yolk,Tomato,14,19,3,11,16,375,0.1497763914920192,6.926218708827404,0.0230025261244925,3.51554,1.4631057748501988,-0.5155400000000001,-0.3523600336091791,0.7513449731005379,0.0421712978949029,1.0,2,2,4,0,0.4427480916030534,0.4036323927846628,0.2,0.1541666666666666,0,0.0,0,0.0,0.8302183327983683,0.3506589324982767,2.003587807186758,0.29085752091479544,-0.31252426474200506,0.25160125000000044,-0.2290625547420984,0.17092000000000046,-0.16630732302023624,2.1851,-0.16445623307986362,0.7619666666666659,-0.12815187905788455,1.4579,-0.12734754172458657,0.5061666666666664,-0.419260007103863,0.1495,-0.40364011345666134,0.053866666666666035
Egg White,Potato,33,34,10,23,24,348,0.2352969074367541,6.355623100303951,0.0001093192632784,10.82214,2.208661545008656,-0.8221399999999992,-0.3722344882845222,0.7221655566888662,0.0004509419610235,1.0,5,2,10,0,0.3829787234042553,0.3452071499630949,0.2125,0.2041666666666667,0,0.0,0,0.0,-0.23518377928926948,0.415139568678321,-0.11404903566578554,0.3531638118961585,-0.6878055013342205,0.3528975000000033,-0.4537426641428974,0.2507116666666661,-0.23996806422381542,5.537,-0.24680935474908886,2.027999999999997,-0.18617993303822497,3.8584,-0.19235116727380955,1.3835333333333364,-0.703556520505086,0.3311,-0.6331989038625909,0.13896666666666493
Fig,Shellifish,8,38,3,5,35,362,0.1368841929154581,6.498079385403329,0.0307294022480754,3.4978,1.329479281523409,-0.4977999999999998,-0.3744323111448462,0.7716445671086578,0.053704656265328,1.0,13,6,78,0,0.3503649635036496,0.340630324231806,0.325,0.3208333333333333,0,0.0,0,0.0,-1.6993784495134183,0.6383200040070239,-1.623578225106418,0.5366534444267806,-1.887333799409965,0.6860725000000036,-1.4544140046452059,0.5526654166666678,-0.5928484529648673,31.9031,-0.6780105882926123,14.940833333333309,-0.47343296925364503,23.9389,-0.5267922419557555,10.299966666666633,-3.6905125715726355,0.9316,-2.5029317536002957,0.7839000000000081
Pistachio,Soybean,31,16,5,26,11,363,0.1799931781548407,6.560295324036095,0.0045351309937762,5.64602,1.7206505047800968,-0.64602,-0.375451027506927,0.744745105097898,0.0107350569093184,1.0,4,7,28,1,0.4968287526427061,0.4493666463611281,0.6,0.5291666666666667,7,3.6666666666666665,0,0.0,-0.08744932388063914,0.511211050409186,0.22988451263210133,0.42813572191969296,0.41345766759204844,0.50663875,1.134896595038736,0.37127583333333347,-0.19529875336615155,13.2796,-0.13557390816231096,5.3269000000000135,-0.32388095753515933,9.2546,-0.34090603564241645,3.543199999999987,0.7206212924262969,0.6582,1.8865305266073709,0.3687333333333376
Hazelnut,Pistachio,16,31,5,11,26,363,0.1799931781548407,6.560295324036095,0.0045351309937762,5.65928,1.718798964858894,-0.6592799999999999,-0.3835701635148029,0.74812503749925,0.0107350569093184,1.0,12,4,48,1,0.6131078224101479,0.6033857411269091,0.7375,0.7166666666666668,21,20.0,10,7.666666666666667,0.20132302204766322,0.5780565762128983,1.0859366773542072,0.48247567597831514,0.6032738437905383,0.6064725000000031,1.5819346656907054,0.46458166666666884,-0.03197532074820562,22.4227,0.5818956580013402,9.797733333333326,-0.15581612928408065,16.398,0.06391573058241214,6.690900000000012,0.4533712709722327,0.8295,1.1452690020443015,0.583133333333334
Fish,Olive,4,2,0,4,2,399,-0.0070359101390341,17.755555555555556,1.0,0.15384,0.3718780101054645,-0.15384,-0.413684046433321,1.0,1.0,1.0,9,5,45,0,0.3928571428571428,0.3723893065998329,0.325,0.2875,1,1.0,0,0.0,-1.0260668105705946,0.5700392627121382,-0.9572448450854244,0.47416548337981657,-1.2397956124052787,0.595140000000004,-1.0553130378232587,0.45040166666666775,-0.4646323814677515,21.1807,-0.47450661396025595,9.026999999999992,-0.38544101471953873,15.4135,-0.41655090326188055,6.153733333333341,-2.1350980518326117,0.8201,-1.5378565343824704,0.5525666666666676
Chicken,Meat,7,13,1,6,12,386,0.0833344133320298,7.135384615384615,0.2055578448802915,1.43124,1.0156535149350885,-0.43124,-0.4245936174676273,0.8150636987260255,0.2726192694511667,1.0,5,3,15,1,0.8256880733944955,0.5400611620795107,0.875,0.5041666666666667,40,13.333333333333334,32,10.666666666666666,2.5469212692157415,0.4482838883851615,2.1010472407629823,0.3799569559579886,2.1436808049534153,0.40950750000000224,1.8274693589685242,0.2934054166666661,1.3060562055013638,7.6652,1.152966673761168,2.8837333333333293,1.2304596246346007,5.2097,1.1332673229304546,1.9067333333333332,1.1066589829575428,0.4495,0.48316665083438276,0.205999999999994
Banana,"Cow Milk, UHT",22,34,7,15,27,356,0.2024348631162017,6.2727272727272725,0.0010802169988989,7.84006,1.9587442907128003,-0.8400600000000003,-0.4288768084650277,0.752344953100938,0.0031113624399817,1.0,2,4,8,0,0.3053435114503817,0.2794464128741342,0.225,0.1833333333333333,0,0.0,0,0.0,-0.7101118910240499,0.39711550300008125,-0.9050818235557357,0.33757351577561723,-0.5084155430531803,0.32387000000000177,-0.4811014861056036,0.227549166666666,-0.20867669892335877,4.4157,-0.21434599145408678,1.5586333333333395,-0.1585469831871145,3.0328,-0.16239621284836808,1.0517999999999994,-0.6195897859924517,0.2774,-0.5732576425209313,0.10873333333333544
Banana,Cow Milk,22,28,6,16,22,361,0.1923432121609458,6.329292929292929,0.0021797032976913,6.8058,1.8712365857902629,-0.8057999999999996,-0.4306243294509407,0.7546649067018659,0.0056092364679122,1.0,2,4,8,0,0.3053435114503817,0.2794464128741342,0.225,0.1833333333333333,0,0.0,0,0.0,-0.7101118910240499,0.39711550300008125,-0.9050818235557357,0.33757351577561723,-0.5084155430531803,0.32387000000000177,-0.4811014861056036,0.227549166666666,-0.20867669892335877,4.4157,-0.21434599145408678,1.5586333333333395,-0.1585469831871145,3.0328,-0.16239621284836808,1.0517999999999994,-0.6195897859924517,0.2774,-0.5732576425209313,0.10873333333333544
Chicken,Cow Milk,7,28,2,5,26,372,0.1132212966639226,6.389365351629502,0.0780186238843171,2.5283,1.2080724771304074,-0.5283000000000002,-0.4373081996329364,0.7990040199196016,0.1219176824487518,1.0,5,4,20,0,0.3441558441558441,0.3179963853177447,0.225,0.1958333333333333,0,0.0,0,0.0,-0.8490257296770463,0.477696496028736,-1.0096510890557124,0.40155440192441283,-1.0217634153302935,0.45430250000000294,-1.0447638148821157,0.32690250000000126,-0.3370028169081852,10.0687,-0.35436226050909064,3.8595666666666695,-0.2575641928135075,6.9359,-0.2707297351076213,2.5689666666666615,-1.0856561322411287,0.541,-0.9048272408319584,0.2683666666666682
Carrot,Casein (nBos d8),12,15,2,10,13,380,0.1199432239928409,6.710758377425044,0.0682233023852975,2.57272,1.2946937095699511,-0.5727199999999999,-0.4423594520979299,0.7926641467170656,0.1096673805605547,1.0,2,1,2,0,0.2142857142857142,0.2006912442396313,0.1125,0.09375,0,0.0,0,0.0,-0.9883167225240238,0.30778222587250487,-1.0530746040730854,0.2675633751175917,-0.5960734808847749,0.1926424999999997,-0.6827708383969614,0.14770187499999995,-0.1042122750094606,1.146,-0.10495856779593696,0.582,-0.07955767116138823,0.7909,-0.08021329730902627,0.40065,-0.2904539182693865,0.0778,-0.2871124525969237,0.0398
Casein (nBos d8),Mulberry,15,26,4,11,22,368,0.1620021951879852,6.408695652173913,0.0112757994109775,4.71404,1.6055487779572446,-0.7140399999999998,-0.4447326732162444,0.7742245155096898,0.0242364883891126,1.0,1,3,3,0,0.2967032967032967,0.2391971482691168,0.175,0.0958333333333333,0,0.0,0,0.0,-0.35761536956974355,0.3345213190433306,-0.5353593014310674,0.2687731191919254,-0.33713212344429255,0.22806500000000038,-0.7836951331301294,0.14956083333333267,-0.1501864411969142,1.855,-0.15191893303437343,0.6398000000000006,-0.11846533825297935,1.2551,-0.12017651237596112,0.4302666666666671,-0.372588858634908,0.1219,-0.36243803347481096,0.04296666666666605
Apple,Egg Yolk,20,14,3,17,11,374,0.1440170304431918,6.51304347826087,0.0265021182717388,3.66332,1.480826315811547,-0.6633200000000001,-0.447939095164227,0.7796244075118498,0.0473493259568327,1.0,4,2,8,0,0.4695652173913043,0.4282242427799897,0.2625,0.1958333333333333,0,0.0,0,0.0,0.546672053098352,0.3977641029201127,1.4012630679109144,0.3377095725910629,-0.30980900560095737,0.32357375000000227,-0.3417925091783567,0.2276129166666671,-0.21546076883981904,4.6456,-0.2189151988702315,1.6475666666666742,-0.167390325620104,3.253,-0.17020500871990116,1.1344666666666685,-0.6058498152454501,0.2685,-0.5576485463258881,0.10676666666666883
Cherry,Sesame,13,31,4,9,27,365,0.1583285449350629,6.2956937799043065,0.0123861366258874,4.71156,1.5801779540292271,-0.7115600000000004,-0.4503037130632182,0.7765444691106178,0.0257356394337883,1.0,4,4,16,0,0.376068376068376,0.3157492291625334,0.1875,0.1833333333333333,0,0.0,0,0.0,-0.5300319682371897,0.45651804073156765,-0.8894582648584571,0.38560116449408927,-1.0475662639410566,0.4196412500000027,-0.9843173046778783,0.30099999999999993,-0.303125097450871,8.8874,-0.3163462969781724,3.3305333333333125,-0.23523903803369334,6.2155,-0.24487374352999,2.2571999999999917,-0.9351011953517471,0.4665,-0.8031046180628908,0.2181333333333295
Meat,Sesame,13,31,4,9,27,365,0.1583285449350629,6.2956937799043065,0.0123861366258874,4.7204,1.5838509525836073,-0.7203999999999997,-0.454840778309897,0.7773444531109378,0.0257356394337883,1.0,3,4,12,0,0.3545454545454545,0.3378328360463798,0.325,0.2791666666666667,0,0.0,0,0.0,-0.5324810528670944,0.4319629800621653,-0.3822189638565971,0.3655811237516928,-0.2552227414397691,0.3793625000000047,0.09240113149178744,0.26924541666666607,-0.27710857729150185,6.5612,-0.2818361507529276,2.4076999999999917,-0.2137857443533089,4.5068,-0.21752133122071146,1.6173666666666708,-0.7842111195994095,0.3808,-0.6948623921280419,0.16393333333332952
Meat,Pistachio,13,31,4,9,27,365,0.1583285449350629,6.2956937799043065,0.0123861366258874,4.72674,1.5940730762421145,-0.7267400000000004,-0.4559013076823462,0.7763644727105458,0.0257356394337883,1.0,3,4,12,0,0.3363636363636363,0.3272727272727272,0.2625,0.2375,0,0.0,0,0.0,-0.659014805999015,0.43163521827199575,-0.5326866896247455,0.3656820874783579,-0.5451174532354879,0.3785937500000021,-0.28921078512720433,0.2685841666666675,-0.2681280504719063,6.8393,-0.2755968658828951,2.5061333333333278,-0.20859050905727425,4.7542,-0.2147748624468697,1.7032000000000065,-0.7820508586580543,0.3795,-0.6954063387074975,0.16353333333332928
Egg Yolk,String Bean,14,13,2,12,11,380,0.1189029247770866,6.6173913043478265,0.0696484070587581,2.6005,1.3000999000076878,-0.6004999999999998,-0.4618875826361104,0.7984840303193936,0.1110021487498958,1.0,2,8,16,0,0.5161290322580645,0.4624533160961996,0.2375,0.2291666666666666,1,0.3333333333333333,0,0.0,0.41764011694356545,0.4535326983960716,0.9899095406855835,0.38406857489083995,-0.82069918615253,0.41732250000000204,-0.5955261329301206,0.3002745833333338,-0.2628866156604809,8.4287,-0.2785098934595802,3.2164333333333124,-0.22983525811392666,5.8487,-0.24011873463346395,2.1669999999999976,-0.9268665565672551,0.4621,-0.794530008508399,0.21829999999999644
Casein (nBos d8),Peach,15,19,3,12,16,374,0.141982416248923,6.355151515151515,0.0278968832579601,3.7018,1.4918434100132627,-0.7018,-0.4704247076398996,0.7865242695146097,0.0495257959104925,1.0,1,4,4,0,0.3626373626373626,0.2947956764750657,0.15,0.125,0,0.0,0,0.0,0.12128325147985208,0.34931192750428547,0.0981021775909192,0.2891381300001003,-0.591740933916215,0.2481324999999998,-0.5934029500509325,0.16956416666666715,-0.14715103433635868,2.2689,-0.14975468551360188,0.7889333333333318,-0.11127521019648884,1.5563,-0.11350133093851805,0.5365999999999999,-0.4230451804608498,0.1518,-0.4048276938367197,0.05569999999999959
Gluten,Olive,5,2,0,5,2,398,-0.0078762135226321,14.49090909090909,1.0,0.19622,0.4169864645285264,-0.19622,-0.4705668329590982,1.0,1.0,1.0,1,5,5,0,0.2738095238095238,0.2351915925506983,0.1375,0.1125,0,0.0,0,0.0,-0.7972036125232159,0.36477469430017784,-1.2000554598902013,0.30614732501613634,-0.7589598201810002,0.27003375000000085,-0.9372210897157318,0.18772041666666714,-0.1680076153386145,2.8274,-0.17144189289489065,0.9837666666666646,-0.129405276949105,1.9365,-0.1317960733310838,0.6665666666666661,-0.4720093843237697,0.1822,-0.44621282237665233,0.0682666666666671
Hazelnut,Pumpkin Seeds,16,18,3,13,15,374,0.1407839697670194,6.264038231780167,0.0287519858278372,3.74964,1.5051643997915982,-0.7496399999999999,-0.4980452634302229,0.7951640967180656,0.050722842922694,1.0,12,9,108,1,0.5911949685534591,0.5576519916142558,0.675,0.6666666666666666,17,12.333333333333334,6,4.666666666666667,-0.567192220343787,0.6821999528088903,-0.1890628602330764,0.5813103595747863,-0.3907829629199827,0.7402362500000016,0.3048960856881614,0.6202808333333347,-0.39381753165222905,40.2167,-0.31270344428595687,20.074066666666724,-0.44359189063067905,30.8435,-0.42345433858211146,13.988266666666666,0.15814629335681898,0.9756,0.45582714055741946,0.8928000000000041
Egg White,Sesame,33,31,9,24,22,350,0.2197797117515435,6.040362811791384,0.0002996395560049,10.07788,2.148882199097937,-1.0778800000000004,-0.5016003206003918,0.7673246535069299,0.0010915440968751,1.0,5,4,20,0,0.3537414965986394,0.3492445605182266,0.225,0.2041666666666667,0,0.0,0,0.0,-0.778558294042334,0.4761237692720527,-0.6242210310878732,0.40051382813048625,-1.019121755293004,0.45337125000000517,-0.9786700940230308,0.32636708333333364,-0.34193475867984663,10.2264,-0.35704242387509505,3.8912666666666635,-0.2647983642648321,7.0728,-0.2756959998455429,2.593666666666666,-1.0880638510097689,0.5421,-0.9084088213548782,0.26766666666666866
Banana,Pumpkin Seeds,22,18,4,18,14,369,0.1597640110191622,6.198508853681267,0.0121282420180797,4.83002,1.6452740803890389,-0.8300200000000002,-0.5044873738020202,0.7910441791164177,0.025578735985499,1.0,2,9,18,1,0.7633587786259542,0.4910941475826971,0.8125,0.4000000000000001,22,7.333333333333333,10,3.333333333333333,1.9645978932086479,0.463794954554624,1.1835944654757835,0.3930166289257653,1.7201257602944926,0.4327912500000033,0.6844755697785849,0.3142074999999991,0.43421767320530347,9.221,0.34541567864777584,3.57666666666666,0.13578402743476087,6.4016,0.0991304608150263,2.397666666666669,0.9912383814932116,0.5044,0.2889940958208249,0.24866666666666648
Hazelnut,Kiwi,16,12,2,14,10,379,0.1140687769072117,6.231527093596059,0.0766858401646522,2.70506,1.32070829345469,-0.70506,-0.5338499072764313,0.8176836463270735,0.1205063202587392,1.0,12,7,84,1,0.4311926605504587,0.4172191427222169,0.4625,0.3291666666666666,1,0.6666666666666666,0,0.0,-1.3102391373254338,0.6495661434627407,-1.0683536630490575,0.5481034100266152,-1.303569012617776,0.7016437500000063,-1.5148179083947486,0.5693670833333361,-0.5997438664734152,33.7806,-0.6931003869942028,16.09220000000001,-0.49471493349450574,25.5023,-0.5635625452765884,11.13039999999999,0.22917414183443338,0.9501,-1.6197069495768859,0.8098000000000085
Hazelnut,Onion,16,12,2,14,10,379,0.1140687769072117,6.231527093596059,0.0766858401646522,2.70476,1.3163864715196678,-0.7047599999999998,-0.5353746906760658,0.8207835843283134,0.1205063202587392,1.0,12,1,12,1,0.3939393939393939,0.356060606060606,0.3625,0.2208333333333333,0,0.0,0,0.0,-0.2101154966826621,0.42289000617091005,-0.0718097235670509,0.3614495657998568,-0.018323569393974674,0.366298750000005,-0.3925154238179117,0.2642283333333324,-0.2474089392598212,6.0781,-0.2607579966719588,2.310666666666659,-0.19000887954383341,4.2018,-0.2012374859278851,1.5544000000000033,1.3301563738723348,0.3611,0.7033513061756077,0.16153333333332998
Casein (nBos d8),Cherry,15,13,2,13,11,379,0.1126373626373626,6.111111111111111,0.078911587436252,2.73892,1.3264528765093773,-0.7389199999999998,-0.5570646444255919,0.8254834903301934,0.1229705570881594,1.0,1,4,4,0,0.2900763358778626,0.2483416047302755,0.125,0.1125,0,0.0,0,0.0,-0.5563132805724216,0.3520617515963879,-0.7371053813872104,0.29057798889224784,-0.7502632724434308,0.25054750000000153,-0.7815312344416598,0.17081666666666623,-0.1680924827121691,2.2395,-0.16863039256092635,0.7777666666666648,-0.12927154906162777,1.4992,-0.13065782480729957,0.5176333333333333,-0.4263258407887398,0.1538,-0.4074229372933904,0.05613333333333293
Chicken,Olive,7,2,0,7,2,396,-0.0093426474052285,10.573333333333334,1.0,0.2672,0.4768691225063749,-0.2672,-0.5603214538102705,1.0,1.0,1.0,5,5,25,0,0.3486842105263157,0.34751538632514,0.3,0.2583333333333333,1,0.3333333333333333,0,0.0,-0.9324966614748986,0.5014530233402432,-0.8046694218399906,0.4198654150624245,-0.8399898043342767,0.4906812500000012,-0.7324696070949545,0.357537499999999,-0.3499604609215719,12.6914,-0.3679737229705093,5.001933333333341,-0.2971436741477696,8.9482,-0.3072936878023735,3.3830333333333207,-1.2784177523096438,0.6204,-1.0319305225852613,0.33353333333333757
Pistachio,Rice,31,25,7,24,18,356,0.1962857490861199,5.899062327633756,0.001400096159927,8.13098,1.9990058127979564,-1.1309799999999992,-0.565771241263674,0.7924041519169617,0.0038502644397993,1.0,4,7,28,1,0.3744680851063829,0.3537943247252542,0.55,0.425,0,0.0,0,0.0,-0.8376605213519711,0.5127255131340795,-0.8093018826359217,0.4292580517396431,0.1772055672954248,0.509935000000001,0.367172556497646,0.37361458333333564,-0.390572528104805,13.8949,-0.41917560436151746,5.56196666666669,-0.30391518171429865,9.8237,-0.3245599896293723,3.7497999999999942,0.7163017611613282,0.6609,0.8799284941282943,0.37103333333333893
Orange,Potato,23,34,7,16,27,355,0.1950145146939132,5.87603305785124,0.0014591051146882,8.13024,1.9868964599092689,-1.1302400000000006,-0.5688469544364747,0.7949041019179617,0.0039543863253146,1.0,1,2,2,0,0.2595419847328244,0.2366412213740458,0.1375,0.1,0,0.0,0,0.0,-0.5153097130851064,0.30894425572088063,-0.4983823258307882,0.26866158865685913,-0.4150273881520776,0.1947975,-0.6058143255327615,0.14910250000000005,-0.1297746619666089,1.0603,-0.12978638061380077,0.53835,-0.09823248051825285,0.6696,-0.09850623449489876,0.339,-0.2998637292684632,0.0825,-0.29512795286359517,0.0426
Casein (nBos d8),Chicken,15,7,1,14,6,384,0.07431094182474,6.119363395225464,0.2337130838450748,1.60076,1.0497082558501671,-0.60076,-0.57231139857373,0.8557428851422971,0.3049140465978767,1.0,1,5,5,0,0.2660550458715596,0.2556551168400606,0.1875,0.1708333333333333,0,0.0,0,0.0,-0.8373405979503369,0.3645505838638588,-0.8253443714835743,0.3050441573315465,-0.4671730748645912,0.2699737500000001,-0.20023424310291751,0.1869133333333332,-0.1666243133507319,2.8969,-0.17007491076565603,1.0107666666666661,-0.12691156550581345,1.9859,-0.12949652488594202,0.6854666666666661,-0.4659799277722809,0.1784,-0.43936399213594274,0.0668000000000004
"Cow Milk, UHT",Orange,34,23,7,27,16,355,0.1950145146939132,5.87603305785124,0.0014591051146882,8.14018,1.9879360069177257,-1.1401800000000009,-0.5735496495019667,0.7936241275174496,0.0039543863253146,1.0,4,1,4,0,0.3358778625954198,0.282442748091603,0.125,0.0999999999999999,0,0.0,0,0.0,-0.13143526165991465,0.3507106434694759,-0.12930661500486898,0.29004367991903846,-0.7541560657154117,0.2521512500000001,-0.9498743489682643,0.17136833333333387,-0.15859950885835003,2.5461,-0.1609965104671584,0.8825666666666658,-0.12391977789616401,1.7803,-0.12616684855642657,0.6128333333333333,-0.4250147577130797,0.153,-0.40870001233786873,0.05519999999999945
Fig,Olive,8,2,0,8,2,395,-0.0100002812618657,9.305882352941175,1.0,0.29528,0.4985676700308595,-0.29528,-0.5922566137947197,1.0,1.0,1.0,13,5,65,1,0.5176991150442478,0.4850400337126001,0.6125,0.5708333333333334,11,6.666666666666667,5,3.0,-0.5548089126688082,0.6119140050371601,-0.2424486607124878,0.513376197329572,-0.21435457609667752,0.6551250000000053,0.3403969256698711,0.516496249999999,-0.32132769333771116,27.0646,-0.28415211688720654,12.329866666666629,-0.31853967016290496,19.9068,-0.30645670384273566,8.37336666666665,0.3217283934097528,0.9062,0.8600981113944903,0.7082666666666704
Mulberry,Soybean,26,16,4,22,12,367,0.1537394828885158,5.88,0.0143746574752539,4.97352,1.6437331929482972,-0.9735199999999996,-0.5922615690773005,0.8160236795264094,0.0288006530129195,1.0,3,7,21,1,0.5222929936305732,0.4138727514523692,0.6,0.3583333333333333,5,1.6666666666666667,2,0.6666666666666666,0.2794550110873248,0.478566783935149,0.11815810393530136,0.403962502605766,0.6460860134140236,0.455443750000002,0.2276789502764804,0.32945166666666653,-0.17649781952568255,10.4625,-0.20871952900698812,4.011299999999992,-0.19063773091362962,7.3213,-0.20839090814308694,2.704866666666656,0.91205116788744,0.5459,0.21180691160537726,0.2704000000000041
"Cow Milk, UHT",Pistachio,34,31,9,25,22,349,0.2142517370399279,5.786928104575163,0.0003862858647818,10.30286,2.169362998762535,-1.3028600000000008,-0.6005726108277815,0.7971440571188576,0.0013133719402582,1.0,4,4,16,0,0.3624161073825503,0.3503257938565765,0.3125,0.2625,0,0.0,0,0.0,-0.6208279922553095,0.45814815772932344,-0.4550952795353043,0.38652002083851666,-0.4904259609477787,0.4215512500000013,-0.3214741167553129,0.30090666666666693,-0.2944622059367603,9.4479,-0.3096298969973113,3.5301333333333225,-0.2306720459024074,6.7554,-0.24137199006344887,2.4474333333333336,-0.9422637918473085,0.4703,-0.8067636897434838,0.21793333333332948
Hazelnut,Mulberry,16,26,4,12,22,367,0.1537394828885158,5.88,0.0143746574752539,4.99466,1.6530430981677404,-0.9946599999999995,-0.601714499218137,0.8166636667266655,0.0288006530129195,1.0,12,3,36,1,0.6263736263736264,0.5803411026340962,0.6625,0.6208333333333332,11,6.666666666666667,6,3.0,0.534444870318911,0.5370491713300589,1.277821336748589,0.45069984677359554,0.5135428983961853,0.5480237500000028,1.3983691768440436,0.41084958333333327,-0.14669935288079852,16.4319,-0.017812508895514417,6.922066666666687,-0.16732164501762511,11.6077,-0.13185903558518355,4.620733333333344,0.6036908357658005,0.7329,1.5216432434340323,0.4544000000000011
Fish,Pistachio,4,31,1,3,30,371,0.0651609623824469,5.220140515222482,0.2736770015820308,1.60204,0.9558597378276796,-0.6020399999999999,-0.6298413628847023,0.880282394352113,0.3529489606609639,1.0,9,4,36,0,0.4,0.372503465117814,0.2375,0.2291666666666666,1,0.3333333333333333,0,0.0,-0.8302692887299761,0.5407627591599276,-0.784216355592298,0.4516622754284845,-1.4066861137596964,0.5515837500000034,-1.218725786694784,0.41163166666666723,-0.4079907504246361,17.1146,-0.44578447000188254,7.123666666666703,-0.3391942655718437,12.2578,-0.3640444604461889,4.827733333333358,-1.6994189840528595,0.7428,-1.290716723186406,0.45916666666666817
Pumpkin Seeds,Shellifish,18,38,6,12,32,355,0.1771445004134412,5.688,0.0036827027719734,7.1728,1.860671964640733,-1.1727999999999996,-0.6303099215161492,0.8167236655266895,0.008905156271884,1.0,9,6,54,0,0.3502824858757062,0.3389830508474576,0.35,0.3208333333333333,1,0.6666666666666666,0,0.0,-1.3813410969496878,0.5870126591873556,-1.3722521752081362,0.4909968535094223,-1.291267779925168,0.620283750000004,-1.0072749862961903,0.4800270833333352,-0.49234665607656375,23.0034,-0.5360921608881927,10.147766666666687,-0.40274810086735474,16.6298,-0.4428954448724203,6.820833333333326,-2.4672195318384023,0.8589,-1.7488479227690399,0.6270666666666699
Meat,Potato,13,34,4,9,30,362,0.1469278648387476,5.629853321829163,0.0172563820186987,5.02926,1.6075459098887352,-1.0292599999999998,-0.6402678727049476,0.8294834103317934,0.0336795701758654,1.0,3,2,6,0,0.2909090909090909,0.256060606060606,0.15,0.1208333333333333,0,0.0,0,0.0,-0.7094472688534083,0.3776399003716789,-1.0296128453491062,0.3200736417780496,-0.7713087057784657,0.29150750000000114,-0.9650750290013845,0.20360708333333388,-0.18772754224280172,3.392,-0.19165603347497998,1.199766666666669,-0.1444376210920147,2.3329,-0.14772463724193857,0.8135333333333322,-0.5241156927634321,0.2155,-0.49106385112416867,0.08263333333333485
Chicken,Wheat Flour,7,16,1,6,15,383,0.0703626637414728,5.709677419354839,0.2474669515709325,1.68376,1.0678540454575245,-0.6837599999999999,-0.640312225166541,0.8719825603487931,0.3213633329428081,1.0,5,5,25,0,0.3669724770642202,0.3515868318324666,0.25,0.2416666666666666,0,0.0,0,0.0,-0.821179845932216,0.5015474885377271,-0.7700076562354801,0.4198218064446887,-1.0640893189692329,0.49079500000000414,-0.8586529538354222,0.3569383333333336,-0.3762970297657358,12.576,-0.39820756448294514,4.929933333333361,-0.291924570345702,8.8406,-0.30799726168746,3.3199999999999927,-1.279775930005264,0.6209,-1.0302405387345825,0.3341000000000049
Onion,Shellifish,12,38,4,8,34,359,0.1435295263476367,5.516624040920716,0.0189040572459104,5.03088,1.5798501275753978,-1.0308799999999998,-0.6525175913883018,0.8332633347333054,0.036195140324081,1.0,1,6,6,0,0.2954545454545454,0.2777777777777778,0.075,0.075,0,0.0,0,0.0,-0.6665478614806808,0.3758021439633913,-0.63357259040267,0.31731738472696547,-1.1684592896122434,0.28959125000000197,-1.474090069330949,0.202259583333334,-0.17903807034408786,3.3859,-0.18430606050426732,1.2003000000000035,-0.1365242155432537,2.3215,-0.14080378216202732,0.8123333333333327,-0.5276792684775258,0.2178,-0.49341074609198654,0.08350000000000148
Soybean,String Bean,16,13,2,14,11,378,0.1068924397333021,5.674662668665667,0.0885564922798515,2.88376,1.3537977184202965,-0.8837600000000001,-0.6528006274314242,0.8472230555388892,0.1357382299699364,1.0,7,8,56,1,0.8702290076335878,0.6573243978933664,0.9,0.6916666666666665,55,26.33333333333333,35,14.0,1.5814427737645034,0.5977237861562872,1.4376788301266974,0.49727492980483623,1.276320960125602,0.6335150000000018,1.278968859598685,0.4892000000000015,0.6500274109112283,24.6518,0.8379642501094959,10.843766666666607,0.3917532397126988,18.0177,0.4093705263833265,7.367566666666687,0.3891149930744744,0.8685,1.0087475122866232,0.6415333333333368
Egg Yolk,Fig,14,8,1,13,7,384,0.0702708128045288,5.696296296296296,0.2471904919181514,1.71416,1.0901447125955346,-0.7141599999999999,-0.6551056861979824,0.875162496750065,0.3213633329428081,1.0,2,13,26,0,0.4963503649635036,0.4696886274016276,0.2875,0.2749999999999999,2,1.0,0,0.0,-0.004236870066896923,0.49702876192438333,0.5324261422487214,0.42027950150196564,-0.8856641461669101,0.4865862500000024,-0.605106899044462,0.35923708333333154,-0.3055219285385715,12.2751,-0.31511118096086554,4.960833333333363,-0.28129034155177085,8.6003,-0.30338431240887276,3.3114000000000074,-1.239930259721224,0.6059,-1.0059848896608456,0.3367000000000043
Cherry,Hazelnut,13,16,2,11,14,378,0.1068924397333021,5.674662668665667,0.0885564922798515,2.8944,1.353398921234977,-0.8944000000000001,-0.6608546718685572,0.8523229535409291,0.1357382299699364,1.0,4,12,48,1,0.6477987421383647,0.5993072646066904,0.675,0.6416666666666667,15,8.666666666666666,6,3.333333333333333,0.4465408688895719,0.5714488409043944,1.112268974444393,0.47855545526901305,0.35638136215763555,0.5980525000000017,1.166344693181616,0.458607916666666,-0.13981294472347913,21.2904,-0.03356082684888741,9.261999999999963,-0.22640651876886306,15.4463,-0.18873003940102384,6.284300000000009,0.4655029842535358,0.8219,1.1716381379773015,0.5719666666666656
Banana,Rice,22,25,5,17,20,363,0.1648615923586416,5.572822299651568,0.0076251940493005,6.2445,1.8160946423576043,-1.2445000000000004,-0.685261643844962,0.8303433931321373,0.0171109354466304,1.0,2,7,14,0,0.3816793893129771,0.346408052874998,0.2375,0.2208333333333333,0,0.0,0,0.0,-0.41140405559854765,0.4415275946824028,-0.375314575297201,0.37508351428514236,-0.7335322090300792,0.39510375000000236,-0.5545702343953123,0.28420499999999843,-0.29587566306639285,7.0342,-0.30474746761229893,2.6673333333333207,-0.22870093134484987,4.7766,-0.23526233435971466,1.7623000000000015,-0.8586719872302382,0.4244,-0.7467520682204919,0.1940666666666621
Kiwi,Pumpkin Seeds,12,18,2,10,16,377,0.1036353245277391,5.447330447330447,0.0945839890764602,2.94,1.362101317817438,-0.94,-0.6901101905592517,0.8579828403431932,0.1434097780321464,1.0,7,9,63,1,0.7431192660550459,0.5349378063261947,0.8,0.5625000000000001,17,6.333333333333333,9,3.0,0.7594987100220645,0.6122548498458394,0.1980785558948435,0.5119077683701538,0.7272490879225155,0.6527575000000084,0.3066792822729661,0.5132695833333334,-0.20868646866121307,27.661,-0.30153859064582283,12.52533333333328,-0.24266295378411132,20.5933,-0.3113202144813993,8.627466666666662,0.3383112095906892,0.8973,0.8873707257136074,0.6953666666666736
Chicken,"Cow Milk, UHT",7,34,2,5,32,366,0.0964892785998402,5.125874125874126,0.110041955429838,2.86802,1.2433025696104714,-0.86802,-0.6981566846370727,0.8676226475470491,0.1637494350030215,1.0,5,4,20,0,0.3441558441558441,0.3179963853177447,0.225,0.1958333333333333,0,0.0,0,0.0,-0.8490257296770463,0.477696496028736,-1.0096510890557124,0.40155440192441283,-1.0217634153302935,0.45430250000000294,-1.0447638148821157,0.32690250000000126,-0.3370028169081852,10.0687,-0.35436226050909064,3.8595666666666695,-0.2575641928135075,6.9359,-0.2707297351076213,2.5689666666666615,-1.0856561322411287,0.541,-0.9048272408319584,0.2683666666666682
Banana,Sesame,22,31,6,16,25,358,0.1768536603601257,5.538324420677362,0.0038225408334908,7.34666,1.9147445898604856,-1.34666,-0.7033105131259944,0.8351632967340653,0.0092036283587484,1.0,2,4,8,0,0.3587786259541984,0.2999003119611903,0.1875,0.1666666666666666,0,0.0,0,0.0,-0.3124441455680677,0.40098192442691927,-0.5893342918857741,0.33934196368804953,-0.7068531161966854,0.32991875000000237,-0.6686478318678656,0.23025833333333398,-0.22094056326157982,5.0134,-0.2268730798814422,1.7810000000000008,-0.1719270849742755,3.4944,-0.1765668020235819,1.222166666666667,-0.6353784567230991,0.2876,-0.5865928773913904,0.1131000000000013
Egg White,Strawberry,33,21,6,27,15,357,0.1745806551808791,5.451612903225806,0.0041319475716055,7.35688,1.9143345229086768,-1.3568800000000003,-0.7087998381486276,0.8352432951340973,0.0098639259049818,1.0,5,3,15,0,0.4351145038167939,0.3988029510138109,0.2375,0.2208333333333333,0,0.0,0,0.0,-0.10144002109962619,0.4501667941498119,0.23474991687995608,0.38085282589430924,-0.8020484347287049,0.4124350000000031,-0.6384017565049755,0.29465999999999914,-0.2909434756999231,8.0772,-0.3044858495115383,3.0225333333333215,-0.2224576648409954,5.5778,-0.2327450975707835,2.029666666666665,-0.9149984263124865,0.4557,-0.7894094503725745,0.20926666666666133
Kiwi,Olive,12,2,0,12,2,391,-0.0123099651264567,6.264,1.0,0.41294,0.5685600728155293,-0.41294,-0.7262908877070925,1.0,1.0,1.0,7,5,35,1,0.6488888888888888,0.4555992638601334,0.725,0.4333333333333333,20,7.0,9,3.0,0.6518609763126888,0.538945459544143,0.063266651167971,0.44939260020975397,0.7892107337386293,0.5498125000000021,0.17672451267434555,0.4075770833333348,0.09174182243255488,16.4689,0.01588636003951381,6.767233333333376,-0.07647531044544575,11.7056,-0.12026618204526375,4.544933333333326,0.5924408999558999,0.7402,-0.3319725480567236,0.4494666666666686
Olive,Onion,2,12,0,2,12,391,-0.0123099651264567,6.264,1.0,0.41246,0.5655234286923929,-0.41246,-0.729342020283214,1.0,1.0,1.0,5,1,5,0,0.3106060606060606,0.2626262626262626,0.1875,0.1125,0,0.0,0,0.0,-0.4659364464120752,0.3657815634533446,-0.7054591505793366,0.3060485074499969,-0.48162475375791314,0.2735437500000002,-0.9235061841055185,0.1891741666666662,-0.1723326548080877,3.1138,-0.1772439801751246,1.0961333333333347,-0.13460239472997174,2.1812,-0.1384077990478966,0.7589999999999992,-0.47659672145325105,0.1851,-0.4467260224157537,0.07063333333333399
Carrot,Olive,12,2,0,12,2,391,-0.0123099651264567,6.264,1.0,0.413,0.5652884219582072,-0.413,-0.7306004934071227,1.0,1.0,1.0,2,5,10,0,0.369047619047619,0.3215356328259554,0.275,0.2041666666666667,0,0.0,0,0.0,-0.34339828275127415,0.4166095820020756,-0.4604571526586087,0.3532353972123157,-0.3793794192207632,0.35335375000000196,-0.4524465435884291,0.24976083333333307,-0.239229975075074,5.8528,-0.24687992418293508,2.1087666666666642,-0.18476375155390246,4.0793,-0.1906896206255674,1.4412333333333325,-0.7011752833942162,0.3296,-0.6327290175154018,0.13663333333333222
Casein (nBos d8),Fig,15,8,1,14,7,383,0.0661190614333606,5.289655172413793,0.2625932440016674,1.8118,1.110342631803355,-0.8118000000000001,-0.7311256694535102,0.8888022239555209,0.340218960473292,1.0,1,13,13,0,0.3037383177570093,0.2866580728327424,0.2625,0.1999999999999999,0,0.0,0,0.0,-0.9032693843437185,0.43072497656984643,-1.0354907786403755,0.36800319549500465,-0.5567370429292601,0.38037125000000377,-0.6443964686637473,0.2751166666666671,-0.2647843526363559,6.6957,-0.2817633194462269,2.583933333333319,-0.2040363946158753,4.6456,-0.21783187440187735,1.7370333333333365,-0.7999262019093686,0.3902,-0.6957142826671817,0.1819666666666625
Cow Milk,Wheat Flour,28,16,4,24,12,365,0.1445916217794556,5.370612244897959,0.0187359831745268,5.2356,1.6870129341531444,-1.2355999999999998,-0.7324188066289206,0.8495230095398092,0.0359961868524299,1.0,4,5,20,0,0.3661971830985915,0.3413779815055562,0.225,0.1833333333333333,0,0.0,0,0.0,-0.711091451896322,0.4770563648277426,-0.7355936569644979,0.4016219547695169,-1.0252971408902074,0.4544337500000058,-1.1569898682951565,0.3272512499999999,-0.3430932453789099,10.0273,-0.3573965125074278,3.8286666666666576,-0.2638232978135331,6.8984,-0.2750515346684474,2.5421333333333265,-1.0856561322411287,0.541,-0.9047491078022549,0.2686333333333358
Banana,Casein (nBos d8),22,15,3,19,12,371,0.1260534133508504,5.334358974358975,0.0414083512754708,4.15936,1.556934292255134,-1.1593600000000004,-0.7446428572915116,0.8618827623447531,0.0708234300778632,1.0,2,1,2,0,0.2442748091603053,0.234286937290433,0.175,0.125,0,0.0,0,0.0,-0.6676317320525964,0.30725109506532344,-0.5176762101345084,0.2673118738013829,-0.11896231241114773,0.19087249999999967,-0.2778339933370614,0.14672499999999947,-0.10075173410445842,1.0561,-0.10141456324140853,0.5342,-0.07519188383808371,0.713,-0.07567416649929296,0.35965,-0.29085855408009204,0.078,-0.2866908185090785,0.04015
Cherry,Olive,13,2,0,13,2,390,-0.0128289501447696,5.785185185185185,1.0,0.44134,0.5833000980627382,-0.44134,-0.7566259657177885,1.0,1.0,1.0,4,5,20,1,0.4292035398230088,0.3702355077375949,0.4875,0.3166666666666666,2,0.6666666666666666,0,0.0,-0.3045168451969176,0.47715282950467264,-0.3826438817041035,0.40183948125479224,0.15359343731539746,0.4530525000000015,-0.0762825237507222,0.32612875000000097,-0.27689189861257146,10.3044,-0.2974240254288121,3.933433333333343,-0.2684301118610958,7.1883,-0.280061116514868,2.655999999999991,0.9253760166707593,0.5387,0.23061244604448222,0.2655000000000027
Hazelnut,Peanut,16,14,2,14,12,377,0.1003946170549467,5.206896551724138,0.1009570842216222,3.07034,1.3881902911344688,-1.0703399999999998,-0.7710326219939828,0.876362472750545,0.1521118867918963,1.0,12,12,144,1,0.7226277372262774,0.6140415308573964,0.8125,0.7458333333333332,25,13.666666666666666,17,8.666666666666666,0.02661522089607689,0.7186047508017988,-0.04831462366968849,0.6200863410708993,0.22374836050892769,0.7795762500000069,0.534812766306202,0.6716679166666659,-0.3724273558163113,50.0757,-0.42475793222473307,25.680966666666585,-0.34792834046642784,39.4555,-0.3773641875664305,18.34839999999996,0.08515994337054898,0.9928,0.2875299666426214,0.9561333333333345
Onion,Peach,12,19,2,10,17,376,0.0989613551165612,5.122448979591836,0.1039739099942719,3.07814,1.3812871317723912,-1.07814,-0.7805328632987338,0.878702425951481,0.1555449693514308,1.0,1,4,4,1,0.2857142857142857,0.2462538874752615,0.275,0.1583333333333333,0,0.0,0,0.0,-0.5796230712253846,0.34940074990795,-0.7467003694515616,0.28924043498110563,0.1498950751288612,0.2502287500000006,-0.16640941917510632,0.1708474999999997,-0.1527666218566773,2.2133,-0.15427121241390598,0.7725333333333322,-0.11726694031941064,1.5096,-0.11900271551168294,0.5220999999999996,2.3748907852151575,0.1506,2.0324195617148137,0.05506666666666612
Chicken,Fish,7,4,0,7,4,394,-0.0132454065621796,5.844444444444444,1.0,0.50638,0.6463430169809217,-0.50638,-0.7834539659224741,1.0,1.0,1.0,5,9,45,1,0.8110599078341014,0.7481999509125609,0.975,0.9458333333333334,176,152.0,144,120.0,1.3972849801275549,0.5696072012433858,2.569634238695768,0.47430363695769373,1.7439083496908647,0.5953012500000051,3.19284495339953,0.45138541666666654,3.3852962060676854,21.5855,8.085423776780944,9.169333333333347,3.033527118566589,15.8091,7.318344745443403,6.296200000000007,0.4800691062184866,0.8127,1.2270605208573322,0.5528666666666663
Egg Yolk,Hazelnut,14,16,2,12,14,377,0.1003946170549467,5.206896551724138,0.1009570842216222,3.08472,1.3827879525075424,-1.08472,-0.7844442078288091,0.879262414751705,0.1521118867918963,1.0,2,12,24,0,0.50625,0.4915113057801736,0.3,0.2708333333333333,1,1.0,0,0.0,0.1051571144728269,0.48948311542764916,0.8290179773623634,0.4147665534864457,-0.786676282820498,0.4762237500000035,-0.5808572326620658,0.3510812499999998,-0.33462529890962134,11.0998,-0.3055276886983436,4.556400000000022,-0.2814922307540447,7.593,-0.30172665204938576,2.9835666666666576,-1.198354535677589,0.5895,-0.9759331234050642,0.32063333333333804
Olive,Peanut,2,14,0,2,14,389,-0.0133302444599531,5.372413793103449,1.0,0.46706,0.5950755888120433,-0.46706,-0.7848750793699967,1.0,1.0,1.0,5,12,60,0,0.4404761904761904,0.3902464494569758,0.25,0.2416666666666666,0,0.0,0,0.0,-0.9501808202653185,0.6027331986689752,-0.998391688487095,0.5043004140596873,-1.9266452943554357,0.6428175000000068,-1.6376466352173944,0.502743333333334,-0.5402617411763936,25.7776,-0.6072979420799866,11.586699999999986,-0.4260604989855746,18.9082,-0.4707827734681341,7.868999999999997,-2.7754675626767544,0.8851,-1.925093244622598,0.6727333333333375
Soybean,Strawberry,16,21,3,13,18,371,0.1240734400283708,5.206206206206206,0.0435258467653127,4.2343,1.5663344183155772,-1.2343000000000002,-0.7880181815370921,0.869042619147617,0.0739939395010316,1.0,7,3,21,1,0.8320610687022901,0.5669629915933907,0.875,0.5541666666666667,54,18.33333333333333,44,14.666666666666666,2.20559468942664,0.48219230592300044,1.8861870679960264,0.40600582423986914,1.8333967341055444,0.4616650000000007,1.7048392438685602,0.334084583333332,1.4018632440542589,10.7697,1.252984295553735,4.168033333333348,1.3147284417791625,7.5328,1.2122645554572515,2.8048666666666575,0.8862254030976083,0.5601,1.2503219403503967,0.28493333333333776
Egg Yolk,Olive,14,2,0,14,2,389,-0.0133302444599531,5.372413793103449,1.0,0.46708,0.592550650662034,-0.46708,-0.7882532902092834,1.0,1.0,1.0,2,5,10,0,0.5119047619047619,0.4371502132913404,0.2625,0.2208333333333333,0,0.0,0,0.0,0.7045278230513272,0.4156106952412707,1.2408091834127104,0.352861153362887,-0.44643334469743484,0.35427750000000396,-0.29017805506836003,0.2499649999999992,-0.2431617947360327,5.8511,-0.25067234923097104,2.097133333333332,-0.1907173416113525,4.0931,-0.1963711613106455,1.4411000000000007,-0.7099194051007531,0.3351,-0.6403275884924952,0.13803333333333215
Casein (nBos d8),Sesame,15,31,4,11,27,363,0.1402450052916991,5.172332015810277,0.0211794500853569,5.32472,1.6789511373473622,-1.32472,-0.7890164106222739,0.8647627047459051,0.0394093134697728,1.0,1,4,4,0,0.308411214953271,0.2438413276312083,0.225,0.175,0,0.0,0,0.0,-0.3691023007016891,0.34858007464121843,-0.7985878845240397,0.2892214222680864,-0.14135703884057654,0.2481499999999996,0.07481140087439998,0.16957333333333274,-0.15811541347861718,2.0568,-0.16022441791643735,0.7091333333333331,-0.11869901534226017,1.3547,-0.12050851600836829,0.4638999999999995,-0.41231198139415015,0.1453,-0.39653321511700895,0.052533333333332544
Shellifish,Tomato,38,19,6,32,13,354,0.1688855852215414,5.251851851851852,0.0050104011226131,7.50068,1.888851380495564,-1.50068,-0.7944934236203792,0.8559428811423772,0.0115672223447982,1.0,6,2,12,0,0.2671755725190839,0.2495795057575365,0.2,0.1875,0,0.0,0,0.0,-1.1365241639844228,0.4312087329664518,-1.590133476612413,0.3655538217373407,-0.8281850212356167,0.3771050000000019,-0.7458405384598169,0.2680779166666671,-0.2755563813697693,6.5439,-0.2835133542066291,2.401733333333325,-0.21279965797788294,4.483,-0.21986557774699855,1.612066666666669,-0.7797278748201238,0.3781,-0.6916688103228021,0.16359999999999678
"Cow Milk, UHT",Strawberry,34,21,6,28,15,356,0.1701435972595465,5.245614035087719,0.0048494156572704,7.5412,1.9152186715881825,-1.5412,-0.8047122883999298,0.8594028119437611,0.0112418272054906,1.0,4,3,12,0,0.3587786259541984,0.3478980208194185,0.2125,0.175,0,0.0,0,0.0,-0.5077473283247592,0.4310694111150643,-0.24839389087466038,0.36569136416606274,-0.7814395476790127,0.3779900000000035,-0.87679361315861,0.26851625000000034,-0.25847664121407227,6.6386,-0.268334642920831,2.411433333333319,-0.19815750606462076,4.6144,-0.20541277809003106,1.6392333333333375,-0.7883742582915143,0.3833,-0.6986524959810475,0.1648666666666625
Mulberry,Shellifish,26,38,8,18,30,349,0.1921043843530911,5.264953478068232,0.0012867746787143,9.72006,2.1154984274161,-1.72006,-0.8130755275960692,0.8548229035419291,0.0035911429207131,1.0,3,6,18,0,0.4175824175824176,0.3809523809523809,0.2,0.1916666666666666,0,0.0,0,0.0,-0.3193838918384883,0.4666481165856394,-0.17056899497544206,0.39486508732625375,-1.0552188625167835,0.4343262500000045,-0.9881329813290256,0.3135679166666664,-0.3227461870971511,9.2483,-0.33572067180242676,3.5583999999999927,-0.2501575446719907,6.456,-0.2607021648070968,2.400866666666665,-1.0076291007486506,0.5038,-0.8540147879771487,0.24263333333333217
Meat,Pumpkin Seeds,13,18,2,11,16,376,0.0966754135857859,4.960474308300396,0.1088741324302152,3.14984,1.4033203391955806,-1.1498400000000002,-0.8193710073774874,0.8852422951540969,0.1624425220567838,1.0,3,9,27,0,0.3636363636363636,0.3519550342130987,0.3375,0.3125,0,0.0,0,0.0,-0.8855580421328481,0.5090594250913849,-0.8077259260893687,0.4269025297400328,-0.7425557105291541,0.5051662500000044,-0.4173153855835227,0.37112875000000056,-0.3730339529039724,13.8818,-0.4035127907919589,5.55026666666671,-0.2888172878450559,9.884,-0.31014740365653476,3.7589666666666752,-1.355909260740103,0.6477,-1.0787906522967772,0.36340000000000566
Fish,Shellifish,4,38,1,3,37,364,0.0534925755553734,4.1657142857142855,0.3267538009351141,1.81674,0.9730959728618755,-0.81674,-0.8393211181400406,0.9174016519669608,0.4128578430734212,1.0,9,6,54,1,0.5809859154929577,0.5177198886534546,0.6875,0.5708333333333333,20,13.333333333333334,5,3.333333333333333,-0.06758581265757099,0.5926063055196353,0.2078862973471845,0.49448618191982296,0.2889747899784523,0.6266050000000035,0.5448033410259436,0.4841887499999986,-0.09831817068480131,24.6101,0.13441692993945914,10.810599999999976,-0.3015898551565335,18.0838,-0.24713522976943827,7.39366666666669,0.400956488449452,0.8615,0.09787056647114045,0.6317333333333348
Olive,Soybean,2,16,0,2,16,387,-0.0142872178029235,4.696969696969697,1.0,0.51716,0.6158778567216068,-0.51716,-0.839711956446861,1.0,1.0,1.0,5,7,35,0,0.4166666666666667,0.4031746031746031,0.275,0.2541666666666666,0,0.0,0,0.0,-0.7248512087566821,0.538953262862081,-0.46827522042963265,0.4492581635068972,-1.232373449861351,0.5494787500000025,-1.053683934638551,0.40832624999999856,-0.4342433996808816,16.7204,-0.46925603508104874,6.874533333333358,-0.33985961266778525,11.9324,-0.364890109278268,4.640633333333339,-1.6654083300081026,0.735,-1.2773126098103622,0.45413333333333483
Fig,Fish,8,4,0,8,4,393,-0.0141777576851963,5.143790849673203,1.0,0.57336,0.6803957013385667,-0.57336,-0.8426860999738952,1.0,1.0,1.0,13,9,117,1,0.3944954128440367,0.3944954128440367,0.35,0.3125,0,0.0,0,0.0,-1.8776342742979222,0.692055779294224,-1.5662999963316517,0.5912195022152544,-2.465250487333626,0.7504325000000027,-2.1454323683060923,0.6324445833333349,-0.6854218082353788,43.1286,-0.8241427285217805,21.47526666666664,-0.5571503344582691,33.4395,-0.6462242267791318,15.122033333333343,0.14139250356818564,0.9804,-2.679709155082252,0.9111666666666679
Olive,Wheat Flour,2,16,0,2,16,387,-0.0142872178029235,4.696969696969697,1.0,0.5175,0.6134278686202641,-0.5175,-0.8436199698001539,1.0,1.0,1.0,5,5,25,0,0.369047619047619,0.3583959899749374,0.25,0.2041666666666667,0,0.0,0,0.0,-0.8005927131013102,0.49952905799023417,-0.6841107744882526,0.41927223938148583,-1.0599570867905235,0.4892450000000037,-1.1307329546150717,0.3562262499999995,-0.3602641881539967,13.0008,-0.3823328587298117,5.100900000000017,-0.281409752558929,9.3035,-0.2971843625577602,3.4991999999999965,-1.2748964613394027,0.6191,-1.0262996553585626,0.3307666666666728
Meat,Shellifish,13,38,4,9,34,358,0.1335669012354914,4.922196796338673,0.0254721595912895,5.40546,1.633518346514664,-1.4054599999999997,-0.8603882552030969,0.8806623867522649,0.0457613208038603,1.0,3,6,18,1,0.5598591549295775,0.5352112676056339,0.6875,0.6833333333333332,21,18.33333333333333,6,5.0,0.5978008000595271,0.4676224526129521,1.7680186155056004,0.3938931703839668,1.1228330603171934,0.4379750000000034,3.0250626672442333,0.315219583333335,0.41572170525449265,9.251,1.4335283233857117,3.5093333333333163,-0.015346348654823056,6.3864,0.29842849972445606,2.3407999999999927,0.9796078752547975,0.5103,2.6126466449629793,0.24830000000000105
Chicken,Gluten,7,5,0,7,5,393,-0.0148273141947945,4.7696969696969695,1.0,0.62184,0.7121200842554576,-0.62184,-0.8732235106809997,1.0,1.0,1.0,5,1,5,0,0.1834862385321101,0.1722955050771186,0.1625,0.1375,0,0.0,0,0.0,-1.5707874275074398,0.3654091854467688,-2.2169575831920287,0.30640586844340784,-0.6163646518205944,0.27066250000000125,-0.6213942046300209,0.18816416666666644,-0.17237700414775942,2.8536,-0.17560311213193097,1.0073999999999999,-0.1320078897322487,1.9433,-0.13509495729876347,0.6782666666666656,-0.47042476829801005,0.1812,-0.44488550791324155,0.06780000000000055
Banana,Wheat Flour,22,16,3,19,13,370,0.11916954367085,4.925925925925926,0.0491725014048909,4.3904,1.5875225478713682,-1.3903999999999996,-0.8758300799344988,0.8878222435551288,0.0830896785787465,1.0,2,5,10,0,0.3064516129032258,0.2955347615529837,0.2125,0.1999999999999999,0,0.0,0,0.0,-0.7922226866679122,0.41308517477243784,-0.8273785706493859,0.35210767229223217,-0.6814559234539926,0.35005625000000284,-0.48927538856926567,0.2491879166666662,-0.24232762489939824,5.0783,-0.24923808883406393,1.8574,-0.18521912463111062,3.4354,-0.19142763870021076,1.2328000000000021,-0.7041919572391035,0.3315,-0.6357558485588929,0.138133333333332
Apple,Chicken,20,7,1,19,6,379,0.0572150069864049,4.491124260355029,0.3003882001025645,1.99536,1.1353671082077377,-0.99536,-0.8766856048624226,0.9186016279674406,0.3829949551307698,1.0,4,5,20,0,0.3478260869565217,0.3314009661835748,0.275,0.2083333333333333,0,0.0,0,0.0,-0.8147171064394187,0.4773249817630091,-0.8350055144463714,0.4010711843120055,-0.7925345376881229,0.4538037500000038,-0.9389927950431394,0.3261191666666671,-0.3274123266061446,10.858,-0.3460036588906767,4.116466666666675,-0.2556450947962697,7.7159,-0.2691077455546783,2.825899999999998,-1.0776026991725132,0.5373,-0.8994565875996371,0.26400000000000207
Casein (nBos d8),Hazelnut,15,16,2,13,14,376,0.0944630862759414,4.8084291187739465,0.1138334021969647,3.2472,1.413369081308913,-1.2472,-0.8824305105393809,0.8992820143597128,0.1680540490328874,1.0,1,12,12,0,0.2943925233644859,0.2943925233644859,0.2375,0.2208333333333333,0,0.0,0,0.0,-0.934118571207261,0.42593094826929045,-0.8916794208842436,0.3632448805670891,-0.6277439858690467,0.3706662500000027,-0.4027684037542045,0.2668270833333339,-0.26514230104532693,6.3869,-0.28011349297583854,2.452399999999991,-0.203666859619007,4.3786,-0.21652966296393894,1.6354000000000037,-0.7553796383207811,0.3633,-0.6629084461259477,0.16499999999999673
Peach,Rice,19,25,4,15,21,365,0.1371744511523298,4.935483870967742,0.0233504218907246,5.54426,1.7264996531711188,-1.5442600000000004,-0.8944455894697733,0.8863222735545289,0.0426696634550376,1.0,4,7,28,0,0.4175824175824176,0.3888760730363784,0.2,0.1916666666666666,0,0.0,0,0.0,-0.5635827928601654,0.510216506573221,-0.42416463830115525,0.4276844261660002,-1.362259859531801,0.506978750000003,-1.2948339273002067,0.3717945833333333,-0.38161234503909874,13.8095,-0.4045629281522446,5.502066666666677,-0.2981932311368102,9.8518,-0.3132799220782445,3.73953333333333,-1.37453204455909,0.6539,-1.0897684227397368,0.3689000000000058
Egg White,Fig,33,8,2,31,6,366,0.0874427799196561,4.474969474969475,0.1323137122891278,3.19466,1.320230087674115,-1.1946599999999998,-0.9048877246122036,0.9054618907621848,0.1918035984346271,1.0,5,13,65,0,0.425,0.4205826831109993,0.2625,0.2541666666666666,0,0.0,0,0.0,-1.0885847058497335,0.6108308715764967,-0.7893737351295993,0.5133387412918201,-1.943458755917238,0.6526525000000021,-1.6266392159709482,0.5168112499999996,-0.5450325977671173,27.2433,-0.6187473514566268,12.473599999999953,-0.4315345152318247,20.1596,-0.4810033980015979,8.507733333333318,-3.021872310236128,0.9013,-2.073140870973752,0.7085000000000048
Onion,Pistachio,12,31,3,9,28,365,0.1140050339875987,4.724838411819022,0.055728985542358,4.40404,1.5370334018491592,-1.4040400000000002,-0.913473967651478,0.8955220895582089,0.0927713972975159,1.0,1,4,4,0,0.3560606060606061,0.3181818181818182,0.2,0.1708333333333333,0,0.0,0,0.0,0.045726173869009436,0.3509444334131001,0.4830965166263745,0.2902571183897007,-0.30036905603590963,0.25081625000000074,0.0037781679941511007,0.1705466666666667,-0.15841827817794055,2.4822,-0.16151449128708392,0.861633333333335,-0.12409015783848099,1.7219,-0.12660686936763565,0.5928333333333339,-0.4312287725435882,0.1568,-0.4121574679417321,0.057299999999999636
Gluten,Pistachio,5,31,1,4,30,370,0.0519168534176928,4.049180327868853,0.329826659813844,1.9738,1.0614299600067827,-0.9738,-0.917441599249542,0.9257014859702806,0.4139435260750928,1.0,1,4,4,0,0.3020134228187919,0.2621831684310062,0.325,0.2708333333333333,1,0.3333333333333333,0,0.0,-0.4380270370165871,0.35019398769164195,-0.48160861650583137,0.2899794039693145,0.4512057504733578,0.2503187500000007,1.326967071406662,0.17096666666666735,-0.0890846452983646,2.2668,-0.09342820438647895,0.7877999999999983,-0.12302497769511495,1.5279,-0.1251917702765449,0.5258666666666668,-0.4222234625074029,0.1513,-0.4040610432878331,0.055299999999999475
Olive,Tomato,2,19,0,2,19,384,-0.0156295193646678,3.943589743589744,1.0,0.58694,0.6388125205410426,-0.58694,-0.9187985224567778,1.0,1.0,1.0,5,2,10,1,0.6327433628318584,0.4212622066097712,0.7375,0.3625,26,8.666666666666666,12,4.0,1.5763797532624289,0.41692202586730936,0.9883342730540687,0.3539608756677121,1.85825925786039,0.35453875000000173,1.1179083577523687,0.25001833333333334,0.913642353844528,5.5509,0.8530256334218999,1.992200000000005,0.41177703590088877,3.8049,0.3903168006834832,1.33676666666667,1.4136833979449528,0.3335,0.8994945090279548,0.13833333333333173
Olive,Peach,2,19,0,2,19,384,-0.0156295193646678,3.943589743589744,1.0,0.58612,0.6371682239408993,-0.58612,-0.9198826588916112,1.0,1.0,1.0,5,4,20,0,0.4126984126984127,0.3756613756613756,0.2875,0.225,0,0.0,0,0.0,-0.41327972954799547,0.4779316014589619,-0.3153095722503644,0.40177333046840874,-0.7458364717569804,0.4546175000000057,-0.8165038826226383,0.3271170833333322,-0.3463080561287422,10.1972,-0.3638528028047297,3.896766666666666,-0.26812596199375227,7.0554,-0.2814340794555461,2.602499999999988,-1.0988655599134032,0.547,-0.9153879424134683,0.26970000000000244
Kiwi,Strawberry,12,21,2,10,19,374,0.0904840521082714,4.572649572649572,0.1235276977150828,3.31684,1.4208914154149852,-1.31684,-0.9267703258066374,0.9068018639627208,0.180937437123137,1.0,7,3,21,1,0.8623853211009175,0.4833905268809674,0.85,0.4208333333333333,50,16.666666666666668,40,13.333333333333334,2.3594294250642047,0.48546814944231453,0.8970317567081857,0.40702303517601346,1.6872705163320632,0.46696875000000343,0.6502283125914554,0.33652916666666577,1.209567804464474,11.252,1.0470957255566506,4.339066666666682,1.1157150087671783,7.8428,1.014104757979574,2.91656666666665,0.8786962132983901,0.5643,0.149945322497723,0.2874333333333382
Gluten,Sesame,5,31,1,4,30,370,0.0519168534176928,4.049180327868853,0.329826659813844,1.98602,1.058935578588235,-0.98602,-0.9311425736724744,0.9282814343713126,0.4139435260750928,1.0,1,4,4,0,0.2837837837837837,0.2688448602620755,0.1875,0.1708333333333333,0,0.0,0,0.0,-0.606432946571771,0.3513061141261565,-0.37698566210351414,0.29064562502280067,-0.39254760392803983,0.2536124999999998,-0.015458348198137739,0.1719904166666662,-0.1622238797221045,2.3266,-0.16482003368262874,0.8036333333333328,-0.12396558457838706,1.5639,-0.12599383773498204,0.5356333333333325,-0.43334688610442446,0.1581,-0.4164983272830525,0.05709999999999968
Carrot,Kiwi,12,12,1,11,11,382,0.0553435114503816,4.338374291115312,0.3064994021804637,2.1312,1.1998110517910725,-1.1312000000000002,-0.942815119356794,0.9258614827703446,0.3899006000526988,1.0,2,7,14,0,0.2922077922077922,0.2742484755387981,0.2625,0.2625,0,0.0,0,0.0,-1.0209257414754982,0.4416328888941166,-1.3241329121901855,0.3750984379377411,-0.6143437323484968,0.39511500000000394,-0.18742895648954067,0.2839387499999997,-0.2868172925196486,7.3018,-0.29636882638181533,2.7462999999999864,-0.2208665060840463,5.0299,-0.2293539931522524,1.841666666666672,-0.8443431660054638,0.4162,-0.7372841938086352,0.18883333333332886
Apple,Olive,20,2,0,20,2,383,-0.0160563604038901,3.7414634146341466,1.0,0.61402,0.6459717018569776,-0.61402,-0.950536994476498,1.0,1.0,1.0,4,5,20,1,0.411504424778761,0.3515573755473717,0.45,0.2958333333333333,0,0.0,0,0.0,-0.414972260920032,0.4763507389960561,-0.5984887141897439,0.40142294087264346,-0.010659250570075522,0.4523825000000031,-0.2420406238647366,0.32626750000000004,-0.3428119948337508,9.9944,-0.36010305685321087,3.854566666666681,-0.2626737924944201,6.8617,-0.2764567057732383,2.5529999999999986,0.9173988370120232,0.543,0.22140733034485904,0.26806666666666773
"Cow Milk, UHT",Fig,34,8,2,32,6,365,0.084999352120424,4.325443786982248,0.1391665605535246,3.26068,1.3210321485868544,-1.2606799999999998,-0.9543143982896896,0.9132417351652968,0.1996737607941875,1.0,4,13,52,0,0.4087591240875912,0.394469003803845,0.2875,0.2625,0,0.0,0,0.0,-1.0144320883645896,0.581011822229965,-0.8349260770697223,0.48727986517104355,-1.552771538260703,0.6144637500000036,-1.3413130282984553,0.4746995833333339,-0.5113222016362845,22.749,-0.568980194412738,10.012099999999949,-0.4029527444688736,16.5597,-0.4430375874593602,6.784766666666683,-2.363813715855684,0.8482,-1.6878927660025576,0.6111333333333315
Orange,Soybean,23,16,3,20,13,369,0.1145389028806004,4.672990063233966,0.055172993410918,4.5476,1.6157890456368371,-1.5476,-0.9577982993380416,0.9034619307613848,0.0921191943557292,1.0,1,7,7,1,0.7786259541984732,0.465648854961832,0.8125,0.375,31,10.333333333333334,16,5.333333333333333,3.1313006251063498,0.38592118770534367,2.1346260021012133,0.32711673447305656,2.6733845195923958,0.3049387500000013,1.752291457159937,0.21500166666666673,1.34324711590965,3.9282,1.2769384879656651,1.4059333333333384,0.7299786128981067,2.7111,0.7053180770244242,0.9551666666666655,1.779025373240613,0.2401,1.2936905647325732,0.09533333333333516
Sesame,Soybean,31,16,4,27,12,362,0.1323167640588888,4.745454545454545,0.0267275564492172,5.64,1.711560691299028,-1.6399999999999997,-0.9581898020544538,0.8972420551588968,0.0476005052952725,1.0,4,7,28,1,0.4375,0.390643390178549,0.475,0.3583333333333333,0,0.0,0,0.0,-0.4514545448421378,0.512419836489932,-0.4103555501688373,0.42900409019987046,-0.1590957073425613,0.5108462500000033,-0.11206664688644422,0.37391333333333293,-0.39993570888346663,13.8345,-0.41905872997799987,5.543000000000034,-0.3120930432553043,9.7535,-0.32671765880542253,3.7413333333333343,0.7067355825807201,0.6669,-0.11842942062064281,0.37296666666667205
Apple,Sesame,20,31,5,15,26,359,0.1487011453532459,4.813755325623859,0.0128714241561907,6.7939,1.8556246360727169,-1.7938999999999998,-0.9667364644374672,0.8941821163576729,0.0266452728842178,1.0,4,4,16,0,0.3304347826086956,0.2907859078590786,0.25,0.2333333333333333,0,0.0,0,0.0,-0.8421465282318907,0.45714957645421345,-1.2260882248758245,0.38590268222132434,-0.7863903668378726,0.422720000000005,-0.5859958336157507,0.3022025000000002,-0.31798463857230175,8.2791,-0.32535807231473957,3.1043666666666665,-0.24311042182430923,5.5972,-0.24969350372983595,2.04283333333333,-0.9532896799882667,0.4761,-0.8139930263474113,0.22369999999999676
Egg White,Peach,33,19,5,28,14,358,0.1473357976779221,4.771324863883848,0.0134148189656844,6.80696,1.8491337318863648,-1.80696,-0.9771927085861216,0.8978420431591368,0.0273662306899963,1.0,5,4,20,0,0.4444444444444444,0.4397064626072259,0.2,0.1916666666666666,0,0.0,0,0.0,-0.19606191783685176,0.4751195893315345,0.47983722755256486,0.4002727034421483,-1.1277356134708225,0.4520275000000061,-1.072787936365821,0.32578041666666724,-0.32939265384461325,10.2594,-0.3480712555433518,3.9047333333333394,-0.25325824841467004,7.1656,-0.266732957294751,2.630566666666664,-1.0791210147625543,0.538,-0.9004620495642186,0.2668333333333351
Apple,Meat,20,13,2,18,11,374,0.0878016378382931,4.4007050528789655,0.130378901055081,3.42446,1.4392962545633206,-1.4244599999999998,-0.9896920078015335,0.9172616547669048,0.1894885064557006,1.0,4,3,12,0,0.2893081761006289,0.2826186392224128,0.225,0.2041666666666667,0,0.0,0,0.0,-0.9787274266589078,0.4304396946585286,-1.1375356104092496,0.3652839669891166,-0.7182144167681148,0.37801625000000305,-0.5970250503478988,0.2680466666666661,-0.26667041564853966,6.8934,-0.2734294973118521,2.5350333333333293,-0.20920815891836098,4.8316,-0.214961676509567,1.7372333333333358,-0.7878740654125868,0.383,-0.7011801265894774,0.1642999999999959
Banana,Onion,22,12,2,20,10,373,0.0866153804050828,4.337979094076655,0.1336509528064736,3.45368,1.4319966681525484,-1.45368,-1.0151420267446751,0.9215215695686086,0.1927462497749346,1.0,2,1,2,0,0.2727272727272727,0.2050659264399722,0.0875,0.075,0,0.0,0,0.0,-0.36915776144164575,0.3087579075904707,-0.9733539948834724,0.2678716326159214,-0.776322731545932,0.19486749999999986,-0.9086579334394397,0.14890062500000034,-0.1134218689080823,1.1564,-0.11379594521765835,0.5849,-0.08757931418630077,0.7747,-0.08786416007687776,0.39065,-0.30674403616030166,0.086,-0.30160135623364087,0.0445
Egg White,Kiwi,33,12,3,30,9,363,0.1076387296701461,4.390854184641933,0.065344878962669,4.59132,1.5519860365351248,-1.5913199999999996,-1.025344276648706,0.9147217055658888,0.1062564553566879,1.0,5,7,35,0,0.4311926605504587,0.3960041946407021,0.3,0.2625,0,0.0,0,0.0,-0.6360500828941459,0.5389844707477437,-0.5409478960745654,0.4491061616390796,-1.1231910004133754,0.5506012500000005,-0.9957388560737035,0.40840541666666663,-0.41717721800820734,17.2568,-0.45255550661081917,7.060333333333355,-0.3253430689644153,12.4006,-0.3496693101427999,4.807066666666684,-1.6564770255812624,0.7329,-1.2680614914268082,0.4484666666666688
Carrot,Egg White,12,33,3,9,30,363,0.1076387296701461,4.390854184641933,0.065344878962669,4.59606,1.5541983388229454,-1.5960599999999996,-1.0269345682152495,0.9157816843663128,0.1062564553566879,1.0,2,5,10,0,0.3935483870967742,0.3598799050411953,0.2625,0.2041666666666667,0,0.0,0,0.0,-0.15762334688659152,0.4151507473034135,0.10211439035045733,0.3528762009246854,-0.44087049934323413,0.35293500000000094,-0.45247191670413456,0.24975708333333305,-0.24132358243489796,5.5751,-0.2499966913361951,2.0076000000000027,-0.18520372401672072,3.834,-0.19137466877385173,1.3520333333333354,-0.6981627362633358,0.3277,-0.6299742286421904,0.1357666666666655
Fish,Kiwi,4,12,0,4,12,389,-0.0174522794015454,3.462222222222222,1.0,0.80784,0.7789701755523122,-0.80784,-1.0370615273264068,1.0,1.0,1.0,9,7,63,1,0.3804347826086957,0.3753822629969419,0.35,0.2708333333333333,0,0.0,0,0.0,-1.3533834707012704,0.6136265225778519,-1.1760259904898704,0.5131560314804146,-1.4952379325126162,0.6539762500000015,-1.5062425136354411,0.5142412500000026,-0.5356068478178592,28.1657,-0.61197352650236,12.67929999999993,-0.4252761235450968,21.0038,-0.4742873489239825,8.727200000000021,0.3454264809943017,0.8934,-1.0526141262881183,0.6969000000000075
"Cow Milk, UHT",Peach,34,19,5,29,14,357,0.1433730090223296,4.596727060198714,0.0152538810079265,6.93866,1.8634745515836808,-1.93866,-1.0403469145057131,0.9092818143637128,0.0302382588178331,1.0,4,4,16,0,0.4603174603174603,0.4014016076516076,0.2,0.1625,0,0.0,0,0.0,0.04808058275630152,0.45317917178586714,0.22156489240947652,0.3841988249956309,-0.9935022834017667,0.4169587500000036,-1.1612461530467848,0.29956749999999877,-0.30066159389372016,8.5353,-0.31442464644226037,3.2061666666666557,-0.23379916726653713,5.9495,-0.24431108964310988,2.168333333333333,-0.9352890752559946,0.4666,-0.800970902231695,0.21856666666666325
Egg Yolk,Peach,14,19,2,12,17,374,0.0858570674095452,4.28,0.135572740194248,3.51582,1.455702485949653,-1.5158200000000002,-1.041297940087757,0.9245215095698086,0.1950161724332644,1.0,2,4,8,0,0.4835164835164835,0.468050468050468,0.175,0.1541666666666666,0,0.0,0,0.0,0.6830693487773974,0.3960582093973834,2.0475186027530783,0.3371574315767681,-0.7723057828569528,0.3249600000000017,-0.8040912689382831,0.22878874999999863,-0.2185413462678151,4.2925,-0.22479888698144732,1.5307333333333366,-0.1660771484105958,2.9014,-0.17085811342312893,1.0180333333333331,-0.6169630295366115,0.2757,-0.566791738796446,0.11010000000000153
Kiwi,Meat,12,13,1,11,12,381,0.0507922836296214,3.9808695652173913,0.3276749929535792,2.28488,1.2286266257899512,-1.2848799999999998,-1.04578557311818,0.9406611867762644,0.4130913956111414,1.0,7,3,21,0,0.3448275862068966,0.3393825814365545,0.2125,0.1833333333333333,0,0.0,0,0.0,-0.8621563187975507,0.4814996071124604,-0.7830916884503739,0.4048569901815432,-1.1037142969833116,0.4607200000000029,-1.173985728088036,0.3321991666666663,-0.34309762471574773,10.7715,-0.3635838002842597,4.133133333333338,-0.2654854372889032,7.5583,-0.28007553929510415,2.789866666666664,-1.1295267496600254,0.5606,-0.9354089414877331,0.28216666666667023
Banana,Orange,22,23,4,18,19,364,0.1294728965173043,4.546777546777546,0.0292018187798226,5.87794,1.7912234244783647,-1.87794,-1.0484119258025495,0.9118617627647448,0.051354922681757,1.0,2,1,2,1,0.7938931297709924,0.5381679389312977,0.85,0.51875,30,15.0,15,7.5,4.908538103453865,0.30924886185359796,4.1443221657075275,0.2684458795433188,4.711840865477801,0.1942349999999999,4.555310750782937,0.14865937499999976,4.2885190789400145,1.0121,4.17730964795812,0.51445,2.8059184624707645,0.621,2.739759979841711,0.3155,3.357072928952653,0.0815,3.1766277272223524,0.0422
Peanut,Shellifish,14,38,4,10,34,357,0.1245236001909485,4.440993788819876,0.0332701055901146,5.7803,1.6958867621394993,-1.7803000000000004,-1.049775279661955,0.9152616947661046,0.0577849202354622,1.0,12,6,72,0,0.4722222222222222,0.4509650495565989,0.3,0.2875,0,0.0,0,0.0,-0.9027672991040375,0.6253683537274545,-0.6284150288253443,0.5254894951947133,-1.9100349358364896,0.6710862500000038,-1.5511403519032134,0.5357133333333328,-0.5710836137885201,29.289,-0.6540245394106045,13.547899999999915,-0.45361659454766434,21.7526,-0.5075013997891126,9.254033333333313,-3.405063646730726,0.9206,-2.2681909503641298,0.7460000000000068
Pistachio,Potato,31,34,8,23,26,348,0.1807619826975231,4.756724207145725,0.0021055920519837,10.29874,2.169924978518842,-2.2987400000000004,-1.0593638133835788,0.9037819243615128,0.0054686904683467,1.0,4,2,8,0,0.3031914893617021,0.2956339655338404,0.2625,0.1791666666666666,0,0.0,0,0.0,-0.7233036567754991,0.3990401173674158,-0.6470931779635858,0.3389565935007739,-0.3203563977563684,0.32602750000000263,-0.532476332454117,0.22989541666666588,-0.23240522292844082,4.4221,-0.23616297941613468,1.584833333333338,-0.1798072669109988,2.9947,-0.18313972775915183,1.0547000000000006,-0.6197443384031023,0.2775,-0.5700415391445106,0.11116666666666797
Olive,Rice,2,25,0,2,25,378,-0.018069273054159,2.9686274509803923,1.0,0.71128,0.6713574022828674,-0.71128,-1.0594654912292332,1.0,1.0,1.0,5,7,35,0,0.4013157894736842,0.3879490392648287,0.2875,0.2458333333333333,0,0.0,0,0.0,-0.8172256552518214,0.5405907686224226,-0.6259370106720893,0.4502836272062951,-1.172580568483661,0.5513912500000013,-1.1016573146898185,0.40880458333333247,-0.4443995063154413,17.0081,-0.4736416806235857,7.011233333333372,-0.34819274297153585,12.1561,-0.3691658838552856,4.746900000000004,-1.6611437313611972,0.734,-1.2698685222499424,0.4503666666666686
Fish,String Bean,4,13,0,4,13,388,-0.0181880630899448,3.197530864197531,1.0,0.85428,0.799828532624337,-0.85428,-1.0680789258630234,1.0,1.0,1.0,9,8,72,1,0.4125,0.3934565116817025,0.3375,0.2958333333333333,0,0.0,0,0.0,-1.2767105906995961,0.6308766915792829,-1.1306102786152283,0.527829884136703,-1.7267687459288295,0.6763500000000061,-1.5135616845463318,0.5383245833333336,-0.5816202406369312,30.5511,-0.6647327254935993,14.022966666666628,-0.4633772736920454,22.8291,-0.5172354694023462,9.641700000000013,0.2948839123097941,0.92,-1.2708888064123107,0.7492666666666727
Fish,Meat,4,13,0,4,13,388,-0.0181880630899448,3.197530864197531,1.0,0.85542,0.7996228008254892,-0.85542,-1.0697793998831806,1.0,1.0,1.0,9,3,27,1,0.8133802816901409,0.6792544256363872,0.975,0.8624999999999999,129,86.33333333333333,111,74.0,1.8529998106042465,0.507743421731556,2.717394735493227,0.4257192215980025,2.0792882135536987,0.5024050000000024,3.5167137304815066,0.36817375000000113,3.3213745311220175,13.5578,6.152602424895776,5.452800000000015,3.228458281440608,9.5843,6.190919421469228,3.6761666666666644,0.7439883869393222,0.6437,1.9232414092044494,0.3575333333333387
Carrot,"Cow Milk, UHT",12,34,3,9,31,362,0.1046309631673918,4.239766081871345,0.0704393472794037,4.68274,1.554672342456764,-1.68274,-1.082375979842066,0.9239815203695926,0.1119446850531034,1.0,2,4,8,0,0.3935483870967742,0.3303169948331239,0.2375,0.2166666666666666,0,0.0,0,0.0,-0.03141136375259476,0.3975959316055903,-0.12286240323495895,0.3382926399164524,-0.4438844805743033,0.32410875000000217,-0.12618826864455793,0.2284508333333335,-0.22081114365175794,4.4177,-0.22608883906487257,1.5721666666666723,-0.16907501672244707,3.011,-0.17335733127337485,1.0545333333333338,-0.6137197914185712,0.2736,-0.566054508383976,0.108833333333335
Cherry,Pistachio,13,31,3,10,28,364,0.1056390948950461,4.2631578947368425,0.0687318402172992,4.7188,1.586583297529633,-1.7188,-1.083334233176558,0.9242815143697126,0.1101673210340139,1.0,4,4,16,0,0.376068376068376,0.3624146643014567,0.1875,0.1791666666666666,0,0.0,0,0.0,-0.5304962619984595,0.4566497097859425,-0.2993977913527247,0.3858363006000439,-1.0538891653944664,0.4197400000000009,-1.0276982852653924,0.3004045833333337,-0.3059394740049128,8.5573,-0.3201191901825824,3.1988333333333108,-0.23628911391452356,5.9627,-0.2473561015814338,2.1670333333333303,-0.9428313025829893,0.4706,-0.8100953914415673,0.2200333333333306
Shellifish,Strawberry,38,21,6,32,15,352,0.1538934247037621,4.548387096774194,0.0086830957765868,8.1628,1.968892114870692,-2.1628000000000007,-1.0984857848049454,0.9148417031659368,0.019102810708491,1.0,6,3,18,0,0.3129770992366412,0.3055835613807672,0.225,0.2208333333333333,0,0.0,0,0.0,-0.9927684899762711,0.4638255095038062,-1.0899981906242049,0.3925101248500526,-0.9497278609801919,0.4339137500000044,-0.7582753869702457,0.31271208333333367,-0.3297860124230509,8.8557,-0.34431991665829786,3.3734666666666584,-0.2545747756594379,6.0628,-0.2661778519558235,2.2333999999999956,-1.014302267110115,0.5071,-0.8596150002003919,0.2450666666666666
Egg White,Hazelnut,33,16,4,29,12,360,0.124927890455368,4.399322033898305,0.033073313454612,5.91626,1.732307020247852,-1.9162600000000003,-1.1061895943398237,0.9230615387692246,0.0576215181616067,1.0,5,12,60,0,0.4608695652173913,0.432712215320911,0.275,0.2583333333333333,0,0.0,0,0.0,-0.8238101828753526,0.6006642186462605,-0.6206991330651621,0.5026886801288479,-1.7889302352471925,0.6398900000000057,-1.5321215366298762,0.5000491666666654,-0.5383443781566964,25.2242,-0.6062372093814569,11.278633333333278,-0.4238734431018198,18.412,-0.46941127041778413,7.634199999999991,-2.7274197633295914,0.8815,-1.9042705271577682,0.6694000000000031
Chicken,Fig,7,8,0,7,8,390,-0.0188259640092193,3.062745098039216,1.0,0.95072,0.8542198087143612,-0.95072,-1.1129688053369728,1.0,1.0,1.0,5,13,65,0,0.3669724770642202,0.3519798244568887,0.2625,0.2416666666666666,0,0.0,0,0.0,-1.4393400944837198,0.6125948579111391,-1.3736825009087952,0.5135070852950976,-1.9419930165661405,0.6541737500000075,-1.700271493934762,0.5155091666666664,-0.5543561593814379,27.4856,-0.6307554751929589,12.528099999999958,-0.44089430259776874,20.3225,-0.4927290845144348,8.576666666666664,-2.9983345360399647,0.8999,-2.046070640453812,0.7012666666666716
Peach,Strawberry,19,21,3,16,18,368,0.1061071003280959,4.225225225225225,0.0680362718275142,4.85576,1.6661677053646191,-1.85576,-1.1137894426983217,0.9276814463710724,0.1096673805605547,1.0,4,3,12,1,0.9465648854961832,0.6833962416563598,0.95,0.6458333333333334,95,44.333333333333336,87,37.0,3.629650691675633,0.4312273489804964,4.4253244814422485,0.3656351658815583,2.694261022276567,0.37983000000000167,3.5220129155232582,0.26949166666666646,3.616204681219049,6.6003,4.879123170830202,2.4103999999999934,3.7722900181830163,4.5412,4.710584024225742,1.6199000000000012,1.252482764252487,0.3893,2.1148393035954713,0.16749999999999593
Hazelnut,Rice,16,25,3,13,22,367,0.1059890535623241,4.234567901234568,0.0682104401777128,4.83144,1.6393375266857038,-1.83144,-1.1171829901940176,0.9278814423711526,0.1096673805605547,1.0,12,7,84,1,0.4260869565217391,0.4019897251222413,0.55,0.4666666666666666,2,1.3333333333333333,0,0.0,-1.322790240364511,0.6474944144450578,-1.1805255075805536,0.5462795421389027,-0.7998422109014339,0.6989462500000037,-0.6402052609222404,0.5683441666666664,-0.5707072939665666,33.4359,-0.6499723133359939,15.842100000000064,-0.4854842424203799,25.233,-0.5516778791742067,10.930800000000007,0.24171277067110838,0.9448,-1.5828540980781736,0.8088333333333375
Kiwi,Peanut,12,14,1,11,13,380,0.0466454246615301,3.676328502415459,0.3482563707203063,2.4184,1.266768108218706,-1.4184,-1.119699802037576,0.9496810063798724,0.4350239048070376,1.0,7,12,84,1,0.8348623853211009,0.5393072844132413,0.8625,0.4541666666666666,39,13.0,29,9.666666666666666,1.1269858675069446,0.6472720448274394,-0.05621532916819642,0.5461703047627705,0.8871795952742751,0.6989325000000051,-0.7203145645945138,0.568105000000001,0.10402052723552732,33.3434,-0.12812482069044254,15.878533333333419,0.07742709684134134,25.0497,-0.06420906038028194,10.936933333333267,0.23610007040075864,0.9472,-1.6117557584778879,0.8107333333333414
Meat,String Bean,13,13,1,12,12,380,0.0463108320251177,3.6528,0.3499147514563869,2.44006,1.274506648236878,-1.44006,-1.129896028390393,0.9517609647807044,0.4350239048070376,1.0,3,8,24,0,0.3629032258064516,0.3573313782991202,0.3,0.2791666666666666,0,0.0,0,0.0,-0.8125526998185806,0.4955047978880427,-0.6467351788882678,0.41581321997409065,-0.8060918309139912,0.48246625000000365,-0.5357282475339069,0.351596666666666,-0.35966434672477965,12.1532,-0.38283743016944294,4.829300000000015,-0.2791179420809951,8.5717,-0.297602242774004,3.266199999999989,-1.2339790675094384,0.6036,-1.001387848661217,0.32093333333333823
Banana,String Bean,22,13,2,20,11,372,0.0799660878884329,3.9501590668080593,0.1528671062369508,3.67726,1.4732341607497434,-1.67726,-1.1384883983048737,0.9395812083758324,0.2138614628402229,1.0,2,8,16,1,0.7938931297709924,0.4869042836097878,0.85,0.4708333333333334,26,8.666666666666666,11,3.6666666666666665,2.201176183729937,0.45620277393754205,1.247791804356396,0.3854898656053353,1.9370661114484913,0.4203750000000024,1.3980041668812961,0.3014354166666667,0.5794584002110262,8.8958,0.493225384563679,3.38693333333333,0.17851206167852723,6.2368,0.14581622914641992,2.302433333333333,1.0595714100118288,0.4711,0.40350684521543,0.22239999999999646
Gluten,Onion,5,12,0,5,12,388,-0.019536616629114,2.8254545454545457,1.0,0.97722,0.856446771025497,-0.97722,-1.1410166201337777,1.0,1.0,1.0,1,1,1,0,0.2348484848484848,0.2348484848484848,0.0875,0.0875,0,0.0,0,0.0,-0.3874813526652671,0.26886626862636664,-0.3874813526652671,0.26886626862636664,-0.5473172822806557,0.15017500000000011,-0.5473172822806557,0.15017500000000011,-0.10162603843180366,0.5446,-0.10162603843180366,0.5446,-0.08179179427157077,0.3433,-0.08179179427157077,0.3433,-0.21606021846450751,0.0446,-0.21606021846450751,0.0446
Casein (nBos d8),Tomato,15,19,2,13,17,373,0.0801513640114888,3.952380952380953,0.1521382566459847,3.71634,1.5038872977720097,-1.7163400000000002,-1.1412690316240697,0.9393812123757525,0.2138614628402229,1.0,1,2,2,0,0.2595419847328244,0.2138831418991225,0.15,0.10625,0,0.0,0,0.0,-0.4992486732354406,0.3092419304732371,-0.8335485435970277,0.26842153674960706,-0.3133923597926408,0.19408374999999936,-0.5158732649491259,0.14854937500000037,-0.11592468002258634,1.4121,-0.11626043985775557,0.7145,-0.09179528936070996,0.994,-0.09220566260219909,0.50265,-0.29448306946306985,0.0798,-0.29066615369675236,0.04095
Cow Milk,Peach,28,19,4,24,15,362,0.1236541657525303,4.2955892034233045,0.0344586250590699,6.03646,1.7828546402889962,-2.03646,-1.142246795661308,0.9267014659706806,0.0594808881788868,1.0,4,4,16,0,0.4603174603174603,0.4014016076516076,0.2,0.1625,0,0.0,0,0.0,0.04808058275630152,0.45317917178586714,0.22156489240947652,0.3841988249956309,-0.9935022834017667,0.4169587500000036,-1.1612461530467848,0.29956749999999877,-0.30066159389372016,8.5353,-0.31442464644226037,3.2061666666666557,-0.23379916726653713,5.9495,-0.24431108964310988,2.168333333333333,-0.9352890752559946,0.4666,-0.800970902231695,0.21856666666666325
Cow Milk,Tomato,28,19,4,24,15,362,0.1236541657525303,4.2955892034233045,0.0344586250590699,6.03342,1.7769364376926955,-2.03342,-1.1443403133993588,0.9281214375712484,0.0594808881788868,1.0,4,2,8,0,0.3129770992366412,0.2953884052634046,0.15,0.1458333333333333,0,0.0,0,0.0,-0.6576971422039547,0.39849609266307773,-0.6634063039633071,0.3385083539557206,-0.8952832748323765,0.32609250000000123,-0.8899399676666692,0.22903999999999988,-0.20916292140310655,4.7733,-0.21530200329974258,1.7029000000000054,-0.16207539999636664,3.3531,-0.16665797446154348,1.1749666666666663,-0.617426489238403,0.276,-0.5703255881762171,0.1090666666666686
Banana,Meat,22,13,2,20,11,372,0.0799660878884329,3.9501590668080593,0.1528671062369508,3.68872,1.4747558311801994,-1.68872,-1.1450844704567618,0.9398012039759204,0.2138614628402229,1.0,2,3,6,0,0.2977099236641221,0.2680545917187139,0.125,0.1083333333333333,0,0.0,0,0.0,-0.6423565765045822,0.37600918576481246,-0.8383114418167547,0.31848874375104286,-0.897933572993458,0.2897575000000011,-1.1238911537303158,0.202249583333333,-0.18990354132637813,3.3958,-0.1935911448267314,1.1812333333333358,-0.14634754338025166,2.3237,-0.14893716281458297,0.7989666666666655,-0.5191520512864776,0.2123,-0.48989794855665175,0.08000000000000153
Olive,Pistachio,2,31,0,2,31,372,-0.0202818478578709,2.365079365079365,1.0,0.82142,0.6912084950288154,-0.82142,-1.18838238521035,1.0,1.0,1.0,5,4,20,0,0.3928571428571428,0.373015873015873,0.25,0.2291666666666666,0,0.0,0,0.0,-0.5540417075270434,0.4807637682645927,-0.3610078590833544,0.4032782114613211,-0.9262245811028956,0.45844375000000354,-0.7928414449756821,0.32993083333333545,-0.3425493410565055,10.4562,-0.3590026329967671,4.010166666666672,-0.2630212464885635,7.2519,-0.27564324743223356,2.683333333333327,-1.1127164370551683,0.5532,-0.9243936227930052,0.2761666666666683
Fish,Wheat Flour,4,16,0,4,16,385,-0.0202555014905332,2.595959595959596,1.0,1.01446,0.8515226998735853,-1.01446,-1.1913481580122336,1.0,1.0,1.0,9,5,45,0,0.4181818181818181,0.3858284066614016,0.2875,0.2374999999999999,0,0.0,0,0.0,-0.8712296226454347,0.5677599217726309,-0.8242751908206007,0.47355139722453443,-1.4045904444172552,0.5919912500000051,-1.3670744583861179,0.4490145833333351,-0.4675433177423462,20.8386,-0.5158710012040467,8.87873333333332,-0.3671491050690358,15.1546,-0.40034898909049577,6.047133333333342,-2.098905763822046,0.815,-1.5171739040565608,0.5471999999999986
Gluten,String Bean,5,13,0,5,13,387,-0.0203602754481988,2.609427609427609,1.0,1.04932,0.8802088034097363,-1.04932,-1.1921262272487665,1.0,1.0,1.0,1,8,8,0,0.2741935483870967,0.2457838143746462,0.1375,0.1291666666666666,0,0.0,0,0.0,-0.9371630302206477,0.3961941879420243,-1.347725670981365,0.3368503981430546,-0.9377189277078872,0.3221825000000011,-1.0231234724501288,0.22841916666666767,-0.21731166769183152,4.6485,-0.22482055600965364,1.6824666666666723,-0.16959615185162968,3.2518,-0.1758518694796642,1.1567333333333358,-0.6123303352223547,0.2727,-0.5559801813212277,0.1122666666666679
Fish,Soybean,4,16,0,4,16,385,-0.0202555014905332,2.595959595959596,1.0,1.00992,0.84629876143121,-1.00992,-1.193337443023175,1.0,1.0,1.0,9,7,63,1,0.4311926605504587,0.4006116207951071,0.3375,0.2833333333333334,1,0.3333333333333333,0,0.0,-1.056944614553205,0.6113140497388085,-0.9613873132540715,0.511348446716625,-1.576578641047119,0.6533400000000057,-1.4409852702757073,0.5122491666666683,-0.5483424234833725,26.1183,-0.6122348188194575,11.89639999999994,-0.4497475949176898,19.042,-0.48965129344022895,8.034866666666664,0.3292441112162234,0.9022,-1.0627326580807426,0.695800000000004
Cherry,Egg White,13,33,3,10,30,362,0.0993755159504796,3.9617486338797816,0.0802938379012402,4.92258,1.610858821746959,-1.92258,-1.193512413406274,0.9390812183756324,0.1244332681287176,1.0,4,5,20,0,0.4615384615384615,0.4330919292751353,0.3,0.2583333333333333,0,0.0,0,0.0,-0.09908139659540213,0.47693498605312235,0.38636964745580715,0.40168547112177033,-0.6905993773608529,0.45352750000000525,-0.5499605585395847,0.3267641666666664,-0.3147648425125569,10.5366,-0.33043527034000203,4.003999999999997,-0.24277033303906956,7.4581,-0.25403866865494606,2.740199999999985,-1.0906975729014772,0.5433,-0.908265444461159,0.2701000000000023
Kiwi,Rice,12,25,2,10,23,370,0.0761941231023725,3.753799392097264,0.1651790000477632,3.77228,1.4737379691111994,-1.77228,-1.2025747026582,0.9460410791784164,0.227679162227998,1.0,7,7,49,0,0.3706896551724138,0.3665770325846251,0.325,0.2541666666666667,0,0.0,0,0.0,-1.2071706602457206,0.5785983779696992,-1.0729360165636452,0.48152472502298727,-1.3077424946239617,0.6056262500000025,-1.3400051510653481,0.46219041666666655,-0.49465820877473515,22.0708,-0.5442103959531184,9.47563333333332,-0.3885751101775258,16.0215,-0.42206292664050643,6.4363000000000214,-2.2285841048010364,0.8324,-1.6057836942459962,0.5803000000000003
Egg White,Meat,33,13,3,30,10,362,0.0993755159504796,3.9617486338797816,0.0802938379012402,4.9352,1.6014371545583672,-1.9352,-1.2084145759273803,0.9419611607767844,0.1244332681287176,1.0,5,3,15,0,0.3454545454545454,0.3305591122492531,0.2875,0.2375,0,0.0,0,0.0,-0.7024035396645989,0.452159000288043,-0.6615839211921343,0.38099306414914247,-0.5682256950391001,0.41290500000000474,-0.49130896190420315,0.29390833333333366,-0.2989475030352331,8.2376,-0.3112219788247772,3.0390333333333213,-0.22925871958751626,5.6737,-0.23845925650781705,2.0338333333333334,-0.9113155679749257,0.4537,-0.7895616323399866,0.20749999999999458
Meat,Orange,13,23,2,11,21,371,0.0763678547503739,3.756319514661274,0.1644211679042127,3.8193,1.4945927572419178,-1.8193,-1.2172546609668369,0.9478610427791444,0.2271927960449836,1.0,3,1,3,0,0.3511450381679389,0.2686560259079343,0.1125,0.0791666666666666,0,0.0,0,0.0,0.18590914868898104,0.33170305872396716,0.018064496020743167,0.2676728329489758,-0.7308601678580078,0.22445624999999922,-1.0385315224462615,0.14860791666666645,-0.15934009982489777,1.5643,-0.15969090577038597,0.5380999999999997,-0.12461394366418825,1.0017,-0.12528453160999656,0.3421333333333335,-0.36029965309180784,0.1149,-0.34972354218354873,0.04083333333333281
Egg Yolk,Meat,14,13,1,13,12,379,0.0422218984479145,3.373333333333333,0.3714737010254353,2.58414,1.2987842239571592,-1.58414,-1.219709918537056,0.9608207835843284,0.4590236702098441,1.0,2,3,6,0,0.4090909090909091,0.3903969270166453,0.3,0.2625,0,0.0,0,0.0,0.24740350314391568,0.37836056019986786,1.1446382221800164,0.3196399355826194,0.029057254407817226,0.29458750000000133,0.6801622612898833,0.20458500000000057,-0.19903394065087401,3.5378,-0.20282078348347954,1.234733333333336,-0.15296196633388823,2.4054,-0.1558430141486594,0.8290666666666658,-0.5371161427524856,0.2239,-0.5058481015516814,0.08456666666666843
Meat,Peanut,13,14,1,12,13,379,0.0422218984479145,3.373333333333333,0.3714737010254353,2.58816,1.2975622583907105,-1.5881599999999998,-1.2239566847217802,0.9589408211835764,0.4590236702098441,1.0,3,12,36,0,0.3363636363636363,0.3336859721475106,0.2625,0.2375,1,0.3333333333333333,0,0.0,-1.1862756465095725,0.5386531956486449,-1.1390681497583175,0.45072646020791324,-1.2820661676740304,0.5505387500000033,-1.1548160781716774,0.412042083333333,-0.40391777124039924,17.4687,-0.4471857289342532,7.25920000000002,-0.3351425442706041,12.5754,-0.36339013984554297,4.933266666666673,-1.6590193536423408,0.7335,-1.2695160700964994,0.4584000000000008
Casein (nBos d8),Shellifish,15,38,4,11,34,356,0.1162482799385271,4.043478260869565,0.0423317503476425,6.13126,1.7376164169344166,-2.13126,-1.2265422789686045,0.9395812083758324,0.0721827110791109,1.0,1,6,6,0,0.2803738317757009,0.2476635514018691,0.275,0.2375,0,0.0,0,0.0,-0.7996254497026629,0.37599826024408206,-1.125510542355036,0.3181988177649376,-0.07390231518012749,0.2885325000000017,0.39942241503325737,0.20267666666666684,-0.19589773959652368,3.2245,-0.19869805962930848,1.156000000000002,-0.1510942299682655,2.1697,-0.15418034923684423,0.7682333333333321,-0.5230304735002377,0.2148,-0.4866252071076894,0.0835333333333349
Egg White,Olive,33,2,0,33,2,370,-0.0209820527609029,2.2119402985074625,1.0,0.85406,0.691925947193773,-0.85406,-1.2343228396966326,1.0,1.0,1.0,5,5,25,0,0.4285714285714285,0.3928571428571428,0.375,0.2708333333333333,0,0.0,0,0.0,-0.4439275307338528,0.5005982019851868,-0.3036352206461644,0.4198766971967987,-0.5137049921651797,0.4906037500000031,-0.6474091830844487,0.3577979166666661,-0.3632316102019522,12.7295,-0.38773863353382054,4.990733333333364,-0.2810216944944749,8.9561,-0.29898307249677225,3.371999999999992,-1.269238376917927,0.617,-1.026709109730743,0.33316666666667155
Cherry,"Cow Milk, UHT",13,34,3,10,31,361,0.09641361589164,3.8253968253968256,0.0863942368576152,5.01718,1.611882392608097,-2.01718,-1.2514436594447274,0.9456210875782484,0.133518366052678,1.0,4,4,16,0,0.3511450381679389,0.3379266990098042,0.175,0.1458333333333333,0,0.0,0,0.0,-0.6988894319372506,0.4556209366924654,-0.6177004010150864,0.3851646747963887,-1.1142413338273927,0.4185050000000022,-1.3287727101959932,0.299021666666666,-0.29621370837303085,8.418,-0.30472313321389505,3.1510333333333183,-0.2285539554113952,5.8454,-0.2355736993919911,2.1275999999999993,-0.9422637918473085,0.4703,-0.8118221967017978,0.21569999999999623
Onion,Soybean,12,16,1,11,15,378,0.0393149667981166,3.185133239831697,0.3876969255828745,2.70124,1.319190078191919,-1.70124,-1.2896094566839966,0.9675606487870244,0.4748864088471454,1.0,1,7,7,0,0.303030303030303,0.2878787878787879,0.15,0.1333333333333333,0,0.0,0,0.0,-0.6743016370882422,0.38875686810812965,-0.6183991955271262,0.32829093746052174,-0.8239026218694755,0.30874000000000246,-0.8982023641096226,0.21592916666666634,-0.2012398549043351,4.0438,-0.2065377824541232,1.4493333333333396,-0.15319132309451305,2.7635,-0.157602464169409,0.9744999999999995,-0.5750408588566764,0.2485,-0.5316267374208271,0.09786666666666903
Carrot,Soybean,12,16,1,11,15,378,0.0393149667981166,3.185133239831697,0.3876969255828745,2.70188,1.318106393884803,-1.70188,-1.291155257189912,0.9671606567868642,0.4748864088471454,1.0,2,7,14,1,0.4025974025974026,0.3578550481776288,0.425,0.3333333333333333,1,0.3333333333333333,0,0.0,-0.2835890820019663,0.44434061550642145,-0.23717049388820188,0.3757361883762407,0.11518586446665305,0.40003875000000416,0.4346678690676249,0.28472041666666725,-0.256101351614712,7.4709,-0.26941676711344037,2.781233333333325,-0.22882736788385521,5.1176,-0.2375038440528527,1.860199999999999,1.1605459631763488,0.4261,1.8810913293499425,0.19049999999999448
Carrot,Hazelnut,12,16,1,11,15,378,0.0393149667981166,3.185133239831697,0.3876969255828745,2.70298,1.3157808022615316,-1.7029800000000002,-1.2942733296252389,0.9663006739865204,0.4748864088471454,1.0,2,12,24,1,0.4387096774193548,0.4245496439044826,0.5,0.4624999999999999,3,1.3333333333333333,1,0.3333333333333333,-0.3409268888983087,0.49368004547118216,0.09437792348306417,0.4158549363473069,0.0827713712186348,0.48124375000000436,0.7936255969900848,0.35306333333333234,-0.27874597627047515,12.2292,-0.28731713605493786,4.918633333333357,-0.2541683725407739,8.5729,-0.27644183898297836,3.301066666666656,0.8195619023613,0.5982,2.056945619448588,0.32526666666667153
Kiwi,Wheat Flour,12,16,1,11,15,378,0.0393149667981166,3.185133239831697,0.3876969255828745,2.70712,1.3152115060323943,-1.7071200000000002,-1.297981345335001,0.9670006599868004,0.4748864088471454,1.0,7,5,35,0,0.3853211009174312,0.3535777982568349,0.2375,0.2291666666666666,0,0.0,0,0.0,-0.9093289940432463,0.5373266151492592,-0.9762621783860637,0.44872064024361114,-1.4042496257127937,0.549361250000003,-1.2259649201763634,0.40787166666666524,-0.4461455702433675,16.2865,-0.48273737900279123,6.708666666666705,-0.34702065415103184,11.4937,-0.3738727282952615,4.478766666666678,-1.7003089671167377,0.743,-1.2863176027588725,0.4535666666666679
Casein (nBos d8),String Bean,15,13,1,14,12,378,0.0384615384615384,3.1324137931034484,0.3923709948532342,2.74984,1.331247525593945,-1.7498399999999998,-1.314436245971084,0.9681006379872402,0.4795645492650641,1.0,1,8,8,0,0.3064516129032258,0.2602307557029444,0.1875,0.1416666666666667,0,0.0,0,0.0,-0.6838174898699633,0.3935580628662291,-1.1185566254156443,0.33526466476003514,-0.6758936676764422,0.318636250000002,-0.8802815646056912,0.2263404166666659,-0.20969722228176246,4.273,-0.2175788514351351,1.553366666666672,-0.1588656478994889,2.8952,-0.16525381051522367,1.032566666666666,-0.6010699236279562,0.2654,-0.5460373133716957,0.10936666666666844
"Cow Milk, UHT",Rice,34,25,6,28,19,352,0.1443340742361448,4.12280701754386,0.012315475974997,8.68876,2.037726591670235,-2.6887600000000003,-1.319490068486637,0.9453610927781444,0.0257356394337883,1.0,4,7,28,0,0.34375,0.3330514453763781,0.2625,0.2416666666666666,0,0.0,0,0.0,-1.0085406222138165,0.50935301608192,-1.0210413758467534,0.4274354764125754,-1.0806432347225825,0.5059875000000018,-0.9331310065583324,0.37201916666666524,-0.3875802460047493,13.4808,-0.4113841520796076,5.395666666666706,-0.30119682328929587,9.5015,-0.3187327051553715,3.6290333333333367,-1.379710282840595,0.6556,-1.098193067011783,0.3699000000000048
Olive,Shellifish,2,38,0,2,38,365,-0.0226684194937481,1.8987012987012988,1.0,0.92678,0.70012772520448,-0.92678,-1.3237298947550231,1.0,1.0,1.0,5,6,30,0,0.3571428571428571,0.3499373433583959,0.3125,0.2749999999999999,0,0.0,0,0.0,-0.9853860569877305,0.5208143914638053,-0.9148592962931555,0.4352450412626876,-0.930058293186663,0.5217962500000033,-0.770465599368543,0.3835475000000001,-0.39530568634346075,14.5577,-0.4228344129064263,5.855366666666679,-0.3055040993185019,10.2814,-0.3253617895633772,3.9324333333333175,-1.4637887693523994,0.6818,-1.1477530732521943,0.39223333333333815
Cow Milk,Soybean,28,16,3,25,13,364,0.0946260869495242,3.7058823529411766,0.090239932351139,5.243,1.688120552567261,-2.2430000000000003,-1.3286965771424852,0.9543809123817524,0.1379416949563733,1.0,4,7,28,0,0.3875,0.366139240506329,0.2375,0.225,0,0.0,0,0.0,-0.7601069641683357,0.5129351439255248,-0.6842235414745254,0.4288645237292877,-1.2158385979000896,0.5112650000000037,-1.080461267577475,0.3744166666666674,-0.3873894466632707,14.1921,-0.41503240101679384,5.587900000000032,-0.3027741174221839,10.0979,-0.32211578100653226,3.790466666666666,-1.4089267641952408,0.665,-1.1117750710751193,0.37520000000000614
Meat,Rice,13,25,2,11,23,369,0.0697052078114257,3.418131359851989,0.1880406301426454,4.0476,1.529435922162154,-2.0476,-1.3387942380124829,0.9613807723845524,0.2541946831566845,1.0,3,7,21,0,0.4181818181818181,0.3575757575757576,0.325,0.2708333333333333,0,0.0,0,0.0,-0.40237148922922544,0.48309751875070917,-0.5563176094144203,0.40535629798484224,-0.6062938695751242,0.46229250000000277,-0.4889471786374687,0.33397583333333275,-0.33755003345303985,11.2645,-0.35647622071893886,4.348100000000031,-0.26261046588326964,7.9798,-0.2770669969108144,2.97293333333333,-1.1151957925953193,0.5543,-0.9214124635497568,0.2821333333333375
Apple,Wheat Flour,20,16,2,18,14,371,0.0707808747272586,3.462255358807083,0.1836550721066837,4.07404,1.544952451824974,-2.07404,-1.3424620269381378,0.9610207795844083,0.2488659310431148,1.0,4,5,20,0,0.3739130434782609,0.3572213465199305,0.2625,0.2208333333333333,0,0.0,0,0.0,-0.6494237026046599,0.4762693005319572,-0.5259023192149384,0.40141835788925234,-0.8428775768220721,0.45116750000000666,-0.8316559138619743,0.3260533333333328,-0.3237149565505362,10.379,-0.34235905833752184,4.000000000000001,-0.2498327234373394,7.3116,-0.26365552137678894,2.7103666666666575,-1.0730624375293774,0.5352,-0.8970726724162811,0.26546666666666796
Chicken,Kiwi,7,12,0,7,12,386,-0.0231740442450497,2.061333333333333,1.0,1.33288,0.9883475631578196,-1.33288,-1.348594411202252,1.0,1.0,1.0,5,7,35,0,0.3804347826086957,0.3480759620189905,0.25,0.2125,0,0.0,0,0.0,-0.9446626379537562,0.5414825405939525,-1.0339262452488047,0.45045360343783897,-1.3579320911899246,0.553975000000001,-1.3466082137193947,0.40957249999999923,-0.4469276942451462,17.105,-0.4770025037153718,7.043000000000014,-0.3483252293531492,12.1531,-0.37060089036467647,4.751800000000025,-1.6976417695261126,0.7424,-1.2895830888671027,0.4522000000000014
Apple,Hazelnut,20,16,2,18,14,371,0.0707808747272586,3.462255358807083,0.1836550721066837,4.08702,1.5465598984843756,-2.08702,-1.3494595340570217,0.9625207495850084,0.2488659310431148,1.0,4,12,48,1,0.6289308176100629,0.5996171725458025,0.675,0.6541666666666667,10,8.666666666666666,7,5.333333333333333,0.3280656241130701,0.5730119023702469,1.1011256184826448,0.47947962239048764,0.343671487786996,0.6011937500000047,1.2252657564144078,0.46113999999999766,-0.26027872012992587,21.4603,-0.03827932534927163,9.32476666666663,-0.20940168766514455,15.5142,-0.0641009253227435,6.293200000000024,0.4650259001530819,0.8222,1.1497268535452225,0.5783333333333347
Egg White,Mulberry,33,26,6,27,20,352,0.14292816659555,4.06430155210643,0.0129556033268165,8.79294,2.057558299635762,-2.79294,-1.3574050370744868,0.9488410231795364,0.0267209318615591,1.0,5,3,15,0,0.4505494505494505,0.3887916754158793,0.25,0.2291666666666666,0,0.0,0,0.0,0.008315256592172807,0.4493153878905221,0.10456377918300101,0.38079539561644365,-0.7268191419695607,0.40789375000000166,-0.5477576091137765,0.2919841666666668,-0.29222562079592906,8.0336,-0.3046599546722254,2.998599999999988,-0.22722110956238228,5.584,-0.2369096358672032,2.0264999999999946,-0.8938034971352906,0.4441,-0.774214955550149,0.20156666666666115
Carrot,Chicken,12,7,0,12,7,386,-0.0231740442450497,2.061333333333333,1.0,1.33256,0.9807771644976244,-1.33256,-1.358677636711257,1.0,1.0,1.0,2,5,10,0,0.3311688311688311,0.3175115207373272,0.25,0.2083333333333333,0,0.0,0,0.0,-0.6170568346354008,0.4148829440068503,-0.5188586609101471,0.35299949107776996,-0.49526827937902007,0.35140875000000216,-0.4073310951921532,0.2496920833333336,-0.2587538088667147,5.413,-0.2654525882578416,1.9653666666666672,-0.20159227403245622,3.6839,-0.20745057342710946,1.3117000000000014,-0.6940468231608478,0.3251,-0.6252990202255444,0.13676666666666504
Chicken,Onion,7,12,0,7,12,386,-0.0231740442450497,2.061333333333333,1.0,1.3427,0.9860105019724688,-1.3427,-1.3617502017615333,1.0,1.0,1.0,5,1,5,0,0.3106060606060606,0.2712908905569456,0.15,0.1083333333333333,0,0.0,0,0.0,-0.4623995568806116,0.36520404625438524,-0.578620790852217,0.3061420450215196,-0.6932602795425746,0.27389375000000116,-0.9878228777200331,0.18877583333333328,-0.18489217611333075,2.8748,-0.18846149590151173,1.0028000000000012,-0.14244717014629107,1.9297,-0.14533867351189342,0.6654999999999985,-0.48196046552238675,0.1885,-0.45622471289502536,0.07046666666666747
Pistachio,Tomato,31,19,4,27,15,359,0.1118076615825209,3.795307917888563,0.0482752564885834,6.50548,1.8303469533397183,-2.5054800000000004,-1.368855230112744,0.9558208835823284,0.0818199966468136,1.0,4,2,8,0,0.3206106870229007,0.3053435114503817,0.25,0.1833333333333333,0,0.0,0,0.0,-0.6017354374719189,0.3982489440608943,-0.517972091134064,0.33878265059064744,-0.3821381099911027,0.324871250000002,-0.48766261138152917,0.22901791666666568,-0.22442608104274478,4.4741,-0.23070565104908802,1.5926000000000056,-0.17496105458875721,3.0504,-0.1796747635805446,1.0671000000000015,-0.6219085239613962,0.2789,-0.5717389192660595,0.11113333333333474
Carrot,Cow Milk,12,28,2,10,26,367,0.0671802711963204,3.30188679245283,0.1980819253860602,4.09812,1.51905643924115,-2.09812,-1.3811995037183236,0.9641807163856724,0.2664843168862824,1.0,2,4,8,0,0.3935483870967742,0.3303169948331239,0.2375,0.2166666666666666,0,0.0,0,0.0,-0.03141136375259476,0.3975959316055903,-0.12286240323495895,0.3382926399164524,-0.4438844805743033,0.32410875000000217,-0.12618826864455793,0.2284508333333335,-0.22081114365175794,4.4177,-0.22608883906487257,1.5721666666666723,-0.16907501672244707,3.011,-0.17335733127337485,1.0545333333333338,-0.6137197914185712,0.2736,-0.566054508383976,0.108833333333335
Orange,Shellifish,23,38,6,17,32,350,0.140568872944967,4.005714285714285,0.0139962589775926,8.80502,2.0172066824200194,-2.8050200000000007,-1.3905466526785697,0.9532609347813044,0.0282442492317607,1.0,1,6,6,0,0.3129770992366412,0.2900763358778626,0.125,0.1125,0,0.0,0,0.0,-0.5291939786694356,0.37754928164497675,-0.4474428156340655,0.3187422535431395,-0.896415650166033,0.29167625000000175,-1.0267615632870715,0.20400666666666603,-0.20686374800537793,3.3436,-0.21074031489523923,1.208166666666671,-0.15937657556945387,2.2184,-0.16384491869453996,0.7914333333333324,-0.5279889946927152,0.218,-0.49021255783689643,0.08483333333333512
Meat,Wheat Flour,13,16,1,12,15,377,0.034979751872858,2.92258064516129,0.4126252950247931,2.879,1.3471744504703165,-1.879,-1.3947711072935032,0.9736005279894402,0.4978124527073311,1.0,3,5,15,0,0.3181818181818182,0.3001466275659823,0.1625,0.15,0,0.0,0,0.0,-0.8917166441692757,0.45150370104090654,-1.0576389356185896,0.3814540978662809,-1.1380586531874368,0.4122375000000052,-1.2400320258033084,0.29429624999999865,-0.29952970112728383,8.1069,-0.3076776691778581,3.0429999999999904,-0.23279229915629074,5.6252,-0.2393380849568703,2.053766666666664,-0.9133396347112919,0.4548,-0.7891790094190568,0.20803333333332766
Cherry,Soybean,13,16,1,12,15,377,0.034979751872858,2.92258064516129,0.4126252950247931,2.88902,1.3483261621729368,-1.88902,-1.4010111596111814,0.9745805083898322,0.4978124527073311,1.0,4,7,28,1,0.7938931297709924,0.5700513613355433,0.8125,0.5416666666666666,32,11.0,16,5.333333333333333,1.717823965413038,0.5118747481128888,1.5484877077729204,0.4286271022339549,1.3461664576929222,0.5090075000000016,1.2267283725658809,0.3723462500000005,0.48029209164317466,14.1375,0.393869836393321,5.58416666666668,0.17499065578371834,10.043,0.12822188418876965,3.7853999999999943,0.7225441268328877,0.657,0.8879357146839509,0.3683333333333389
Hazelnut,String Bean,16,13,1,15,12,377,0.034979751872858,2.92258064516129,0.4126252950247931,2.89632,1.3519949917067002,-1.89632,-1.402608746062119,0.9746205075898482,0.4978124527073311,1.0,12,8,96,1,0.4357142857142857,0.4256484205857676,0.5125,0.4749999999999999,2,1.6666666666666667,0,0.0,-1.4140490077506198,0.6681420862174956,-1.1299964253000367,0.5656144488158779,-1.1909664048394102,0.7223287500000066,-0.7817343880639951,0.5965741666666692,-0.6093617866878139,37.2693,-0.6914064293934763,18.132466666666684,-0.5166609927208887,28.4182,-0.5929121810123539,12.578233333333332,0.19408071479663253,0.9637,0.5339660938675584,0.8592000000000062
Cherry,Chicken,13,7,0,13,7,385,-0.0241510560930405,1.903703703703704,1.0,1.4244,1.0119706715117782,-1.4244,-1.4075506732542906,1.0,1.0,1.0,4,5,20,0,0.3333333333333333,0.3154563841586742,0.2875,0.2208333333333333,0,0.0,0,0.0,-0.9296581604209839,0.48021833927378127,-1.0479795017588838,0.40333243149410997,-0.748236841535641,0.45704000000000533,-0.8442708344903337,0.32884499999999856,-0.3515058857680017,10.7448,-0.3713006869719229,4.1140333333333325,-0.2739843233032987,7.4977,-0.28851837271087905,2.7611999999999934,-1.0979790554357411,0.5466,-0.914754978142869,0.2734666666666682
"Cow Milk, UHT",Peanut,34,14,3,31,11,360,0.0889335499880809,3.483091787439613,0.1037588696940128,5.35098,1.6642695213215928,-2.35098,-1.4126197529190414,0.9625807483850324,0.1555449693514308,1.0,4,12,48,0,0.4507042253521127,0.413601982263954,0.225,0.1999999999999999,0,0.0,0,0.0,-0.7118587935294629,0.5719666496189714,-0.596375986315223,0.4785954586344804,-1.7664878866986078,0.6021925000000026,-1.6725236139214288,0.46127749999999923,-0.49138536888791334,21.6503,-0.5400352766316725,9.404466666666613,-0.38869012000986614,15.7702,-0.42231536627213534,6.401666666666697,-2.201806807232248,0.829,-1.5913487616539306,0.5790000000000001
Meat,Mulberry,13,26,2,11,24,368,0.0666071743281611,3.269742679680568,0.200065546761631,4.17446,1.534608649916975,-2.17446,-1.4169475716936966,0.9671206575868484,0.2685090232853469,1.0,3,3,9,0,0.3076923076923077,0.2902638762511373,0.225,0.1875,0,0.0,0,0.0,-0.757929028398832,0.41015844729577977,-0.8638273256229912,0.3479384259814072,-0.5816432195480684,0.34361500000000234,-0.5485950783016119,0.24127458333333293,-0.2358541399218507,5.3323,-0.23943914516925602,1.9088000000000003,-0.18209874519142857,3.6772,-0.18546991438922467,1.2956666666666694,-0.6704367477036157,0.3101,-0.613209405962992,0.1252666666666665
Chicken,String Bean,7,13,0,7,13,385,-0.0241510560930405,1.903703703703704,1.0,1.43236,1.010101396098431,-1.43236,-1.4180358581153978,1.0,1.0,1.0,5,8,40,0,0.3548387096774194,0.3428751298056323,0.2875,0.2583333333333333,0,0.0,0,0.0,-1.1631973452604072,0.5546523886224287,-1.1470841157462086,0.46195016745496725,-1.2837364969349236,0.5721950000000001,-1.1287475340239295,0.42920083333333325,-0.47094527401980685,18.8024,-0.5077374285964659,7.916966666666619,-0.37033605545853454,13.4749,-0.39679495719142577,5.352933333333343,-1.8580526770433212,0.7754,-1.392180848249375,0.5000666666666665
"Cow Milk, UHT",Pumpkin Seeds,34,18,4,30,14,357,0.1075331539158025,3.6376483889202937,0.0544162232337762,6.63206,1.82106566504341,-2.63206,-1.445340522598485,0.9610207795844083,0.091126869355667,1.0,4,9,36,0,0.4191176470588235,0.3810834437244161,0.25,0.2208333333333333,0,0.0,0,0.0,-0.7157360698470341,0.5393135041553104,-0.6949753751962636,0.4505564799178517,-1.3609865187251193,0.552226250000005,-1.2946868976396968,0.411962916666668,-0.44124135790041763,16.6857,-0.47486676661129934,6.934500000000034,-0.34299665496894927,11.7606,-0.3673931897570118,4.624900000000017,-1.6918910047284477,0.7411,-1.2883270079060427,0.4605666666666665
Peach,Pumpkin Seeds,19,18,2,17,16,370,0.0654762299415784,3.207792207792208,0.2040204492720461,4.29172,1.5806768934858262,-2.29172,-1.44983456735812,0.9690406191876162,0.2712214977289524,1.0,4,9,36,1,0.7175572519083969,0.5937368599042228,0.75,0.6208333333333332,21,10.0,12,5.0,1.0626247743738413,0.5395616352994486,1.4286933121787846,0.45111539983107113,0.8895426490733965,0.5523150000000014,1.40459854664521,0.4118624999999995,0.10128892837777917,16.9937,0.1959357585055407,7.042033333333388,-0.0018484953129852587,12.067,0.02087924533944274,4.725099999999997,0.5872044253211391,0.7436,1.5132537864213367,0.46089999999999953
Chicken,Egg White,7,33,1,6,32,366,0.0297529650674174,2.602366863905325,0.4509711565835815,2.81266,1.241742213343816,-1.81266,-1.4597715858582212,0.9770004599908002,0.5394345817556274,1.0,5,5,25,0,0.3571428571428571,0.3422892092616863,0.275,0.2416666666666666,0,0.0,0,0.0,-0.8807911503451439,0.4997442710730935,-0.8723643279649707,0.4185016217488565,-0.9531252607087979,0.49021875000000426,-0.8609542252613899,0.35663125000000023,-0.3710636288815426,12.7872,-0.3948462768719283,4.973333333333363,-0.28923078514281775,8.9955,-0.305609718874771,3.3471999999999893,-1.2770617090756269,0.6199,-1.0289408515096659,0.3323000000000058
Chicken,Peanut,7,14,0,7,14,384,-0.025094764423691,1.767816091954023,1.0,1.5149,1.034899990337231,-1.5149,-1.4638129424528807,1.0,1.0,1.0,5,12,60,0,0.408284023668639,0.3781195461431283,0.3125,0.2583333333333333,0,0.0,0,0.0,-1.1331604917127875,0.6021243250125543,-1.0972406551919796,0.5034584135648317,-1.614327674736365,0.6415037500000037,-1.5306191365432917,0.5015408333333342,-0.5310456520845299,25.7651,-0.5975986720758899,11.568099999999943,-0.4193930566562667,18.9332,-0.46403679796795433,7.878400000000002,-2.856135353499404,0.8908,-1.951590272293471,0.6785000000000018
Chicken,Egg Yolk,7,14,0,7,14,384,-0.025094764423691,1.767816091954023,1.0,1.51412,1.0310774100910176,-1.51412,-1.4684833409999178,1.0,1.0,1.0,5,2,10,0,0.5137614678899083,0.45665390641715,0.2625,0.2416666666666666,0,0.0,0,0.0,0.73106980802902,0.41400128584229606,1.5182978462547456,0.3523886707932179,-0.4339159980327416,0.351251250000002,-0.07453209552165874,0.2491516666666666,-0.24580524324415065,5.4218,-0.25270872541936423,1.9542333333333315,-0.18950874656418779,3.716,-0.1950015062574664,1.3128666666666684,-0.6932561478034498,0.3246,-0.6274143201971002,0.13526666666666504
Egg Yolk,Soybean,14,16,1,13,15,376,0.0310092588514426,2.6989247311827955,0.4365997727788831,3.06858,1.3833570701738584,-2.06858,-1.495333377477171,0.981080378392432,0.5244806692268811,1.0,2,7,14,0,0.5625,0.4925053145231423,0.275,0.2625,0,0.0,0,0.0,0.8135561271076324,0.4431267281061999,1.5561781781879112,0.3751321663482266,-0.5646641711265906,0.39728250000000337,-0.18981901641314902,0.2840141666666662,-0.27618318332706415,7.6655,-0.28875696426170766,2.842866666666656,-0.21232279971670434,5.3385,-0.22176270678002963,1.9265333333333303,-0.8459078734605618,0.4171,-0.737420469788871,0.18756666666666158
Apple,Pistachio,20,31,4,16,27,358,0.1058371141304241,3.5553719008264464,0.0571262145716816,6.79416,1.8586742303050308,-2.79416,-1.5033080861843362,0.9667206655866882,0.0948159951914597,1.0,4,4,16,0,0.3826086956521739,0.368505641479369,0.2625,0.225,0,0.0,0,0.0,-0.4998002541304259,0.45863550681188736,-0.22998072043607673,0.38659860379799976,-0.7380977930611369,0.4254475000000022,-0.6618672831733278,0.3036483333333334,-0.30576855732359604,8.8477,-0.3185749625572537,3.3343999999999885,-0.2354061077135758,6.1174,-0.24567313211618155,2.2390333333333374,-0.9646252798376841,0.482,-0.82429321455325,0.22726666666666442
Egg White,Orange,33,23,5,28,18,354,0.121901673096461,3.697961119013751,0.0305143734503152,7.95536,1.96558573214195,-2.95536,-1.503551817492828,0.9649207015859684,0.0534955109550838,1.0,5,1,5,0,0.4351145038167939,0.3511450381679389,0.175,0.1708333333333333,0,0.0,0,0.0,0.6254540698841683,0.36331199303189377,0.7585507136110461,0.3051116731559022,-0.5365869159962484,0.2684187500000002,-0.20205062684412453,0.1871929166666665,-0.17219707745628152,2.7442,-0.17649330767717125,0.9683000000000007,-0.13143846395662273,1.8494,-0.1348460288653644,0.6441666666666656,-0.4667745234372996,0.1789,-0.4405894014680036,0.06746666666666709
"Cow Milk, UHT",Sesame,34,31,7,27,24,347,0.1472722283551183,3.868274582560297,0.0094922408562587,10.29266,2.183458294632622,-3.29266,-1.5080022403423128,0.9626207475850485,0.0206401051176789,1.0,4,4,16,0,0.3380281690140845,0.3310357953874224,0.225,0.1791666666666666,0,0.0,0,0.0,-0.7808314630136394,0.45754164444914797,-0.699136214815411,0.3859650836823317,-0.8808915029500204,0.42078375000000307,-1.0269816984192102,0.30116958333333266,-0.30700195909585065,8.6505,-0.32009231796224435,3.2332333333333203,-0.23577225838608135,5.9876,-0.24583749990228074,2.1688666666666645,-0.9384880537173055,0.4683,-0.8038936291574608,0.21843333333332957
Chicken,Potato,7,34,1,6,33,365,0.0281708208499533,2.5177956371986223,0.4613023444973312,2.87188,1.2402359717408624,-1.87188,-1.509293426937559,0.9808803823923522,0.5494492893057386,1.0,5,2,10,0,0.2712765957446808,0.2612400115529026,0.175,0.1541666666666666,0,0.0,0,0.0,-1.0450389201239874,0.41693967338284765,-1.3240126151869005,0.35355040518273523,-0.8723296880795024,0.35590250000000356,-0.948840400037382,0.2515133333333329,-0.2317926570553427,6.0237,-0.24072374014695838,2.172533333333327,-0.1787374398423143,4.2382,-0.18511678972811754,1.4975666666666698,-0.7147042996843584,0.3381,-0.6434571807574192,0.14066666666666472
Kiwi,Tomato,12,19,1,11,18,375,0.0300964945973047,2.6474735605170387,0.4427698445238012,3.09656,1.377619746664514,-2.09656,-1.5218713328378028,0.9814603707925842,0.5307561597817361,1.0,7,2,14,1,0.8715596330275229,0.6168127760788312,0.875,0.6208333333333333,47,22.666666666666668,35,14.666666666666666,2.9322210160577424,0.4423473147565705,3.1936168010579964,0.37505803113195796,2.219880994413115,0.39613875000000337,2.9826533440958363,0.28313208333333245,1.4816700373922527,7.4707,2.0551322188294083,2.7956666666666483,1.2456274407499865,5.1559,1.5133689785979143,1.8802000000000036,1.1724900181047224,0.4211,1.8854650695795272,0.18866666666666118
Cherry,Cow Milk,13,28,2,11,26,366,0.0608093635921751,3.00656275635767,0.2244515156258608,4.38656,1.5602472132325689,-2.38656,-1.5296037575067676,0.9754204915901682,0.2969747647785564,1.0,4,4,16,0,0.3511450381679389,0.3379266990098042,0.175,0.1458333333333333,0,0.0,0,0.0,-0.6988894319372506,0.4556209366924654,-0.6177004010150864,0.3851646747963887,-1.1142413338273927,0.4185050000000022,-1.3287727101959932,0.299021666666666,-0.29621370837303085,8.418,-0.30472313321389505,3.1510333333333183,-0.2285539554113952,5.8454,-0.2355736993919911,2.1275999999999993,-0.9422637918473085,0.4703,-0.8118221967017978,0.21569999999999623
Carrot,Pistachio,12,31,2,10,29,364,0.0592339322497843,2.9418886198547214,0.2319400851027681,4.40004,1.5417418715206517,-2.40004,-1.5567067641697965,0.9772004559908802,0.303306265134389,1.0,2,4,8,0,0.3441558441558441,0.3311688311688311,0.175,0.1666666666666666,0,0.0,0,0.0,-0.42348914963561496,0.3995320771269324,-0.12097827588536207,0.3391099149890451,-0.7722200310310956,0.3269825000000022,-0.6691541398066713,0.22978125000000027,-0.21090705961262107,4.5953,-0.21746050779796658,1.6393666666666755,-0.16017617561004477,3.147,-0.165411714205022,1.1072999999999988,-0.6215993022033193,0.2787,-0.5719071299998522,0.11113333333333476
Kiwi,Pistachio,12,31,2,10,29,364,0.0592339322497843,2.9418886198547214,0.2319400851027681,4.3945,1.53790433707692,-2.3945,-1.5569889116453128,0.9771004579908402,0.303306265134389,1.0,7,4,28,0,0.3695652173913043,0.3616941529235382,0.275,0.25,0,0.0,0,0.0,-0.8812064472546468,0.5164384910083546,-0.7411164656040652,0.43068313568809297,-1.0461291899938774,0.5121800000000026,-0.893498429156128,0.37499958333333305,-0.39570508721660635,13.9287,-0.4185168039249522,5.585800000000049,-0.30665135588662285,9.8216,-0.3227001688265782,3.7659666666666585,-1.3994927229738656,0.662,-1.1082544481547487,0.37140000000000584
Chicken,Soybean,7,16,0,7,16,382,-0.0268963083243855,1.5454545454545454,1.0,1.68238,1.0791744694904526,-1.68238,-1.5589508902989146,1.0,1.0,1.0,5,7,35,0,0.3761467889908257,0.3643730886850152,0.2875,0.2625,0,0.0,0,0.0,-0.9599090424873128,0.5401738095514406,-0.8557076638566519,0.4500680954742954,-1.1681688938571688,0.5499262500000037,-0.9847547095493181,0.4083741666666664,-0.4317335622069318,17.2407,-0.46288928324874934,7.097133333333347,-0.33948769878240237,12.3877,-0.36033557254150794,4.824599999999993,-1.6577472476320039,0.7332,-1.2694405617260736,0.4489666666666669
Mulberry,Peach,26,19,3,23,16,363,0.0848122398638728,3.281108961960026,0.1144261125489895,5.71836,1.7387923712738116,-2.71836,-1.5633608962803147,0.9731005379892402,0.1684856932807956,1.0,3,4,12,1,0.6813186813186813,0.5589567309312532,0.6875,0.4708333333333334,10,6.0,4,2.6666666666666665,1.7548748067543551,0.43147731000157774,2.707207881677844,0.36598039791700093,1.4589706897997279,0.37867750000000255,1.9031067355850007,0.26889541666666616,0.14159659180732892,6.5499,0.4181309591820812,2.391866666666659,-0.022659693735557426,4.4933,0.1412362744424919,1.6012666666666715,1.271928082526846,0.382,2.1275886616692605,0.16509999999999636
Kiwi,Sesame,12,31,2,10,29,364,0.0592339322497843,2.9418886198547214,0.2319400851027681,4.40068,1.531736118788088,-2.4006800000000004,-1.5672934590714112,0.9767604647907042,0.303306265134389,1.0,7,4,28,0,0.3879310344827586,0.3589673053381566,0.1875,0.175,0,0.0,0,0.0,-0.7633005795470859,0.5154199394369977,-0.7568345318454913,0.4301078937626974,-1.4305567792845768,0.513056250000006,-1.4223108742220851,0.3750929166666662,-0.395001099336754,14.3051,-0.4216909711953454,5.735700000000029,-0.30617734706407884,10.1454,-0.3263169895384768,3.8900999999999994,-1.4004314238600037,0.6623,-1.107792898229729,0.37106666666667076
Chicken,Hazelnut,7,16,0,7,16,382,-0.0268963083243855,1.5454545454545454,1.0,1.68682,1.0743455159305129,-1.68682,-1.5700907901486518,1.0,1.0,1.0,5,12,60,0,0.3831168831168831,0.3753758591443842,0.25,0.2416666666666666,0,0.0,0,0.0,-1.282576871788646,0.6033153230944839,-1.120815753090404,0.5043329212116597,-1.9096171848059393,0.6423700000000048,-1.6278396618503224,0.5016854166666664,-0.5295799401360651,26.3278,-0.6010852622018504,11.75233333333323,-0.41976058959825,19.4516,-0.4676841770179109,8.040099999999976,-2.756529027343964,0.8837,-1.9241520152411498,0.6725333333333388
"Cow Milk, UHT",Tomato,34,19,4,30,15,356,0.1012656350890131,3.39344262295082,0.0648595144940028,6.94996,1.865919611987612,-2.94996,-1.5809684302839009,0.9730805383892324,0.106082179682611,1.0,4,2,8,0,0.3129770992366412,0.2953884052634046,0.15,0.1458333333333333,0,0.0,0,0.0,-0.6576971422039547,0.39849609266307773,-0.6634063039633071,0.3385083539557206,-0.8952832748323765,0.32609250000000123,-0.8899399676666692,0.22903999999999988,-0.20916292140310655,4.7733,-0.21530200329974258,1.7029000000000054,-0.16207539999636664,3.3531,-0.16665797446154348,1.1749666666666663,-0.617426489238403,0.276,-0.5703255881762171,0.1090666666666686
Apple,Kiwi,20,12,1,19,11,374,0.0273811499368594,2.505016722408026,0.460093061792491,3.20944,1.3971595780010244,-2.20944,-1.581379847219127,0.984760304793904,0.5491749099267818,1.0,4,7,28,1,0.4239130434782608,0.3832367149758454,0.4625,0.3833333333333333,2,1.0,0,0.0,-0.5261593571542641,0.5118830696600946,-0.48429968450540667,0.42857449865816644,-0.19483395015675561,0.5067637500000048,0.0782429304348978,0.3723541666666656,-0.33313522904308573,14.1831,-0.3405647942643718,5.648433333333346,-0.3031089343427779,10.1134,-0.32223402555165054,3.8451333333333415,0.7278418163672282,0.6537,0.8921830339329286,0.36666666666667336
Peach,Potato,19,34,4,15,30,356,0.1012656350890131,3.39344262295082,0.0648595144940028,6.94094,1.85799136607251,-2.9409400000000003,-1.5828598849824942,0.9728405431891364,0.106082179682611,1.0,4,2,8,0,0.3968253968253968,0.3597883597883597,0.175,0.1458333333333333,0,0.0,0,0.0,-0.008262179416438881,0.397885338453356,0.3300847922342146,0.3383078502586054,-0.7648980962448411,0.32366625000000276,-0.8824822942806224,0.22839791666666612,-0.21054610879778152,4.2551,-0.21708511279306983,1.5316666666666716,-0.15853069233911726,2.8888,-0.1636812802342554,1.0191000000000001,-0.6149551126043199,0.2744,-0.5677636256607274,0.10883333333333513
Hazelnut,Orange,16,23,2,14,21,368,0.0597711866271846,2.9550922213311948,0.2283912779522497,4.5577,1.612957132102401,-2.5577,-1.5857210021857049,0.9788804223915522,0.3014764868969696,1.0,12,1,12,0,0.3969465648854962,0.3486005089058523,0.2125,0.1958333333333333,0,0.0,0,0.0,-0.20594988915722276,0.42620563937712086,-0.1937549635572568,0.36379620194652745,-0.7423812333633166,0.3705862500000028,-0.6181883488526858,0.26701000000000075,-0.2599949508661248,6.5325,-0.2735533904075546,2.5094666666666616,-0.1999558112946711,4.5052,-0.21174049684882768,1.6860666666666662,-0.7526061653349981,0.3616,-0.6587308123717196,0.16463333333333002
Meat,Peach,13,19,1,12,18,374,0.0258447255383984,2.429189189189189,0.4697097248139988,3.29758,1.418092431261094,-2.29758,-1.6201905809177668,0.9860002799944,0.5582778720776554,1.0,3,4,12,0,0.3333333333333333,0.3106749060947534,0.2375,0.2083333333333333,0,0.0,0,0.0,-0.6758314564244615,0.4292336956625034,-0.759885881564447,0.3644766760160599,-0.6565390618519531,0.3756200000000019,-0.5593013352735436,0.26740625000000007,-0.2791912823746237,6.2407,-0.2875796161736983,2.2813666666666594,-0.2161983991978041,4.2412,-0.22281640348232498,1.5138000000000034,-0.7782364002468888,0.3772,-0.6917630440875667,0.16276666666666323
Chicken,Pumpkin Seeds,7,18,0,7,18,380,-0.0286014633700205,1.3711711711711712,1.0,1.83106,1.1067245711558047,-1.83106,-1.6544857209483816,1.0,1.0,1.0,5,9,45,0,0.3761467889908257,0.3581249854098092,0.2875,0.2708333333333333,0,0.0,0,0.0,-1.1090615194392928,0.5672403341890091,-1.077721518169359,0.47273055264694175,-1.404405630476242,0.5932487500000021,-1.1531535322978863,0.44905541666666515,-0.4814203763343309,20.9097,-0.5296973006220291,8.879899999999996,-0.37888647942556625,15.1343,-0.41270945975771084,6.02460000000002,-2.0728266134656628,0.8112,-1.5156087954401782,0.5491333333333348
Apple,Egg White,20,33,4,16,29,356,0.0987409793894008,3.295839753466872,0.0695691014586211,7.102,1.8745335419778424,-3.1020000000000003,-1.654811680097782,0.978340433191336,0.1110021487498958,1.0,4,5,20,0,0.4260869565217391,0.3895542794640416,0.2375,0.2374999999999999,0,0.0,0,0.0,-0.32370251576092773,0.47689149741692055,-0.14049431893324069,0.40124006388276606,-0.9716891821678553,0.4549762500000049,-0.7164141304197112,0.3278579166666662,-0.3316733734520277,10.4621,-0.3452504149618133,4.011566666666668,-0.25607583046727495,7.3365,-0.2651890028305587,2.716366666666665,-1.0982006019394428,0.5467,-0.9115768635089855,0.2699666666666695
Cow Milk,Potato,28,34,6,22,28,349,0.1280850169122419,3.542690058479532,0.0217002851843858,9.50932,2.098264315476005,-3.5093200000000007,-1.6724870999885866,0.9755004899902002,0.0401777557374272,1.0,4,2,8,0,0.2925531914893617,0.2646411345709764,0.2375,0.1624999999999999,0,0.0,0,0.0,-0.817961373816964,0.39899046961029755,-1.152816686505802,0.3387611526229463,-0.4534779692738683,0.3266600000000014,-0.7286298061923113,0.22968000000000005,-0.22715894419978244,4.5249,-0.23205241143417363,1.5915333333333366,-0.17686843880843597,3.0851,-0.1805372068580328,1.0690666666666662,-0.6197443384031023,0.2775,-0.5714964407724693,0.11013333333333471
Fish,Sesame,4,31,0,4,31,370,-0.0287543036847808,1.306878306878307,1.0,1.60322,0.9564442647640268,-1.60322,-1.6762294041206316,1.0,1.0,1.0,9,4,36,0,0.3211009174311927,0.3176460000919485,0.25,0.225,0,0.0,0,0.0,-1.3078575385997377,0.5443624416158019,-1.3363460570098586,0.45430730734722763,-1.3763285283341584,0.5579850000000022,-1.2749406646877535,0.41672583333333324,-0.4362188417224632,17.9033,-0.47021684382435247,7.479066666666705,-0.34202428736362533,12.9369,-0.365778150793641,5.098900000000016,-1.7265259105339898,0.7488,-1.3101819845012042,0.4698000000000028
Chicken,Peach,7,19,0,7,19,379,-0.0294232493402626,1.2974358974358975,1.0,1.9117,1.1196352575727508,-1.9117,-1.7074310469146536,1.0,1.0,1.0,5,4,20,0,0.3968253968253968,0.3715913715913716,0.1875,0.1666666666666666,0,0.0,0,0.0,-0.5052665890686528,0.4760011800619233,-0.3544024530991384,0.40088872555954647,-1.194027104486921,0.45388625000000393,-1.277349939923136,0.3270366666666679,-0.3299773375760875,10.3023,-0.34975470938434683,3.943733333333333,-0.25364995698970505,7.2112,-0.2678341692724349,2.657999999999989,-1.099087318834409,0.5471,-0.9154642415437915,0.2699000000000025
Chicken,Tomato,7,19,0,7,19,379,-0.0294232493402626,1.2974358974358975,1.0,1.92542,1.1215961053784025,-1.92542,-1.716678571516976,1.0,1.0,1.0,5,2,10,0,0.3358778625954198,0.3206106870229008,0.25,0.1875,0,0.0,0,0.0,-0.5760660802422702,0.4151851119354961,-0.4709010584738802,0.3529495950993162,-0.496711475302268,0.35179250000000467,-0.6123900223194203,0.24940208333333413,-0.24978459205263867,5.413,-0.25653665985715157,1.9595999999999942,-0.19266430800214596,3.6936,-0.19820553684017692,1.3108000000000013,-0.7022862045458502,0.3303,-0.6343067525364123,0.1379666666666648
Kiwi,Potato,12,34,2,10,32,361,0.0521210002395186,2.6483516483516483,0.2663853349118135,4.68048,1.5572369664248271,-2.68048,-1.7213051435286455,0.984820303593928,0.3443368038837036,1.0,7,2,14,0,0.3189655172413793,0.2887534041778571,0.15,0.1458333333333333,0,0.0,0,0.0,-0.8592587720112191,0.44501323198408543,-1.1515104483891467,0.37684002803873357,-1.1630427449868144,0.40223375000000494,-1.232284761239077,0.2871604166666667,-0.2965178900906939,7.4133,-0.30800282116437566,2.7964333333333258,-0.22651949330936427,5.0339,-0.23628969466255864,1.850166666666669,-0.8794112073676957,0.4361,-0.7655866571096244,0.19733333333332784
Hazelnut,Potato,16,34,3,13,31,358,0.0757288418159842,2.950617283950617,0.1422228492981764,6.02432,1.7497909982623625,-3.0243200000000003,-1.7283892779213714,0.9819403611927762,0.2025051229854745,1.0,12,2,24,0,0.3303167420814479,0.3220692532332082,0.1625,0.15,0,0.0,0,0.0,-0.9981338041328057,0.49114454859912055,-1.006235707022352,0.4154314441581726,-1.38778803745351,0.4760037499999988,-1.4541504056226162,0.3505383333333326,-0.3551565100685618,11.7815,-0.38104603370849727,4.753200000000016,-0.2751610633783596,8.2837,-0.2947002668740505,3.1930666666666587,-1.1941552632798718,0.5878,-0.9762122385696966,0.31933333333333824
Potato,Soybean,34,16,3,31,13,358,0.0757288418159842,2.950617283950617,0.1422228492981764,6.02394,1.7397375883736048,-3.02394,-1.7381586856595612,0.9829803403931922,0.2025051229854745,1.0,2,7,14,0,0.3351063829787234,0.3234010461795193,0.2375,0.2083333333333333,0,0.0,0,0.0,-0.7368309167652156,0.44379689055837773,-0.6865251954323017,0.37660029590472155,-0.746227471968898,0.39885625000000274,-0.6730979646433666,0.28563333333333324,-0.2853351353375244,7.315,-0.29612712562960886,2.767533333333328,-0.2168236963206575,4.9952,-0.2263902761311576,1.8410333333333362,-0.8591993572778505,0.4247,-0.7472373524880457,0.19483333333332883
Kiwi,Orange,12,23,1,11,22,371,0.0200404381599642,2.1536231884057973,0.5091442735222055,3.57306,1.450207652855273,-2.57306,-1.7742700467301868,0.991020179596408,0.6038687895263368,1.0,7,1,7,1,0.8073394495412844,0.4574083152414968,0.8125,0.35,35,11.666666666666666,27,9.0,3.3164970200652526,0.38672699858550924,1.9690042094166889,0.3275183413195263,2.647975069275602,0.30649375000000095,1.4479389963047267,0.2158912499999999,1.4932830142157396,4.0781,1.413361625538825,1.470233333333338,1.2910078539064587,2.8512,1.2492776109533978,1.0101333333333329,1.7674024273509943,0.2425,1.2612008319798131,0.09733333333333541
Kiwi,Onion,12,12,0,12,12,381,-0.0305343511450381,1.2208,1.0,2.13696,1.1993172884603969,-2.13696,-1.7818137206570968,1.0,1.0,1.0,7,1,7,1,0.303030303030303,0.2738252086078173,0.2375,0.1541666666666666,0,0.0,0,0.0,-0.6721466716352102,0.38721016708508493,-0.8289029996263817,0.3277694167122044,-0.3614531615206057,0.3064437500000002,-0.6710505598213363,0.2160275000000006,-0.20505329381856968,3.8369,-0.21152236134796948,1.3805333333333374,-0.15554374201038185,2.5968,-0.16093498666530429,0.9193999999999997,1.7493110992516692,0.2463,1.260665995619512,0.098066666666669
Chicken,Strawberry,7,21,0,7,21,377,-0.0310135527191146,1.1705426356589148,1.0,2.07018,1.1461128947882924,-2.07018,-1.806261852051145,1.0,1.0,1.0,5,3,15,0,0.3396226415094339,0.3219776034658732,0.1875,0.1833333333333333,0,0.0,0,0.0,-0.7440530195824694,0.4514541603780866,-0.7739250359334607,0.38158391898593275,-1.013296267107283,0.41093250000000436,-0.9480117460615757,0.2939408333333313,-0.30178571231849766,8.1967,-0.3139370337712318,3.05823333333331,-0.23300710222877097,5.6658,-0.2424725232275946,2.0522666666666676,-0.9017963336473891,0.4485,-0.7771023850228701,0.207399999999995
"Cow Milk, UHT",Potato,34,34,7,27,27,344,0.1331060726177263,3.4165289256198346,0.0160853374449656,11.04612,2.228100748530011,-4.04612,-1.8159502000389467,0.9809203815923682,0.03177420530502,1.0,4,2,8,0,0.2925531914893617,0.2646411345709764,0.2375,0.1624999999999999,0,0.0,0,0.0,-0.817961373816964,0.39899046961029755,-1.152816686505802,0.3387611526229463,-0.4534779692738683,0.3266600000000014,-0.7286298061923113,0.22968000000000005,-0.22715894419978244,4.5249,-0.23205241143417363,1.5915333333333366,-0.17686843880843597,3.0851,-0.1805372068580328,1.0690666666666662,-0.6197443384031023,0.2775,-0.5714964407724693,0.11013333333333471
Egg White,String Bean,33,13,2,31,11,361,0.0481705745256142,2.494824016563147,0.286598238971376,4.9331,1.6127691682320824,-2.9331,-1.818673160285712,0.988360232795344,0.3670813060797761,1.0,5,8,40,0,0.4122137404580153,0.4098397002108818,0.2625,0.25,0,0.0,0,0.0,-0.8300262584117752,0.5532995470900106,-0.49888804894159794,0.46116689601241717,-1.4164798892096322,0.5729550000000039,-1.190653064703934,0.43037583333333324,-0.4436897167441817,18.7933,-0.4812909357895262,7.950499999999977,-0.3444713167855303,13.5032,-0.37021498251147733,5.374600000000021,-1.8807458843952551,0.7796,-1.4021053624835613,0.5040333333333319
Banana,Cherry,22,13,1,21,12,371,0.0181602375166479,2.073488372093024,0.5216342411170604,3.68736,1.4770566104249363,-2.68736,-1.8194021684970287,0.992180156396872,0.617377234739812,1.0,2,4,8,1,0.8091603053435115,0.4694728298357853,0.85,0.4458333333333333,32,10.666666666666666,16,5.333333333333333,2.9974604419706665,0.40236238092609444,1.9416676198117158,0.34007933532898893,2.588940481871116,0.32873000000000185,2.2779306650690296,0.22965791666666646,1.204087983192457,5.0568,1.148208616307896,1.7978333333333387,0.6227674479676257,3.5549,0.6015105273238498,1.2456333333333354,1.6079535196434664,0.2789,1.1648550102064827,0.1101333333333352
Banana,Peach,22,19,2,20,17,366,0.0498660406601814,2.554006968641115,0.2760223107506472,5.04462,1.6696433917456748,-3.04462,-1.8235151380539625,0.988640227195456,0.3551571475484245,1.0,2,4,8,1,0.8015267175572519,0.4646623450058564,0.85,0.4125,47,15.666666666666666,37,12.333333333333334,3.049836900443043,0.39886106224718376,1.9158232426460797,0.33841696281661326,2.638012837168064,0.3270325000000027,1.9421339883129156,0.22925583333333388,1.957544520476848,4.7699,1.839308390508803,1.711433333333337,1.759749931837556,3.3111,1.6919688487768196,1.1696333333333337,1.6023751546633997,0.2803,1.1426517692156788,0.1115000000000016
Banana,Chicken,22,7,0,22,7,376,-0.0317847966582755,1.1155555555555556,1.0,2.13388,1.165262264728417,-2.13388,-1.831244402733092,1.0,1.0,1.0,2,5,10,0,0.3358778625954198,0.3104325699745547,0.2375,0.2041666666666667,0,0.0,0,0.0,-0.5794834249555564,0.4160344459083252,-0.6112324526773038,0.353279655886126,-0.5585858598352865,0.35283875000000303,-0.44867119865411703,0.25009291666666705,-0.2562920084319446,5.5077,-0.26039113063180847,2.0103000000000044,-0.19849795495184902,3.7531,-0.20261358961751524,1.3449000000000007,-0.7005407230923789,0.3292,-0.6321849931659379,0.13753333333333193
Fig,Peach,8,19,0,8,19,378,-0.0314943673113429,1.1417797888386123,1.0,2.1669,1.1776775407555329,-2.1669,-1.8399773494957168,1.0,1.0,1.0,13,4,52,1,0.9083969465648856,0.7036918393311522,0.9375,0.7291666666666666,73,30.0,57,20.33333333333333,1.9436657662959091,0.580185295954032,1.961796880517677,0.4870658624313424,1.5541704463724229,0.6116950000000034,1.6205949943190343,0.4728845833333341,1.201329181401493,21.6885,1.2000306406091195,9.648899999999927,1.0528316014034873,15.5834,0.9452935602347322,6.452166666666707,0.4299233922720987,0.844,1.0753070625867789,0.6086333333333317
Meat,Onion,13,12,0,13,12,380,-0.03182167167157,1.1274074074074074,1.0,2.28278,1.2346722122085687,-2.28278,-1.8488955833197112,1.0,1.0,1.0,3,1,3,0,0.3333333333333333,0.2393939393939393,0.0875,0.0708333333333333,0,0.0,0,0.0,0.0117918327882506,0.33212426271855394,-0.519151265868741,0.26729292814001854,-0.8957599728348772,0.22395874999999996,-1.161850068230524,0.14754708333333252,-0.12243542016846068,1.7567,-0.12365525393155946,0.5987333333333331,-0.0930140820858497,1.217,-0.09397902631889793,0.41190000000000015,-0.3633043331528834,0.1166,-0.35299902404619127,0.0412333333333328
Cherry,Kiwi,13,12,0,13,12,380,-0.03182167167157,1.1274074074074074,1.0,2.27808,1.2319056431399278,-2.27808,-1.8492325387791413,1.0,1.0,1.0,4,7,28,1,0.8256880733944955,0.5630393416951055,0.8375,0.5791666666666667,37,14.333333333333334,28,9.333333333333334,1.909730118208436,0.5124012906435949,1.4743070716021136,0.428913801630493,1.457045927407212,0.5093700000000001,1.5060577524821352,0.37236958333333375,0.6487299539029563,13.8759,0.6597082685729929,5.508933333333346,0.5601528049196897,9.8227,0.4808765301560222,3.7229333333333203,0.7201408788185005,0.6585,1.8892600430123156,0.36853333333333854
Carrot,Meat,12,13,0,12,13,380,-0.03182167167157,1.1274074074074074,1.0,2.28472,1.234266795146009,-2.28472,-1.8510746695812448,1.0,1.0,1.0,2,3,6,0,0.3096774193548387,0.302360005585812,0.2,0.1791666666666666,0,0.0,0,0.0,-0.565438507286643,0.3794999605048571,-0.30139453618161555,0.320790080297366,-0.5117244349941037,0.29547125000000196,-0.3058496767395801,0.20491208333333372,-0.20110785797000746,3.4917,-0.2041452963241593,1.2106666666666674,-0.15442581232984287,2.3694,-0.15692183088433717,0.8124333333333326,-0.5335602463500234,0.2216,-0.504096614222111,0.08336666666666841
Kiwi,String Bean,12,13,0,12,13,380,-0.03182167167157,1.1274074074074074,1.0,2.29662,1.2371889813605683,-2.29662,-1.856321091280936,1.0,1.0,1.0,7,8,56,1,0.8807339449541285,0.5275804189372514,0.8875,0.5541666666666667,41,14.666666666666666,28,9.666666666666666,1.6287888257066772,0.5996285822704196,0.25099709428829686,0.4992619855605031,1.211200201964255,0.6356675000000049,0.3872099452582017,0.49272541666666636,0.3504089814888599,24.8208,0.19902095535566897,11.01723333333328,0.22975320894812323,18.1484,0.13667515919402162,7.474399999999991,0.37969034715857664,0.874,0.996405992536619,0.6484666666666707
Banana,Mulberry,22,26,3,19,23,360,0.0705657507825943,2.7534097108565194,0.1599678522437511,6.44584,1.847513652019927,-3.44584,-1.8651228889337776,0.987860242795144,0.223238719175981,1.0,2,3,6,0,0.286624203821656,0.2677305352950804,0.2125,0.1625,0,0.0,0,0.0,-0.7484134901257301,0.37819699111757565,-0.8527312623033252,0.3200485021468218,-0.4383161213950145,0.29330875000000317,-0.49046419051319406,0.2040270833333336,-0.20580745051242658,3.4111,-0.2081397701145457,1.1935333333333362,-0.15951389322658235,2.2844,-0.1618712882172632,0.7899666666666664,-0.5278341345021014,0.2179,-0.497257090860566,0.08216666666666832
Sesame,Shellifish,31,38,7,24,31,343,0.1303109857221996,3.3381924198250728,0.0177959704114553,11.1882,2.2295875762122463,-4.1882,-1.878464001452304,0.984840303193936,0.0345451190340015,1.0,4,6,24,0,0.3005181347150259,0.2905954193519489,0.2375,0.225,0,0.0,0,0.0,-1.2053180933553294,0.49376187548998807,-1.426149066774122,0.414920000112925,-1.0952904205620773,0.48261250000000416,-0.9510174865427916,0.3504870833333322,-0.3634280431967968,11.8385,-0.3790047204085238,4.633733333333348,-0.280444317966418,8.2683,-0.2914956255276038,3.1064666666666647,-1.2501153201546207,0.6098,-1.0113038848707743,0.32330000000000425
Banana,Egg White,22,33,4,18,29,354,0.0879019180275132,2.92304168575355,0.0934143408446121,7.69228,1.9433034764544628,-3.69228,-1.9000017468895425,0.987620247595048,0.142406101124531,1.0,2,5,10,0,0.4427480916030534,0.3598691384950926,0.2125,0.2041666666666667,0,0.0,0,0.0,0.1983583226441133,0.41531133910904866,0.1027797670359113,0.3527593190501774,-0.6850451054154915,0.35340500000000163,-0.44857720248234484,0.24961958333333414,-0.24735101063847187,5.637,-0.2530626444970952,2.04533333333333,-0.19182649357251913,3.8882,-0.19686047203955273,1.3847000000000014,-0.7099194051007531,0.3351,-0.6378580584907078,0.139866666666665
Chicken,Orange,7,23,0,7,23,375,-0.0325416612985001,1.0652482269503547,1.0,2.2139,1.163317149362116,-2.2139,-1.9030923778730096,1.0,1.0,1.0,5,1,5,0,0.3053435114503817,0.2875318066157761,0.1625,0.15,0,0.0,0,0.0,-0.503546182951683,0.3650767172242009,-0.29165053025405346,0.30570021343507703,-0.616860719940129,0.27249250000000313,-0.4627755132070075,0.18827125000000003,-0.16952765988643995,3.1626,-0.17388395925129074,1.1224999999999998,-0.13140212580571312,2.2158,-0.13548182982563367,0.7777333333333325,-0.47375079818709204,0.1833,-0.4474414019666116,0.0686666666666672
Apple,Banana,20,22,2,18,20,365,0.0459352023765788,2.4093605800922875,0.2970490385487096,5.25934,1.7085323422165597,-3.25934,-1.907684109609248,0.991440171196576,0.379600251995048,1.0,4,2,8,0,0.3043478260869565,0.2848474221768562,0.2375,0.2125,0,0.0,0,0.0,-0.719663284235278,0.3995363434514032,-0.8264863305421473,0.33897766145958436,-0.4486551459522476,0.3266237500000013,-0.1766799112180241,0.22914166666666747,-0.2250365112909197,4.58,-0.2294842068156269,1.6376333333333355,-0.17316049234473754,3.106,-0.17701662847094654,1.0943333333333332,-0.6195897859924517,0.2774,-0.5699924339222827,0.11100000000000143
Peach,Wheat Flour,19,16,1,18,15,371,0.0149491372415878,1.943330427201395,0.5433200838162028,3.92024,1.530045209266707,-2.92024,-1.9085971985099448,0.99430011399772,0.6389990922869806,1.0,4,5,20,0,0.4603174603174603,0.4179894179894179,0.15,0.1333333333333333,0,0.0,0,0.0,-0.11411119220839275,0.47830655215877377,0.18840409156323348,0.40240511212800595,-1.3542758911097803,0.4538325000000005,-1.535243979513405,0.3271804166666679,-0.3394034826506716,10.2059,-0.35731121164309276,3.9012999999999827,-0.26096747151596117,7.0754,-0.2739208521907198,2.604166666666665,-1.0906975729014772,0.5433,-0.9087609849620729,0.27036666666666875
Cow Milk,Mulberry,28,26,4,24,22,355,0.0874598815104801,2.9020408163265308,0.0945073034001742,7.75972,1.966516087297533,-3.75972,-1.911868417596705,0.988420231595368,0.1434097780321464,1.0,4,3,12,0,0.3626373626373626,0.3323067590583514,0.225,0.1916666666666666,0,0.0,0,0.0,-0.48805493733189037,0.4327543654686318,-0.4784371093187541,0.36681187712388946,-0.7361751287915079,0.3816275000000037,-0.7342177355425257,0.2706354166666665,-0.27613820127794014,6.869,-0.2843478457536097,2.5067999999999975,-0.21612724206254733,4.754,-0.22233932408175533,1.695900000000001,-0.7950598241900602,0.3873,-0.7037676015631132,0.16726666666666265
Soybean,Tomato,16,19,1,15,18,371,0.0149491372415878,1.943330427201395,0.5433200838162028,3.92324,1.526377378763195,-2.92324,-1.915148927566436,0.994020119597608,0.6389990922869806,1.0,7,2,14,1,0.8320610687022901,0.5114503816793893,0.875,0.4291666666666666,47,15.666666666666666,34,11.333333333333334,2.6417037298948283,0.4433652755858113,1.795479274818686,0.37549839683916386,2.2094684856478692,0.39877125000000263,1.2861540436657977,0.2846562499999996,1.4956246296550535,7.4826,1.3767391853960975,2.775666666666653,1.213085113971299,5.1794,1.1536827374078165,1.8670999999999978,1.1567572971329914,0.4277,0.5469093889343538,0.19289999999999455
Hazelnut,Tomato,16,19,1,15,18,371,0.0149491372415878,1.943330427201395,0.5433200838162028,3.931,1.5288162087052848,-2.931,-1.917169626610768,0.994580108397832,0.6389990922869806,1.0,12,2,24,0,0.4274809160305343,0.3671423830069698,0.2625,0.1916666666666666,0,0.0,0,0.0,-0.3987667292613797,0.4910974383869131,-0.5261696636600594,0.4150737563917994,-0.9569055448013545,0.4776650000000026,-1.16431567850995,0.3507658333333349,-0.36997958991726965,11.5038,-0.397371049499823,4.6265000000000285,-0.28670230674472114,8.0004,-0.30842837516617516,3.0702666666666576,-1.2053148591706453,0.5923,-0.9815369728069951,0.32080000000000436
Banana,Peanut,22,14,1,21,13,370,0.0142826439654583,1.9147286821705427,0.548481299013552,3.9128,1.5189720734760075,-2.9128,-1.9176126084624872,0.994480110397792,0.6414252910551388,1.0,2,12,24,1,0.7862595419847328,0.4826866762009125,0.8625,0.4125,30,10.0,22,7.333333333333333,1.8337140571296355,0.4908779503951586,0.7354635050161705,0.41463917790272553,1.7085170733163286,0.4761787500000052,0.45388355491801036,0.3497474999999993,0.5537842929844147,11.7954,0.4213297093894919,4.772300000000003,0.4612235329560002,8.2889,0.3852666016897099,3.2065333333333252,0.8298305308286179,0.5922,0.03650721460093841,0.3213666666666717
Carrot,Shellifish,12,38,2,10,36,357,0.0436507322397451,2.332028701891716,0.3126765091480169,5.0384,1.5805206230859496,-3.0384,-1.922404526470244,0.99140017199656,0.3968586462263292,1.0,2,6,12,0,0.3311688311688311,0.315347018572825,0.25,0.225,0,0.0,0,0.0,-0.7031773031926609,0.4315624112953896,-0.6923162071157565,0.36581494726985736,-0.6058758044257472,0.3785412500000051,-0.40593843768043036,0.2689670833333339,-0.2688374099359158,6.5158,-0.2784531425552987,2.3989666666666594,-0.20639390193193075,4.4486,-0.21407167315085138,1.5994333333333355,-0.7933855610769193,0.3863,-0.7048515440143452,0.16873333333332977
Egg Yolk,Kiwi,14,12,0,14,12,379,-0.033065111152477,1.046896551724138,1.0,2.42886,1.262069372261288,-2.42886,-1.9245059371404736,1.0,1.0,1.0,2,7,14,0,0.5086206896551724,0.5013445112306232,0.25,0.2333333333333333,0,0.0,0,0.0,0.4623055461794886,0.44175225138374596,1.669246970610599,0.37500552528781184,-0.6894496508348134,0.397911250000004,-0.4549328818903157,0.2848466666666657,-0.2908309437827617,7.0553,-0.3005254631968511,2.6518666666666615,-0.22163040597851968,4.7768,-0.22984820365686462,1.749000000000007,-0.8560385159198,0.4229,-0.7445925844419711,0.19046666666666195
Peach,Sesame,19,31,3,16,28,358,0.0678870961694065,2.668261562998405,0.1702920357770081,6.51716,1.8268512622542663,-3.51716,-1.925257995913666,0.990320193596128,0.2335790515180967,1.0,4,4,16,0,0.3956043956043956,0.3606334293357194,0.225,0.1958333333333333,0,0.0,0,0.0,-0.4014336839076869,0.4561188101264015,-0.3173442193316015,0.3852869503750039,-0.8936208333085913,0.42121500000000367,-0.8942078976516645,0.3012604166666648,-0.30315986386160637,8.581,-0.3170095969849719,3.212466666666659,-0.23362276043178773,5.9367,-0.2439721672401377,2.1551666666666702,-0.9540543355923996,0.4765,-0.8171731487187589,0.22096666666666298
Peach,Pistachio,19,31,3,16,28,358,0.0678870961694065,2.668261562998405,0.1702920357770081,6.50002,1.8150922840450832,-3.50002,-1.9282876307533607,0.989740205195896,0.2335790515180967,1.0,4,4,16,0,0.4126984126984127,0.4013024013024013,0.2875,0.2749999999999999,0,0.0,0,0.0,-0.29030003731639736,0.45660578389152606,0.1992971258407512,0.38562959409869574,-0.5981056946522052,0.4194337500000043,-0.21483255541655005,0.3006170833333344,-0.32529351358847214,8.3017,-0.3383487453650302,3.139799999999984,-0.25148764407080304,5.6363,-0.26217084533599155,2.0625666666666693,-0.9358529112760191,0.4669,-0.8043203566731238,0.2187333333333293
Cherry,Meat,13,13,0,13,13,379,-0.0331632653061224,1.0411522633744856,1.0,2.43572,1.261835203820214,-2.43572,-1.9302996085589008,1.0,1.0,1.0,4,3,12,0,0.3511450381679389,0.3049271339347675,0.2125,0.1541666666666666,0,0.0,0,0.0,-0.5509551785008391,0.42971493938398136,-0.8416444059983568,0.3648120819655927,-0.7743490190586294,0.37550500000000386,-1.0781753229805369,0.2668308333333331,-0.26317691276696614,6.3741,-0.2725764176184117,2.3125333333333296,-0.2018625413836133,4.3659,-0.20884592207818997,1.5487333333333377,-0.7759192128048794,0.3758,-0.69077004258807,0.1587666666666635
Banana,Egg Yolk,22,14,1,21,13,370,0.0142826439654583,1.9147286821705427,0.548481299013552,3.9334,1.5062551045556665,-2.9334,-1.9474788773348788,0.994540109197816,0.6414252910551388,1.0,2,2,4,0,0.4885496183206106,0.4010701990719952,0.2625,0.2083333333333333,0,0.0,0,0.0,1.2267732718935556,0.3512581003122248,1.9293929597723904,0.2912180176780875,0.053292066099821116,0.25355250000000035,0.48383640505061587,0.17185791666666633,-0.17274782844467806,2.346,-0.17512389897828995,0.8130999999999995,-0.1343878414715389,1.569,-0.13647081984189072,0.5387333333333326,-0.4291067732555146,0.1555,-0.4113246879713557,0.056933333333332926
Shellifish,Soybean,38,16,3,35,13,354,0.0651521975238356,2.588941053729786,0.181745499637066,6.47574,1.7786319046952916,-3.47574,-1.9541648785364896,0.990440191196176,0.248075973957163,1.0,6,7,42,0,0.3160621761658031,0.30890229771977,0.275,0.2583333333333333,0,0.0,0,0.0,-1.4205910387514806,0.5583844899748693,-1.5190021569503438,0.46579074422914785,-1.3825145772597975,0.5778187500000026,-1.1666954117168487,0.43553124999999765,-0.4600366320557116,19.0742,-0.5008791583182385,8.064399999999992,-0.3593567332824606,13.7001,-0.38758179435892587,5.445433333333351,-1.9513309067639726,0.792,-1.4467429036067243,0.5218333333333319
Chicken,Rice,7,25,0,7,25,373,-0.0340161916732818,0.976470588235294,1.0,2.33574,1.189511938737901,-2.33574,-1.9636120697353168,1.0,1.0,1.0,5,7,35,0,0.4495412844036697,0.3672703443345645,0.2875,0.2708333333333333,0,0.0,0,0.0,-0.532484711375576,0.539338046555799,-0.833654994045883,0.4494581638132824,-1.1874094685010357,0.5518700000000031,-0.9439842923851157,0.4090662500000015,-0.4455385704033035,16.8357,-0.4813191312989408,6.916233333333366,-0.34819591040721576,11.9261,-0.3744127302996798,4.643033333333337,-1.7038781131618834,0.7438,-1.28903956751731,0.4534000000000011
Shellifish,Wheat Flour,38,16,3,35,13,354,0.0651521975238356,2.588941053729786,0.181745499637066,6.48802,1.7689930694041756,-3.48802,-1.9717544745242104,0.991740165196696,0.248075973957163,1.0,6,5,30,0,0.327683615819209,0.3148103556435638,0.25,0.2375,0,0.0,0,0.0,-1.1557234970737127,0.5208992663658608,-1.280456332468245,0.4351890985760553,-1.2002525166692675,0.5216275000000028,-1.0299987003938265,0.3840208333333327,-0.4077510766591071,14.7707,-0.4312898246911543,5.961400000000033,-0.318150518746117,10.4458,-0.33433297500937054,4.012399999999989,-1.4574030817109052,0.6799,-1.1481248153800323,0.3956000000000042
Casein (nBos d8),Kiwi,15,12,0,15,12,378,-0.0342694925693831,0.9767741935483872,1.0,2.56454,1.2922207970776514,-2.56454,-1.984598921329613,1.0,1.0,1.0,1,7,7,0,0.2660550458715596,0.248395160218056,0.15,0.1333333333333333,0,0.0,0,0.0,-0.9585999600406948,0.3868248147545085,-1.2184595455317153,0.32763466894407195,-0.8144934684608809,0.30530500000000266,-0.8981483029106629,0.21484666666666705,-0.20043122855577583,4.0068,-0.20571568892987824,1.4415000000000024,-0.15558913727009638,2.7714,-0.16023501578558835,0.9820666666666653,-0.5602568999864204,0.2389,-0.5197693750810622,0.09370000000000211
Casein (nBos d8),Onion,15,12,0,15,12,378,-0.0342694925693831,0.9767741935483872,1.0,2.5672,1.2909702397809175,-2.5672,-1.9885818595134024,1.0,1.0,1.0,1,1,1,0,0.1363636363636363,0.1363636363636363,0.1625,0.1625,0,0.0,0,0.0,-1.4716711583889548,0.2674220331309546,-1.4716711583889548,0.2674220331309546,0.12363088799080377,0.14848500000000048,0.12363088799080377,0.14848500000000048,-0.09259090528751787,0.5982,-0.09259090528751787,0.5982,-0.07443401770961308,0.3967,-0.07443401770961308,0.3967,-0.20834028925505052,0.0416,-0.20834028925505052,0.0416
Apple,Soybean,20,16,1,19,15,370,0.0122783150037081,1.8387096774193548,0.5622498212745984,4.0787,1.546850448492031,-3.0787000000000004,-1.9903022965156807,0.995220095598088,0.6557633050624735,1.0,4,7,28,1,0.5443037974683544,0.4227389469822051,0.6,0.3583333333333333,9,3.0,7,2.333333333333333,0.18116005426062912,0.5141189500359644,-0.07313825091207334,0.4295377218439681,0.39117856611943197,0.5109400000000035,-0.10829112155908328,0.373437083333334,-0.14608139727875505,14.5239,-0.19578070991272917,5.77463333333337,-0.09885122743566571,10.416,-0.13039776994641752,3.9564333333333335,0.7193404498933779,0.659,-0.10785865127884595,0.36950000000000544
Banana,Strawberry,22,21,2,20,19,364,0.0422175724160523,2.279549718574109,0.3180326493383004,5.45178,1.7235297594181525,-3.4517800000000003,-2.002738845173923,0.992960140797184,0.4027456349408274,1.0,2,3,6,1,0.7938931297709924,0.4543184982476355,0.8625,0.4125,37,12.333333333333334,27,9.0,3.3613380444925802,0.37804947447803244,2.1489824567559586,0.3196108429992991,3.0470152461653326,0.29424000000000294,2.39837801597976,0.20466583333333305,2.210906628216422,3.359,2.101055358397972,1.1871333333333365,1.9432638957544568,2.2196,1.884099822306465,0.7741666666666661,1.8742025981897934,0.2216,1.455333071692415,0.08513333333333509
Cow Milk,Kiwi,28,12,1,27,11,366,0.0097794065665529,1.7383399209486166,0.5819059610987151,4.10168,1.5049189937003251,-3.10168,-2.061027877901605,0.996140077198456,0.6758783523320478,1.0,4,7,28,0,0.391304347826087,0.3701298336488817,0.225,0.2166666666666666,0,0.0,0,0.0,-0.7282514348635956,0.5116654744621814,-0.6329419321269142,0.4281618445138149,-1.257242045852513,0.5086912500000018,-1.1305620627258506,0.3723483333333336,-0.387286958802292,13.8863,-0.41292180325079003,5.508700000000008,-0.3017304447714073,9.8137,-0.3194936777529968,3.711266666666646,-1.3778790674938355,0.655,-1.0935769331896048,0.3644666666666726
Egg White,Tomato,33,19,3,30,16,356,0.0619695629718299,2.479384003974168,0.1947095550899083,6.81242,1.8492359891587664,-3.81242,-2.061618972565153,0.9935001299974,0.2625770682823043,1.0,5,2,10,0,0.4427480916030534,0.3702032532888298,0.2375,0.2083333333333333,0,0.0,0,0.0,0.19322284274296422,0.4161439494614312,0.24241253469437618,0.35357038064997764,-0.5641132239258844,0.3535475000000029,-0.41647026021020106,0.25033749999999994,-0.25119147994191043,5.512,-0.25882756945925167,1.9921333333333342,-0.19371428845901756,3.7773,-0.19986041511898944,1.336266666666668,-0.7072128498560388,0.3334,-0.6379080996546684,0.1390333333333319
Cherry,Shellifish,13,38,2,11,36,356,0.0374841392454842,2.1232876712328768,0.3490160281243598,5.40904,1.6329379285202477,-3.40904,-2.087672740316124,0.994480110397792,0.4350239048070376,1.0,4,6,24,0,0.358974358974359,0.3461864683238729,0.2,0.1958333333333333,0,0.0,0,0.0,-0.8593291835196188,0.4973254100838713,-0.8110703023814407,0.4171718958100626,-1.2606302916743655,0.48473500000000513,-1.1680018232515004,0.3518566666666688,-0.37188750247234803,12.0743,-0.39116756360796145,4.733400000000005,-0.287355036655696,8.4083,-0.3012188125372745,3.1603333333333223,-1.2435727299633217,0.6073,-1.0093349303482806,0.3218666666666713
Hazelnut,Sesame,16,31,2,14,29,360,0.0369639358669849,2.1069549970777324,0.3505005436234955,5.63916,1.7220204686356062,-3.63916,-2.113308213393877,0.995040099198016,0.4350239048070376,1.0,12,4,48,1,0.7785714285714286,0.6048295608309248,0.8375,0.7250000000000001,41,21.33333333333333,25,13.0,1.2115685195631358,0.5716626000921556,1.1453659038247235,0.47889337542771526,1.1074156777128241,0.6008425000000032,1.677153620062023,0.4614533333333335,0.44936612046849544,21.2893,0.6930861042581722,9.307433333333307,0.23745727641899905,15.4032,0.44327562490383215,6.293833333333327,0.4602471464041312,0.8252,1.1579333978116604,0.5777000000000005
Hazelnut,Meat,16,13,0,16,13,376,-0.0369329359875861,0.8451178451178452,1.0,2.8964,1.3536569136971155,-2.8964,-2.1396854481312664,1.0,1.0,1.0,12,3,36,0,0.4090909090909091,0.3793334870257947,0.3,0.2791666666666666,0,0.0,0,0.0,-0.7618265895832561,0.5358452999588752,-0.697132257473785,0.4495486765245525,-1.105929040708179,0.5465300000000035,-0.8699869919350278,0.40920541666666627,-0.4385949264223653,16.2044,-0.4752852445015582,6.811533333333365,-0.3400417898430996,11.4253,-0.36751097289801116,4.543966666666681,-1.640548396188375,0.7291,-1.2615793902821795,0.4547000000000007
Mulberry,Pistachio,26,31,4,22,27,352,0.0761555357839458,2.5636363636363635,0.1270617204463395,8.39644,2.008779561425295,-4.39644,-2.188612471186526,0.995340093198136,0.1851470783646661,1.0,3,4,12,0,0.3626373626373626,0.3564079232869042,0.2,0.1833333333333333,0,0.0,0,0.0,-0.481745015104375,0.43115806886986213,-0.12985419229513842,0.3656704310583261,-0.8418831344315434,0.3781112500000026,-0.7982904571765942,0.26800416666666727,-0.2746871696277352,6.4696,-0.28362841824546997,2.356866666666664,-0.21358847443253798,4.4134,-0.22076489805248617,1.5723333333333387,-0.7845437433941266,0.381,-0.6985138908668376,0.16303333333332956
Chicken,Sesame,7,31,0,7,31,367,-0.0381814598824095,0.7777777777777778,1.0,2.7072,1.2350660549136634,-2.7072,-2.1919475393478005,1.0,1.0,1.0,5,4,20,0,0.3310344827586207,0.3179199556848082,0.1875,0.1833333333333333,0,0.0,0,0.0,-0.9350511990746175,0.4777395151354091,-1.0133617630910863,0.4017682399568193,-1.1964621593430758,0.45475125000000355,-1.1487012545780717,0.32802333333333383,-0.3383961885227384,10.043,-0.3519827290773077,3.8600999999999948,-0.25894010914251486,6.9203,-0.2696579074843654,2.5649999999999977,-1.094662202433609,0.5451,-0.9111772263104551,0.2726333333333353
Chicken,Pistachio,7,31,0,7,31,367,-0.0381814598824095,0.7777777777777778,1.0,2.7115,1.2307671388203376,-2.7115,-2.2030974946234845,1.0,1.0,1.0,5,4,20,0,0.3766233766233766,0.3490805830255372,0.2375,0.2291666666666666,0,0.0,0,0.0,-0.6461977576942246,0.47927430117835745,-0.6333642167433392,0.40263723575279725,-0.9657629755613777,0.4553625000000029,-0.7731753233408999,0.3281820833333336,-0.3431151604222409,10.7662,-0.3570944196425239,4.1472000000000016,-0.269222191312343,7.5793,-0.2802956535256788,2.8181666666666545,-1.0979790554357411,0.5466,-0.9138395330350534,0.2714333333333355
Kiwi,Peach,12,19,0,12,19,374,-0.0387683659219518,0.7682051282051282,1.0,3.07632,1.3817435571045742,-3.07632,-2.2264044468905566,1.0,1.0,1.0,7,4,28,1,0.8348623853211009,0.5786537621400006,0.8375,0.5375,36,14.333333333333334,28,11.0,1.9638870032624711,0.5113351045688745,1.6406786429977454,0.42809873642102436,1.4622850101233806,0.5074500000000013,1.2041755926666566,0.37112375000000064,0.603479677249755,13.8243,0.6462576665336139,5.496566666666692,0.5355105906382069,9.8856,0.6006954274038093,3.747766666666666,0.7233458688632453,0.6565,0.8962010491607888,0.3666333333333395
Banana,Pistachio,22,31,3,19,28,355,0.0539262019290314,2.238866396761133,0.2319213043299159,7.336,1.9202249868179488,-4.336,-2.258068731406985,0.996440071198576,0.303306265134389,1.0,2,4,8,0,0.3511450381679389,0.3307888040712468,0.225,0.1958333333333333,0,0.0,0,0.0,-0.3668492456523412,0.39894888903254716,-0.1192445451482776,0.3385387809677779,-0.515129730811102,0.32666000000000156,-0.3580018068513956,0.2293845833333335,-0.22282535902071923,4.5304,-0.2277071765970283,1.614600000000006,-0.17186129800362632,3.1032,-0.17597067068123726,1.0893666666666675,-0.6259300665057401,0.2815,-0.5764004131882607,0.11146666666666813
"Cow Milk, UHT",Hazelnut,34,16,2,32,14,357,0.0300206735067836,1.896551724137931,0.3955261689685136,6.01998,1.748811253280352,-4.01998,-2.298692893506648,0.997440051198976,0.4804501242825649,1.0,4,12,48,0,0.3491124260355029,0.3459491645268133,0.3,0.2749999999999999,0,0.0,0,0.0,-1.3126723554363389,0.5756918253150227,-1.218141332554042,0.48138923311853377,-1.4179964276018262,0.6056862500000041,-1.1914299038656726,0.463973333333334,-0.4888670693994256,22.7105,-0.5445218423924022,9.844799999999971,-0.3878892502477505,16.6763,-0.42601072867635326,6.750399999999986,-2.16300524947493,0.8239,-1.584526879661785,0.5801666666666657
"Cow Milk, UHT",Soybean,34,16,2,32,14,357,0.0300206735067836,1.896551724137931,0.3955261689685136,6.01504,1.7449509444107607,-4.01504,-2.30094720591461,0.997500049999,0.4804501242825649,1.0,4,7,28,0,0.3875,0.366139240506329,0.2375,0.225,0,0.0,0,0.0,-0.7601069641683357,0.5129351439255248,-0.6842235414745254,0.4288645237292877,-1.2158385979000896,0.5112650000000037,-1.080461267577475,0.3744166666666674,-0.3873894466632707,14.1921,-0.41503240101679384,5.587900000000032,-0.3027741174221839,10.0979,-0.32211578100653226,3.790466666666666,-1.4089267641952408,0.665,-1.1117750710751193,0.37520000000000614
Egg White,Onion,33,12,1,32,11,361,0.0011828431831884,1.4508361204013378,0.6446553965979098,4.59424,1.553383025013471,-3.59424,-2.313814392280249,0.998340033199336,0.7472142096930318,1.0,5,1,5,0,0.3863636363636363,0.3409090909090909,0.225,0.1666666666666666,0,0.0,0,0.0,0.18544839881719663,0.3647876763508784,0.5844663451355223,0.3057861190249007,-0.26776150569550267,0.27254375000000175,-0.2652987781049056,0.18840999999999933,-0.18730426951323725,2.8108,-0.19124452491191843,0.9939999999999983,-0.14378457535283864,1.8667,-0.14750505772944483,0.6529999999999999,-0.48337778537601006,0.1894,-0.4565962909391469,0.07086666666666748
Meat,Tomato,13,19,0,13,19,373,-0.040402830430281,0.7094017094017094,1.0,3.3095,1.4170073217877173,-3.3095,-2.33555603356,1.0,1.0,1.0,3,2,6,0,0.2977099236641221,0.2575846545312194,0.0875,0.0791666666666666,0,0.0,0,0.0,-0.653454840513873,0.37761560796948807,-1.0246111190129257,0.3197138419260857,-1.1172545914828012,0.29280125000000157,-1.490762251072541,0.2035849999999999,-0.18507516736720106,3.4715,-0.18876685100788573,1.2032999999999991,-0.14178633289917147,2.3718,-0.1444535379488934,0.8141666666666657,-0.5255105201508131,0.2164,-0.49589921221267624,0.08200000000000153
"Cow Milk, UHT",Kiwi,34,12,1,33,11,360,-0.0003889626883546,1.4036340038935755,0.6561181257399127,4.68416,1.5638302639353143,-3.68416,-2.355856696831639,0.998580028399432,0.757370922921998,1.0,4,7,28,0,0.391304347826087,0.3701298336488817,0.225,0.2166666666666666,0,0.0,0,0.0,-0.7282514348635956,0.5116654744621814,-0.6329419321269142,0.4281618445138149,-1.257242045852513,0.5086912500000018,-1.1305620627258506,0.3723483333333336,-0.387286958802292,13.8863,-0.41292180325079003,5.508700000000008,-0.3017304447714073,9.8137,-0.3194936777529968,3.711266666666646,-1.3778790674938355,0.655,-1.0935769331896048,0.3644666666666726
"Cow Milk, UHT",Onion,34,12,1,33,11,360,-0.0003889626883546,1.4036340038935755,0.6561181257399127,4.68734,1.551948363960606,-3.68734,-2.37594245119717,0.998820023599528,0.757370922921998,1.0,4,1,4,0,0.3409090909090909,0.2373737373737373,0.1625,0.1125,0,0.0,0,0.0,-0.07292466585570251,0.34888758086852106,-0.9038429843777421,0.2891319958318512,-0.5223274537359104,0.24870375000000014,-0.7767115399167364,0.17005333333333353,-0.165342775441895,2.224,-0.16711467530247603,0.7669666666666657,-0.12763048624850934,1.4938,-0.1292461147262838,0.5114000000000002,-0.42271656875639346,0.1516,-0.40346392275098425,0.055566666666666195
Banana,Carrot,22,12,0,22,12,371,-0.0418799641519082,0.6604444444444444,1.0,3.44198,1.4326456922770536,-3.44198,-2.4025340100170207,1.0,1.0,1.0,2,2,4,0,0.3032258064516129,0.282827358966241,0.1875,0.1625,0,0.0,0,0.0,-0.4149127112346467,0.34872935547031136,-0.12285730933315298,0.28971834285052833,-0.3863416605332927,0.2507187500000008,-0.10933801325531392,0.17050416666666646,-0.15850824207073835,2.2081,-0.15990547025138602,0.761933333333332,-0.12019016234374616,1.4674,-0.12158457918735902,0.5032666666666672,-0.42205904326737276,0.1512,-0.40607468385336004,0.05476666666666608
Banana,Tomato,22,19,1,21,18,365,-0.0016537207361794,1.3783783783783785,0.6625135931340822,5.04704,1.6807222371349768,-4.04704,-2.4079172099839283,0.999060018799624,0.7631830097499387,1.0,2,2,4,1,0.7709923664122137,0.4529262086513995,0.85,0.3875,29,9.666666666666666,18,6.0,3.8594126465067613,0.349161541075688,2.9601232427649498,0.2899099889475262,3.6615930117996625,0.2495350000000011,3.0070423744532797,0.16977916666666665,1.7718471910670295,2.2946,1.727055311548911,0.7873666666666651,1.226704795950358,1.5777,1.2072891477926824,0.5368333333333339,2.367492305174284,0.1514,2.0699386212165467,0.054733333333332676
"Cow Milk, UHT",Mulberry,34,26,4,30,22,349,0.0660153791659055,2.2918032786885245,0.1639006715557733,8.98522,2.064577814372712,-4.98522,-2.414643790752289,0.997260054798904,0.2270327820809601,1.0,4,3,12,0,0.3626373626373626,0.3323067590583514,0.225,0.1916666666666666,0,0.0,0,0.0,-0.48805493733189037,0.4327543654686318,-0.4784371093187541,0.36681187712388946,-0.7361751287915079,0.3816275000000037,-0.7342177355425257,0.2706354166666665,-0.27613820127794014,6.869,-0.2843478457536097,2.5067999999999975,-0.21612724206254733,4.754,-0.22233932408175533,1.695900000000001,-0.7950598241900602,0.3873,-0.7037676015631132,0.16726666666666265
Apple,Shellifish,20,38,3,17,35,350,0.0439077521091571,1.974647887323944,0.2864147009266025,7.84086,1.9401995929285207,-4.84086,-2.4950319635379605,0.998120037599248,0.3670813060797761,1.0,4,6,24,0,0.3217391304347826,0.3072463768115942,0.225,0.1999999999999999,0,0.0,0,0.0,-1.0873767287624374,0.4987991571946961,-1.2492127376815034,0.4173150992168753,-1.1541261125910218,0.48751125000000195,-1.1406004076947183,0.35323791666666543,-0.38044451878359986,12.4344,-0.40217336161135964,4.844600000000017,-0.29764948353081916,8.7004,-0.3137877947127954,3.2533333333333236,-1.2433120474162986,0.6072,-1.0087462997645058,0.3246000000000048
"Cow Milk, UHT",String Bean,34,13,1,33,12,359,-0.0046148820025752,1.2877611940298508,0.6858687204596149,5.02898,1.613040656524194,-4.02898,-2.497754773696597,0.999220015599688,0.7884679347906639,1.0,4,8,32,0,0.4354838709677419,0.3926119781107533,0.2125,0.1999999999999999,0,0.0,0,0.0,-0.5424177680682615,0.5265789730257124,-0.4901138414696999,0.43981591742398324,-1.4295840530993653,0.5328400000000022,-1.3482020446507639,0.3935129166666663,-0.4168447461482338,15.1525,-0.44761102607229525,6.187566666666705,-0.3227370530379816,10.6861,-0.34440219045552056,4.141466666666662,-1.5436806445443958,0.7044,-1.1988314780261355,0.41830000000000456
Cow Milk,Hazelnut,28,16,1,27,15,362,-0.0053049827103383,1.2756598240469208,0.6892841287863127,5.24988,1.6865467635378504,-4.24988,-2.5198708342276106,0.999260014799704,0.7907738164603711,1.0,4,12,48,0,0.3491124260355029,0.3459491645268133,0.3,0.2749999999999999,0,0.0,0,0.0,-1.3126723554363389,0.5756918253150227,-1.218141332554042,0.48138923311853377,-1.4179964276018262,0.6056862500000041,-1.1914299038656726,0.463973333333334,-0.4888670693994256,22.7105,-0.5445218423924022,9.844799999999971,-0.3878892502477505,16.6763,-0.42601072867635326,6.750399999999986,-2.16300524947493,0.8239,-1.584526879661785,0.5801666666666657
Peach,Soybean,19,16,0,19,16,370,-0.0449954229845812,0.5757575757575758,1.0,3.91462,1.5171058814730098,-3.91462,-2.5803208911161573,1.0,1.0,1.0,4,7,28,1,0.8473282442748091,0.6141352000372196,0.9,0.5791666666666667,60,22.0,51,18.33333333333333,2.0543721290190144,0.5112784114207474,2.054161766114901,0.42789463447653736,1.746432165559481,0.5089687500000054,1.5283093323357444,0.3710187500000007,1.3599687794923752,13.3164,1.295387957209898,5.294333333333373,1.3341177285084236,9.2984,1.3140156575624935,3.5290666666666484,0.7163017611613282,0.6609,0.9097585123010875,0.3654666666666718
Hazelnut,Strawberry,16,21,0,16,21,368,-0.0474273900449745,0.5193798449612403,1.0,4.23334,1.565762575999311,-4.23334,-2.70369215926506,1.0,1.0,1.0,12,3,36,1,0.6729559748427673,0.5460655816409813,0.6875,0.5333333333333333,5,2.0,0,0.0,0.790121522913571,0.5395981831550718,0.9295742667703032,0.4516946521260257,0.6044244636414171,0.5522387500000039,0.7986497794415435,0.4133770833333344,-0.3105038376339431,17.2391,-0.34114247875776754,7.209600000000045,-0.3422969861790183,12.3447,-0.3674079945606677,4.866466666666683,0.5949057135506128,0.7386,0.5671467154883749,0.46236666666666726
Cow Milk,Onion,28,12,0,28,12,365,-0.0476214580632144,0.5129824561403509,1.0,4.10038,1.510120477180545,-4.10038,-2.715266802855076,1.0,1.0,1.0,4,1,4,0,0.3409090909090909,0.2373737373737373,0.1625,0.1125,0,0.0,0,0.0,-0.07292466585570251,0.34888758086852106,-0.9038429843777421,0.2891319958318512,-0.5223274537359104,0.24870375000000014,-0.7767115399167364,0.17005333333333353,-0.165342775441895,2.224,-0.16711467530247603,0.7669666666666657,-0.12763048624850934,1.4938,-0.1292461147262838,0.5114000000000002,-0.42271656875639346,0.1516,-0.40346392275098425,0.055566666666666195
Banana,Shellifish,22,38,3,19,35,348,0.0349625944120417,1.762007945106537,0.3410623476223695,8.49758,2.000668424202276,-5.497579999999999,-2.7478716280495314,0.999420011599768,0.4270892344110475,1.0,2,6,12,0,0.2977099236641221,0.2926208651399491,0.25,0.1791666666666667,0,0.0,0,0.0,-0.9331521558115374,0.4314214756334917,-1.008705313474355,0.3656816393662785,-0.5960507517000498,0.3764787500000025,-0.8224513261997987,0.267738333333332,-0.2672092257673474,6.7011,-0.27736563369769957,2.4520333333333255,-0.20844106569312396,4.6345,-0.21643295234193102,1.6558333333333364,-0.7787333964915367,0.3775,-0.6935037531148591,0.1642999999999966
Pistachio,Shellifish,31,38,5,26,33,341,0.0666103831663869,2.1157420444945085,0.1526318603945618,11.19886,2.246186702035254,-6.19886,-2.759726070136225,0.999160016799664,0.2138614628402229,1.0,4,6,24,0,0.3333333333333333,0.3166378814047207,0.2875,0.2875,0,0.0,0,0.0,-1.0145529879844948,0.49906436307848445,-1.1277217223150162,0.41799653461331643,-0.8793786482872297,0.4876912500000033,-0.49022069098532933,0.3540516666666641,-0.3785607290534043,12.4314,-0.40202154795402884,4.910433333333355,-0.29417381399847914,8.7289,-0.3121942157648603,3.2999666666666636,-1.2567075644325272,0.6123,-1.014619199069183,0.3249000000000056
Egg White,Soybean,33,16,1,32,15,357,-0.014071548100742,1.064516129032258,0.7501508165069857,5.8931,1.7352211357633949,-4.8931,-2.819871138699176,0.999820003599928,0.8588461388988142,1.0,5,7,35,0,0.45,0.4316157760814249,0.3375,0.2791666666666667,0,0.0,0,0.0,-0.5226518580045337,0.5381122764755453,-0.1763859986847715,0.44887869429291405,-0.9596607845785112,0.5502450000000038,-0.8898366805314715,0.4089187500000004,-0.44451854323465384,16.4344,-0.4734697960184071,6.737200000000035,-0.34571122380726405,11.5806,-0.36570828803602906,4.490500000000011,-1.6822455857119263,0.7389,-1.2820061527824569,0.4556000000000027
Egg Yolk,Shellifish,14,38,1,13,37,354,-0.0145353834781713,1.0503703703703704,0.7541851285257215,5.77006,1.6839559365969168,-4.77006,-2.832651316066944,0.999760004799904,0.8617064299448671,1.0,2,6,12,0,0.4180790960451977,0.3965883571591539,0.2625,0.2541666666666666,0,0.0,0,0.0,-0.07524491069957952,0.4286920915993935,0.4514757575843931,0.3641541252983046,-0.5365853891056913,0.3754312500000033,-0.12206593684791364,0.26715791666666716,-0.25608231425244043,6.5691,-0.2644216168278611,2.4183666666666577,-0.19732594810003776,4.5671,-0.20430856278180687,1.644233333333336,-0.7727800123272364,0.3739,-0.6879611727044308,0.1610999999999967
Peach,Shellifish,19,38,2,17,36,350,0.0087013650465431,1.3718199608610568,0.5488130832557337,7.50484,1.900014887941672,-5.50484,-2.8972615082840294,0.999660006799864,0.6414252910551388,1.0,4,6,24,0,0.365079365079365,0.334383456520861,0.1625,0.1374999999999999,0,0.0,0,0.0,-0.7996054297528288,0.49408339050477135,-0.9263158982888461,0.414929941905747,-1.4101032748257374,0.48079875000000155,-1.594347632268816,0.3489787500000002,-0.3635992456696261,11.8873,-0.38593082745076523,4.642000000000005,-0.2818312133925152,8.3453,-0.29810581036722683,3.125833333333327,-1.2324332386208312,0.603,-0.9982995889329898,0.3168000000000055
Banana,Potato,22,34,2,20,32,351,0.0060138771026375,1.3189493433395871,0.5683101051681365,7.84032,1.9571669059127257,-5.84032,-2.9840684421732364,0.999840003199936,0.6614563672185158,1.0,2,2,4,0,0.2748091603053435,0.2621095414090474,0.1625,0.1416666666666666,0,0.0,0,0.0,-0.6671316536491966,0.3514873688774881,-0.5009217730282873,0.2910718317611029,-0.5280320121196979,0.2522300000000007,-0.3886143361542205,0.1707854166666661,-0.15953191401583708,2.4612,-0.16187758492610474,0.8487999999999989,-0.12242128803722223,1.6983,-0.1242918519050938,0.5812333333333329,-0.42796251787522827,0.1548,-0.41072591661304775,0.05636666666666622
"Cow Milk, UHT",Shellifish,34,38,5,29,33,338,0.0552653253241051,1.8838856564634447,0.2027523049991806,12.04552,2.292223359448201,-7.04552,-3.07366207178695,0.999740005199896,0.270175874357578,1.0,4,6,24,0,0.3212435233160621,0.3111341173314488,0.275,0.2708333333333333,1,0.3333333333333333,0,0.0,-1.0789737134433626,0.49662779724654793,-1.2006999032093222,0.41615329401936696,-0.9206274307889688,0.4845425000000032,-0.6058382166245846,0.35158833333333384,-0.3374132379332335,12.5482,-0.3579127906522858,4.885000000000029,-0.2862550177476583,8.8907,-0.2987357499995818,3.320233333333317,-1.2332058107699064,0.6033,-1.0051739663514516,0.3208333333333386
Potato,Shellifish,34,38,5,29,33,338,0.0552653253241051,1.8838856564634447,0.2027523049991806,12.01918,2.2759639996274124,-7.01918,-3.0840470240957583,0.999640007199856,0.270175874357578,1.0,2,6,12,0,0.2895927601809955,0.2774541895317865,0.25,0.225,0,0.0,0,0.0,-0.9963154060769582,0.4319723586245451,-1.2144076148247926,0.3663397978328524,-0.6022188402500486,0.3781237500000055,-0.4024507656137273,0.26890583333333357,-0.2798862390125936,6.548,-0.2862406529174528,2.437733333333323,-0.2173902765469386,4.4674,-0.22368264462585172,1.6287666666666671,-0.7913789838302113,0.3851,-0.6979072583189858,0.16739999999999555
Rice,Shellifish,25,38,3,22,35,345,0.023022858317385,1.5139280125195618,0.4226426873165469,9.42216,2.081187385700769,-6.42216,-3.085815359118927,0.999740005199896,0.5088037501815083,1.0,7,6,42,0,0.3559322033898305,0.3402905847799147,0.25,0.25,0,0.0,0,0.0,-1.1889028845370353,0.558071799291547,-1.2175575566091452,0.46567413320178813,-1.5005470102744165,0.5785625000000048,-1.222005466583517,0.4368349999999995,-0.45688020810658697,19.3618,-0.5051144156210261,8.121933333333338,-0.3569173807250088,13.9325,-0.38963265304750483,5.481000000000007,-1.9656584722611363,0.7944,-1.4469426904201712,0.5248666666666666
Hazelnut,Shellifish,16,38,1,15,37,352,-0.0217889556793058,0.9096774193548388,0.7996985201002822,6.49672,1.7799070879121757,-5.49672,-3.088206141393387,0.999920001599968,0.9118513613338584,1.0,12,6,72,0,0.3615819209039548,0.3533911567332431,0.325,0.3125,0,0.0,0,0.0,-1.5605131196987834,0.6265321524807816,-1.449665665739997,0.5263103185409661,-1.7888011611770638,0.672842500000006,-1.395752652203628,0.5364137499999987,-0.5656152802827639,30.0233,-0.6487208277017611,13.847166666666594,-0.44943358226595437,22.3744,-0.5035807987284683,9.512233333333327,-3.381983285776799,0.9196,-2.2632042655070124,0.7453333333333383
Kiwi,Shellifish,12,38,0,12,38,355,-0.0562280618681463,0.3693506493506494,1.0,5.05796,1.5883956177224876,-5.05796,-3.1843200419126867,1.0,1.0,1.0,7,6,42,0,0.3695652173913043,0.3555722138930535,0.2375,0.1958333333333333,0,0.0,0,0.0,-1.1195195507384228,0.5622844924200225,-1.0656734925081741,0.4684378424428168,-1.5693992948995097,0.5826475000000018,-1.5733079642725845,0.4392149999999997,-0.45844435052236204,20.0023,-0.5008800233823782,8.455699999999947,-0.35915817407840184,14.5113,-0.3886650264439353,5.7530333333333585,-1.951923361713982,0.7921,-1.4408054376975608,0.523600000000001
Egg White,Shellifish,33,38,2,31,36,336,-0.033933581529623,0.7316808001739509,0.8408172765594838,11.76002,2.267145694391957,-9.76002,-4.304981379953888,1.0,0.9567920733263092,1.0,5,6,30,0,0.3389830508474576,0.3231972570064881,0.3125,0.3,0,0.0,0,0.0,-1.0918300802592456,0.5223383391684692,-1.1926967772992076,0.4358943790941586,-0.9361613615809172,0.5245012500000014,-0.5969018173074645,0.3850312499999988,-0.39952352665439034,15.2076,-0.4286975555310914,6.077133333333355,-0.31167076913035574,10.8577,-0.3313458754664777,4.122433333333339,-1.4870453218844648,0.6886,-1.1621726505041183,0.3983000000000027
