allergen_a,allergen_b,n_pos_a,n_pos_b,n11,n10,n01,n00,phi,odds_ratio,fisher_p,n11_null_mean,n11_null_sd,excess,z_adj,p_perm,fdr_q_unadj,fdr_q_adj,n_prot_a,n_prot_b,n_combinations,same_family_any,identity_global_max,identity_global_top3,window80_max,window80_top3,kmer6_max,kmer6_top3,kmer8_max,kmer8_top3
Egg White,Egg Yolk,33,14,13,20,1,371,0.5859111330413193,163.09756097560975,7.331810004552713e-15,5.2554,1.652286548998085,7.7446,4.687201505511364,1.999960000799984e-05,4.1131454125540716e-12,0.0067318653626927,5,2,10,0,0.47619047619047616,0.4041615264413192,0.2625,0.22083333333333335,0,0.0,0,0.0
Peanut,Pumpkin Seeds,14,18,10,4,8,383,0.6150505749344252,105.27450980392156,1.3897988203158857e-12,3.35022,1.429743316683103,6.64978,4.651030658724805,3.999920001599968e-05,9.745964227465147e-11,0.0067318653626927,12,9,108,1,0.7175572519083969,0.6280746395250213,0.775,0.7000000000000001,16,12.0,6,5.333333333333333
Rice,Wheat Flour,25,16,12,13,4,376,0.5800137164269515,77.46913580246914,2.4231520003912293e-13,4.82174,1.6408788414748965,7.17826,4.374643525507254,5.999880002399952e-05,3.3984706805486985e-11,0.0067318653626927,7,5,35,1,0.41935483870967744,0.3913944250393809,0.4625,0.41250000000000003,0,0.0,0,0.0
Onion,Tomato,12,19,9,3,10,383,0.5810153787513569,99.1360544217687,2.5675610132405293e-11,3.08232,1.383019673612779,5.91768,4.278811149910544,5.999880002399952e-05,1.3094561167526699e-09,0.0067318653626927,1,2,2,0,0.25,0.2166030534351145,0.1,0.09375,0,0.0,0,0.0
Orange,Strawberry,23,21,13,10,8,374,0.5681182135858525,56.64705882352941,1.8403991873575998e-13,5.6556,1.750950781718322,7.3444,4.194521100583114,3.999920001599968e-05,3.3984706805486985e-11,0.0067318653626927,1,3,3,1,0.7938931297709924,0.41984732824427473,0.85,0.3416666666666666,34,11.333333333333334,19,6.333333333333333
Cherry,Peach,13,19,9,4,10,382,0.5558251732878347,76.9047619047619,8.153747630054667e-11,3.28786,1.4172637794002925,5.71214,4.030400044808216,0.0003799924001519,3.0495016136404444e-09,0.0214195716085678,4,4,16,1,0.8791208791208791,0.8197258436348167,0.8875,0.8333333333333334,42,37.333333333333336,28,25.333333333333332
Pumpkin Seeds,Strawberry,18,21,11,7,10,377,0.5439684567083717,55.12698412698413,9.05282690373514e-12,4.63614,1.630173579837435,6.36386,3.90379287133007,0.0003199936001279,5.642928769994904e-10,0.0214195716085678,9,3,27,1,0.7404580152671756,0.5445132587578215,0.7875,0.5375,28,10.0,18,6.0
Orange,Peanut,23,14,10,13,4,378,0.5375611912560946,65.41975308641975,3.4657702503415146e-11,4.05744,1.5348422219889588,5.94256,3.871772560634411,0.0003799924001519,1.6202475920346582e-09,0.0214195716085678,1,12,12,1,0.732824427480916,0.4421119592875318,0.7875,0.36666666666666664,30,10.0,21,7.0
Apple,Cherry,20,13,9,11,4,381,0.5403791710593133,70.03381642512078,1.4687191515852834e-10,3.43102,1.4410974150278668,5.56898,3.864402185394463,0.0004199916001679,5.149696525245901e-09,0.0214195716085678,4,4,16,1,0.8260869565217391,0.7628222084568036,0.8375,0.7875,34,28.333333333333332,24,15.0
Pumpkin Seeds,Sesame,18,31,13,5,18,369,0.5237642057246433,49.024570024570025,1.3618312114530013e-12,6.20216,1.790142825139938,6.79784,3.7973729830571497,0.0003199936001279,9.745964227465147e-11,0.0214195716085678,9,4,36,1,0.6111111111111112,0.46618335712318143,0.7375,0.5875,22,10.333333333333334,14,6.0
Sesame,Strawberry,31,21,14,17,7,367,0.5190692336982505,40.6,7.888204073690262e-13,7.05952,1.885846592276264,6.94048,3.6802993564936086,0.0003999920001599,8.121167662207347e-11,0.0214195716085678,4,3,12,0,0.32061068702290074,0.2868269968028998,0.225,0.16666666666666666,0,0.0,0,0.0
Fig,Soybean,8,16,6,2,10,387,0.517762127853655,95.95238095238096,3.6354954754812753e-08,1.90894,1.1354682190180403,4.09106,3.602971823850757,0.0019799604007919,4.248985336968741e-07,0.060232479560935,13,7,91,1,0.8931297709923665,0.6133103342012415,0.8875,0.6749999999999999,67,26.0,54,18.666666666666668
Pistachio,Sesame,31,31,17,14,14,360,0.5109539416939797,30.005945303210463,1.0119507861731821e-13,9.61678,2.119991139509785,7.38322,3.482665499114895,0.0005799884002319,2.838521955215776e-11,0.0271144577108457,4,4,16,1,0.4139433551198257,0.39298369950389794,0.525,0.4583333333333333,6,3.3333333333333335,4,1.3333333333333333
Rice,Sesame,25,31,15,10,16,364,0.5050070243477842,32.61038961038961,8.685740815195024e-13,8.13574,1.994661538306688,6.86426,3.441315665928577,0.0010599788004239,8.121167662207347e-11,0.0457421620798353,7,4,28,1,0.36942675159235666,0.3681221702095005,0.3375,0.3041666666666667,1,0.3333333333333333,0,0.0
Mulberry,Onion,26,12,9,17,3,376,0.488924878468211,58.39591836734694,8.266452346045077e-10,3.89102,1.488362643847258,5.10898,3.432617730040465,0.0014799704005919,1.9322832358880372e-08,0.0553508929821403,3,1,3,1,0.32575757575757575,0.2619047619047619,0.2625,0.12083333333333333,0,0.0,0,0.0
Sesame,String Bean,31,13,10,21,3,371,0.474465245175164,51.83720930232558,3.7364774048360764e-10,4.71694,1.5917465364812329,5.28306,3.319033450940566,0.0012799744005119,9.528017382331998e-09,0.0512904027633733,4,8,32,1,0.4068965517241379,0.36816178376976927,0.5125,0.4041666666666666,0,0.0,0,0.0
String Bean,Tomato,13,19,8,5,11,381,0.4895776173191551,51.26877470355731,5.1253561561367345e-09,3.30662,1.4209166673665277,4.693379999999999,3.3030649212515253,0.0022799544009119,9.313460480305809e-08,0.0609073532815057,8,2,16,1,0.8702290076335878,0.5177859504898477,0.8875,0.5166666666666667,54,18.666666666666668,41,13.666666666666666
Mulberry,Pumpkin Seeds,26,18,11,15,7,372,0.4812250448250836,36.8494623655914,1.822561770485065e-10,5.46318,1.7122512337855085,5.53682,3.233649297923993,0.0019199616007679,5.680317518011787e-09,0.060232479560935,3,9,27,1,0.5031847133757962,0.4609905310542253,0.525,0.4958333333333333,2,0.6666666666666666,0,0.0
Gluten,Rice,5,25,5,0,20,380,0.4358898943540673,204.17073170731703,5.998037847011019e-07,1.70924,1.0232979147833732,3.29076,3.2158376875972,0.0033199336013279,5.33128403557967e-06,0.0733600712601132,1,7,7,0,0.3375,0.30713278770860447,0.3125,0.22916666666666666,0,0.0,0,0.0
Egg Yolk,Peanut,14,14,7,7,7,384,0.4820971867007673,51.266666666666666,3.137235447217292e-08,2.75198,1.321917576704387,4.24802,3.2135286457046344,0.0033999320013599,3.8716138367236186e-07,0.0733600712601132,2,12,24,0,0.5277777777777778,0.4914841849148419,0.25,0.24166666666666667,0,0.0,0,0.0
Apple,Orange,20,23,11,9,12,373,0.4857086317632501,36.17052631578947,1.6718825203467259e-10,5.4459,1.7298766401105028,5.5541,3.210691370250083,0.0022399552008959,5.517212317144196e-09,0.0609073532815057,4,1,4,0,0.25190839694656486,0.2378581701515654,0.175,0.10833333333333334,0,0.0,0,0.0
Mulberry,Strawberry,26,21,12,14,9,370,0.483947891738659,33.62068965517241,6.075758378509839e-11,6.19314,1.8088109189188355,5.80686,3.210318966600933,0.0020399592008159,2.4346431788171572e-09,0.060232479560935,3,3,9,1,0.5796178343949044,0.3738395605464211,0.6375,0.30833333333333335,4,1.3333333333333333,0,0.0
Rice,Tomato,25,19,11,14,8,372,0.4768159961452162,34.75659229208925,2.455989855217364e-10,5.55384,1.7326919098327902,5.44616,3.143178524176044,0.0027999440011199,7.129632391180463e-09,0.0682942862881872,7,2,14,0,0.3435114503816794,0.3264826776277158,0.25,0.19999999999999998,0,0.0,0,0.0
Casein (nBos d8),"Cow Milk, UHT",15,34,11,4,23,367,0.4592431225265441,39.9645390070922,2.9817292342265205e-10,5.6982,1.7052614931440864,5.3018,3.1090832821333305,0.0025799484010319,7.965476668576562e-09,0.0657886842263154,1,4,4,1,1.0,0.5285099233434841,1.0,0.4333333333333333,208,69.33333333333333,207,69.0
Strawberry,String Bean,21,13,8,13,5,379,0.4628364747848112,43.44444444444444,1.3484169856773462e-08,3.55854,1.4576875757171015,4.44146,3.046921764298532,0.0047399052018959,2.1613197970428322e-07,0.0857769941375366,3,8,24,1,0.8778625954198473,0.5525789364187751,0.9125,0.5666666666666665,56,18.666666666666668,42,14.0
Peanut,Pistachio,14,31,10,4,21,370,0.4538991581441139,40.2093023255814,1.2442017812070341e-09,5.02528,1.6421208608382016,4.97472,3.029448147599021,0.0031199376012479,2.6846046125274845e-08,0.0729285414291714,12,4,48,1,0.4027777777777778,0.3829710421517361,0.45,0.35833333333333334,1,0.3333333333333333,0,0.0
Peanut,Sesame,14,31,10,4,21,370,0.4538991581441139,40.2093023255814,1.2442017812070341e-09,5.03496,1.639175951019292,4.96504,3.0289853855607016,0.0038199236015279,2.6846046125274845e-08,0.073895763464041,12,4,48,1,0.7007299270072993,0.57294792055208,0.8125,0.7166666666666667,20,10.666666666666666,12,6.666666666666667
Orange,Pumpkin Seeds,23,18,10,13,8,374,0.4647683440199391,34.26797385620915,1.3398064620418508e-09,4.98786,1.6689855063480914,5.01214,3.003105767507273,0.0041199176016479,2.7838200933536235e-08,0.0770424591508169,1,9,9,1,0.7404580152671756,0.4783715012722647,0.825,0.375,21,7.0,10,3.3333333333333335
Onion,Sesame,12,31,9,3,22,371,0.4426316444144846,44.81587301587302,5.146475488226026e-09,4.41296,1.5304326311210177,4.58704,2.9972178498573085,0.0037799244015119,9.313460480305809e-08,0.073895763464041,1,4,4,0,0.3484848484848485,0.2601010101010101,0.1875,0.13333333333333333,0,0.0,0,0.0
Onion,String Bean,12,13,6,6,7,386,0.4638620601355789,51.53333333333333,2.4506465343044773e-07,2.2801,1.2413718177886914,3.7199,2.9966041976258304,0.0074198516029679,2.3301910266861217e-06,0.122427551448971,1,8,8,1,0.3106060606060606,0.29545454545454547,0.25,0.19166666666666665,0,0.0,0,0.0
Mulberry,Tomato,26,19,11,15,8,371,0.4659379779484053,32.426944971537004,4.175294656633607e-10,5.73686,1.7583223084520074,5.26314,2.9932737443532558,0.0037999240015199,1.0184088271180232e-08,0.073895763464041,3,2,6,1,0.7056277056277056,0.42286127782310984,0.8,0.3541666666666667,40,13.333333333333334,26,8.666666666666666
Carrot,Rice,12,25,8,4,17,376,0.4392367096489709,40.63809523809524,2.736266232089968e-08,3.77184,1.4766120053690477,4.22816,2.8634197640451,0.0065598688026239,3.569872921401097e-07,0.111517769644607,2,7,14,0,0.32903225806451614,0.3081971791649211,0.2625,0.22083333333333335,0,0.0,0,0.0
Fish,Gluten,4,5,2,2,3,398,0.4410724291775089,113.85714285714286,0.0007261407843931,0.38166,0.5675523274553633,1.61834,2.8514375181155054,0.0394592108157836,0.0021784223531793,0.3613118362632747,9,1,9,0,0.21100917431192662,0.19758731796881093,0.15,0.12916666666666668,0,0.0,0,0.0
Carrot,Tomato,12,19,7,5,12,381,0.4432856577128438,41.61818181818182,1.036738134390899e-07,3.0808,1.3880458782043188,3.9192,2.823537796221962,0.0087798244035119,1.0766812194640474e-06,0.1296179339571103,2,2,4,0,0.2903225806451613,0.24556306371130307,0.075,0.06666666666666667,0,0.0,0,0.0
Cherry,Orange,13,23,8,5,15,377,0.4395261464204496,37.639296187683286,3.1745853206646434e-08,3.80428,1.4912725041386634,4.19572,2.813516636534102,0.0079998400031999,3.8716138367236186e-07,0.1282260069084332,4,1,4,1,0.9694656488549618,0.5012722646310432,0.975,0.4833333333333334,107,35.666666666666664,99,33.0
Peanut,Strawberry,14,21,8,6,13,378,0.4434095947772665,36.66381766381766,3.053857498463801e-08,3.77556,1.5065280237685592,4.22444,2.804089889700572,0.0086398272034559,3.8716138367236186e-07,0.1296179339571103,12,3,36,1,0.8015267175572519,0.5574626019027245,0.825,0.5375,37,12.333333333333334,29,9.666666666666666
Carrot,Mulberry,12,26,8,4,18,375,0.4295145647029468,38.33933933933934,3.9156447692586406e-08,3.88724,1.4944581567912834,4.11276,2.752007462577883,0.0087798244035119,4.4830137052124433e-07,0.1296179339571103,2,3,6,1,0.45161290322580644,0.3724823563533241,0.525,0.35000000000000003,0,0.0,0,0.0
Apple,Peach,20,19,9,11,10,375,0.4344775794011601,29.542443064182194,1.6268085871619532e-08,4.68186,1.6226173117528355,4.31814,2.661218987818712,0.0111597768044639,2.401683203678568e-07,0.1526984094464452,4,4,16,1,0.8301886792452831,0.6975679805868485,0.875,0.6166666666666667,52,23.666666666666668,34,14.0
Cherry,Peanut,13,14,6,7,8,384,0.4256270300937752,39.20392156862745,7.723968770798311e-07,2.58092,1.2978643818211515,3.41908,2.6343892689329973,0.0154996900061998,6.46738280659381e-06,0.1850069381591091,4,12,48,1,0.7480916030534351,0.5323693825130914,0.7875,0.5125000000000001,31,10.666666666666666,21,7.0
Peanut,String Bean,14,13,6,8,7,384,0.4256270300937752,39.20392156862745,7.723968770798311e-07,2.586,1.3015698214079796,3.414,2.622986445941785,0.0167596648067038,6.46738280659381e-06,0.1913961720765584,12,8,96,1,0.8320610687022901,0.5782365491712199,0.85,0.6541666666666667,42,16.0,26,9.333333333333334
Rice,String Bean,25,13,8,17,5,375,0.4189498572583627,33.16103896103896,6.841583888188559e-08,4.05464,1.521004428132936,3.94536,2.593917497559826,0.0122197556048879,7.525742277007414e-07,0.1632210212938598,7,8,56,1,0.375,0.37181933842239184,0.3375,0.325,0,0.0,0,0.0
Egg Yolk,Fish,14,4,3,11,1,390,0.3911369613014066,79.23188405797102,0.0001297674302817,0.91546,0.8153483846798251,2.08454,2.556624921527952,0.0334593308133837,0.0005203643146051,0.3194783561955879,2,9,18,0,0.5035971223021583,0.4773295920379877,0.275,0.2708333333333333,0,0.0,0,0.0
Egg Yolk,Pumpkin Seeds,14,18,7,7,11,380,0.4182926895881043,33.08695652173913,2.731168241755961e-07,3.35954,1.4321420978380606,3.64046,2.541968430015137,0.0173996520069598,2.5536423060418235e-06,0.1913961720765584,2,9,18,0,0.45038167938931295,0.44620913440358545,0.225,0.21666666666666667,0,0.0,0,0.0
Pistachio,Wheat Flour,31,16,10,21,6,368,0.4183752486346005,27.68694096601073,9.006913151616101e-09,5.63584,1.7176109845945904,4.36416,2.540831445037642,0.0131997360052798,1.486140670016657e-07,0.1722105092781865,4,5,20,0,0.3870967741935484,0.35215053763440857,0.325,0.2708333333333333,1,0.3333333333333333,0,0.0
Sesame,Wheat Flour,31,16,10,21,6,368,0.4183752486346005,27.68694096601073,9.006913151616101e-09,5.63976,1.720507815268505,4.36024,2.5342750328161308,0.0141397172056558,1.486140670016657e-07,0.1802813943721125,4,5,20,0,0.32413793103448274,0.3108572219914139,0.2125,0.19583333333333333,0,0.0,0,0.0
Mulberry,String Bean,26,13,8,18,5,374,0.4095212286023807,31.28501228501229,9.767523007118472e-08,4.17204,1.537856377689412,3.82796,2.4891531195854637,0.0164396712065758,1.0537654628833584e-06,0.1913961720765584,3,8,24,1,0.3885350318471338,0.35051289828359894,0.4,0.3666666666666667,2,0.6666666666666666,0,0.0
Sesame,Tomato,31,19,11,20,8,366,0.4192516194743221,24.187948350071736,4.1501715896717104e-09,6.50784,1.8202797956358248,4.49216,2.4678403895764203,0.0147397052058958,8.028435385537343e-08,0.1807359504983813,4,2,8,0,0.2900763358778626,0.265420298473318,0.2125,0.15833333333333333,0,0.0,0,0.0
Mulberry,Potato,26,34,14,12,20,359,0.4292793541956843,20.342439024390245,2.5417584282283286e-10,8.97434,2.071521557792728,5.02566,2.42607178336826,0.0148197036059278,7.129632391180463e-09,0.1807359504983813,3,2,6,0,0.2967032967032967,0.27014652014652013,0.15,0.13749999999999998,0,0.0,0,0.0
Fig,Kiwi,8,12,4,4,8,389,0.3937837785352597,45.8235294117647,2.9412959028807268e-05,1.50472,1.0350544534467738,2.49528,2.410771715140798,0.0335993280134397,0.0001447427194312,0.3194783561955879,13,7,91,1,0.8899082568807339,0.6536731226639484,0.875,0.725,38,19.0,23,9.666666666666666
Peanut,Rice,14,25,8,6,17,374,0.4007593315741254,27.984615384615385,1.53506925503827e-07,4.3074,1.5722802676367835,3.6926,2.3485634692535853,0.0235195296094078,1.4847825035801196e-06,0.2489520020920336,12,7,84,1,0.43661971830985913,0.4213739462503036,0.4,0.3125,1,0.3333333333333333,0,0.0
Orange,Sesame,23,31,12,11,19,363,0.4108864200293143,20.261984392419176,3.330285637498825e-09,7.60576,1.9512700536829843,4.39424,2.251989667809413,0.0243195136097278,6.672465152274432e-08,0.2513229735405292,1,4,4,0,0.26717557251908397,0.22646310432569974,0.225,0.12083333333333333,0,0.0,0,0.0
Rice,Strawberry,25,21,10,15,11,369,0.4027374900630132,21.76577840112202,2.667362479162733e-08,6.01092,1.7949152496984373,3.98908,2.222433622239381,0.0271794564108717,3.562834168595936e-07,0.2722799115446263,7,3,21,0,0.37404580152671757,0.34775233248515686,0.2125,0.2041666666666667,0,0.0,0,0.0
Carrot,String Bean,12,13,5,7,8,385,0.3812481048343874,33.258823529411764,1.0224022158224622e-05,2.28522,1.2279859736983971,2.71478,2.210758150456506,0.0408591828163436,5.974662948712514e-05,0.3613118362632747,2,8,16,1,0.38064516129032255,0.3584834520318391,0.4375,0.35833333333333334,0,0.0,0,0.0
Carrot,Cherry,12,13,5,7,8,385,0.3812481048343874,33.258823529411764,1.0224022158224622e-05,2.2719,1.2357064335836403,2.7281,2.207725011262026,0.0412191756164876,5.974662948712514e-05,0.3613118362632747,2,4,8,1,0.41935483870967744,0.35808516453677747,0.5,0.3625,6,3.3333333333333335,4,2.0
Peanut,Potato,14,34,9,5,25,366,0.3813672799894838,24.825311942959,1.0599944549293807e-07,5.36568,1.6697658930520762,3.63432,2.1765446372587114,0.0306393872122557,1.0766812194640474e-06,0.301556074141675,12,2,24,0,0.35638297872340424,0.3277351675349172,0.225,0.1875,0,0.0,0,0.0
Orange,String Bean,23,13,7,16,6,376,0.378999764475437,26.32867132867133,1.007267775851166e-06,3.8058,1.4926775807253216,3.1942,2.1399128929422755,0.0383592328153436,7.958834116232453e-06,0.3586588268234635,1,8,8,1,0.7862595419847328,0.46055979643765904,0.8375,0.4041666666666666,37,12.333333333333334,24,8.0
Egg Yolk,Gluten,14,5,3,11,2,389,0.3460493934133801,47.417391304347824,0.0003177568419304,1.10408,0.8931110533410727,1.89592,2.122826711087588,0.0655786884262314,0.0011354241294458,0.4608418942732257,2,1,2,0,0.30584192439862545,0.2800687285223368,0.2,0.1625,0,0.0,0,0.0
Peanut,Wheat Flour,14,16,6,8,10,381,0.3779360498689634,27.7843137254902,3.419208764283372e-06,3.06238,1.390039112974883,2.93762,2.1133362166429057,0.0443591128177436,2.42807103387718e-05,0.3828532660116028,12,5,60,0,0.4722222222222222,0.42501304121022426,0.325,0.2833333333333334,1,0.3333333333333333,0,0.0
Fish,Tomato,4,19,3,1,16,385,0.3320863992949525,54.51515151515152,0.0003421622855593,1.14406,0.878263466392631,1.85594,2.113192761647101,0.0665386692266154,0.0011922549204893,0.4608418942732257,9,2,18,1,0.4122137404580153,0.361323155216285,0.3375,0.23333333333333336,0,0.0,0,0.0
Fig,Peanut,8,14,4,4,10,387,0.3616668454239917,36.90476190476191,5.851992625631766e-05,1.7152,1.092762078404993,2.2848,2.090848543477019,0.0574588508229835,0.0002669079563397,0.437116392807279,13,12,156,1,0.8549618320610687,0.6742345891816465,0.8625,0.7291666666666666,43,17.333333333333332,28,10.666666666666666
Gluten,Peanut,5,14,3,2,11,389,0.3460493934133801,47.417391304347824,0.0003177568419304,1.11418,0.902764048686034,1.88582,2.0889400754768603,0.0694786104277914,0.0011354241294458,0.469608439156518,1,12,12,0,0.31097560975609756,0.29791141014858424,0.325,0.2833333333333334,1,0.3333333333333333,0,0.0
Cow Milk,Gluten,28,5,4,24,1,376,0.3221046739691932,46.10204081632653,8.825294777624846e-05,1.84408,1.0434217525047098,2.15592,2.066201892786655,0.0573988520229595,0.0003722549150562,0.437116392807279,4,1,4,0,0.24719101123595505,0.22891615031263912,0.225,0.17500000000000002,0,0.0,0,0.0
Banana,Olive,22,2,2,20,0,383,0.2939344714290035,93.53658536585364,0.0028236156949028,0.64986,0.6565226427169134,1.35014,2.056501805349261,0.1017579648407031,0.0069781868054646,0.5868629566184186,2,5,10,0,0.33587786259541985,0.3177863552009796,0.175,0.1708333333333333,0,0.0,0,0.0
Carrot,Peanut,12,14,5,7,9,384,0.365487567917559,29.680701754385964,1.5668889844372246e-05,2.42168,1.2592640619028248,2.57832,2.047481602948314,0.0545589088218235,8.53422058513867e-05,0.431092223225958,2,12,24,1,0.38961038961038963,0.3563748079877112,0.4125,0.3208333333333333,0,0.0,0,0.0
Mulberry,Rice,26,25,11,15,14,365,0.3932661617246986,18.701890989988875,1.9801148991391933e-08,7.1199,1.9029566442775296,3.8801,2.038984971974023,0.0400591988160236,2.777111146042718e-07,0.3613118362632747,3,7,21,0,0.4945054945054945,0.4088565362450713,0.2125,0.1875,0,0.0,0,0.0
Pumpkin Seeds,String Bean,18,13,6,12,7,380,0.3685750142958089,26.38133333333333,4.489080162530508e-06,3.1661,1.4001252765377816,2.8339,2.0240331686659103,0.0506589868202635,3.0692217112491685e-05,0.4241745015845952,9,8,72,1,0.7251908396946565,0.6047920223045491,0.7875,0.6875,26,17.333333333333332,16,9.666666666666666
Apple,Carrot,20,12,6,14,6,379,0.3634225355255886,26.17241379310345,5.04584555989434e-06,3.2099,1.3957800650532295,2.7901,1.998953896718389,0.0526389472210555,3.316133236760506e-05,0.431092223225958,4,2,8,1,0.3935483870967742,0.34763301214914116,0.4625,0.3458333333333334,0,0.0,0,0.0
Casein (nBos d8),Gluten,15,5,3,12,2,388,0.3332820473366711,43.512,0.0003956851040056,1.17278,0.9178273648132312,1.82722,1.9908101131543636,0.0790584188316233,0.0013292176248333,0.5205454030454274,1,1,1,0,0.21962616822429906,0.21962616822429906,0.225,0.225,0,0.0,0,0.0
Cherry,Rice,13,25,7,6,18,374,0.3607424156838731,23.35758835758836,1.9215106142041666e-06,4.0513,1.5183768669207245,2.9487,1.9420079851321612,0.0544589108217835,1.4372899394247169e-05,0.431092223225958,4,7,28,0,0.37404580152671757,0.36399817315847854,0.2875,0.2625,0,0.0,0,0.0
Rice,Soybean,25,16,8,17,8,372,0.3693360884871171,21.285714285714285,6.082035263406397e-07,4.83182,1.6335652688521518,3.1681800000000004,1.9394266396384443,0.0532589348213035,5.33128403557967e-06,0.431092223225958,7,7,49,1,0.425,0.40478387605887844,0.3625,0.3208333333333333,1,0.3333333333333333,0,0.0
Cherry,Tomato,13,19,6,7,13,379,0.357082505381796,24.362962962962964,6.46004930818957e-06,3.29666,1.4199340986116222,2.70334,1.9038489199204816,0.0634387312253755,4.026764068771498e-05,0.4608418942732257,4,2,8,1,0.7938931297709924,0.4991679349367462,0.8625,0.525,39,14.333333333333334,28,9.333333333333334
Strawberry,Tomato,21,19,8,13,11,373,0.3694243529805399,20.44927536231884,6.615716730243253e-07,4.86044,1.6580358881520034,3.1395600000000004,1.893541643118026,0.0576588468230635,5.709872439486869e-06,0.437116392807279,3,2,6,1,0.8396946564885496,0.4707379134860051,0.8625,0.41250000000000003,50,16.666666666666668,39,13.0
Onion,Strawberry,12,21,6,6,15,378,0.3531796872613177,24.41935483870968,6.970631960171484e-06,3.32524,1.421512906167229,2.67476,1.8816290646363905,0.0662586748265034,4.297279702918904e-05,0.4608418942732257,1,3,3,0,0.21212121212121213,0.1594571670907549,0.1125,0.075,0,0.0,0,0.0
Fig,Wheat Flour,8,16,4,4,12,385,0.3355782340389458,30.84,0.0001046772450809,1.8905,1.1262636236689878,2.1095,1.873007309894249,0.0795584088318233,0.0004368550664888,0.5205454030454274,13,5,65,0,0.4112903225806452,0.3729848520524291,0.2625,0.25833333333333336,1,0.3333333333333333,0,0.0
Egg White,Gluten,33,5,4,29,1,371,0.2936429345659926,37.77966101694916,0.0001745287444885,2.06196,1.065420554710674,1.93804,1.8190375541668569,0.0861982760344793,0.0006752456941934,0.5465802262902111,5,1,5,0,0.21993127147766323,0.18785796105383734,0.15,0.11666666666666665,0,0.0,0,0.0
Fig,Mulberry,8,26,5,3,21,376,0.3247943018741903,27.51827242524917,3.635942578542127e-05,2.7171,1.2596775738259374,2.2829,1.812289150362736,0.0797984040319193,0.0001743387851762,0.5205454030454274,13,3,39,1,0.6624203821656051,0.6209621942106018,0.7,0.6666666666666666,14,11.0,5,3.3333333333333335
Mulberry,Orange,26,23,10,16,13,366,0.370995727869891,17.276094276094277,1.267938166411482e-07,6.6663,1.8565948157850705,3.3337000000000003,1.7955991106171052,0.0640787184256314,1.247918090099722e-06,0.4608418942732257,3,1,3,0,0.24427480916030533,0.23244694237060648,0.1125,0.10416666666666667,0,0.0,0,0.0
Mulberry,Sesame,26,31,12,14,19,360,0.379280764211445,15.937223695844386,2.0669408151110167e-08,8.38078,2.0203431865898445,3.61922,1.791388722481805,0.0630787384252315,2.82817999335922e-07,0.4608418942732257,3,4,12,0,0.32967032967032966,0.3113553113553113,0.2,0.19583333333333333,0,0.0,0,0.0
Onion,Wheat Flour,12,16,5,7,11,382,0.3383302072344969,24.39130434782609,3.3180654735728535e-05,2.6993,1.316404007134588,2.3007,1.7477157373654049,0.0862782744345113,0.0001618638896238,0.5465802262902111,1,5,5,0,0.29545454545454547,0.2601010101010101,0.1375,0.125,0,0.0,0,0.0
Gluten,Pumpkin Seeds,5,18,3,2,15,385,0.3014017638565076,34.81935483870968,0.0007015282035566,1.34648,0.957638558956353,1.65352,1.7266639741428411,0.115277694446111,0.0021505864600834,0.6159122531835077,1,9,9,0,0.2907801418439716,0.2493338967523838,0.2125,0.17916666666666667,0,0.0,0,0.0
Fig,Gluten,8,5,2,6,3,394,0.305517070064433,43.35164835164835,0.0033216000370624,0.70516,0.7501129077678906,1.29484,1.726193465798439,0.1415371692566148,0.0081018157425739,0.6965118592364995,13,1,13,0,0.2773722627737226,0.2478406138565652,0.2375,0.19999999999999998,0,0.0,0,0.0
Peanut,Tomato,14,19,6,8,13,378,0.341534363739441,21.4400871459695,1.0985862068996624e-05,3.50142,1.454028192161349,2.49858,1.7183848383888425,0.0872582548349033,6.353678990419697e-05,0.5465802262902111,12,2,24,1,0.8473282442748091,0.49944450417517827,0.8875,0.425,47,15.666666666666666,34,11.333333333333334
Onion,Orange,12,23,6,6,17,376,0.334628711601263,21.51428571428572,1.2625248320649242e-05,3.56392,1.4478515923947457,2.43608,1.6825481373893612,0.0916381672366552,7.082764307884226e-05,0.5465802262902111,1,1,1,0,0.183206106870229,0.183206106870229,0.0625,0.0625,0,0.0,0,0.0
Carrot,Orange,12,23,6,6,17,376,0.334628711601263,21.51428571428572,1.2625248320649242e-05,3.55892,1.4508509343140663,2.44108,1.6825160616201371,0.0925581488370232,7.082764307884226e-05,0.5465802262902111,2,1,2,0,0.24427480916030533,0.23282442748091603,0.075,0.075,0,0.0,0,0.0
Cow Milk,Meat,28,13,7,21,6,371,0.3369056893189792,19.937388193202143,4.540916257284866e-06,4.38084,1.565298979236874,2.61916,1.673265002240602,0.0881182376352473,3.0692217112491685e-05,0.5465802262902111,4,3,12,0,0.39090909090909093,0.33473938626652666,0.325,0.29583333333333334,0,0.0,0,0.0
Fig,Pumpkin Seeds,8,18,4,4,14,383,0.3138010378001775,26.448275862068964,0.0001731364155861,2.07274,1.1740906661753172,1.92726,1.6414916288178871,0.113717725645487,0.0006745106190543,0.6134196546838294,13,9,117,1,0.7480916030534351,0.67670415863957,0.8,0.7416666666666667,21,16.0,15,8.666666666666666
Orange,Tomato,23,19,8,15,11,371,0.3491861787971408,17.715287517531557,1.5144701606844687e-06,5.21444,1.7024615961601022,2.7855600000000003,1.636195498496309,0.0905381892362152,1.1481321083026853e-05,0.5465802262902111,1,2,2,1,0.7786259541984732,0.5190839694656488,0.8625,0.46875,38,19.0,28,14.0
Mulberry,Peanut,26,14,7,19,7,372,0.3364449933194708,19.102564102564106,4.968256028997743e-06,4.43876,1.5717282406319475,2.56124,1.6295692434527975,0.0940981180376392,3.316133236760506e-05,0.5498858772824543,3,12,36,1,0.5095541401273885,0.42486176244138024,0.525,0.3,5,1.6666666666666667,2,0.6666666666666666
String Bean,Wheat Flour,13,16,5,8,11,381,0.3226305033146345,21.46547314578005,5.2670275218198494e-05,2.8909,1.352064048039146,2.1091,1.5599113097184698,0.117797644047119,0.0002441985487389,0.623438474626734,8,5,40,0,0.3533834586466165,0.3324341387820697,0.225,0.22083333333333333,1,0.3333333333333333,0,0.0
Peach,Tomato,19,19,7,12,12,374,0.3373329697300245,17.976,5.455044123946376e-06,4.49914,1.6117441671679789,2.5008600000000003,1.5516482398036535,0.1093378132437351,3.5175629350964566e-05,0.5984606521461804,4,2,8,1,0.816793893129771,0.5180928768715028,0.85,0.42083333333333334,41,13.666666666666666,34,11.333333333333334
Pistachio,Pumpkin Seeds,31,18,9,22,9,365,0.3435011903700815,16.244444444444444,8.335277950926292e-07,6.22184,1.7932169457151577,2.77816,1.549260398547056,0.1025179496410071,6.7428258995017485e-06,0.5868629566184186,4,9,36,1,0.5021186440677966,0.4584306749953346,0.6375,0.6,11,6.0,4,1.3333333333333333
Carrot,Onion,12,12,4,8,8,385,0.3129770992366412,24.01038062283737,0.0001949306875113,2.13712,1.2053207480168922,1.86288,1.545547111061505,0.1304173916521669,0.000749014491054,0.6576591682452066,2,1,2,0,0.22727272727272727,0.20454545454545453,0.075,0.06875,0,0.0,0,0.0
Casein (nBos d8),Egg Yolk,15,14,5,10,9,381,0.3207349595101669,21.035087719298247,5.609048816638705e-05,2.90958,1.360207419329861,2.09042,1.5368391395996766,0.121077578448431,0.0002579242939454,0.6274839640821863,1,2,2,0,0.42990654205607476,0.3925233644859813,0.2375,0.20625,0,0.0,0,0.0
Carrot,Fish,12,4,2,10,2,391,0.2770549354995341,37.285714285714285,0.0046816802218967,0.8048,0.7789332192171547,1.1952,1.5344062501291222,0.1773164536709265,0.0110353890944708,0.7894804008681731,2,9,18,0,0.34415584415584416,0.33622399106270073,0.2125,0.17916666666666667,0,0.0,0,0.0
Onion,Rice,12,25,6,6,19,374,0.318222514133438,19.205128205128204,2.156281475102089e-05,3.78428,1.478223556029331,2.21572,1.498907246446312,0.121917561648767,0.00011200684329,0.6274839640821863,1,7,7,0,0.3484848484848485,0.3080808080808081,0.275,0.2416666666666667,0,0.0,0,0.0
Gluten,Strawberry,5,21,3,2,18,382,0.2763966159085785,28.945945945945947,0.0011303074729161,1.50996,0.9940929525954806,1.49004,1.4988940381376306,0.1575768484630307,0.003202537839929,0.7403181936361273,1,3,3,0,0.18238993710691823,0.15913676884170147,0.0875,0.07083333333333332,0,0.0,0,0.0
Carrot,Potato,12,34,7,5,27,366,0.3146708148788847,18.173553719008265,9.31432099846987e-06,4.68722,1.5590986728235,2.31278,1.4834083565805345,0.121357572848543,5.558866042703827e-05,0.6274839640821863,2,2,4,0,0.24675324675324675,0.22203602848764137,0.175,0.11666666666666668,0,0.0,0,0.0
"Cow Milk, UHT",Egg White,34,33,14,20,19,352,0.3654816717972533,12.78611632270169,1.5123234794550304e-08,10.80828,2.207533338729001,3.19172,1.4458309389962145,0.1098778024439511,2.3567040888174226e-07,0.5984606521461804,4,5,20,1,0.39436619718309857,0.3818114680592921,0.4625,0.31666666666666665,0,0.0,0,0.0
Cherry,Fish,13,4,2,11,2,390,0.2651259965803502,33.95652173913044,0.0055143212925047,0.85432,0.7953473062756924,1.14568,1.4404776265161214,0.1977160456790864,0.0126266703881436,0.827751504671399,4,9,36,1,0.3969465648854962,0.38167938931297707,0.4,0.29583333333333334,0,0.0,0,0.0
Casein (nBos d8),Egg White,15,33,8,7,25,365,0.323918666495075,16.244444444444444,3.5582021490855907e-06,5.5852,1.6949634096345547,2.4148,1.4246915221141243,0.1283374332513349,2.4951892570462703e-05,0.6545209095818084,1,5,5,0,0.27102803738317754,0.26012461059190034,0.175,0.15416666666666665,0,0.0,0,0.0
Cherry,Onion,13,12,4,9,8,384,0.2986341495331959,21.427244582043343,0.0002770225387794,2.28202,1.2266232997950102,1.7179799999999998,1.4005766891001532,0.1583568328633427,0.001015749308858,0.7403181936361273,4,1,4,1,0.2564102564102564,0.2273468685682426,0.3,0.16666666666666666,0,0.0,0,0.0
Orange,Rice,23,25,9,14,16,366,0.33603226041738,14.552769070010449,1.3367337416668542e-06,6.47078,1.837908102055157,2.52922,1.3761406226850048,0.1335573288534229,1.041538373715424e-05,0.6630589512103562,1,7,7,0,0.3816793893129771,0.3206106870229008,0.1625,0.1625,0,0.0,0,0.0
Fig,Strawberry,8,21,4,4,17,380,0.286913583613667,21.742857142857144,0.000330379380936,2.33176,1.215818778601482,1.66824,1.372112381681523,0.1652366952660947,0.001173055903197,0.7598179183957305,13,3,39,1,0.8702290076335878,0.6087346168002944,0.875,0.5750000000000001,53,19.333333333333332,38,12.666666666666666
Gluten,Orange,5,23,3,2,20,380,0.2624110311761877,25.985365853658536,0.0014935114239057,1.61258,1.0147146118983408,1.38742,1.3673007008388274,0.1881762364752705,0.004028172638515,0.8188696691182455,1,1,1,0,0.22137404580152673,0.22137404580152673,0.075,0.075,0,0.0,0,0.0
Tomato,Wheat Flour,19,16,6,13,10,376,0.3146719383724334,17.264550264550266,2.766076197492664e-05,3.93196,1.5230793014153925,2.06804,1.3578019201483318,0.1493770124597508,0.0001397989861976,0.7224181378441397,2,5,10,0,0.33587786259541985,0.3104428717124579,0.15,0.12916666666666668,0,0.0,0,0.0
Fish,Peanut,4,14,2,2,12,389,0.2544583855230894,31.16,0.0064117469362086,0.90536,0.8137833067838145,1.09464,1.345124667555753,0.2175156496870062,0.0145039920613429,0.861601388661882,9,12,108,1,0.4336283185840708,0.4195597623278877,0.3625,0.2875,0,0.0,0,0.0
"Cow Milk, UHT",Fish,34,4,3,31,1,370,0.2398793422775122,27.444444444444443,0.0020520501984151,1.70224,0.968472499557938,1.29776,1.3400070736054626,0.2027759444811104,0.0053544193549344,0.8303452909044009,4,9,36,0,0.39090909090909093,0.385478803624456,0.2875,0.2583333333333333,0,0.0,0,0.0
Potato,Pumpkin Seeds,34,18,9,25,9,362,0.3235595791930844,14.215686274509803,2.031893498926106e-06,6.63094,1.829736242303793,2.36906,1.2947549188932022,0.1520169596608067,1.4998582274967704e-05,0.7227246980484119,2,9,18,0,0.3404255319148936,0.3060155322358076,0.2125,0.20833333333333334,0,0.0,0,0.0
Potato,Strawberry,34,21,10,24,11,360,0.330768671595482,13.434782608695652,8.413508252497726e-07,7.53818,1.9120204725891408,2.4618200000000003,1.2875489751772136,0.1512569748605028,6.7428258995017485e-06,0.7227246980484119,2,3,6,0,0.2389937106918239,0.23401667546849744,0.1875,0.14166666666666666,0,0.0,0,0.0
Banana,Fig,22,8,4,18,4,379,0.2791362366323704,20.513513513513512,0.000400477088069,2.42086,1.2269543024905212,1.5791400000000002,1.2870405986552216,0.1844963100737985,0.0013373074190878,0.8149797633968581,2,13,26,1,0.8244274809160306,0.5114503816793894,0.825,0.41250000000000003,49,16.333333333333332,37,12.333333333333334
Casein (nBos d8),Fish,15,4,2,13,2,388,0.2448393108261809,28.77777777777778,0.0073732618005822,0.95484,0.8298196035283812,1.04516,1.2595026624533747,0.2388552228955421,0.0166120476711913,0.8874025168503253,1,9,9,0,0.28440366972477066,0.2768298608133985,0.2875,0.1875,0,0.0,0,0.0
Apple,Rice,20,25,8,12,17,368,0.3203637713621299,14.318857142857144,5.083555407511649e-06,5.77978,1.7720279770929133,2.2202200000000003,1.2529260421962214,0.1637767244655107,3.316133236760506e-05,0.7593284497946405,4,7,28,0,0.3565217391304348,0.3435769026481523,0.2625,0.24583333333333335,0,0.0,0,0.0
Onion,Peanut,12,14,4,8,10,383,0.2857770321035518,19.33613445378151,0.0003815639983534,2.42904,1.268796547284079,1.57096,1.2381496492583597,0.1928561428771424,0.0013133719402582,0.8196386072278554,1,12,12,0,0.42424242424242425,0.3244949494949495,0.1875,0.17916666666666667,0,0.0,0,0.0
Cherry,String Bean,13,13,4,9,9,383,0.2847331240188383,19.12188365650969,0.0003928841507472,2.43892,1.2635779491586578,1.56108,1.2354441615884728,0.1952160956780864,0.0013277590877664,0.8234302983113269,4,8,32,1,0.8015267175572519,0.5502029973254845,0.8375,0.6416666666666666,39,14.333333333333334,24,8.333333333333334
Potato,String Bean,34,13,7,27,6,365,0.2984706116800706,15.335664335664337,1.897597259635485e-05,5.01842,1.606561764639007,1.98158,1.2334290804221024,0.1766764664706706,0.0001004294398731,0.7894804008681731,2,8,16,0,0.2903225806451613,0.2807140542717272,0.2375,0.18333333333333335,0,0.0,0,0.0
Mulberry,Wheat Flour,26,16,7,19,9,370,0.3088835623814948,15.0,1.5191103886149768e-05,4.96976,1.6478002131326486,2.03024,1.2320911138494706,0.1735165296694066,8.355107137382372e-05,0.7850223640688476,3,5,15,0,0.4065934065934066,0.34791535428478104,0.15,0.13749999999999998,0,0.0,0,0.0
Fig,Orange,8,23,4,4,19,378,0.2718432749347365,19.41025641025641,0.0004807951699812,2.49984,1.239209415070754,1.5001600000000002,1.210578278179356,0.2052558948821023,0.0015591103488988,0.8344098335424597,13,1,13,1,0.7862595419847328,0.4885496183206106,0.7375,0.375,29,9.666666666666666,17,5.666666666666667
Gluten,Mulberry,5,26,3,2,23,377,0.2444040855067295,22.48936170212766,0.0021672461899542,1.75784,1.0345813329071811,1.24216,1.2006402594849854,0.2306153876922461,0.0056028807030613,0.8861317294202062,1,3,3,0,0.24175824175824176,0.1878185508758757,0.1125,0.08750000000000001,0,0.0,0,0.0
Cherry,Mulberry,13,26,6,7,20,372,0.2952165438443075,15.747967479674797,4.913964879604697e-05,4.16262,1.533927878226352,1.83738,1.19782685097589,0.1882962340753184,0.0002316583443242,0.8188696691182455,4,3,12,1,0.7032967032967034,0.5604770318146114,0.7125,0.6000000000000001,12,6.0,3,1.0
Carrot,Strawberry,12,21,5,7,16,377,0.2875057784730562,16.77777777777778,0.0001433898680798,3.31998,1.4116489647217534,1.6800199999999998,1.190111735980442,0.1994360112797744,0.0005705086240622,0.828767424651507,2,3,6,1,0.44516129032258067,0.37992273670678006,0.55,0.4291666666666667,3,2.0,1,0.6666666666666666
Carrot,Gluten,12,5,2,10,3,390,0.2442077078639261,26.564625850340136,0.0076737894058024,0.9846,0.8554781353138138,1.0154,1.1869385763173508,0.2523949521009579,0.0171300773119485,0.9076510777476758,2,1,2,0,0.1870967741935484,0.1779639715123586,0.0875,0.075,0,0.0,0,0.0
Apple,Strawberry,20,21,7,13,14,371,0.30647602976119,14.233716475095786,1.7759980806823983e-05,5.05884,1.678278241055398,1.94116,1.1566377687047211,0.1912361752764944,9.488904031074528e-05,0.8196386072278554,4,3,12,1,0.7277486910994765,0.577820626480884,0.8125,0.5708333333333334,31,18.0,18,10.666666666666666
Soybean,Wheat Flour,16,16,5,11,11,378,0.2842223650385604,15.74102079395085,0.0001665952422172,3.42942,1.4444024590120306,1.57058,1.0873562213915606,0.2220155596888062,0.0006535659502368,0.861601388661882,7,5,35,0,0.3875,0.3530115511551155,0.2375,0.22083333333333333,0,0.0,0,0.0
Fig,Rice,8,25,4,4,21,376,0.2585153257951126,17.511627906976745,0.0006755526946503,2.64252,1.252999620750142,1.3574799999999998,1.0833842066027983,0.2387952240955181,0.0020938401198832,0.8874025168503253,13,7,91,1,0.3837837837837838,0.37523975588491715,0.5375,0.3625,2,1.3333333333333333,0,0.0
Egg Yolk,Rice,14,25,6,8,19,372,0.2884357818941802,14.607843137254902,6.442974629233329e-05,4.31456,1.566707377400132,1.6854399999999998,1.0757848110710364,0.2208155836883262,0.0002868657751587,0.861601388661882,2,7,14,0,0.45222929936305734,0.4295289420815926,0.275,0.25833333333333336,1,0.3333333333333333,0,0.0
Pumpkin Seeds,Tomato,18,19,6,12,13,374,0.2921247182008886,14.425185185185184,6.053325240274109e-05,4.29954,1.58109322571441,1.7004599999999996,1.0754963542593476,0.2203755924881502,0.0002738641499833,0.861601388661882,9,2,18,1,0.7251908396946565,0.47919564030451944,0.8125,0.4916666666666667,24,8.666666666666666,13,4.333333333333333
Cherry,Gluten,13,5,2,11,3,389,0.2333600801370488,24.19254658385093,0.0090234569766135,1.05612,0.8809827158349931,0.94388,1.071394458749844,0.2828143437131257,0.0196971181473937,0.9738489892778832,4,1,4,0,0.2905982905982906,0.23324247948021123,0.125,0.10416666666666667,0,0.0,0,0.0
Egg White,Peanut,33,14,7,26,7,365,0.2894788920897461,13.79245283018868,2.880373302166016e-05,5.24464,1.651166639197873,1.7553599999999996,1.0631028742518338,0.2215355692886142,0.0001442013803458,0.861601388661882,5,12,60,0,0.4861111111111111,0.4650495565988524,0.2375,0.22916666666666666,0,0.0,0,0.0
Orange,Peach,23,19,7,16,12,370,0.2987329492527805,13.472727272727273,2.378566634458644e-05,5.22148,1.7007370783281,1.7785200000000003,1.0457348303056722,0.2226955460890782,0.0001213907326519,0.861601388661882,1,4,4,1,0.7786259541984732,0.425219112242013,0.8125,0.3083333333333333,34,11.333333333333334,22,7.333333333333333
Carrot,Sesame,12,31,6,6,25,368,0.2783183392010416,14.450980392156865,8.265595141575885e-05,4.40408,1.535525758038593,1.5959199999999996,1.0393313115362852,0.2327953440931181,0.0003566922211095,0.8874025168503253,2,4,8,0,0.3116883116883117,0.2828934506353861,0.2,0.15,0,0.0,0,0.0
Fish,Pumpkin Seeds,4,18,2,2,16,385,0.2207813806114675,23.363636363636363,0.0106354289367679,1.09514,0.8736179831024543,0.90486,1.0357616458244103,0.2983140337193256,0.0229479832058724,0.9902613782043884,9,9,81,1,0.39090909090909093,0.3803672271422114,0.375,0.29583333333333334,1,0.3333333333333333,0,0.0
Cow Milk,Orange,28,23,9,19,14,363,0.3116166864231205,12.213085764809902,4.087719463356689e-06,7.04666,1.905697469274702,1.95334,1.0250000493223252,0.2195356092878142,2.8311242209174104e-05,0.861601388661882,4,1,4,0,0.33587786259541985,0.282442748091603,0.125,0.09999999999999999,0,0.0,0,0.0
Banana,Hazelnut,22,16,6,16,10,373,0.2869459000556504,14.012987012987011,7.11545782505531e-05,4.40148,1.5784466445211247,1.5985199999999995,1.0127171580671104,0.2369352612947741,0.0003118571749887,0.8874025168503253,2,12,24,0,0.3893129770992366,0.3758380351808828,0.25,0.22916666666666666,0,0.0,0,0.0
Pumpkin Seeds,Rice,18,25,7,11,18,369,0.2931803410228951,13.025851938895418,2.904591083615139e-05,5.30066,1.7028633428434594,1.6993400000000003,0.9979309303601688,0.2371552568948621,0.0001442013803458,0.8874025168503253,9,7,63,1,0.4,0.3870475252400887,0.475,0.3416666666666666,11,3.6666666666666665,0,0.0
Carrot,Wheat Flour,12,16,4,8,12,381,0.2635763971254019,16.157647058823528,0.0006714657255366,2.68824,1.316132858946999,1.31176,0.9966774942838996,0.2573948521029579,0.0020927348445891,0.9081667423255309,2,5,10,0,0.3870967741935484,0.34052506633151797,0.2375,0.2125,0,0.0,0,0.0
Egg Yolk,Potato,14,34,7,7,27,364,0.2838893699890162,13.254545454545454,3.568316531937391e-05,5.36724,1.6549244038323938,1.6327600000000002,0.9866069992193804,0.244315113697726,0.0001725711702083,0.8958220835583288,2,2,4,0,0.4298642533936652,0.3926703250858445,0.2625,0.19166666666666668,0,0.0,0,0.0
Cherry,Strawberry,13,21,5,8,16,376,0.2733028324310715,14.764705882352942,0.0002251806632724,3.5679,1.4545203986194215,1.4321000000000002,0.9845857104233794,0.254094918101638,0.0008535564330798,0.9079442614969356,4,3,12,1,0.8091603053435115,0.6233776625538112,0.85,0.6375000000000001,36,23.333333333333332,19,12.333333333333334
Fish,Peach,4,19,2,2,17,384,0.2140047559986787,21.97142857142857,0.0118464014839689,1.14232,0.8834166726975441,0.85768,0.9708668927212384,0.3221935561288774,0.0250786084245532,1.0,9,4,36,1,0.42857142857142855,0.4023587382366008,0.3625,0.3,0,0.0,0,0.0
Fig,Hazelnut,8,16,3,5,13,384,0.2444862871315912,18.124579124579125,0.0025236992069151,1.90122,1.1372345895196825,1.09878,0.966185877677249,0.2829543409131817,0.0062924233559085,0.9738489892778832,13,12,156,1,0.6451612903225806,0.6365591397849463,0.8,0.7666666666666666,23,16.666666666666668,12,8.666666666666666
Olive,String Bean,2,13,1,1,12,391,0.1870066194179881,31.32,0.0632441021879965,0.44136,0.5803114253571094,0.55864,0.9626555252746,0.3962720745585088,0.1040467487608975,1.0,5,8,40,1,0.40476190476190477,0.38018433179723504,0.425,0.33749999999999997,0,0.0,0,0.0
Meat,Olive,13,2,1,12,1,391,0.1870066194179881,31.32,0.0632441021879965,0.44182,0.5825934153421235,0.55818,0.958095277599753,0.3954320913581728,0.1040467487608975,1.0,3,5,15,0,0.35714285714285715,0.32431457431457433,0.2625,0.25416666666666665,0,0.0,0,0.0
Casein (nBos d8),Meat,15,13,4,11,9,381,0.260989010989011,15.71395881006865,0.0007230320130631,2.73422,1.321416282478765,1.26578,0.9578964757612944,0.2683146337073258,0.0021784223531793,0.9407781844363112,1,3,3,0,0.2636363636363636,0.22183517417162277,0.325,0.23333333333333336,0,0.0,0,0.0
Apple,Cow Milk,20,28,8,12,20,365,0.2972622363054379,12.12390243902439,1.3423139015357438e-05,6.29866,1.803247682488459,1.70134,0.9434865861866368,0.249215015699686,7.455822760015369e-05,0.9019975729517667,4,4,16,0,0.34782608695652173,0.3408813726197813,0.2,0.17916666666666667,0,0.0,0,0.0
Apple,Peanut,20,14,5,15,9,376,0.2687804471907697,14.062818336162987,0.0002629540388299,3.64506,1.4831040409897076,1.35494,0.9135839176163388,0.2726545469090618,0.0009705079985764,0.9500571479253644,4,12,48,1,0.49044585987261147,0.3878006115717929,0.525,0.30000000000000004,6,2.0,4,1.3333333333333333
Apple,Fish,20,4,2,18,2,383,0.2077185659090488,20.72972972972973,0.013118027233016,1.18632,0.8918547289777634,0.81368,0.9123458939693389,0.3404931901361973,0.0269353963945403,1.0,4,9,36,0,0.3710691823899371,0.3468781332604138,0.2375,0.22083333333333333,0,0.0,0,0.0
Egg White,Pistachio,33,31,12,21,19,353,0.3216227131924762,10.539654144305308,5.451669056222497e-07,10.09508,2.160305486175512,1.9049200000000008,0.8817826979518383,0.2573948521029579,4.932881194420679e-06,0.9081667423255309,5,4,20,0,0.36054421768707484,0.3506064618241032,0.2625,0.24583333333333332,0,0.0,0,0.0
Fish,Strawberry,4,21,2,2,19,382,0.2018641415288949,19.615384615384617,0.0144496271288054,1.23074,0.8968718149211738,0.76926,0.8577145442658496,0.3620527589448211,0.0288478320970102,1.0,9,3,27,1,0.37404580152671757,0.3638676844783715,0.3875,0.29583333333333334,0,0.0,0,0.0
Gluten,Potato,5,34,3,2,31,369,0.2080534296429023,16.42222222222222,0.0048340548969307,2.09812,1.0658576197597875,0.9018799999999998,0.846154292355912,0.3477930441391172,0.0112418272054906,1.0,1,2,2,0,0.21808510638297873,0.1950154038702224,0.1125,0.10625000000000001,0,0.0,0,0.0
Onion,Potato,12,34,6,6,28,365,0.2621608519510116,12.824561403508772,0.0001449225023544,4.68386,1.5627909330425471,1.31614,0.8421727898290587,0.2968140637187256,0.0005725459424005,0.9902613782043884,1,2,2,0,0.25757575757575757,0.2537878787878788,0.15,0.125,0,0.0,0,0.0
"Cow Milk, UHT",Gluten,34,5,3,31,2,369,0.2080534296429023,16.42222222222222,0.0048340548969307,2.10054,1.0703979205884135,0.8994599999999999,0.8403043229993884,0.3470730585388292,0.0112418272054906,1.0,4,1,4,0,0.24719101123595505,0.22891615031263912,0.225,0.17500000000000002,0,0.0,0,0.0
Pumpkin Seeds,Soybean,18,16,5,13,11,376,0.2637990889809198,13.33816425120773,0.0003117316278267,3.74204,1.5043592118905644,1.2579600000000002,0.8362098560350434,0.2970340593188136,0.0011282673755534,0.9902613782043884,9,7,63,1,0.732824427480916,0.5420068766708539,0.8,0.6041666666666666,19,9.0,10,3.6666666666666665
Casein (nBos d8),Olive,15,2,1,14,1,389,0.1726974057949758,26.86206896551724,0.0727906123945728,0.49562,0.605227903851103,0.50438,0.8333720186901472,0.4374712505749885,0.1150296719812826,1.0,1,5,5,0,0.27380952380952384,0.23309637020901164,0.2375,0.17500000000000002,0,0.0,0,0.0
Cow Milk,Egg Yolk,28,14,6,22,8,369,0.2681032584833338,12.558169934640524,0.0001298591872454,4.68356,1.6020067810093694,1.31644,0.8217443369188215,0.2977540449191016,0.0005203643146051,0.9902613782043884,4,2,8,1,0.4514003294892916,0.44165628112545074,0.5625,0.33749999999999997,13,4.666666666666667,5,1.6666666666666667
Gluten,Soybean,5,16,2,3,14,386,0.2069059930845239,19.039408866995075,0.0136735279386999,1.24114,0.9311667414593374,0.7588600000000001,0.814956082742715,0.3610727785444291,0.0276925962946233,1.0,1,7,7,0,0.3,0.26380297823596793,0.2375,0.1625,0,0.0,0,0.0
Egg Yolk,Strawberry,14,21,5,9,16,375,0.2605370022265608,13.175438596491228,0.0003385007899451,3.79088,1.492524313235802,1.20912,0.8101174562299895,0.3099538009239815,0.0011868683947451,1.0,2,3,6,0,0.46564885496183206,0.41472899938316704,0.1875,0.16666666666666666,0,0.0,0,0.0
Apple,Tomato,20,19,6,14,13,372,0.2727960299455982,12.369093231162196,0.0001192915994627,4.685,1.6235070064523915,1.3150000000000004,0.8099749460727456,0.3015939681206376,0.000488486038676,0.9952600947981042,4,2,8,1,0.3943089430894309,0.3190455631738528,0.5125,0.25416666666666665,2,0.6666666666666666,0,0.0
Cow Milk,Strawberry,28,21,8,20,13,364,0.2874409035734996,11.195121951219512,2.069317401241525e-05,6.53982,1.8328814385005945,1.4601800000000005,0.7966581849366722,0.2956940861182776,0.0001084941179529,0.9902613782043884,4,3,12,0,0.35877862595419846,0.3478980208194185,0.2125,0.17500000000000002,0,0.0,0,0.0
Potato,Sesame,34,31,12,22,19,352,0.3147210000671422,10.042735042735044,8.032431943905512e-07,10.2993,2.1789629436959204,1.7006999999999994,0.7805089136189258,0.2883142337153257,6.626756353722048e-06,0.9862456409408398,2,4,8,0,0.2712765957446808,0.24467147496310457,0.1625,0.13333333333333333,0,0.0,0,0.0
Carrot,Pumpkin Seeds,12,18,4,8,14,379,0.2449562216110199,13.855983772819473,0.0010925818193875,2.94184,1.359991696445239,1.05816,0.7780635740393342,0.3275734485310294,0.0031113624399817,1.0,2,9,18,1,0.37662337662337664,0.36284038542103053,0.4125,0.3458333333333334,2,0.6666666666666666,0,0.0
Hazelnut,Olive,16,2,1,15,1,388,0.166535382515328,25.06451612903226,0.0775455323310108,0.5244,0.6155035661960051,0.4756,0.7727006407767048,0.4596908061838763,0.1215168816695449,1.0,12,5,60,1,0.42857142857142855,0.41154970760233917,0.35,0.29166666666666663,2,0.6666666666666666,0,0.0
Onion,Pumpkin Seeds,12,18,4,8,14,379,0.2449562216110199,13.855983772819473,0.0010925818193875,2.9543,1.3565439580050471,1.0457,0.7708559636635891,0.3298734025319493,0.0031113624399817,1.0,1,9,9,1,0.4166666666666667,0.3486477680026067,0.35,0.22083333333333333,0,0.0,0,0.0
Kiwi,Mulberry,12,26,5,7,21,372,0.2512836234071543,12.705426356589149,0.0004296931864813,3.88434,1.488825968473146,1.11566,0.7493555483480427,0.3305133897322053,0.0014096951907372,1.0,7,3,21,1,0.6977777777777778,0.49999185999186,0.825,0.5541666666666666,33,12.666666666666666,17,6.666666666666667
Apple,Casein (nBos d8),20,15,5,15,10,375,0.2570193398539127,12.689708141321043,0.0003819739843208,3.8675,1.518862650143192,1.1324999999999998,0.7456237072478098,0.3274534509309814,0.0013133719402582,1.0,4,1,4,0,0.23478260869565218,0.20009055754942903,0.1875,0.14166666666666666,0,0.0,0,0.0
Fish,Orange,4,23,2,2,21,380,0.1912611059886046,17.697674418604652,0.0172900467212999,1.31502,0.9197295252409808,0.6849799999999999,0.7447624341738148,0.3997120057598848,0.0336795701758654,1.0,9,1,9,1,0.40458015267175573,0.371501272264631,0.3875,0.25,0,0.0,0,0.0
Fig,Sesame,8,31,4,4,27,370,0.2260982580985512,13.472727272727273,0.0015982074707723,3.06208,1.299748465511693,0.93792,0.7216165472684392,0.3622527549449011,0.0042292188259589,1.0,13,4,52,1,0.6064516129032258,0.4763698549909809,0.725,0.5958333333333333,13,5.0,4,1.3333333333333333
Fig,Pistachio,8,31,4,4,27,370,0.2260982580985512,13.472727272727273,0.0015982074707723,3.0689,1.309791124569104,0.9310999999999998,0.71087670586126,0.3629127417451651,0.0042292188259589,1.0,13,4,52,1,0.5539112050739958,0.4697427727501983,0.675,0.5958333333333333,19,10.333333333333334,8,3.3333333333333335
Hazelnut,Peach,16,19,5,11,14,375,0.2547273781462643,12.385307346326837,0.000413185508488,3.92448,1.5268715498037162,1.07552,0.7043945511580599,0.3428731425371492,0.0013715802974071,1.0,12,4,48,1,0.6729559748427673,0.620037522749787,0.675,0.6375000000000001,10,7.333333333333333,4,2.3333333333333335
Olive,Pumpkin Seeds,2,18,1,1,17,386,0.1557281449240075,22.085714285714285,0.087018701870187,0.56122,0.6309771086180543,0.4387799999999999,0.6953976523189592,0.4852902941941161,0.1341139883219091,1.0,5,9,45,1,0.38495575221238937,0.3703820761342886,0.425,0.3,0,0.0,0,0.0
Peanut,Soybean,14,16,4,10,12,379,0.239165333461955,13.01142857142857,0.0012930675044279,3.07018,1.3859779102135783,0.92982,0.6708764931590541,0.3644927101457971,0.0035911429207131,1.0,12,7,84,1,0.8320610687022901,0.6998106342738416,0.8875,0.775,48,26.333333333333332,36,15.333333333333334
Egg Yolk,Wheat Flour,14,16,4,10,12,379,0.239165333461955,13.01142857142857,0.0012930675044279,3.07224,1.3916973027206745,0.92776,0.6666392168658314,0.364292714145717,0.0035911429207131,1.0,2,5,10,0,0.4274193548387097,0.39832854253167255,0.2375,0.21666666666666665,2,0.6666666666666666,2,0.6666666666666666
Casein (nBos d8),Strawberry,15,21,5,10,16,374,0.2489676487214555,11.88888888888889,0.0004906569702602,3.99502,1.5371386403314449,1.0049800000000002,0.6537991913229778,0.3600327993440131,0.0015819457489423,1.0,1,3,3,0,0.2595419847328244,0.21331035819180957,0.1,0.09166666666666667,0,0.0,0,0.0
Fish,Rice,4,25,2,2,23,378,0.1818839444839975,16.106382978723403,0.0203622821450323,1.39382,0.930787734985802,0.6061799999999999,0.6512548212823693,0.4338913221735565,0.0383487302806031,1.0,9,7,63,0,0.41818181818181815,0.39342987396084744,0.2625,0.25833333333333336,0,0.0,0,0.0
Potato,Rice,34,25,10,24,15,356,0.2923221756681414,9.857142857142858,6.178897019819069e-06,8.68478,2.0412781171609136,1.31522,0.6443120067486235,0.3404931901361973,3.894787896762357e-05,1.0,2,7,14,0,0.3191489361702128,0.29715028400885724,0.1875,0.1625,0,0.0,0,0.0
Egg White,Wheat Flour,33,16,7,26,9,363,0.2639273290114781,10.8291956305859,8.525554511172278e-05,5.89556,1.7420253403438204,1.1044400000000003,0.6339976660626642,0.3593128137437251,0.0003651019908982,1.0,5,5,25,0,0.3790322580645161,0.3462987345475825,0.25,0.23750000000000002,0,0.0,0,0.0
Cherry,Potato,13,34,6,7,28,364,0.2479563627329629,11.08421052631579,0.0002528766707186,5.01886,1.6106223332612764,0.98114,0.6091682573489056,0.376652466950661,0.0009394954455175,1.0,4,2,8,0,0.2765957446808511,0.25475933235632864,0.35,0.2708333333333333,0,0.0,0,0.0
Gluten,Peach,5,19,2,3,17,383,0.1866898003053246,15.653061224489797,0.019190753690435,1.40696,0.9743221019765488,0.59304,0.6086693494861046,0.4336113277734445,0.0364949587129967,1.0,1,4,4,0,0.2967032967032967,0.2550059496624382,0.125,0.08333333333333333,0,0.0,0,0.0
Gluten,Tomato,5,19,2,3,17,383,0.1866898003053246,15.653061224489797,0.019190753690435,1.41098,0.9720470356932324,0.5890200000000001,0.6059583316150232,0.4382312353752925,0.0364949587129967,1.0,1,2,2,0,0.22137404580152673,0.1916586828197917,0.125,0.10625,0,0.0,0,0.0
Fish,Mulberry,4,26,2,2,24,377,0.1775808948467006,15.408163265306122,0.021983662015696,1.43356,0.9403115049811952,0.56644,0.6023961176688231,0.4523109537809244,0.0405685341802811,1.0,9,3,27,0,0.37362637362637363,0.34432234432234426,0.225,0.21666666666666667,0,0.0,0,0.0
Cherry,Pumpkin Seeds,13,18,4,9,14,378,0.2326252139407974,12.364791288566243,0.0015338027557447,3.1606,1.3969136122180208,0.8393999999999999,0.6008961417930488,0.3910721785564289,0.0041170495022622,1.0,4,9,36,1,0.7557251908396947,0.5968527607588533,0.825,0.6416666666666666,24,12.0,13,6.0
Egg Yolk,Sesame,14,31,6,8,25,366,0.2505483184888416,10.990772779700116,0.0002403846677778,5.03964,1.6229197978951375,0.9603599999999995,0.5917482806270207,0.3819523609527809,0.000899038657489,1.0,2,4,8,0,0.42758620689655175,0.3994211702354619,0.35,0.27499999999999997,0,0.0,0,0.0
Egg Yolk,Pistachio,14,31,6,8,25,366,0.2505483184888416,10.990772779700116,0.0002403846677778,5.038,1.6352602239399083,0.9619999999999996,0.5882855743180792,0.3843123137537249,0.000899038657489,1.0,2,4,8,0,0.4228187919463087,0.3710897508815834,0.275,0.24166666666666667,0,0.0,0,0.0
Apple,Mulberry,20,26,7,13,19,366,0.2657659595128143,10.441595441595442,8.654674444809302e-05,5.97276,1.77838634227774,1.02724,0.5776247689151284,0.377412451750965,0.0003678236639043,1.0,4,3,12,1,0.7032967032967034,0.5668464585662037,0.7125,0.6125,11,6.0,3,1.3333333333333333
Olive,Strawberry,2,21,1,1,20,383,0.1423848704990809,18.70731707317073,0.1011367803447011,0.62712,0.6502311170653093,0.37288,0.5734576371597238,0.5326493470130598,0.1521118867918963,1.0,5,3,15,0,0.3282442748091603,0.3011986493190583,0.2,0.16666666666666666,0,0.0,0,0.0
Potato,Wheat Flour,34,16,7,27,9,362,0.2585615150527869,10.4066985645933,0.0001051255507593,6.00284,1.7436719686913589,0.99716,0.5718736195251092,0.3822523549529009,0.0004368550664888,1.0,2,5,10,0,0.3191489361702128,0.29945284169314207,0.2125,0.19166666666666665,0,0.0,0,0.0
Fig,Potato,8,34,4,4,30,367,0.212972354383516,12.049180327868852,0.0022968315569645,3.25128,1.3243784812507335,0.74872,0.5653368811103864,0.4179516409671807,0.0058304185676792,1.0,13,2,26,0,0.334841628959276,0.33147203234812744,0.225,0.2125,0,0.0,0,0.0
Apple,Gluten,20,5,2,18,3,382,0.180924752960357,14.768339768339768,0.021214995842908,1.4624,0.9814408999017722,0.5376000000000001,0.5477660448569098,0.4586508269834603,0.0394093134697728,1.0,4,1,4,0,0.2608695652173913,0.1962779923123267,0.125,0.10416666666666667,0,0.0,0,0.0
Cow Milk,Pistachio,28,31,10,18,21,356,0.2876297716701324,9.411062225015714,8.03758625844222e-06,8.895,2.057458383540237,1.1050000000000004,0.5370704014428929,0.380272394552109,4.901180316289224e-05,1.0,4,4,16,0,0.3624161073825503,0.3503257938565765,0.3125,0.2625,0,0.0,0,0.0
Cow Milk,Fish,28,4,2,26,2,375,0.1696303467600429,14.169811320754716,0.0253936322857129,1.49648,0.9421399097798584,0.50352,0.5344429152965753,0.4825703485930281,0.0457613208038603,1.0,4,9,36,0,0.39090909090909093,0.385478803624456,0.2875,0.2583333333333333,0,0.0,0,0.0
Casein (nBos d8),Wheat Flour,15,16,4,11,12,378,0.2287001036154371,11.848695652173912,0.0017206336185516,3.24666,1.4212455257273462,0.7533400000000001,0.5300561981466684,0.4118117637647247,0.0045106329906892,1.0,1,5,5,0,0.2897196261682243,0.2554517133956386,0.225,0.16666666666666666,0,0.0,0,0.0
Pistachio,Strawberry,31,21,8,23,13,361,0.2677565742268919,9.685579196217494,4.78930189017344e-05,7.05814,1.890788126787348,0.94186,0.4981309045981379,0.3989920201595968,0.000227694776304,1.0,4,3,12,0,0.34591194968553457,0.33688897446109206,0.275,0.2041666666666667,0,0.0,0,0.0
Strawberry,Wheat Flour,21,16,5,16,11,373,0.2384073267439344,10.826086956521738,0.000689630436826,4.2229,1.56443459115426,0.7770999999999999,0.4967289808049088,0.4185516289674206,0.0021257289838429,1.0,3,5,15,0,0.34591194968553457,0.3240740395245734,0.15,0.14166666666666666,0,0.0,0,0.0
Olive,Orange,2,23,1,1,22,381,0.1349060194715185,16.955555555555556,0.1104877154382104,0.6806,0.6627093178762465,0.3194,0.4819609312625424,0.5697086058278834,0.1639777998963917,1.0,5,1,5,0,0.32061068702290074,0.26908396946564883,0.225,0.1416666666666667,0,0.0,0,0.0
Fig,Onion,8,12,2,6,10,387,0.1844892505736059,14.194139194139192,0.0204389845880576,1.51204,1.0430028947227328,0.4879599999999999,0.4678414628271162,0.4742505149897002,0.0383487302806031,1.0,13,1,13,1,0.3484848484848485,0.34595959595959597,0.3125,0.26666666666666666,0,0.0,0,0.0
Carrot,Fig,12,8,2,10,6,387,0.1844892505736059,14.194139194139192,0.0204389845880576,1.51538,1.040482318734922,0.48462,0.4657647624317429,0.4750904981900362,0.0383487302806031,1.0,2,13,26,1,0.45454545454545453,0.413880742913001,0.5,0.375,1,0.6666666666666666,0,0.0
Carrot,Egg Yolk,12,14,3,9,11,382,0.2060664962895446,12.25400457665904,0.0060436984047774,2.42052,1.2638049412785193,0.5794800000000002,0.4585201252764318,0.4526109477810444,0.0137825805084558,1.0,2,2,4,0,0.43506493506493504,0.3944840106130429,0.2625,0.17500000000000002,0,0.0,0,0.0
Casein (nBos d8),Orange,15,23,5,10,18,372,0.2343342392340241,10.546975546975547,0.0007770602460971,4.30192,1.5749680357391385,0.69808,0.4432343921649104,0.4379912401751965,0.0023187808407472,1.0,1,1,1,0,0.2900763358778626,0.2900763358778626,0.1,0.1,0,0.0,0,0.0
Banana,Gluten,22,5,2,20,3,380,0.1705188184860208,13.257839721254356,0.0255317173112446,1.57046,1.0046668046670997,0.42954,0.4275447322481506,0.504289914201716,0.0457613208038603,1.0,2,1,2,0,0.19083969465648856,0.18304871330762573,0.2125,0.1375,0,0.0,0,0.0
Mulberry,Olive,26,2,1,25,1,378,0.125256682659704,14.84313725490196,0.1244224422442244,0.73116,0.6770857068348142,0.2688399999999999,0.3970546081333655,0.6002279954400912,0.1817734117161716,1.0,3,5,15,1,0.7079646017699115,0.4777464423482123,0.85,0.41250000000000003,47,15.666666666666666,29,9.666666666666666
Hazelnut,Wheat Flour,16,16,4,12,12,377,0.2191516709511568,10.872,0.0022386464106631,3.42962,1.4490295564963471,0.5703800000000001,0.3936289618405985,0.4655306893862123,0.005708548347191,1.0,12,5,60,0,0.3790322580645161,0.3647498831229547,0.2375,0.2333333333333333,0,0.0,0,0.0
Hazelnut,Soybean,16,16,4,12,12,377,0.2191516709511568,10.872,0.0022386464106631,3.429,1.4572299063634406,0.5710000000000002,0.3918393367488231,0.4665106697866042,0.005708548347191,1.0,12,7,84,1,0.5316455696202531,0.5214128441976543,0.625,0.5750000000000001,16,11.0,12,5.666666666666667
Banana,Soybean,22,16,5,17,11,372,0.2310204479273836,10.180124223602483,0.0008715351011129,4.3871,1.576798525493983,0.6128999999999998,0.3886989936193586,0.4611507769844603,0.0025733220617072,1.0,2,7,14,1,0.8396946564885496,0.4961832061068702,0.9,0.45416666666666666,52,17.333333333333332,44,14.666666666666666
Banana,Kiwi,22,12,4,18,8,375,0.215110724962074,10.745627980922098,0.0024456270141341,3.4421,1.4368324850169558,0.5579000000000001,0.3882846510067709,0.4700105997880042,0.00614788241617,1.0,2,7,14,1,0.7981651376146789,0.4987039885757801,0.8375,0.3958333333333333,21,7.0,14,4.666666666666667
Cow Milk,String Bean,28,13,5,23,8,369,0.2264671590282576,10.173967459324157,0.0009632051400016,4.39564,1.560137490864186,0.6043599999999998,0.3873761149507629,0.4640507189856203,0.0028290999138268,1.0,4,8,32,0,0.43548387096774194,0.3926119781107533,0.2125,0.19999999999999998,0,0.0,0,0.0
Apple,String Bean,20,13,4,16,9,376,0.2171095044728703,10.808612440191387,0.0023404896944968,3.44048,1.4474865697477128,0.55952,0.386545900800669,0.4679106417871642,0.0059144807144717,1.0,4,8,32,1,0.4276729559748428,0.3790714322237562,0.525,0.4375,3,1.0,1,0.3333333333333333
"Cow Milk, UHT",Egg Yolk,34,14,6,28,8,363,0.2351504149887823,9.753353973168217,0.000415771799768,5.36978,1.6642844563355133,0.6302199999999996,0.378673247593529,0.4605107897842043,0.0013720469392345,1.0,4,2,8,1,0.4514003294892916,0.44165628112545074,0.5625,0.33749999999999997,13,4.666666666666667,5,1.6666666666666667
Fig,String Bean,8,13,2,6,11,386,0.1754889374885437,12.926421404682277,0.0239140355438758,1.60802,1.0643362624659558,0.39198,0.3682858639917269,0.5110097798044039,0.0432766901294012,1.0,13,8,104,1,0.8702290076335878,0.6406089173314967,0.8625,0.6999999999999998,45,19.0,27,10.333333333333334
Cherry,Fig,13,8,2,11,6,386,0.1754889374885437,12.926421404682277,0.0239140355438758,1.60784,1.0650119879137512,0.39216,0.3682212073201177,0.5112097758044839,0.0432766901294012,1.0,4,13,52,1,0.8015267175572519,0.6629181946768005,0.75,0.6749999999999999,29,16.0,17,8.0
Fig,Meat,8,13,2,6,11,386,0.1754889374885437,12.926421404682277,0.0239140355438758,1.61024,1.0627545071181774,0.3897600000000001,0.3667450924832061,0.510229795404092,0.0432766901294012,1.0,13,3,39,0,0.35454545454545455,0.34545454545454546,0.3,0.2791666666666666,0,0.0,0,0.0
Egg Yolk,Mulberry,14,26,5,9,21,370,0.2261574803333229,9.976744186046512,0.0009926896776255,4.45398,1.5693444999744337,0.5460200000000004,0.3479287052708285,0.4790504189916201,0.0028854865758959,1.0,2,3,6,0,0.4945054945054945,0.4387205151536362,0.2375,0.1875,0,0.0,0,0.0
Cow Milk,Olive,28,2,1,27,1,376,0.1196487636348512,13.690909090909091,0.1336511428920669,0.7641,0.6809781127172884,0.2359,0.3464134831862578,0.622367552648947,0.1927462497749346,1.0,4,5,20,0,0.3333333333333333,0.3277117942348497,0.25,0.2333333333333333,0,0.0,0,0.0
Egg White,Fish,33,4,2,31,2,370,0.1527914569015928,11.761904761904765,0.0348633409073781,1.67316,0.9645183328480595,0.32684,0.3388634397802442,0.5589088218235635,0.0599948903344758,1.0,5,9,45,0,0.42727272727272725,0.4040791386907155,0.3,0.27499999999999997,0,0.0,0,0.0
Fish,Potato,4,34,2,2,32,369,0.149841220291977,11.36923076923077,0.0369140465766883,1.69546,0.9654612309150484,0.30454,0.3154347272042835,0.5678686426271474,0.0633296028425753,1.0,9,2,18,0,0.33636363636363636,0.31716057707664186,0.2375,0.225,0,0.0,0,0.0
Cherry,Egg Yolk,13,14,3,10,11,381,0.1955839511062588,11.057971014492754,0.0076947940866506,2.59862,1.295528500496998,0.40138,0.3098195059746045,0.5129097418051639,0.0171300773119485,1.0,4,2,8,0,0.48091603053435117,0.4580530186176161,0.1625,0.15833333333333333,0,0.0,0,0.0
Meat,Strawberry,13,21,4,9,17,375,0.2101249516464916,10.16390977443609,0.0028382094665496,3.54982,1.4542207423909208,0.45018,0.3095678578066819,0.499430011399772,0.0069834890821681,1.0,3,3,9,0,0.29770992366412213,0.2865817908306746,0.2375,0.22083333333333333,0,0.0,0,0.0
Casein (nBos d8),Pumpkin Seeds,15,18,4,11,14,376,0.2114774672189067,10.160419790104948,0.0027656473663231,3.55986,1.464573924525491,0.44014,0.300524263493631,0.50254994900102,0.0068651689048996,1.0,1,9,9,0,0.308411214953271,0.2767881824012753,0.25,0.19166666666666665,0,0.0,0,0.0
Orange,Wheat Flour,23,16,5,18,11,371,0.224074335387432,9.603995299647474,0.0010874776268634,4.54232,1.5957596992028595,0.4576799999999998,0.2868101006866058,0.502089958200836,0.0031113624399817,1.0,1,5,5,0,0.3282442748091603,0.29770992366412213,0.15,0.1125,0,0.0,0,0.0
Egg White,Pumpkin Seeds,33,18,7,26,11,361,0.2423380905250927,8.896636587366695,0.0002105355470237,6.49882,1.8069528515155,0.5011799999999997,0.2773619685647346,0.49215015699686,0.0008034723937436,1.0,5,9,45,0,0.4122137404580153,0.390315057872463,0.25,0.25,0,0.0,0,0.0
Casein (nBos d8),Rice,15,25,5,10,20,370,0.2213320000610217,9.466898954703831,0.0011749351744243,4.58366,1.5991000607841908,0.4163399999999999,0.2603589420138155,0.5118897622047559,0.0033122544364425,1.0,1,7,7,0,0.32242990654205606,0.2834890965732087,0.2,0.17500000000000002,0,0.0,0,0.0
Olive,Sesame,2,31,1,1,30,373,0.1122044163749955,12.245901639344265,0.1474025180295807,0.82146,0.6889001875453367,0.17854,0.2591667170772112,0.6575068498630028,0.2093488926951767,1.0,5,4,20,0,0.3724137931034483,0.35325238383314606,0.2875,0.24166666666666667,0,0.0,0,0.0
Fish,Onion,4,12,1,3,11,390,0.1298013280489943,14.5527950310559,0.1137576604715519,0.80436,0.7783090584080338,0.19564,0.2513654413841274,0.6039479210415791,0.1680540490328874,1.0,9,1,9,0,0.2878787878787879,0.25757575757575757,0.125,0.09999999999999999,0,0.0,0,0.0
Kiwi,Soybean,12,16,3,9,13,380,0.1888225870163068,10.38401559454191,0.0089855379298148,2.69684,1.3200356110347933,0.3031600000000001,0.2296604708734705,0.5409091818163637,0.0196909639790084,1.0,7,7,49,1,0.8715596330275229,0.5448302225034272,0.8875,0.5583333333333332,48,16.666666666666668,37,12.333333333333334
"Cow Milk, UHT",Olive,34,2,1,33,1,370,0.1056905034500319,11.059701492537313,0.1610438821659943,0.86304,0.6942924156290344,0.1369599999999999,0.1972655856767686,0.6811263774724505,0.2236277670671357,1.0,4,5,20,0,0.3333333333333333,0.3277117942348497,0.25,0.2333333333333333,0,0.0,0,0.0
Cow Milk,Peanut,28,14,5,23,9,368,0.2148246423470481,9.078387458006718,0.001426175113755,4.68534,1.604720874295588,0.3146599999999999,0.1960839452145369,0.5373892522149557,0.0039028499454468,1.0,4,12,48,0,0.4507042253521127,0.41360198226395406,0.225,0.19999999999999998,0,0.0,0,0.0
Olive,Potato,2,34,1,1,33,370,0.1056905034500319,11.059701492537313,0.1610438821659943,0.8703,0.6949517321368442,0.1297,0.1866316666356053,0.6852662946741065,0.2236277670671357,1.0,5,2,10,0,0.34523809523809523,0.2848699763593381,0.1875,0.17500000000000002,0,0.0,0,0.0
Casein (nBos d8),Potato,15,34,6,9,28,362,0.223509960773375,8.702677746999077,0.0006510184737746,5.68258,1.7045540600403388,0.3174200000000002,0.1862187931971418,0.5369292614147717,0.0020518054145369,1.0,1,2,2,0,0.19158878504672897,0.16760290316166238,0.2375,0.16249999999999998,0,0.0,0,0.0
Pistachio,String Bean,31,13,5,26,8,366,0.2110179949750797,8.948945615982241,0.0015801112795892,4.71402,1.5967327389391144,0.2859800000000003,0.1791032356423081,0.5452890942181157,0.0042211544183313,1.0,4,8,32,1,0.38345864661654133,0.37141240197267367,0.4125,0.3833333333333333,0,0.0,0,0.0
Pumpkin Seeds,Wheat Flour,18,16,4,14,12,375,0.2022915293739696,9.322758620689656,0.0035836192791553,3.75358,1.5026300887443986,0.24642,0.1639924568567033,0.5531489370212596,0.0087030753922344,1.0,9,5,45,0,0.3387096774193548,0.33506308211538743,0.2375,0.22916666666666666,1,0.3333333333333333,0,0.0
Cow Milk,Pumpkin Seeds,28,18,6,22,12,365,0.2246026401349015,8.447111111111111,0.0006600736203326,5.75976,1.7462544895862115,0.24024,0.1375744494474724,0.5514289714205716,0.0020687223519921,1.0,4,9,36,0,0.41911764705882354,0.38108344372441616,0.25,0.22083333333333335,0,0.0,0,0.0
Cow Milk,Fig,28,8,3,25,5,372,0.1711526850805918,9.29590017825312,0.0131556124992941,2.84736,1.2823030181669228,0.1526399999999999,0.1190358268190008,0.5953880922381553,0.0269353963945403,1.0,4,13,52,0,0.40875912408759124,0.394469003803845,0.2875,0.2625,0,0.0,0,0.0
Cherry,Wheat Flour,13,16,3,10,13,379,0.1788051275937462,9.37037037037037,0.0113972535310559,2.88976,1.3529401843392783,0.1102400000000001,0.0814817988822151,0.5963880722385553,0.0243112518286021,1.0,4,5,20,0,0.4188034188034188,0.35548604366118414,0.2375,0.19999999999999998,0,0.0,0,0.0
Meat,Soybean,13,16,3,10,13,379,0.1788051275937462,9.37037037037037,0.0113972535310559,2.89068,1.3503514866878177,0.1093199999999998,0.0809566998501577,0.5988280234395312,0.0243112518286021,1.0,3,7,21,0,0.35454545454545455,0.3463367855772919,0.3125,0.28750000000000003,0,0.0,0,0.0
Casein (nBos d8),Peanut,15,14,3,12,11,379,0.1775970436957122,9.24,0.0117417144183273,2.91688,1.3616207495481258,0.08312,0.0610448981682929,0.6053878922421552,0.0249511431389455,1.0,1,12,12,0,0.3055555555555556,0.289206509392109,0.1625,0.13333333333333333,0,0.0,0,0.0
Cow Milk,Sesame,28,31,9,19,22,355,0.2510207026800621,7.697435897435898,7.002070744910571e-05,8.89844,2.065653786673844,0.1015599999999992,0.0491660319145412,0.5691086178276434,0.0003093040699129,1.0,4,4,16,0,0.3380281690140845,0.3310357953874224,0.225,0.17916666666666667,0,0.0,0,0.0
Gluten,Kiwi,5,12,1,4,11,389,0.112335545617406,11.289855072463768,0.1402786282379892,0.97646,0.8540174871745895,0.02354,0.0275638383915055,0.6770064598708025,0.2007558939834489,1.0,1,7,7,0,0.25862068965517243,0.23818136803158055,0.1375,0.12083333333333335,0,0.0,0,0.0
Potato,Tomato,34,19,7,27,12,359,0.2275877568889627,7.843636363636364,0.0003845335684355,6.95384,1.857769968106926,0.0461600000000004,0.0248469944032078,0.5937081258374832,0.0013133719402582,1.0,2,2,4,0,0.24468085106382978,0.23677656867522065,0.2,0.16666666666666666,0,0.0,0,0.0
"Cow Milk, UHT",Wheat Flour,34,16,6,28,10,361,0.2128533467435862,7.852130325814536,0.0009785542275838,6.00202,1.7523971923054444,-0.0020199999999999,-0.0011527067087698,0.6078078438431231,0.0028592131337215,1.0,4,5,20,0,0.36619718309859156,0.34137798150555626,0.225,0.18333333333333335,0,0.0,0,0.0
"Cow Milk, UHT",Meat,34,13,5,29,8,363,0.1974421137858553,7.9730807577268195,0.0024547694495937,5.01774,1.610995124883995,-0.0177399999999998,-0.0110118272401831,0.622307553848923,0.00614788241617,1.0,4,3,12,0,0.39090909090909093,0.33473938626652666,0.325,0.29583333333333334,0,0.0,0,0.0
Fish,Hazelnut,4,16,1,3,15,386,0.1079238438792472,10.68663594470046,0.1494259886095025,1.01512,0.8464817692071105,-0.01512,-0.017862168507377,0.7026459470810584,0.2116868171967952,1.0,9,12,108,0,0.43119266055045874,0.4067772799850416,0.35,0.31249999999999994,0,0.0,0,0.0
Egg Yolk,Orange,14,23,4,10,19,372,0.1871658868697453,8.186813186813186,0.005449658714475,4.05674,1.5322795346802751,-0.0567399999999995,-0.037029796923992,0.6326473470530589,0.0125297481099201,1.0,2,1,2,0,0.4961832061068702,0.4351145038167939,0.1125,0.10625000000000001,0,0.0,0,0.0
Gluten,Meat,5,13,1,4,12,388,0.1064999023444249,10.36,0.1512165591764372,1.04788,0.8759152388216569,-0.0478799999999999,-0.0546628233850703,0.7071658566828664,0.2136838531435296,1.0,1,3,3,0,0.21818181818181817,0.17912741470168506,0.1375,0.10416666666666667,0,0.0,0,0.0
Carrot,Peach,12,19,3,9,16,377,0.1678262156358177,8.42902711323764,0.0147696612750608,3.08798,1.3794199939104843,-0.0879799999999999,-0.0637804297374199,0.6531069378612427,0.0293821984940039,1.0,2,4,8,1,0.42857142857142855,0.3727047146401985,0.5,0.3666666666666667,3,1.3333333333333333,1,0.3333333333333333
Chicken,Shellifish,7,38,3,4,35,363,0.1522477299605478,7.964006259780907,0.0205311131345822,3.0816,1.2547754540155782,-0.0815999999999999,-0.0650315558364332,0.6745265094698106,0.0383931815616687,1.0,5,6,30,0,0.3211009174311927,0.3119266055045871,0.25,0.23750000000000002,0,0.0,0,0.0
Apple,"Cow Milk, UHT",20,34,7,13,27,358,0.2186630988673153,7.242424242424242,0.0005559955255932,7.2498,1.8931138264774268,-0.2497999999999995,-0.1319519177908123,0.6486470270594588,0.0017622231065412,1.0,4,4,16,0,0.34782608695652173,0.3408813726197813,0.2,0.17916666666666667,0,0.0,0,0.0
Fig,Tomato,8,19,2,6,17,380,0.136337458492524,8.362637362637363,0.0493587185414024,2.16316,1.1822769617987152,-0.1631599999999999,-0.1380048882554291,0.6993660126797464,0.0831538771823627,1.0,13,2,26,1,0.8473282442748091,0.6063293877677164,0.8375,0.6666666666666666,38,17.333333333333332,27,9.666666666666666
Apple,Potato,20,34,7,13,27,358,0.2186630988673153,7.242424242424242,0.0005559955255932,7.26226,1.8855873600552144,-0.2622600000000004,-0.1390866345181274,0.6525469490610187,0.0017622231065412,1.0,4,2,8,0,0.26956521739130435,0.25306404255398124,0.2875,0.18333333333333335,0,0.0,0,0.0
Cow Milk,Shellifish,28,38,10,18,28,349,0.2461020788110936,6.960170697012802,6.279218179066448e-05,10.31804,2.164664075185803,-0.3180399999999999,-0.1469234897210095,0.6432671346573069,0.0002818113118765,1.0,4,6,24,0,0.32124352331606215,0.31113411733144886,0.275,0.2708333333333333,1,0.3333333333333333,0,0.0
Cow Milk,Egg White,28,33,9,19,24,353,0.2390288990344797,7.029304029304029,0.0001221753223471,9.31102,2.094088479410554,-0.3110199999999992,-0.1485228551983368,0.6477670446591068,0.0004966692451936,1.0,4,5,20,1,0.39436619718309857,0.3818114680592921,0.4625,0.31666666666666665,0,0.0,0,0.0
Apple,Onion,20,12,3,17,9,376,0.1617977041723511,7.926315789473684,0.0170806521745222,3.21574,1.3876729630572184,-0.2157399999999998,-0.1554689078359626,0.6866662666746665,0.0336219153330068,1.0,4,1,4,1,0.26515151515151514,0.2510979358805446,0.275,0.17500000000000002,0,0.0,0,0.0
Casein (nBos d8),Soybean,15,16,3,12,13,377,0.1615815949456893,7.82962962962963,0.017261017381896,3.24224,1.4127985639856808,-0.2422399999999998,-0.1714611029307749,0.6913461730765385,0.0336795701758654,1.0,1,7,7,0,0.3375,0.3087616822429906,0.2125,0.1875,0,0.0,0,0.0
Casein (nBos d8),Pistachio,15,31,5,10,26,364,0.1894218253290482,7.204851752021563,0.0032971237886173,5.34426,1.6723352093405188,-0.3442600000000002,-0.2058558583693028,0.6892662146757065,0.0080772333860887,1.0,1,4,4,0,0.3364485981308411,0.3130841121495327,0.2375,0.2041666666666667,0,0.0,0,0.0
Apple,Fig,20,8,2,18,6,379,0.1314400595473816,7.88981288981289,0.054293597123567,2.24956,1.1941020921177556,-0.2495599999999997,-0.2089938554226983,0.7249855002899942,0.091126869355667,1.0,4,13,52,1,0.6163522012578616,0.5831460324447378,0.6875,0.6541666666666667,11,9.333333333333334,6,4.333333333333333
Peach,String Bean,19,13,3,16,10,376,0.1583398374757574,7.606060606060606,0.0186283692349248,3.29914,1.4271703683863393,-0.2991399999999999,-0.2096035670487112,0.7029459410811784,0.0359124231642366,1.0,4,8,32,1,0.8625954198473282,0.5613082616422311,0.9125,0.5708333333333333,46,15.333333333333334,32,10.666666666666666
Gluten,Shellifish,5,38,2,3,36,364,0.1173956111964162,7.1330724070450096,0.071558234207277,2.2447,1.083412160721856,-0.2446999999999999,-0.2258604886223182,0.751404971900562,0.1134016084471255,1.0,1,6,6,0,0.19243986254295534,0.1650649426291572,0.125,0.10416666666666667,0,0.0,0,0.0
Gluten,Hazelnut,5,16,1,4,15,385,0.092115681852699,8.290322580645162,0.1833641037772032,1.23546,0.9306011972912996,-0.23546,-0.2530192317454064,0.7712645747085058,0.2488659310431148,1.0,1,12,12,0,0.3130434782608696,0.26585985357836545,0.225,0.15833333333333333,0,0.0,0,0.0
Shellifish,String Bean,38,13,5,33,8,359,0.1816082822304949,6.943810359964881,0.0041258269688074,5.42158,1.6442172312684256,-0.4215799999999996,-0.2564016432760367,0.7086458270834584,0.0098639259049818,1.0,6,8,48,0,0.3157894736842105,0.313914557385831,0.225,0.225,0,0.0,0,0.0
Egg White,Rice,33,25,8,25,17,355,0.2236283670521107,6.771428571428571,0.000332817322667,8.5184,2.012546009411958,-0.5183999999999997,-0.2575841732688984,0.6914261714765705,0.0011742799875232,1.0,5,7,35,0,0.41509433962264153,0.3658580413297394,0.2875,0.2833333333333333,0,0.0,0,0.0
Cow Milk,Rice,28,25,7,21,18,359,0.2131996001964883,6.778755499685732,0.0007145848765547,7.53068,1.9470538609910095,-0.5306800000000003,-0.2725553774510866,0.6974460510789784,0.0021669303553902,1.0,4,7,28,0,0.34375,0.33305144537637815,0.2625,0.24166666666666667,0,0.0,0,0.0
Apple,Pumpkin Seeds,20,18,4,16,14,371,0.1720415899370733,6.987460815047022,0.0085074668231809,4.46864,1.600705016672341,-0.4686399999999997,-0.2927709947297108,0.7211855762884742,0.018864382955749,1.0,4,9,36,1,0.5408805031446541,0.49147530851846666,0.5875,0.5541666666666667,10,4.0,6,2.0
Banana,Fish,22,4,1,21,3,380,0.0862276108078271,7.584717607973422,0.2008961526417364,1.27678,0.9113576858731152,-0.27678,-0.3037007360450735,0.7937641247175057,0.2689802902912032,1.0,2,9,18,1,0.366412213740458,0.361323155216285,0.4,0.26666666666666666,0,0.0,0,0.0
Orange,Pistachio,23,31,7,16,24,358,0.2102486094290342,6.651205936920222,0.0007976450251631,7.61888,1.949417232303029,-0.6188799999999999,-0.317469236315747,0.7142657146857063,0.0023676130111984,1.0,1,4,4,0,0.3435114503816794,0.31297709923664124,0.15,0.14583333333333334,0,0.0,0,0.0
Chicken,Mulberry,7,26,2,5,24,374,0.1198568359413413,6.9480519480519485,0.0682244488692221,2.40368,1.201067216104078,-0.40368,-0.336101089587162,0.7701845963080738,0.1096673805605547,1.0,5,3,15,0,0.34065934065934067,0.32747719371923195,0.275,0.19999999999999998,0,0.0,0,0.0
Egg Yolk,Onion,14,12,2,12,10,381,0.1263559604755373,7.266666666666667,0.0601170819861262,2.4262,1.2639594771985374,-0.4262000000000001,-0.3371943544777539,0.7603847923041539,0.0994857905434124,1.0,2,1,2,0,0.45454545454545453,0.3939393939393939,0.1625,0.13125,0,0.0,0,0.0
Peach,Peanut,19,14,3,16,11,375,0.1497763914920192,6.926218708827404,0.0230025261244925,3.50024,1.4545514574603409,-0.5002399999999998,-0.3439135806672821,0.74872502549949,0.0421712978949029,1.0,4,12,48,1,0.7938931297709924,0.5646344133240618,0.8375,0.5333333333333333,38,14.0,32,11.0
Egg Yolk,Tomato,14,19,3,11,16,375,0.1497763914920192,6.926218708827404,0.0230025261244925,3.51554,1.4631057748501988,-0.5155400000000001,-0.3523600336091791,0.7513449731005379,0.0421712978949029,1.0,2,2,4,0,0.44274809160305345,0.4036323927846628,0.2,0.15416666666666667,0,0.0,0,0.0
Egg White,Potato,33,34,10,23,24,348,0.2352969074367541,6.355623100303951,0.0001093192632784,10.82214,2.2086615450086557,-0.8221399999999992,-0.3722344882845222,0.7221655566888662,0.0004509419610235,1.0,5,2,10,0,0.3829787234042553,0.3452071499630949,0.2125,0.2041666666666667,0,0.0,0,0.0
Fig,Shellifish,8,38,3,5,35,362,0.1368841929154581,6.498079385403329,0.0307294022480754,3.4978,1.329479281523409,-0.4977999999999998,-0.3744323111448462,0.7716445671086578,0.053704656265328,1.0,13,6,78,0,0.35036496350364965,0.340630324231806,0.325,0.32083333333333336,0,0.0,0,0.0
Pistachio,Soybean,31,16,5,26,11,363,0.1799931781548407,6.560295324036095,0.0045351309937762,5.64602,1.7206505047800968,-0.64602,-0.375451027506927,0.744745105097898,0.0107350569093184,1.0,4,7,28,1,0.49682875264270615,0.4493666463611281,0.6,0.5291666666666667,7,3.6666666666666665,0,0.0
Hazelnut,Pistachio,16,31,5,11,26,363,0.1799931781548407,6.560295324036095,0.0045351309937762,5.65928,1.718798964858894,-0.6592799999999999,-0.3835701635148029,0.74812503749925,0.0107350569093184,1.0,12,4,48,1,0.6131078224101479,0.6033857411269091,0.7375,0.7166666666666668,21,20.0,10,7.666666666666667
Fish,Olive,4,2,0,4,2,399,-0.0070359101390341,17.755555555555556,1.0,0.15384,0.3718780101054645,-0.15384,-0.413684046433321,1.0,1.0,1.0,9,5,45,0,0.39285714285714285,0.3723893065998329,0.325,0.28750000000000003,1,1.0,0,0.0
Chicken,Meat,7,13,1,6,12,386,0.0833344133320298,7.135384615384615,0.2055578448802915,1.43124,1.0156535149350885,-0.43124,-0.4245936174676273,0.8150636987260255,0.2726192694511667,1.0,5,3,15,1,0.8256880733944955,0.5400611620795107,0.875,0.5041666666666667,40,13.333333333333334,32,10.666666666666666
Banana,"Cow Milk, UHT",22,34,7,15,27,356,0.2024348631162017,6.2727272727272725,0.0010802169988989,7.84006,1.9587442907128003,-0.8400600000000003,-0.4288768084650277,0.752344953100938,0.0031113624399817,1.0,2,4,8,0,0.3053435114503817,0.2794464128741342,0.225,0.18333333333333335,0,0.0,0,0.0
Banana,Cow Milk,22,28,6,16,22,361,0.1923432121609458,6.329292929292929,0.0021797032976913,6.8058,1.8712365857902629,-0.8057999999999996,-0.4306243294509407,0.7546649067018659,0.0056092364679122,1.0,2,4,8,0,0.3053435114503817,0.2794464128741342,0.225,0.18333333333333335,0,0.0,0,0.0
Chicken,Cow Milk,7,28,2,5,26,372,0.1132212966639226,6.389365351629502,0.0780186238843171,2.5283,1.2080724771304074,-0.5283000000000002,-0.4373081996329364,0.7990040199196016,0.1219176824487518,1.0,5,4,20,0,0.34415584415584416,0.3179963853177447,0.225,0.1958333333333333,0,0.0,0,0.0
Carrot,Casein (nBos d8),12,15,2,10,13,380,0.1199432239928409,6.710758377425044,0.0682233023852975,2.57272,1.2946937095699511,-0.5727199999999999,-0.4423594520979299,0.7926641467170656,0.1096673805605547,1.0,2,1,2,0,0.21428571428571427,0.20069124423963133,0.1125,0.09375,0,0.0,0,0.0
Casein (nBos d8),Mulberry,15,26,4,11,22,368,0.1620021951879852,6.408695652173913,0.0112757994109775,4.71404,1.6055487779572446,-0.7140399999999998,-0.4447326732162444,0.7742245155096898,0.0242364883891126,1.0,1,3,3,0,0.2967032967032967,0.23919714826911684,0.175,0.09583333333333333,0,0.0,0,0.0
Apple,Egg Yolk,20,14,3,17,11,374,0.1440170304431918,6.51304347826087,0.0265021182717388,3.66332,1.480826315811547,-0.6633200000000001,-0.447939095164227,0.7796244075118498,0.0473493259568327,1.0,4,2,8,0,0.46956521739130436,0.42822424277998977,0.2625,0.19583333333333333,0,0.0,0,0.0
Cherry,Sesame,13,31,4,9,27,365,0.1583285449350629,6.2956937799043065,0.0123861366258874,4.71156,1.5801779540292271,-0.7115600000000004,-0.4503037130632182,0.7765444691106178,0.0257356394337883,1.0,4,4,16,0,0.37606837606837606,0.3157492291625334,0.1875,0.18333333333333335,0,0.0,0,0.0
Meat,Sesame,13,31,4,9,27,365,0.1583285449350629,6.2956937799043065,0.0123861366258874,4.7204,1.5838509525836073,-0.7203999999999997,-0.454840778309897,0.7773444531109378,0.0257356394337883,1.0,3,4,12,0,0.35454545454545455,0.33783283604637987,0.325,0.27916666666666673,0,0.0,0,0.0
Meat,Pistachio,13,31,4,9,27,365,0.1583285449350629,6.2956937799043065,0.0123861366258874,4.72674,1.5940730762421145,-0.7267400000000004,-0.4559013076823462,0.7763644727105458,0.0257356394337883,1.0,3,4,12,0,0.33636363636363636,0.32727272727272727,0.2625,0.23750000000000002,0,0.0,0,0.0
Egg Yolk,String Bean,14,13,2,12,11,380,0.1189029247770866,6.6173913043478265,0.0696484070587581,2.6005,1.3000999000076878,-0.6004999999999998,-0.4618875826361104,0.7984840303193936,0.1110021487498958,1.0,2,8,16,0,0.5161290322580645,0.4624533160961996,0.2375,0.22916666666666666,1,0.3333333333333333,0,0.0
Casein (nBos d8),Peach,15,19,3,12,16,374,0.141982416248923,6.355151515151515,0.0278968832579601,3.7018,1.4918434100132627,-0.7018,-0.4704247076398996,0.7865242695146097,0.0495257959104925,1.0,1,4,4,0,0.3626373626373626,0.29479567647506577,0.15,0.125,0,0.0,0,0.0
Gluten,Olive,5,2,0,5,2,398,-0.0078762135226321,14.49090909090909,1.0,0.19622,0.4169864645285264,-0.19622,-0.4705668329590982,1.0,1.0,1.0,1,5,5,0,0.27380952380952384,0.2351915925506983,0.1375,0.1125,0,0.0,0,0.0
Hazelnut,Pumpkin Seeds,16,18,3,13,15,374,0.1407839697670194,6.264038231780167,0.0287519858278372,3.74964,1.5051643997915982,-0.7496399999999999,-0.4980452634302229,0.7951640967180656,0.050722842922694,1.0,12,9,108,1,0.5911949685534591,0.5576519916142558,0.675,0.6666666666666666,17,12.333333333333334,6,4.666666666666667
Egg White,Sesame,33,31,9,24,22,350,0.2197797117515435,6.040362811791384,0.0002996395560049,10.07788,2.148882199097937,-1.0778800000000004,-0.5016003206003918,0.7673246535069299,0.0010915440968751,1.0,5,4,20,0,0.35374149659863946,0.3492445605182266,0.225,0.2041666666666667,0,0.0,0,0.0
Banana,Pumpkin Seeds,22,18,4,18,14,369,0.1597640110191622,6.198508853681267,0.0121282420180797,4.83002,1.6452740803890389,-0.8300200000000002,-0.5044873738020202,0.7910441791164177,0.025578735985499,1.0,2,9,18,1,0.7633587786259542,0.49109414758269715,0.8125,0.4000000000000001,22,7.333333333333333,10,3.3333333333333335
Hazelnut,Kiwi,16,12,2,14,10,379,0.1140687769072117,6.231527093596059,0.0766858401646522,2.70506,1.32070829345469,-0.70506,-0.5338499072764313,0.8176836463270735,0.1205063202587392,1.0,12,7,84,1,0.43119266055045874,0.4172191427222169,0.4625,0.32916666666666666,1,0.6666666666666666,0,0.0
Hazelnut,Onion,16,12,2,14,10,379,0.1140687769072117,6.231527093596059,0.0766858401646522,2.70476,1.3163864715196678,-0.7047599999999998,-0.5353746906760658,0.8207835843283134,0.1205063202587392,1.0,12,1,12,1,0.3939393939393939,0.356060606060606,0.3625,0.22083333333333333,0,0.0,0,0.0
Casein (nBos d8),Cherry,15,13,2,13,11,379,0.1126373626373626,6.111111111111111,0.078911587436252,2.73892,1.3264528765093773,-0.7389199999999998,-0.5570646444255919,0.8254834903301934,0.1229705570881594,1.0,1,4,4,0,0.2900763358778626,0.24834160473027558,0.125,0.1125,0,0.0,0,0.0
Chicken,Olive,7,2,0,7,2,396,-0.0093426474052285,10.573333333333334,1.0,0.2672,0.4768691225063749,-0.2672,-0.5603214538102705,1.0,1.0,1.0,5,5,25,0,0.34868421052631576,0.34751538632514006,0.3,0.25833333333333336,1,0.3333333333333333,0,0.0
Pistachio,Rice,31,25,7,24,18,356,0.1962857490861199,5.899062327633756,0.001400096159927,8.13098,1.9990058127979564,-1.1309799999999992,-0.565771241263674,0.7924041519169617,0.0038502644397993,1.0,4,7,28,1,0.37446808510638296,0.3537943247252542,0.55,0.425,0,0.0,0,0.0
Orange,Potato,23,34,7,16,27,355,0.1950145146939132,5.87603305785124,0.0014591051146882,8.13024,1.9868964599092689,-1.1302400000000006,-0.5688469544364747,0.7949041019179617,0.0039543863253146,1.0,1,2,2,0,0.2595419847328244,0.2366412213740458,0.1375,0.1,0,0.0,0,0.0
Casein (nBos d8),Chicken,15,7,1,14,6,384,0.07431094182474,6.119363395225464,0.2337130838450748,1.60076,1.0497082558501671,-0.60076,-0.57231139857373,0.8557428851422971,0.3049140465978767,1.0,1,5,5,0,0.26605504587155965,0.25565511684006065,0.1875,0.1708333333333333,0,0.0,0,0.0
"Cow Milk, UHT",Orange,34,23,7,27,16,355,0.1950145146939132,5.87603305785124,0.0014591051146882,8.14018,1.9879360069177257,-1.1401800000000009,-0.5735496495019667,0.7936241275174496,0.0039543863253146,1.0,4,1,4,0,0.33587786259541985,0.282442748091603,0.125,0.09999999999999999,0,0.0,0,0.0
Fig,Olive,8,2,0,8,2,395,-0.0100002812618657,9.305882352941175,1.0,0.29528,0.4985676700308595,-0.29528,-0.5922566137947197,1.0,1.0,1.0,13,5,65,1,0.5176991150442478,0.4850400337126001,0.6125,0.5708333333333334,11,6.666666666666667,5,3.0
Mulberry,Soybean,26,16,4,22,12,367,0.1537394828885158,5.88,0.0143746574752539,4.97352,1.6437331929482972,-0.9735199999999996,-0.5922615690773005,0.8160236795264094,0.0288006530129195,1.0,3,7,21,1,0.5222929936305732,0.41387275145236924,0.6,0.35833333333333334,5,1.6666666666666667,2,0.6666666666666666
"Cow Milk, UHT",Pistachio,34,31,9,25,22,349,0.2142517370399279,5.786928104575163,0.0003862858647818,10.30286,2.169362998762535,-1.3028600000000008,-0.6005726108277815,0.7971440571188576,0.0013133719402582,1.0,4,4,16,0,0.3624161073825503,0.3503257938565765,0.3125,0.2625,0,0.0,0,0.0
Hazelnut,Mulberry,16,26,4,12,22,367,0.1537394828885158,5.88,0.0143746574752539,4.99466,1.6530430981677404,-0.9946599999999995,-0.601714499218137,0.8166636667266655,0.0288006530129195,1.0,12,3,36,1,0.6263736263736264,0.5803411026340962,0.6625,0.6208333333333332,11,6.666666666666667,6,3.0
Fish,Pistachio,4,31,1,3,30,371,0.0651609623824469,5.220140515222482,0.2736770015820308,1.60204,0.9558597378276796,-0.6020399999999999,-0.6298413628847023,0.880282394352113,0.3529489606609639,1.0,9,4,36,0,0.4,0.372503465117814,0.2375,0.22916666666666666,1,0.3333333333333333,0,0.0
Pumpkin Seeds,Shellifish,18,38,6,12,32,355,0.1771445004134412,5.688,0.0036827027719734,7.1728,1.860671964640733,-1.1727999999999996,-0.6303099215161492,0.8167236655266895,0.008905156271884,1.0,9,6,54,0,0.3502824858757062,0.3389830508474576,0.35,0.3208333333333333,1,0.6666666666666666,0,0.0
Meat,Potato,13,34,4,9,30,362,0.1469278648387476,5.629853321829163,0.0172563820186987,5.02926,1.6075459098887352,-1.0292599999999998,-0.6402678727049476,0.8294834103317934,0.0336795701758654,1.0,3,2,6,0,0.2909090909090909,0.25606060606060604,0.15,0.12083333333333335,0,0.0,0,0.0
Chicken,Wheat Flour,7,16,1,6,15,383,0.0703626637414728,5.709677419354839,0.2474669515709325,1.68376,1.0678540454575245,-0.6837599999999999,-0.640312225166541,0.8719825603487931,0.3213633329428081,1.0,5,5,25,0,0.3669724770642202,0.35158683183246664,0.25,0.24166666666666667,0,0.0,0,0.0
Onion,Shellifish,12,38,4,8,34,359,0.1435295263476367,5.516624040920716,0.0189040572459104,5.03088,1.5798501275753978,-1.0308799999999998,-0.6525175913883018,0.8332633347333054,0.036195140324081,1.0,1,6,6,0,0.29545454545454547,0.2777777777777778,0.075,0.075,0,0.0,0,0.0
Soybean,String Bean,16,13,2,14,11,378,0.1068924397333021,5.674662668665667,0.0885564922798515,2.88376,1.3537977184202965,-0.8837600000000001,-0.6528006274314242,0.8472230555388892,0.1357382299699364,1.0,7,8,56,1,0.8702290076335878,0.6573243978933664,0.9,0.6916666666666665,55,26.333333333333332,35,14.0
Egg Yolk,Fig,14,8,1,13,7,384,0.0702708128045288,5.696296296296296,0.2471904919181514,1.71416,1.0901447125955346,-0.7141599999999999,-0.6551056861979824,0.875162496750065,0.3213633329428081,1.0,2,13,26,0,0.49635036496350365,0.46968862740162765,0.2875,0.27499999999999997,2,1.0,0,0.0
Cherry,Hazelnut,13,16,2,11,14,378,0.1068924397333021,5.674662668665667,0.0885564922798515,2.8944,1.353398921234977,-0.8944000000000001,-0.6608546718685572,0.8523229535409291,0.1357382299699364,1.0,4,12,48,1,0.6477987421383647,0.5993072646066904,0.675,0.6416666666666667,15,8.666666666666666,6,3.3333333333333335
Banana,Rice,22,25,5,17,20,363,0.1648615923586416,5.572822299651568,0.0076251940493005,6.2445,1.8160946423576043,-1.2445000000000004,-0.685261643844962,0.8303433931321373,0.0171109354466304,1.0,2,7,14,0,0.3816793893129771,0.346408052874998,0.2375,0.22083333333333333,0,0.0,0,0.0
Kiwi,Pumpkin Seeds,12,18,2,10,16,377,0.1036353245277391,5.447330447330447,0.0945839890764602,2.94,1.362101317817438,-0.94,-0.6901101905592517,0.8579828403431932,0.1434097780321464,1.0,7,9,63,1,0.7431192660550459,0.5349378063261947,0.8,0.5625000000000001,17,6.333333333333333,9,3.0
Chicken,"Cow Milk, UHT",7,34,2,5,32,366,0.0964892785998402,5.125874125874126,0.110041955429838,2.86802,1.2433025696104714,-0.86802,-0.6981566846370727,0.8676226475470491,0.1637494350030215,1.0,5,4,20,0,0.34415584415584416,0.3179963853177447,0.225,0.1958333333333333,0,0.0,0,0.0
Banana,Sesame,22,31,6,16,25,358,0.1768536603601257,5.538324420677362,0.0038225408334908,7.34666,1.9147445898604856,-1.34666,-0.7033105131259944,0.8351632967340653,0.0092036283587484,1.0,2,4,8,0,0.35877862595419846,0.2999003119611903,0.1875,0.16666666666666666,0,0.0,0,0.0
Egg White,Strawberry,33,21,6,27,15,357,0.1745806551808791,5.451612903225806,0.0041319475716055,7.35688,1.9143345229086768,-1.3568800000000003,-0.7087998381486276,0.8352432951340973,0.0098639259049818,1.0,5,3,15,0,0.4351145038167939,0.3988029510138109,0.2375,0.22083333333333333,0,0.0,0,0.0
Kiwi,Olive,12,2,0,12,2,391,-0.0123099651264567,6.264,1.0,0.41294,0.5685600728155293,-0.41294,-0.7262908877070925,1.0,1.0,1.0,7,5,35,1,0.6488888888888888,0.4555992638601334,0.725,0.4333333333333333,20,7.0,9,3.0
Olive,Onion,2,12,0,2,12,391,-0.0123099651264567,6.264,1.0,0.41246,0.5655234286923929,-0.41246,-0.729342020283214,1.0,1.0,1.0,5,1,5,0,0.3106060606060606,0.2626262626262626,0.1875,0.1125,0,0.0,0,0.0
Carrot,Olive,12,2,0,12,2,391,-0.0123099651264567,6.264,1.0,0.413,0.5652884219582072,-0.413,-0.7306004934071227,1.0,1.0,1.0,2,5,10,0,0.36904761904761907,0.3215356328259554,0.275,0.2041666666666667,0,0.0,0,0.0
Casein (nBos d8),Fig,15,8,1,14,7,383,0.0661190614333606,5.289655172413793,0.2625932440016674,1.8118,1.110342631803355,-0.8118000000000001,-0.7311256694535102,0.8888022239555209,0.340218960473292,1.0,1,13,13,0,0.3037383177570093,0.28665807283274247,0.2625,0.19999999999999998,0,0.0,0,0.0
Cow Milk,Wheat Flour,28,16,4,24,12,365,0.1445916217794556,5.370612244897959,0.0187359831745268,5.2356,1.6870129341531444,-1.2355999999999998,-0.7324188066289206,0.8495230095398092,0.0359961868524299,1.0,4,5,20,0,0.36619718309859156,0.34137798150555626,0.225,0.18333333333333335,0,0.0,0,0.0
Banana,Casein (nBos d8),22,15,3,19,12,371,0.1260534133508504,5.334358974358975,0.0414083512754708,4.15936,1.556934292255134,-1.1593600000000004,-0.7446428572915116,0.8618827623447531,0.0708234300778632,1.0,2,1,2,0,0.24427480916030533,0.23428693729043304,0.175,0.125,0,0.0,0,0.0
Cherry,Olive,13,2,0,13,2,390,-0.0128289501447696,5.785185185185185,1.0,0.44134,0.5833000980627382,-0.44134,-0.7566259657177885,1.0,1.0,1.0,4,5,20,1,0.42920353982300885,0.3702355077375949,0.4875,0.31666666666666665,2,0.6666666666666666,0,0.0
Hazelnut,Peanut,16,14,2,14,12,377,0.1003946170549467,5.206896551724138,0.1009570842216222,3.07034,1.3881902911344688,-1.0703399999999998,-0.7710326219939828,0.876362472750545,0.1521118867918963,1.0,12,12,144,1,0.7226277372262774,0.6140415308573964,0.8125,0.7458333333333332,25,13.666666666666666,17,8.666666666666666
Onion,Peach,12,19,2,10,17,376,0.0989613551165612,5.122448979591836,0.1039739099942719,3.07814,1.3812871317723912,-1.07814,-0.7805328632987338,0.878702425951481,0.1555449693514308,1.0,1,4,4,1,0.2857142857142857,0.24625388747526153,0.275,0.15833333333333333,0,0.0,0,0.0
Chicken,Fish,7,4,0,7,4,394,-0.0132454065621796,5.844444444444444,1.0,0.50638,0.6463430169809217,-0.50638,-0.7834539659224741,1.0,1.0,1.0,5,9,45,1,0.8110599078341014,0.7481999509125609,0.975,0.9458333333333334,176,152.0,144,120.0
Egg Yolk,Hazelnut,14,16,2,12,14,377,0.1003946170549467,5.206896551724138,0.1009570842216222,3.08472,1.3827879525075424,-1.08472,-0.7844442078288091,0.879262414751705,0.1521118867918963,1.0,2,12,24,0,0.50625,0.49151130578017366,0.3,0.2708333333333333,1,1.0,0,0.0
Olive,Peanut,2,14,0,2,14,389,-0.0133302444599531,5.372413793103449,1.0,0.46706,0.5950755888120433,-0.46706,-0.7848750793699967,1.0,1.0,1.0,5,12,60,0,0.44047619047619047,0.3902464494569758,0.25,0.24166666666666667,0,0.0,0,0.0
Soybean,Strawberry,16,21,3,13,18,371,0.1240734400283708,5.206206206206206,0.0435258467653127,4.2343,1.5663344183155772,-1.2343000000000002,-0.7880181815370921,0.869042619147617,0.0739939395010316,1.0,7,3,21,1,0.8320610687022901,0.5669629915933907,0.875,0.5541666666666667,54,18.333333333333332,44,14.666666666666666
Egg Yolk,Olive,14,2,0,14,2,389,-0.0133302444599531,5.372413793103449,1.0,0.46708,0.592550650662034,-0.46708,-0.7882532902092834,1.0,1.0,1.0,2,5,10,0,0.5119047619047619,0.43715021329134046,0.2625,0.22083333333333333,0,0.0,0,0.0
Casein (nBos d8),Sesame,15,31,4,11,27,363,0.1402450052916991,5.172332015810277,0.0211794500853569,5.32472,1.6789511373473622,-1.32472,-0.7890164106222739,0.8647627047459051,0.0394093134697728,1.0,1,4,4,0,0.308411214953271,0.24384132763120836,0.225,0.17500000000000002,0,0.0,0,0.0
Shellifish,Tomato,38,19,6,32,13,354,0.1688855852215414,5.251851851851852,0.0050104011226131,7.50068,1.888851380495564,-1.50068,-0.7944934236203792,0.8559428811423772,0.0115672223447982,1.0,6,2,12,0,0.26717557251908397,0.24957950575753654,0.2,0.1875,0,0.0,0,0.0
"Cow Milk, UHT",Strawberry,34,21,6,28,15,356,0.1701435972595465,5.245614035087719,0.0048494156572704,7.5412,1.9152186715881825,-1.5412,-0.8047122883999298,0.8594028119437611,0.0112418272054906,1.0,4,3,12,0,0.35877862595419846,0.3478980208194185,0.2125,0.17500000000000002,0,0.0,0,0.0
Mulberry,Shellifish,26,38,8,18,30,349,0.1921043843530911,5.264953478068232,0.0012867746787143,9.72006,2.1154984274161,-1.72006,-0.8130755275960692,0.8548229035419291,0.0035911429207131,1.0,3,6,18,0,0.4175824175824176,0.38095238095238093,0.2,0.19166666666666665,0,0.0,0,0.0
Meat,Pumpkin Seeds,13,18,2,11,16,376,0.0966754135857859,4.960474308300396,0.1088741324302152,3.14984,1.4033203391955806,-1.1498400000000002,-0.8193710073774874,0.8852422951540969,0.1624425220567838,1.0,3,9,27,0,0.36363636363636365,0.35195503421309876,0.3375,0.31250000000000006,0,0.0,0,0.0
Fish,Shellifish,4,38,1,3,37,364,0.0534925755553734,4.1657142857142855,0.3267538009351141,1.81674,0.9730959728618755,-0.81674,-0.8393211181400406,0.9174016519669608,0.4128578430734212,1.0,9,6,54,1,0.5809859154929577,0.5177198886534546,0.6875,0.5708333333333333,20,13.333333333333334,5,3.3333333333333335
Olive,Soybean,2,16,0,2,16,387,-0.0142872178029235,4.696969696969697,1.0,0.51716,0.6158778567216068,-0.51716,-0.839711956446861,1.0,1.0,1.0,5,7,35,0,0.4166666666666667,0.40317460317460313,0.275,0.25416666666666665,0,0.0,0,0.0
Fig,Fish,8,4,0,8,4,393,-0.0141777576851963,5.143790849673203,1.0,0.57336,0.6803957013385667,-0.57336,-0.8426860999738952,1.0,1.0,1.0,13,9,117,1,0.3944954128440367,0.3944954128440367,0.35,0.3125,0,0.0,0,0.0
Olive,Wheat Flour,2,16,0,2,16,387,-0.0142872178029235,4.696969696969697,1.0,0.5175,0.6134278686202641,-0.5175,-0.8436199698001539,1.0,1.0,1.0,5,5,25,0,0.36904761904761907,0.3583959899749374,0.25,0.2041666666666667,0,0.0,0,0.0
Meat,Shellifish,13,38,4,9,34,358,0.1335669012354914,4.922196796338673,0.0254721595912895,5.40546,1.633518346514664,-1.4054599999999997,-0.8603882552030969,0.8806623867522649,0.0457613208038603,1.0,3,6,18,1,0.5598591549295775,0.5352112676056339,0.6875,0.6833333333333332,21,18.333333333333332,6,5.0
Chicken,Gluten,7,5,0,7,5,393,-0.0148273141947945,4.7696969696969695,1.0,0.62184,0.7121200842554576,-0.62184,-0.8732235106809997,1.0,1.0,1.0,5,1,5,0,0.1834862385321101,0.17229550507711863,0.1625,0.1375,0,0.0,0,0.0
Banana,Wheat Flour,22,16,3,19,13,370,0.11916954367085,4.925925925925926,0.0491725014048909,4.3904,1.5875225478713682,-1.3903999999999996,-0.8758300799344988,0.8878222435551288,0.0830896785787465,1.0,2,5,10,0,0.3064516129032258,0.2955347615529837,0.2125,0.19999999999999998,0,0.0,0,0.0
Apple,Chicken,20,7,1,19,6,379,0.0572150069864049,4.491124260355029,0.3003882001025645,1.99536,1.1353671082077377,-0.99536,-0.8766856048624226,0.9186016279674406,0.3829949551307698,1.0,4,5,20,0,0.34782608695652173,0.33140096618357484,0.275,0.20833333333333334,0,0.0,0,0.0
Casein (nBos d8),Hazelnut,15,16,2,13,14,376,0.0944630862759414,4.8084291187739465,0.1138334021969647,3.2472,1.413369081308913,-1.2472,-0.8824305105393809,0.8992820143597128,0.1680540490328874,1.0,1,12,12,0,0.29439252336448596,0.29439252336448596,0.2375,0.22083333333333335,0,0.0,0,0.0
Peach,Rice,19,25,4,15,21,365,0.1371744511523298,4.935483870967742,0.0233504218907246,5.54426,1.7264996531711188,-1.5442600000000004,-0.8944455894697733,0.8863222735545289,0.0426696634550376,1.0,4,7,28,0,0.4175824175824176,0.38887607303637844,0.2,0.19166666666666665,0,0.0,0,0.0
Egg White,Fig,33,8,2,31,6,366,0.0874427799196561,4.474969474969475,0.1323137122891278,3.19466,1.320230087674115,-1.1946599999999998,-0.9048877246122036,0.9054618907621848,0.1918035984346271,1.0,5,13,65,0,0.425,0.4205826831109993,0.2625,0.25416666666666665,0,0.0,0,0.0
Onion,Pistachio,12,31,3,9,28,365,0.1140050339875987,4.724838411819022,0.055728985542358,4.40404,1.5370334018491592,-1.4040400000000002,-0.913473967651478,0.8955220895582089,0.0927713972975159,1.0,1,4,4,0,0.3560606060606061,0.3181818181818182,0.2,0.17083333333333336,0,0.0,0,0.0
Gluten,Pistachio,5,31,1,4,30,370,0.0519168534176928,4.049180327868853,0.329826659813844,1.9738,1.0614299600067827,-0.9738,-0.917441599249542,0.9257014859702806,0.4139435260750928,1.0,1,4,4,0,0.30201342281879195,0.26218316843100625,0.325,0.2708333333333333,1,0.3333333333333333,0,0.0
Olive,Tomato,2,19,0,2,19,384,-0.0156295193646678,3.943589743589744,1.0,0.58694,0.6388125205410426,-0.58694,-0.9187985224567778,1.0,1.0,1.0,5,2,10,1,0.6327433628318584,0.42126220660977126,0.7375,0.36250000000000004,26,8.666666666666666,12,4.0
Olive,Peach,2,19,0,2,19,384,-0.0156295193646678,3.943589743589744,1.0,0.58612,0.6371682239408993,-0.58612,-0.9198826588916112,1.0,1.0,1.0,5,4,20,0,0.4126984126984127,0.37566137566137564,0.2875,0.225,0,0.0,0,0.0
Kiwi,Strawberry,12,21,2,10,19,374,0.0904840521082714,4.572649572649572,0.1235276977150828,3.31684,1.4208914154149852,-1.31684,-0.9267703258066374,0.9068018639627208,0.180937437123137,1.0,7,3,21,1,0.8623853211009175,0.48339052688096745,0.85,0.42083333333333334,50,16.666666666666668,40,13.333333333333334
Gluten,Sesame,5,31,1,4,30,370,0.0519168534176928,4.049180327868853,0.329826659813844,1.98602,1.058935578588235,-0.98602,-0.9311425736724744,0.9282814343713126,0.4139435260750928,1.0,1,4,4,0,0.28378378378378377,0.2688448602620755,0.1875,0.1708333333333333,0,0.0,0,0.0
Carrot,Kiwi,12,12,1,11,11,382,0.0553435114503816,4.338374291115312,0.3064994021804637,2.1312,1.1998110517910725,-1.1312000000000002,-0.942815119356794,0.9258614827703446,0.3899006000526988,1.0,2,7,14,0,0.2922077922077922,0.2742484755387981,0.2625,0.2625,0,0.0,0,0.0
Apple,Olive,20,2,0,20,2,383,-0.0160563604038901,3.7414634146341466,1.0,0.61402,0.6459717018569776,-0.61402,-0.950536994476498,1.0,1.0,1.0,4,5,20,1,0.41150442477876104,0.3515573755473717,0.45,0.29583333333333334,0,0.0,0,0.0
"Cow Milk, UHT",Fig,34,8,2,32,6,365,0.084999352120424,4.325443786982248,0.1391665605535246,3.26068,1.3210321485868544,-1.2606799999999998,-0.9543143982896896,0.9132417351652968,0.1996737607941875,1.0,4,13,52,0,0.40875912408759124,0.394469003803845,0.2875,0.2625,0,0.0,0,0.0
Orange,Soybean,23,16,3,20,13,369,0.1145389028806004,4.672990063233966,0.055172993410918,4.5476,1.6157890456368371,-1.5476,-0.9577982993380416,0.9034619307613848,0.0921191943557292,1.0,1,7,7,1,0.7786259541984732,0.46564885496183206,0.8125,0.375,31,10.333333333333334,16,5.333333333333333
Sesame,Soybean,31,16,4,27,12,362,0.1323167640588888,4.745454545454545,0.0267275564492172,5.64,1.711560691299028,-1.6399999999999997,-0.9581898020544538,0.8972420551588968,0.0476005052952725,1.0,4,7,28,1,0.4375,0.39064339017854904,0.475,0.35833333333333334,0,0.0,0,0.0
Apple,Sesame,20,31,5,15,26,359,0.1487011453532459,4.813755325623859,0.0128714241561907,6.7939,1.8556246360727169,-1.7938999999999998,-0.9667364644374672,0.8941821163576729,0.0266452728842178,1.0,4,4,16,0,0.33043478260869563,0.2907859078590786,0.25,0.2333333333333333,0,0.0,0,0.0
Egg White,Peach,33,19,5,28,14,358,0.1473357976779221,4.771324863883848,0.0134148189656844,6.80696,1.8491337318863648,-1.80696,-0.9771927085861216,0.8978420431591368,0.0273662306899963,1.0,5,4,20,0,0.4444444444444444,0.43970646260722596,0.2,0.19166666666666665,0,0.0,0,0.0
Apple,Meat,20,13,2,18,11,374,0.0878016378382931,4.4007050528789655,0.130378901055081,3.42446,1.4392962545633206,-1.4244599999999998,-0.9896920078015335,0.9172616547669048,0.1894885064557006,1.0,4,3,12,0,0.2893081761006289,0.2826186392224128,0.225,0.2041666666666667,0,0.0,0,0.0
Banana,Onion,22,12,2,20,10,373,0.0866153804050828,4.337979094076655,0.1336509528064736,3.45368,1.4319966681525484,-1.45368,-1.0151420267446751,0.9215215695686086,0.1927462497749346,1.0,2,1,2,0,0.2727272727272727,0.20506592643997223,0.0875,0.075,0,0.0,0,0.0
Egg White,Kiwi,33,12,3,30,9,363,0.1076387296701461,4.390854184641933,0.065344878962669,4.59132,1.5519860365351248,-1.5913199999999996,-1.025344276648706,0.9147217055658888,0.1062564553566879,1.0,5,7,35,0,0.43119266055045874,0.3960041946407021,0.3,0.2625,0,0.0,0,0.0
Carrot,Egg White,12,33,3,9,30,363,0.1076387296701461,4.390854184641933,0.065344878962669,4.59606,1.5541983388229454,-1.5960599999999996,-1.0269345682152495,0.9157816843663128,0.1062564553566879,1.0,2,5,10,0,0.3935483870967742,0.3598799050411953,0.2625,0.2041666666666667,0,0.0,0,0.0
Fish,Kiwi,4,12,0,4,12,389,-0.0174522794015454,3.462222222222222,1.0,0.80784,0.7789701755523122,-0.80784,-1.0370615273264068,1.0,1.0,1.0,9,7,63,1,0.3804347826086957,0.37538226299694194,0.35,0.2708333333333333,0,0.0,0,0.0
"Cow Milk, UHT",Peach,34,19,5,29,14,357,0.1433730090223296,4.596727060198714,0.0152538810079265,6.93866,1.8634745515836808,-1.93866,-1.0403469145057131,0.9092818143637128,0.0302382588178331,1.0,4,4,16,0,0.4603174603174603,0.40140160765160765,0.2,0.1625,0,0.0,0,0.0
Egg Yolk,Peach,14,19,2,12,17,374,0.0858570674095452,4.28,0.135572740194248,3.51582,1.455702485949653,-1.5158200000000002,-1.041297940087757,0.9245215095698086,0.1950161724332644,1.0,2,4,8,0,0.4835164835164835,0.468050468050468,0.175,0.15416666666666665,0,0.0,0,0.0
Kiwi,Meat,12,13,1,11,12,381,0.0507922836296214,3.9808695652173913,0.3276749929535792,2.28488,1.2286266257899512,-1.2848799999999998,-1.04578557311818,0.9406611867762644,0.4130913956111414,1.0,7,3,21,0,0.3448275862068966,0.3393825814365545,0.2125,0.18333333333333332,0,0.0,0,0.0
Banana,Orange,22,23,4,18,19,364,0.1294728965173043,4.546777546777546,0.0292018187798226,5.87794,1.7912234244783647,-1.87794,-1.0484119258025495,0.9118617627647448,0.051354922681757,1.0,2,1,2,1,0.7938931297709924,0.5381679389312977,0.85,0.51875,30,15.0,15,7.5
Peanut,Shellifish,14,38,4,10,34,357,0.1245236001909485,4.440993788819876,0.0332701055901146,5.7803,1.6958867621394993,-1.7803000000000004,-1.049775279661955,0.9152616947661046,0.0577849202354622,1.0,12,6,72,0,0.4722222222222222,0.4509650495565989,0.3,0.2875,0,0.0,0,0.0
Pistachio,Potato,31,34,8,23,26,348,0.1807619826975231,4.756724207145725,0.0021055920519837,10.29874,2.169924978518842,-2.2987400000000004,-1.0593638133835788,0.9037819243615128,0.0054686904683467,1.0,4,2,8,0,0.30319148936170215,0.2956339655338404,0.2625,0.17916666666666667,0,0.0,0,0.0
Olive,Rice,2,25,0,2,25,378,-0.018069273054159,2.9686274509803923,1.0,0.71128,0.6713574022828674,-0.71128,-1.0594654912292332,1.0,1.0,1.0,5,7,35,0,0.40131578947368424,0.38794903926482877,0.2875,0.24583333333333332,0,0.0,0,0.0
Fish,String Bean,4,13,0,4,13,388,-0.0181880630899448,3.197530864197531,1.0,0.85428,0.799828532624337,-0.85428,-1.0680789258630234,1.0,1.0,1.0,9,8,72,1,0.4125,0.39345651168170254,0.3375,0.29583333333333334,0,0.0,0,0.0
Fish,Meat,4,13,0,4,13,388,-0.0181880630899448,3.197530864197531,1.0,0.85542,0.7996228008254892,-0.85542,-1.0697793998831806,1.0,1.0,1.0,9,3,27,1,0.8133802816901409,0.6792544256363872,0.975,0.8624999999999999,129,86.33333333333333,111,74.0
Carrot,"Cow Milk, UHT",12,34,3,9,31,362,0.1046309631673918,4.239766081871345,0.0704393472794037,4.68274,1.554672342456764,-1.68274,-1.082375979842066,0.9239815203695926,0.1119446850531034,1.0,2,4,8,0,0.3935483870967742,0.3303169948331239,0.2375,0.21666666666666665,0,0.0,0,0.0
Cherry,Pistachio,13,31,3,10,28,364,0.1056390948950461,4.2631578947368425,0.0687318402172992,4.7188,1.586583297529633,-1.7188,-1.083334233176558,0.9242815143697126,0.1101673210340139,1.0,4,4,16,0,0.37606837606837606,0.36241466430145675,0.1875,0.17916666666666667,0,0.0,0,0.0
Shellifish,Strawberry,38,21,6,32,15,352,0.1538934247037621,4.548387096774194,0.0086830957765868,8.1628,1.968892114870692,-2.1628000000000007,-1.0984857848049454,0.9148417031659368,0.019102810708491,1.0,6,3,18,0,0.31297709923664124,0.3055835613807672,0.225,0.22083333333333333,0,0.0,0,0.0
Egg White,Hazelnut,33,16,4,29,12,360,0.124927890455368,4.399322033898305,0.033073313454612,5.91626,1.732307020247852,-1.9162600000000003,-1.1061895943398237,0.9230615387692246,0.0576215181616067,1.0,5,12,60,0,0.4608695652173913,0.43271221532091103,0.275,0.25833333333333336,0,0.0,0,0.0
Chicken,Fig,7,8,0,7,8,390,-0.0188259640092193,3.062745098039216,1.0,0.95072,0.8542198087143612,-0.95072,-1.1129688053369728,1.0,1.0,1.0,5,13,65,0,0.3669724770642202,0.35197982445688875,0.2625,0.24166666666666667,0,0.0,0,0.0
Peach,Strawberry,19,21,3,16,18,368,0.1061071003280959,4.225225225225225,0.0680362718275142,4.85576,1.6661677053646191,-1.85576,-1.1137894426983217,0.9276814463710724,0.1096673805605547,1.0,4,3,12,1,0.9465648854961832,0.6833962416563598,0.95,0.6458333333333334,95,44.333333333333336,87,37.0
Hazelnut,Rice,16,25,3,13,22,367,0.1059890535623241,4.234567901234568,0.0682104401777128,4.83144,1.6393375266857038,-1.83144,-1.1171829901940176,0.9278814423711526,0.1096673805605547,1.0,12,7,84,1,0.4260869565217391,0.4019897251222413,0.55,0.4666666666666666,2,1.3333333333333333,0,0.0
Kiwi,Peanut,12,14,1,11,13,380,0.0466454246615301,3.676328502415459,0.3482563707203063,2.4184,1.266768108218706,-1.4184,-1.119699802037576,0.9496810063798724,0.4350239048070376,1.0,7,12,84,1,0.8348623853211009,0.5393072844132413,0.8625,0.45416666666666666,39,13.0,29,9.666666666666666
Meat,String Bean,13,13,1,12,12,380,0.0463108320251177,3.6528,0.3499147514563869,2.44006,1.274506648236878,-1.44006,-1.129896028390393,0.9517609647807044,0.4350239048070376,1.0,3,8,24,0,0.3629032258064516,0.35733137829912026,0.3,0.2791666666666666,0,0.0,0,0.0
Banana,String Bean,22,13,2,20,11,372,0.0799660878884329,3.9501590668080593,0.1528671062369508,3.67726,1.4732341607497434,-1.67726,-1.1384883983048737,0.9395812083758324,0.2138614628402229,1.0,2,8,16,1,0.7938931297709924,0.4869042836097878,0.85,0.4708333333333334,26,8.666666666666666,11,3.6666666666666665
Gluten,Onion,5,12,0,5,12,388,-0.019536616629114,2.8254545454545457,1.0,0.97722,0.856446771025497,-0.97722,-1.1410166201337777,1.0,1.0,1.0,1,1,1,0,0.23484848484848486,0.23484848484848486,0.0875,0.0875,0,0.0,0,0.0
Casein (nBos d8),Tomato,15,19,2,13,17,373,0.0801513640114888,3.952380952380953,0.1521382566459847,3.71634,1.5038872977720097,-1.7163400000000002,-1.1412690316240697,0.9393812123757525,0.2138614628402229,1.0,1,2,2,0,0.2595419847328244,0.2138831418991225,0.15,0.10625,0,0.0,0,0.0
Cow Milk,Peach,28,19,4,24,15,362,0.1236541657525303,4.2955892034233045,0.0344586250590699,6.03646,1.7828546402889962,-2.03646,-1.142246795661308,0.9267014659706806,0.0594808881788868,1.0,4,4,16,0,0.4603174603174603,0.40140160765160765,0.2,0.1625,0,0.0,0,0.0
Cow Milk,Tomato,28,19,4,24,15,362,0.1236541657525303,4.2955892034233045,0.0344586250590699,6.03342,1.7769364376926955,-2.03342,-1.1443403133993588,0.9281214375712484,0.0594808881788868,1.0,4,2,8,0,0.31297709923664124,0.2953884052634046,0.15,0.14583333333333334,0,0.0,0,0.0
Banana,Meat,22,13,2,20,11,372,0.0799660878884329,3.9501590668080593,0.1528671062369508,3.68872,1.4747558311801994,-1.68872,-1.1450844704567618,0.9398012039759204,0.2138614628402229,1.0,2,3,6,0,0.29770992366412213,0.2680545917187139,0.125,0.10833333333333334,0,0.0,0,0.0
Olive,Pistachio,2,31,0,2,31,372,-0.0202818478578709,2.365079365079365,1.0,0.82142,0.6912084950288154,-0.82142,-1.18838238521035,1.0,1.0,1.0,5,4,20,0,0.39285714285714285,0.373015873015873,0.25,0.22916666666666666,0,0.0,0,0.0
Fish,Wheat Flour,4,16,0,4,16,385,-0.0202555014905332,2.595959595959596,1.0,1.01446,0.8515226998735853,-1.01446,-1.1913481580122336,1.0,1.0,1.0,9,5,45,0,0.41818181818181815,0.38582840666140167,0.2875,0.23749999999999996,0,0.0,0,0.0
Gluten,String Bean,5,13,0,5,13,387,-0.0203602754481988,2.609427609427609,1.0,1.04932,0.8802088034097363,-1.04932,-1.1921262272487665,1.0,1.0,1.0,1,8,8,0,0.27419354838709675,0.24578381437464625,0.1375,0.12916666666666668,0,0.0,0,0.0
Fish,Soybean,4,16,0,4,16,385,-0.0202555014905332,2.595959595959596,1.0,1.00992,0.84629876143121,-1.00992,-1.193337443023175,1.0,1.0,1.0,9,7,63,1,0.43119266055045874,0.4006116207951071,0.3375,0.2833333333333334,1,0.3333333333333333,0,0.0
Cherry,Egg White,13,33,3,10,30,362,0.0993755159504796,3.9617486338797816,0.0802938379012402,4.92258,1.610858821746959,-1.92258,-1.193512413406274,0.9390812183756324,0.1244332681287176,1.0,4,5,20,0,0.46153846153846156,0.43309192927513535,0.3,0.25833333333333336,0,0.0,0,0.0
Kiwi,Rice,12,25,2,10,23,370,0.0761941231023725,3.753799392097264,0.1651790000477632,3.77228,1.4737379691111994,-1.77228,-1.2025747026582,0.9460410791784164,0.227679162227998,1.0,7,7,49,0,0.3706896551724138,0.36657703258462515,0.325,0.2541666666666667,0,0.0,0,0.0
Egg White,Meat,33,13,3,30,10,362,0.0993755159504796,3.9617486338797816,0.0802938379012402,4.9352,1.6014371545583672,-1.9352,-1.2084145759273803,0.9419611607767844,0.1244332681287176,1.0,5,3,15,0,0.34545454545454546,0.3305591122492531,0.2875,0.23750000000000002,0,0.0,0,0.0
Meat,Orange,13,23,2,11,21,371,0.0763678547503739,3.756319514661274,0.1644211679042127,3.8193,1.4945927572419178,-1.8193,-1.2172546609668369,0.9478610427791444,0.2271927960449836,1.0,3,1,3,0,0.3511450381679389,0.2686560259079343,0.1125,0.07916666666666666,0,0.0,0,0.0
Egg Yolk,Meat,14,13,1,13,12,379,0.0422218984479145,3.373333333333333,0.3714737010254353,2.58414,1.2987842239571592,-1.58414,-1.219709918537056,0.9608207835843284,0.4590236702098441,1.0,2,3,6,0,0.4090909090909091,0.39039692701664536,0.3,0.2625,0,0.0,0,0.0
Meat,Peanut,13,14,1,12,13,379,0.0422218984479145,3.373333333333333,0.3714737010254353,2.58816,1.2975622583907105,-1.5881599999999998,-1.2239566847217802,0.9589408211835764,0.4590236702098441,1.0,3,12,36,0,0.33636363636363636,0.33368597214751067,0.2625,0.23750000000000002,1,0.3333333333333333,0,0.0
Casein (nBos d8),Shellifish,15,38,4,11,34,356,0.1162482799385271,4.043478260869565,0.0423317503476425,6.13126,1.7376164169344166,-2.13126,-1.2265422789686045,0.9395812083758324,0.0721827110791109,1.0,1,6,6,0,0.2803738317757009,0.24766355140186913,0.275,0.23750000000000002,0,0.0,0,0.0
Egg White,Olive,33,2,0,33,2,370,-0.0209820527609029,2.2119402985074625,1.0,0.85406,0.691925947193773,-0.85406,-1.2343228396966326,1.0,1.0,1.0,5,5,25,0,0.42857142857142855,0.39285714285714285,0.375,0.2708333333333333,0,0.0,0,0.0
Cherry,"Cow Milk, UHT",13,34,3,10,31,361,0.09641361589164,3.8253968253968256,0.0863942368576152,5.01718,1.611882392608097,-2.01718,-1.2514436594447274,0.9456210875782484,0.133518366052678,1.0,4,4,16,0,0.3511450381679389,0.33792669900980427,0.175,0.14583333333333334,0,0.0,0,0.0
Onion,Soybean,12,16,1,11,15,378,0.0393149667981166,3.185133239831697,0.3876969255828745,2.70124,1.319190078191919,-1.70124,-1.2896094566839966,0.9675606487870244,0.4748864088471454,1.0,1,7,7,0,0.30303030303030304,0.2878787878787879,0.15,0.13333333333333333,0,0.0,0,0.0
Carrot,Soybean,12,16,1,11,15,378,0.0393149667981166,3.185133239831697,0.3876969255828745,2.70188,1.318106393884803,-1.70188,-1.291155257189912,0.9671606567868642,0.4748864088471454,1.0,2,7,14,1,0.4025974025974026,0.3578550481776288,0.425,0.3333333333333333,1,0.3333333333333333,0,0.0
Carrot,Hazelnut,12,16,1,11,15,378,0.0393149667981166,3.185133239831697,0.3876969255828745,2.70298,1.3157808022615316,-1.7029800000000002,-1.2942733296252389,0.9663006739865204,0.4748864088471454,1.0,2,12,24,1,0.43870967741935485,0.42454964390448263,0.5,0.46249999999999997,3,1.3333333333333333,1,0.3333333333333333
Kiwi,Wheat Flour,12,16,1,11,15,378,0.0393149667981166,3.185133239831697,0.3876969255828745,2.70712,1.3152115060323943,-1.7071200000000002,-1.297981345335001,0.9670006599868004,0.4748864088471454,1.0,7,5,35,0,0.3853211009174312,0.3535777982568349,0.2375,0.22916666666666666,0,0.0,0,0.0
Casein (nBos d8),String Bean,15,13,1,14,12,378,0.0384615384615384,3.1324137931034484,0.3923709948532342,2.74984,1.331247525593945,-1.7498399999999998,-1.314436245971084,0.9681006379872402,0.4795645492650641,1.0,1,8,8,0,0.3064516129032258,0.2602307557029444,0.1875,0.1416666666666667,0,0.0,0,0.0
"Cow Milk, UHT",Rice,34,25,6,28,19,352,0.1443340742361448,4.12280701754386,0.012315475974997,8.68876,2.037726591670235,-2.6887600000000003,-1.319490068486637,0.9453610927781444,0.0257356394337883,1.0,4,7,28,0,0.34375,0.33305144537637815,0.2625,0.24166666666666667,0,0.0,0,0.0
Olive,Shellifish,2,38,0,2,38,365,-0.0226684194937481,1.8987012987012988,1.0,0.92678,0.70012772520448,-0.92678,-1.3237298947550231,1.0,1.0,1.0,5,6,30,0,0.35714285714285715,0.34993734335839594,0.3125,0.27499999999999997,0,0.0,0,0.0
Cow Milk,Soybean,28,16,3,25,13,364,0.0946260869495242,3.7058823529411766,0.090239932351139,5.243,1.688120552567261,-2.2430000000000003,-1.3286965771424852,0.9543809123817524,0.1379416949563733,1.0,4,7,28,0,0.3875,0.36613924050632907,0.2375,0.225,0,0.0,0,0.0
Meat,Rice,13,25,2,11,23,369,0.0697052078114257,3.418131359851989,0.1880406301426454,4.0476,1.529435922162154,-2.0476,-1.3387942380124829,0.9613807723845524,0.2541946831566845,1.0,3,7,21,0,0.41818181818181815,0.3575757575757576,0.325,0.27083333333333337,0,0.0,0,0.0
Apple,Wheat Flour,20,16,2,18,14,371,0.0707808747272586,3.462255358807083,0.1836550721066837,4.07404,1.544952451824974,-2.07404,-1.3424620269381378,0.9610207795844083,0.2488659310431148,1.0,4,5,20,0,0.3739130434782609,0.3572213465199305,0.2625,0.22083333333333333,0,0.0,0,0.0
Chicken,Kiwi,7,12,0,7,12,386,-0.0231740442450497,2.061333333333333,1.0,1.33288,0.9883475631578196,-1.33288,-1.348594411202252,1.0,1.0,1.0,5,7,35,0,0.3804347826086957,0.34807596201899055,0.25,0.2125,0,0.0,0,0.0
Apple,Hazelnut,20,16,2,18,14,371,0.0707808747272586,3.462255358807083,0.1836550721066837,4.08702,1.5465598984843756,-2.08702,-1.3494595340570217,0.9625207495850084,0.2488659310431148,1.0,4,12,48,1,0.6289308176100629,0.5996171725458025,0.675,0.6541666666666667,10,8.666666666666666,7,5.333333333333333
Egg White,Mulberry,33,26,6,27,20,352,0.14292816659555,4.06430155210643,0.0129556033268165,8.79294,2.057558299635762,-2.79294,-1.3574050370744868,0.9488410231795364,0.0267209318615591,1.0,5,3,15,0,0.45054945054945056,0.3887916754158793,0.25,0.22916666666666666,0,0.0,0,0.0
Carrot,Chicken,12,7,0,12,7,386,-0.0231740442450497,2.061333333333333,1.0,1.33256,0.9807771644976244,-1.33256,-1.358677636711257,1.0,1.0,1.0,2,5,10,0,0.33116883116883117,0.3175115207373272,0.25,0.20833333333333334,0,0.0,0,0.0
Chicken,Onion,7,12,0,7,12,386,-0.0231740442450497,2.061333333333333,1.0,1.3427,0.9860105019724688,-1.3427,-1.3617502017615333,1.0,1.0,1.0,5,1,5,0,0.3106060606060606,0.2712908905569456,0.15,0.10833333333333334,0,0.0,0,0.0
Pistachio,Tomato,31,19,4,27,15,359,0.1118076615825209,3.795307917888563,0.0482752564885834,6.50548,1.8303469533397183,-2.5054800000000004,-1.368855230112744,0.9558208835823284,0.0818199966468136,1.0,4,2,8,0,0.32061068702290074,0.3053435114503817,0.25,0.18333333333333335,0,0.0,0,0.0
Carrot,Cow Milk,12,28,2,10,26,367,0.0671802711963204,3.30188679245283,0.1980819253860602,4.09812,1.51905643924115,-2.09812,-1.3811995037183236,0.9641807163856724,0.2664843168862824,1.0,2,4,8,0,0.3935483870967742,0.3303169948331239,0.2375,0.21666666666666665,0,0.0,0,0.0
Orange,Shellifish,23,38,6,17,32,350,0.140568872944967,4.005714285714285,0.0139962589775926,8.80502,2.0172066824200194,-2.8050200000000007,-1.3905466526785697,0.9532609347813044,0.0282442492317607,1.0,1,6,6,0,0.31297709923664124,0.29007633587786263,0.125,0.1125,0,0.0,0,0.0
Meat,Wheat Flour,13,16,1,12,15,377,0.034979751872858,2.92258064516129,0.4126252950247931,2.879,1.3471744504703165,-1.879,-1.3947711072935032,0.9736005279894402,0.4978124527073311,1.0,3,5,15,0,0.3181818181818182,0.30014662756598237,0.1625,0.15,0,0.0,0,0.0
Cherry,Soybean,13,16,1,12,15,377,0.034979751872858,2.92258064516129,0.4126252950247931,2.88902,1.3483261621729368,-1.88902,-1.4010111596111814,0.9745805083898322,0.4978124527073311,1.0,4,7,28,1,0.7938931297709924,0.5700513613355433,0.8125,0.5416666666666666,32,11.0,16,5.333333333333333
Hazelnut,String Bean,16,13,1,15,12,377,0.034979751872858,2.92258064516129,0.4126252950247931,2.89632,1.3519949917067002,-1.89632,-1.402608746062119,0.9746205075898482,0.4978124527073311,1.0,12,8,96,1,0.4357142857142857,0.4256484205857676,0.5125,0.4749999999999999,2,1.6666666666666667,0,0.0
Cherry,Chicken,13,7,0,13,7,385,-0.0241510560930405,1.903703703703704,1.0,1.4244,1.0119706715117782,-1.4244,-1.4075506732542906,1.0,1.0,1.0,4,5,20,0,0.3333333333333333,0.3154563841586742,0.2875,0.22083333333333333,0,0.0,0,0.0
"Cow Milk, UHT",Peanut,34,14,3,31,11,360,0.0889335499880809,3.483091787439613,0.1037588696940128,5.35098,1.6642695213215928,-2.35098,-1.4126197529190414,0.9625807483850324,0.1555449693514308,1.0,4,12,48,0,0.4507042253521127,0.41360198226395406,0.225,0.19999999999999998,0,0.0,0,0.0
Meat,Mulberry,13,26,2,11,24,368,0.0666071743281611,3.269742679680568,0.200065546761631,4.17446,1.534608649916975,-2.17446,-1.4169475716936966,0.9671206575868484,0.2685090232853469,1.0,3,3,9,0,0.3076923076923077,0.29026387625113736,0.225,0.1875,0,0.0,0,0.0
Chicken,String Bean,7,13,0,7,13,385,-0.0241510560930405,1.903703703703704,1.0,1.43236,1.010101396098431,-1.43236,-1.4180358581153978,1.0,1.0,1.0,5,8,40,0,0.3548387096774194,0.3428751298056323,0.2875,0.2583333333333333,0,0.0,0,0.0
"Cow Milk, UHT",Pumpkin Seeds,34,18,4,30,14,357,0.1075331539158025,3.6376483889202937,0.0544162232337762,6.63206,1.82106566504341,-2.63206,-1.445340522598485,0.9610207795844083,0.091126869355667,1.0,4,9,36,0,0.41911764705882354,0.38108344372441616,0.25,0.22083333333333335,0,0.0,0,0.0
Peach,Pumpkin Seeds,19,18,2,17,16,370,0.0654762299415784,3.207792207792208,0.2040204492720461,4.29172,1.5806768934858262,-2.29172,-1.44983456735812,0.9690406191876162,0.2712214977289524,1.0,4,9,36,1,0.7175572519083969,0.5937368599042228,0.75,0.6208333333333332,21,10.0,12,5.0
Chicken,Egg White,7,33,1,6,32,366,0.0297529650674174,2.602366863905325,0.4509711565835815,2.81266,1.241742213343816,-1.81266,-1.4597715858582212,0.9770004599908002,0.5394345817556274,1.0,5,5,25,0,0.35714285714285715,0.3422892092616863,0.275,0.24166666666666667,0,0.0,0,0.0
Chicken,Peanut,7,14,0,7,14,384,-0.025094764423691,1.767816091954023,1.0,1.5149,1.034899990337231,-1.5149,-1.4638129424528807,1.0,1.0,1.0,5,12,60,0,0.40828402366863903,0.37811954614312837,0.3125,0.25833333333333336,0,0.0,0,0.0
Chicken,Egg Yolk,7,14,0,7,14,384,-0.025094764423691,1.767816091954023,1.0,1.51412,1.0310774100910176,-1.51412,-1.4684833409999178,1.0,1.0,1.0,5,2,10,0,0.5137614678899083,0.45665390641715,0.2625,0.24166666666666667,0,0.0,0,0.0
Egg Yolk,Soybean,14,16,1,13,15,376,0.0310092588514426,2.6989247311827955,0.4365997727788831,3.06858,1.3833570701738584,-2.06858,-1.495333377477171,0.981080378392432,0.5244806692268811,1.0,2,7,14,0,0.5625,0.49250531452314233,0.275,0.2625,0,0.0,0,0.0
Apple,Pistachio,20,31,4,16,27,358,0.1058371141304241,3.5553719008264464,0.0571262145716816,6.79416,1.8586742303050308,-2.79416,-1.5033080861843362,0.9667206655866882,0.0948159951914597,1.0,4,4,16,0,0.3826086956521739,0.368505641479369,0.2625,0.225,0,0.0,0,0.0
Egg White,Orange,33,23,5,28,18,354,0.121901673096461,3.697961119013751,0.0305143734503152,7.95536,1.96558573214195,-2.95536,-1.503551817492828,0.9649207015859684,0.0534955109550838,1.0,5,1,5,0,0.4351145038167939,0.3511450381679389,0.175,0.1708333333333333,0,0.0,0,0.0
"Cow Milk, UHT",Sesame,34,31,7,27,24,347,0.1472722283551183,3.868274582560297,0.0094922408562587,10.29266,2.183458294632622,-3.29266,-1.5080022403423128,0.9626207475850485,0.0206401051176789,1.0,4,4,16,0,0.3380281690140845,0.3310357953874224,0.225,0.17916666666666667,0,0.0,0,0.0
Chicken,Potato,7,34,1,6,33,365,0.0281708208499533,2.5177956371986223,0.4613023444973312,2.87188,1.2402359717408624,-1.87188,-1.509293426937559,0.9808803823923522,0.5494492893057386,1.0,5,2,10,0,0.2712765957446808,0.26124001155290266,0.175,0.15416666666666667,0,0.0,0,0.0
Kiwi,Tomato,12,19,1,11,18,375,0.0300964945973047,2.6474735605170387,0.4427698445238012,3.09656,1.377619746664514,-2.09656,-1.5218713328378028,0.9814603707925842,0.5307561597817361,1.0,7,2,14,1,0.8715596330275229,0.6168127760788312,0.875,0.6208333333333333,47,22.666666666666668,35,14.666666666666666
Cherry,Cow Milk,13,28,2,11,26,366,0.0608093635921751,3.00656275635767,0.2244515156258608,4.38656,1.5602472132325689,-2.38656,-1.5296037575067676,0.9754204915901682,0.2969747647785564,1.0,4,4,16,0,0.3511450381679389,0.33792669900980427,0.175,0.14583333333333334,0,0.0,0,0.0
Carrot,Pistachio,12,31,2,10,29,364,0.0592339322497843,2.9418886198547214,0.2319400851027681,4.40004,1.5417418715206517,-2.40004,-1.5567067641697965,0.9772004559908802,0.303306265134389,1.0,2,4,8,0,0.34415584415584416,0.33116883116883117,0.175,0.16666666666666666,0,0.0,0,0.0
Kiwi,Pistachio,12,31,2,10,29,364,0.0592339322497843,2.9418886198547214,0.2319400851027681,4.3945,1.53790433707692,-2.3945,-1.5569889116453128,0.9771004579908402,0.303306265134389,1.0,7,4,28,0,0.3695652173913043,0.36169415292353824,0.275,0.25,0,0.0,0,0.0
Chicken,Soybean,7,16,0,7,16,382,-0.0268963083243855,1.5454545454545454,1.0,1.68238,1.0791744694904526,-1.68238,-1.5589508902989146,1.0,1.0,1.0,5,7,35,0,0.3761467889908257,0.3643730886850152,0.2875,0.2625,0,0.0,0,0.0
Mulberry,Peach,26,19,3,23,16,363,0.0848122398638728,3.281108961960026,0.1144261125489895,5.71836,1.7387923712738116,-2.71836,-1.5633608962803147,0.9731005379892402,0.1684856932807956,1.0,3,4,12,1,0.6813186813186813,0.5589567309312532,0.6875,0.4708333333333334,10,6.0,4,2.6666666666666665
Kiwi,Sesame,12,31,2,10,29,364,0.0592339322497843,2.9418886198547214,0.2319400851027681,4.40068,1.531736118788088,-2.4006800000000004,-1.5672934590714112,0.9767604647907042,0.303306265134389,1.0,7,4,28,0,0.3879310344827586,0.35896730533815663,0.1875,0.17500000000000002,0,0.0,0,0.0
Chicken,Hazelnut,7,16,0,7,16,382,-0.0268963083243855,1.5454545454545454,1.0,1.68682,1.0743455159305129,-1.68682,-1.5700907901486518,1.0,1.0,1.0,5,12,60,0,0.38311688311688313,0.37537585914438426,0.25,0.24166666666666667,0,0.0,0,0.0
"Cow Milk, UHT",Tomato,34,19,4,30,15,356,0.1012656350890131,3.39344262295082,0.0648595144940028,6.94996,1.865919611987612,-2.94996,-1.5809684302839009,0.9730805383892324,0.106082179682611,1.0,4,2,8,0,0.31297709923664124,0.2953884052634046,0.15,0.14583333333333334,0,0.0,0,0.0
Apple,Kiwi,20,12,1,19,11,374,0.0273811499368594,2.505016722408026,0.460093061792491,3.20944,1.3971595780010244,-2.20944,-1.581379847219127,0.984760304793904,0.5491749099267818,1.0,4,7,28,1,0.42391304347826086,0.3832367149758454,0.4625,0.3833333333333333,2,1.0,0,0.0
Peach,Potato,19,34,4,15,30,356,0.1012656350890131,3.39344262295082,0.0648595144940028,6.94094,1.85799136607251,-2.9409400000000003,-1.5828598849824942,0.9728405431891364,0.106082179682611,1.0,4,2,8,0,0.3968253968253968,0.35978835978835977,0.175,0.14583333333333334,0,0.0,0,0.0
Hazelnut,Orange,16,23,2,14,21,368,0.0597711866271846,2.9550922213311948,0.2283912779522497,4.5577,1.612957132102401,-2.5577,-1.5857210021857049,0.9788804223915522,0.3014764868969696,1.0,12,1,12,0,0.3969465648854962,0.34860050890585237,0.2125,0.19583333333333333,0,0.0,0,0.0
Meat,Peach,13,19,1,12,18,374,0.0258447255383984,2.429189189189189,0.4697097248139988,3.29758,1.418092431261094,-2.29758,-1.6201905809177668,0.9860002799944,0.5582778720776554,1.0,3,4,12,0,0.3333333333333333,0.3106749060947534,0.2375,0.20833333333333334,0,0.0,0,0.0
Chicken,Pumpkin Seeds,7,18,0,7,18,380,-0.0286014633700205,1.3711711711711712,1.0,1.83106,1.1067245711558047,-1.83106,-1.6544857209483816,1.0,1.0,1.0,5,9,45,0,0.3761467889908257,0.35812498540980925,0.2875,0.2708333333333333,0,0.0,0,0.0
Apple,Egg White,20,33,4,16,29,356,0.0987409793894008,3.295839753466872,0.0695691014586211,7.102,1.8745335419778424,-3.1020000000000003,-1.654811680097782,0.978340433191336,0.1110021487498958,1.0,4,5,20,0,0.4260869565217391,0.3895542794640416,0.2375,0.23749999999999996,0,0.0,0,0.0
Cow Milk,Potato,28,34,6,22,28,349,0.1280850169122419,3.542690058479532,0.0217002851843858,9.50932,2.098264315476005,-3.5093200000000007,-1.6724870999885866,0.9755004899902002,0.0401777557374272,1.0,4,2,8,0,0.2925531914893617,0.26464113457097643,0.2375,0.16249999999999998,0,0.0,0,0.0
Fish,Sesame,4,31,0,4,31,370,-0.0287543036847808,1.306878306878307,1.0,1.60322,0.9564442647640268,-1.60322,-1.6762294041206316,1.0,1.0,1.0,9,4,36,0,0.3211009174311927,0.31764600009194854,0.25,0.225,0,0.0,0,0.0
Chicken,Peach,7,19,0,7,19,379,-0.0294232493402626,1.2974358974358975,1.0,1.9117,1.1196352575727508,-1.9117,-1.7074310469146536,1.0,1.0,1.0,5,4,20,0,0.3968253968253968,0.3715913715913716,0.1875,0.16666666666666666,0,0.0,0,0.0
Chicken,Tomato,7,19,0,7,19,379,-0.0294232493402626,1.2974358974358975,1.0,1.92542,1.1215961053784025,-1.92542,-1.716678571516976,1.0,1.0,1.0,5,2,10,0,0.33587786259541985,0.3206106870229008,0.25,0.1875,0,0.0,0,0.0
Kiwi,Potato,12,34,2,10,32,361,0.0521210002395186,2.6483516483516483,0.2663853349118135,4.68048,1.5572369664248271,-2.68048,-1.7213051435286455,0.984820303593928,0.3443368038837036,1.0,7,2,14,0,0.31896551724137934,0.28875340417785716,0.15,0.14583333333333334,0,0.0,0,0.0
Hazelnut,Potato,16,34,3,13,31,358,0.0757288418159842,2.950617283950617,0.1422228492981764,6.02432,1.7497909982623625,-3.0243200000000003,-1.7283892779213714,0.9819403611927762,0.2025051229854745,1.0,12,2,24,0,0.33031674208144796,0.3220692532332082,0.1625,0.15,0,0.0,0,0.0
Potato,Soybean,34,16,3,31,13,358,0.0757288418159842,2.950617283950617,0.1422228492981764,6.02394,1.7397375883736048,-3.02394,-1.7381586856595612,0.9829803403931922,0.2025051229854745,1.0,2,7,14,0,0.3351063829787234,0.3234010461795193,0.2375,0.20833333333333334,0,0.0,0,0.0
Kiwi,Orange,12,23,1,11,22,371,0.0200404381599642,2.1536231884057973,0.5091442735222055,3.57306,1.450207652855273,-2.57306,-1.7742700467301868,0.991020179596408,0.6038687895263368,1.0,7,1,7,1,0.8073394495412844,0.4574083152414968,0.8125,0.35000000000000003,35,11.666666666666666,27,9.0
Kiwi,Onion,12,12,0,12,12,381,-0.0305343511450381,1.2208,1.0,2.13696,1.1993172884603969,-2.13696,-1.7818137206570968,1.0,1.0,1.0,7,1,7,1,0.30303030303030304,0.2738252086078173,0.2375,0.15416666666666667,0,0.0,0,0.0
Chicken,Strawberry,7,21,0,7,21,377,-0.0310135527191146,1.1705426356589148,1.0,2.07018,1.1461128947882924,-2.07018,-1.806261852051145,1.0,1.0,1.0,5,3,15,0,0.33962264150943394,0.32197760346587323,0.1875,0.18333333333333335,0,0.0,0,0.0
"Cow Milk, UHT",Potato,34,34,7,27,27,344,0.1331060726177263,3.4165289256198346,0.0160853374449656,11.04612,2.228100748530011,-4.04612,-1.8159502000389467,0.9809203815923682,0.03177420530502,1.0,4,2,8,0,0.2925531914893617,0.26464113457097643,0.2375,0.16249999999999998,0,0.0,0,0.0
Egg White,String Bean,33,13,2,31,11,361,0.0481705745256142,2.494824016563147,0.286598238971376,4.9331,1.6127691682320824,-2.9331,-1.818673160285712,0.988360232795344,0.3670813060797761,1.0,5,8,40,0,0.4122137404580153,0.40983970021088184,0.2625,0.25,0,0.0,0,0.0
Banana,Cherry,22,13,1,21,12,371,0.0181602375166479,2.0734883720930237,0.5216342411170604,3.68736,1.4770566104249363,-2.68736,-1.8194021684970287,0.992180156396872,0.617377234739812,1.0,2,4,8,1,0.8091603053435115,0.4694728298357853,0.85,0.44583333333333336,32,10.666666666666666,16,5.333333333333333
Banana,Peach,22,19,2,20,17,366,0.0498660406601814,2.554006968641115,0.2760223107506472,5.04462,1.6696433917456748,-3.04462,-1.8235151380539625,0.988640227195456,0.3551571475484245,1.0,2,4,8,1,0.8015267175572519,0.46466234500585646,0.85,0.41250000000000003,47,15.666666666666666,37,12.333333333333334
Banana,Chicken,22,7,0,22,7,376,-0.0317847966582755,1.1155555555555556,1.0,2.13388,1.165262264728417,-2.13388,-1.831244402733092,1.0,1.0,1.0,2,5,10,0,0.33587786259541985,0.3104325699745547,0.2375,0.2041666666666667,0,0.0,0,0.0
Fig,Peach,8,19,0,8,19,378,-0.0314943673113429,1.1417797888386123,1.0,2.1669,1.1776775407555329,-2.1669,-1.8399773494957172,1.0,1.0,1.0,13,4,52,1,0.9083969465648855,0.7036918393311522,0.9375,0.7291666666666666,73,30.0,57,20.333333333333332
Meat,Onion,13,12,0,13,12,380,-0.03182167167157,1.1274074074074074,1.0,2.28278,1.2346722122085687,-2.28278,-1.8488955833197112,1.0,1.0,1.0,3,1,3,0,0.3333333333333333,0.23939393939393938,0.0875,0.07083333333333333,0,0.0,0,0.0
Cherry,Kiwi,13,12,0,13,12,380,-0.03182167167157,1.1274074074074074,1.0,2.27808,1.2319056431399278,-2.27808,-1.8492325387791415,1.0,1.0,1.0,4,7,28,1,0.8256880733944955,0.5630393416951055,0.8375,0.5791666666666667,37,14.333333333333334,28,9.333333333333334
Carrot,Meat,12,13,0,12,13,380,-0.03182167167157,1.1274074074074074,1.0,2.28472,1.234266795146009,-2.28472,-1.8510746695812448,1.0,1.0,1.0,2,3,6,0,0.3096774193548387,0.30236000558581205,0.2,0.17916666666666667,0,0.0,0,0.0
Kiwi,String Bean,12,13,0,12,13,380,-0.03182167167157,1.1274074074074074,1.0,2.29662,1.2371889813605683,-2.29662,-1.856321091280936,1.0,1.0,1.0,7,8,56,1,0.8807339449541285,0.5275804189372514,0.8875,0.5541666666666667,41,14.666666666666666,28,9.666666666666666
Banana,Mulberry,22,26,3,19,23,360,0.0705657507825943,2.7534097108565194,0.1599678522437511,6.44584,1.847513652019927,-3.44584,-1.8651228889337776,0.987860242795144,0.223238719175981,1.0,2,3,6,0,0.28662420382165604,0.26773053529508045,0.2125,0.1625,0,0.0,0,0.0
Sesame,Shellifish,31,38,7,24,31,343,0.1303109857221996,3.3381924198250728,0.0177959704114553,11.1882,2.2295875762122463,-4.1882,-1.878464001452304,0.984840303193936,0.0345451190340015,1.0,4,6,24,0,0.3005181347150259,0.29059541935194894,0.2375,0.225,0,0.0,0,0.0
Banana,Egg White,22,33,4,18,29,354,0.0879019180275132,2.92304168575355,0.0934143408446121,7.69228,1.9433034764544628,-3.69228,-1.9000017468895425,0.987620247595048,0.142406101124531,1.0,2,5,10,0,0.44274809160305345,0.35986913849509267,0.2125,0.2041666666666667,0,0.0,0,0.0
Chicken,Orange,7,23,0,7,23,375,-0.0325416612985001,1.0652482269503547,1.0,2.2139,1.163317149362116,-2.2139,-1.9030923778730096,1.0,1.0,1.0,5,1,5,0,0.3053435114503817,0.2875318066157761,0.1625,0.15,0,0.0,0,0.0
Apple,Banana,20,22,2,18,20,365,0.0459352023765788,2.4093605800922875,0.2970490385487096,5.25934,1.7085323422165597,-3.25934,-1.907684109609248,0.991440171196576,0.379600251995048,1.0,4,2,8,0,0.30434782608695654,0.28484742217685627,0.2375,0.2125,0,0.0,0,0.0
Peach,Wheat Flour,19,16,1,18,15,371,0.0149491372415878,1.943330427201395,0.5433200838162028,3.92024,1.530045209266707,-2.92024,-1.9085971985099452,0.99430011399772,0.6389990922869806,1.0,4,5,20,0,0.4603174603174603,0.41798941798941797,0.15,0.13333333333333333,0,0.0,0,0.0
Cow Milk,Mulberry,28,26,4,24,22,355,0.0874598815104801,2.9020408163265308,0.0945073034001742,7.75972,1.9665160872975331,-3.75972,-1.9118684175967051,0.988420231595368,0.1434097780321464,1.0,4,3,12,0,0.3626373626373626,0.33230675905835144,0.225,0.19166666666666665,0,0.0,0,0.0
Soybean,Tomato,16,19,1,15,18,371,0.0149491372415878,1.943330427201395,0.5433200838162028,3.92324,1.526377378763195,-2.92324,-1.915148927566436,0.994020119597608,0.6389990922869806,1.0,7,2,14,1,0.8320610687022901,0.5114503816793893,0.875,0.42916666666666664,47,15.666666666666666,34,11.333333333333334
Hazelnut,Tomato,16,19,1,15,18,371,0.0149491372415878,1.943330427201395,0.5433200838162028,3.931,1.5288162087052848,-2.931,-1.917169626610768,0.994580108397832,0.6389990922869806,1.0,12,2,24,0,0.42748091603053434,0.36714238300696983,0.2625,0.19166666666666668,0,0.0,0,0.0
Banana,Peanut,22,14,1,21,13,370,0.0142826439654583,1.9147286821705427,0.548481299013552,3.9128,1.5189720734760075,-2.9128,-1.9176126084624872,0.994480110397792,0.6414252910551388,1.0,2,12,24,1,0.7862595419847328,0.48268667620091255,0.8625,0.41250000000000003,30,10.0,22,7.333333333333333
Carrot,Shellifish,12,38,2,10,36,357,0.0436507322397451,2.332028701891716,0.3126765091480169,5.0384,1.5805206230859496,-3.0384,-1.922404526470244,0.99140017199656,0.3968586462263292,1.0,2,6,12,0,0.33116883116883117,0.31534701857282504,0.25,0.225,0,0.0,0,0.0
Egg Yolk,Kiwi,14,12,0,14,12,379,-0.033065111152477,1.046896551724138,1.0,2.42886,1.262069372261288,-2.42886,-1.9245059371404736,1.0,1.0,1.0,2,7,14,0,0.5086206896551724,0.5013445112306232,0.25,0.2333333333333333,0,0.0,0,0.0
Peach,Sesame,19,31,3,16,28,358,0.0678870961694065,2.668261562998405,0.1702920357770081,6.51716,1.8268512622542663,-3.51716,-1.925257995913666,0.990320193596128,0.2335790515180967,1.0,4,4,16,0,0.3956043956043956,0.3606334293357194,0.225,0.1958333333333333,0,0.0,0,0.0
Peach,Pistachio,19,31,3,16,28,358,0.0678870961694065,2.668261562998405,0.1702920357770081,6.50002,1.8150922840450832,-3.50002,-1.9282876307533607,0.989740205195896,0.2335790515180967,1.0,4,4,16,0,0.4126984126984127,0.4013024013024013,0.2875,0.27499999999999997,0,0.0,0,0.0
Cherry,Meat,13,13,0,13,13,379,-0.0331632653061224,1.0411522633744856,1.0,2.43572,1.261835203820214,-2.43572,-1.9302996085589008,1.0,1.0,1.0,4,3,12,0,0.3511450381679389,0.3049271339347675,0.2125,0.15416666666666667,0,0.0,0,0.0
Banana,Egg Yolk,22,14,1,21,13,370,0.0142826439654583,1.9147286821705427,0.548481299013552,3.9334,1.5062551045556665,-2.9334,-1.9474788773348788,0.994540109197816,0.6414252910551388,1.0,2,2,4,0,0.48854961832061067,0.4010701990719952,0.2625,0.20833333333333334,0,0.0,0,0.0
Shellifish,Soybean,38,16,3,35,13,354,0.0651521975238356,2.588941053729786,0.181745499637066,6.47574,1.7786319046952916,-3.47574,-1.9541648785364896,0.990440191196176,0.248075973957163,1.0,6,7,42,0,0.3160621761658031,0.30890229771977,0.275,0.25833333333333336,0,0.0,0,0.0
Chicken,Rice,7,25,0,7,25,373,-0.0340161916732818,0.976470588235294,1.0,2.33574,1.189511938737901,-2.33574,-1.9636120697353172,1.0,1.0,1.0,5,7,35,0,0.44954128440366975,0.36727034433456457,0.2875,0.2708333333333333,0,0.0,0,0.0
Shellifish,Wheat Flour,38,16,3,35,13,354,0.0651521975238356,2.588941053729786,0.181745499637066,6.48802,1.7689930694041756,-3.48802,-1.9717544745242104,0.991740165196696,0.248075973957163,1.0,6,5,30,0,0.327683615819209,0.3148103556435638,0.25,0.23750000000000002,0,0.0,0,0.0
Casein (nBos d8),Kiwi,15,12,0,15,12,378,-0.0342694925693831,0.9767741935483872,1.0,2.56454,1.2922207970776514,-2.56454,-1.9845989213296131,1.0,1.0,1.0,1,7,7,0,0.26605504587155965,0.24839516021805608,0.15,0.13333333333333333,0,0.0,0,0.0
Casein (nBos d8),Onion,15,12,0,15,12,378,-0.0342694925693831,0.9767741935483872,1.0,2.5672,1.2909702397809175,-2.5672,-1.9885818595134024,1.0,1.0,1.0,1,1,1,0,0.13636363636363635,0.13636363636363635,0.1625,0.1625,0,0.0,0,0.0
Apple,Soybean,20,16,1,19,15,370,0.0122783150037081,1.8387096774193548,0.5622498212745984,4.0787,1.546850448492031,-3.0787000000000004,-1.9903022965156811,0.995220095598088,0.6557633050624735,1.0,4,7,28,1,0.5443037974683544,0.4227389469822051,0.6,0.35833333333333334,9,3.0,7,2.3333333333333335
Banana,Strawberry,22,21,2,20,19,364,0.0422175724160523,2.279549718574109,0.3180326493383004,5.45178,1.7235297594181525,-3.4517800000000003,-2.002738845173923,0.992960140797184,0.4027456349408274,1.0,2,3,6,1,0.7938931297709924,0.45431849824763554,0.8625,0.41250000000000003,37,12.333333333333334,27,9.0
Cow Milk,Kiwi,28,12,1,27,11,366,0.0097794065665529,1.7383399209486166,0.5819059610987151,4.10168,1.5049189937003251,-3.10168,-2.061027877901605,0.996140077198456,0.6758783523320478,1.0,4,7,28,0,0.391304347826087,0.3701298336488817,0.225,0.21666666666666667,0,0.0,0,0.0
Egg White,Tomato,33,19,3,30,16,356,0.0619695629718299,2.479384003974168,0.1947095550899083,6.81242,1.8492359891587664,-3.81242,-2.061618972565153,0.9935001299974,0.2625770682823043,1.0,5,2,10,0,0.44274809160305345,0.3702032532888298,0.2375,0.20833333333333334,0,0.0,0,0.0
Cherry,Shellifish,13,38,2,11,36,356,0.0374841392454842,2.1232876712328768,0.3490160281243598,5.40904,1.6329379285202477,-3.40904,-2.087672740316124,0.994480110397792,0.4350239048070376,1.0,4,6,24,0,0.358974358974359,0.3461864683238729,0.2,0.19583333333333333,0,0.0,0,0.0
Hazelnut,Sesame,16,31,2,14,29,360,0.0369639358669849,2.1069549970777324,0.3505005436234955,5.63916,1.7220204686356062,-3.63916,-2.113308213393877,0.995040099198016,0.4350239048070376,1.0,12,4,48,1,0.7785714285714286,0.6048295608309248,0.8375,0.7250000000000001,41,21.333333333333332,25,13.0
Hazelnut,Meat,16,13,0,16,13,376,-0.0369329359875861,0.8451178451178452,1.0,2.8964,1.3536569136971155,-2.8964,-2.1396854481312664,1.0,1.0,1.0,12,3,36,0,0.4090909090909091,0.3793334870257947,0.3,0.2791666666666666,0,0.0,0,0.0
Mulberry,Pistachio,26,31,4,22,27,352,0.0761555357839458,2.5636363636363635,0.1270617204463395,8.39644,2.008779561425295,-4.39644,-2.188612471186526,0.995340093198136,0.1851470783646661,1.0,3,4,12,0,0.3626373626373626,0.3564079232869042,0.2,0.18333333333333335,0,0.0,0,0.0
Chicken,Sesame,7,31,0,7,31,367,-0.0381814598824095,0.7777777777777778,1.0,2.7072,1.2350660549136634,-2.7072,-2.1919475393478005,1.0,1.0,1.0,5,4,20,0,0.3310344827586207,0.3179199556848082,0.1875,0.18333333333333335,0,0.0,0,0.0
Chicken,Pistachio,7,31,0,7,31,367,-0.0381814598824095,0.7777777777777778,1.0,2.7115,1.2307671388203376,-2.7115,-2.2030974946234845,1.0,1.0,1.0,5,4,20,0,0.37662337662337664,0.3490805830255372,0.2375,0.22916666666666666,0,0.0,0,0.0
Kiwi,Peach,12,19,0,12,19,374,-0.0387683659219518,0.7682051282051282,1.0,3.07632,1.3817435571045742,-3.07632,-2.2264044468905566,1.0,1.0,1.0,7,4,28,1,0.8348623853211009,0.5786537621400006,0.8375,0.5375,36,14.333333333333334,28,11.0
Banana,Pistachio,22,31,3,19,28,355,0.0539262019290314,2.238866396761133,0.2319213043299159,7.336,1.9202249868179488,-4.336,-2.258068731406985,0.996440071198576,0.303306265134389,1.0,2,4,8,0,0.3511450381679389,0.3307888040712468,0.225,0.19583333333333333,0,0.0,0,0.0
"Cow Milk, UHT",Hazelnut,34,16,2,32,14,357,0.0300206735067836,1.896551724137931,0.3955261689685136,6.01998,1.748811253280352,-4.01998,-2.298692893506648,0.997440051198976,0.4804501242825649,1.0,4,12,48,0,0.34911242603550297,0.3459491645268133,0.3,0.27499999999999997,0,0.0,0,0.0
"Cow Milk, UHT",Soybean,34,16,2,32,14,357,0.0300206735067836,1.896551724137931,0.3955261689685136,6.01504,1.7449509444107607,-4.01504,-2.30094720591461,0.997500049999,0.4804501242825649,1.0,4,7,28,0,0.3875,0.36613924050632907,0.2375,0.225,0,0.0,0,0.0
Egg White,Onion,33,12,1,32,11,361,0.0011828431831884,1.4508361204013378,0.6446553965979098,4.59424,1.553383025013471,-3.59424,-2.313814392280249,0.998340033199336,0.7472142096930318,1.0,5,1,5,0,0.38636363636363635,0.3409090909090909,0.225,0.16666666666666666,0,0.0,0,0.0
Meat,Tomato,13,19,0,13,19,373,-0.040402830430281,0.7094017094017094,1.0,3.3095,1.4170073217877173,-3.3095,-2.33555603356,1.0,1.0,1.0,3,2,6,0,0.29770992366412213,0.2575846545312194,0.0875,0.07916666666666666,0,0.0,0,0.0
"Cow Milk, UHT",Kiwi,34,12,1,33,11,360,-0.0003889626883546,1.4036340038935755,0.6561181257399127,4.68416,1.5638302639353143,-3.68416,-2.355856696831639,0.998580028399432,0.757370922921998,1.0,4,7,28,0,0.391304347826087,0.3701298336488817,0.225,0.21666666666666667,0,0.0,0,0.0
"Cow Milk, UHT",Onion,34,12,1,33,11,360,-0.0003889626883546,1.4036340038935755,0.6561181257399127,4.68734,1.551948363960606,-3.68734,-2.37594245119717,0.998820023599528,0.757370922921998,1.0,4,1,4,0,0.3409090909090909,0.23737373737373735,0.1625,0.1125,0,0.0,0,0.0
Banana,Carrot,22,12,0,22,12,371,-0.0418799641519082,0.6604444444444444,1.0,3.44198,1.4326456922770536,-3.44198,-2.4025340100170207,1.0,1.0,1.0,2,2,4,0,0.3032258064516129,0.282827358966241,0.1875,0.1625,0,0.0,0,0.0
Banana,Tomato,22,19,1,21,18,365,-0.0016537207361794,1.3783783783783785,0.6625135931340822,5.04704,1.6807222371349768,-4.04704,-2.4079172099839283,0.999060018799624,0.7631830097499387,1.0,2,2,4,1,0.7709923664122137,0.4529262086513995,0.85,0.3875,29,9.666666666666666,18,6.0
"Cow Milk, UHT",Mulberry,34,26,4,30,22,349,0.0660153791659055,2.2918032786885245,0.1639006715557733,8.98522,2.064577814372712,-4.98522,-2.414643790752289,0.997260054798904,0.2270327820809601,1.0,4,3,12,0,0.3626373626373626,0.33230675905835144,0.225,0.19166666666666665,0,0.0,0,0.0
Apple,Shellifish,20,38,3,17,35,350,0.0439077521091571,1.974647887323944,0.2864147009266025,7.84086,1.9401995929285207,-4.84086,-2.4950319635379605,0.998120037599248,0.3670813060797761,1.0,4,6,24,0,0.3217391304347826,0.3072463768115942,0.225,0.19999999999999998,0,0.0,0,0.0
"Cow Milk, UHT",String Bean,34,13,1,33,12,359,-0.0046148820025752,1.2877611940298508,0.6858687204596149,5.02898,1.613040656524194,-4.02898,-2.497754773696597,0.999220015599688,0.7884679347906639,1.0,4,8,32,0,0.43548387096774194,0.3926119781107533,0.2125,0.19999999999999998,0,0.0,0,0.0
Cow Milk,Hazelnut,28,16,1,27,15,362,-0.0053049827103383,1.2756598240469208,0.6892841287863127,5.24988,1.6865467635378504,-4.24988,-2.5198708342276106,0.999260014799704,0.7907738164603711,1.0,4,12,48,0,0.34911242603550297,0.3459491645268133,0.3,0.27499999999999997,0,0.0,0,0.0
Peach,Soybean,19,16,0,19,16,370,-0.0449954229845812,0.5757575757575758,1.0,3.91462,1.5171058814730098,-3.91462,-2.5803208911161573,1.0,1.0,1.0,4,7,28,1,0.8473282442748091,0.6141352000372196,0.9,0.5791666666666667,60,22.0,51,18.333333333333332
Hazelnut,Strawberry,16,21,0,16,21,368,-0.0474273900449745,0.5193798449612403,1.0,4.23334,1.565762575999311,-4.23334,-2.70369215926506,1.0,1.0,1.0,12,3,36,1,0.6729559748427673,0.5460655816409813,0.6875,0.5333333333333333,5,2.0,0,0.0
Cow Milk,Onion,28,12,0,28,12,365,-0.0476214580632144,0.5129824561403509,1.0,4.10038,1.510120477180545,-4.10038,-2.715266802855076,1.0,1.0,1.0,4,1,4,0,0.3409090909090909,0.23737373737373735,0.1625,0.1125,0,0.0,0,0.0
Banana,Shellifish,22,38,3,19,35,348,0.0349625944120417,1.762007945106537,0.3410623476223695,8.49758,2.000668424202276,-5.497579999999999,-2.7478716280495314,0.999420011599768,0.4270892344110475,1.0,2,6,12,0,0.29770992366412213,0.2926208651399491,0.25,0.1791666666666667,0,0.0,0,0.0
Pistachio,Shellifish,31,38,5,26,33,341,0.0666103831663869,2.1157420444945085,0.1526318603945618,11.19886,2.246186702035254,-6.19886,-2.759726070136225,0.999160016799664,0.2138614628402229,1.0,4,6,24,0,0.3333333333333333,0.31663788140472077,0.2875,0.2875,0,0.0,0,0.0
Egg White,Soybean,33,16,1,32,15,357,-0.014071548100742,1.064516129032258,0.7501508165069857,5.8931,1.7352211357633949,-4.8931,-2.8198711386991757,0.999820003599928,0.8588461388988142,1.0,5,7,35,0,0.45,0.43161577608142493,0.3375,0.27916666666666673,0,0.0,0,0.0
Egg Yolk,Shellifish,14,38,1,13,37,354,-0.0145353834781713,1.0503703703703704,0.7541851285257215,5.77006,1.6839559365969168,-4.77006,-2.832651316066944,0.999760004799904,0.8617064299448671,1.0,2,6,12,0,0.4180790960451977,0.39658835715915397,0.2625,0.25416666666666665,0,0.0,0,0.0
Peach,Shellifish,19,38,2,17,36,350,0.0087013650465431,1.3718199608610568,0.5488130832557337,7.50484,1.900014887941672,-5.50484,-2.8972615082840294,0.999660006799864,0.6414252910551388,1.0,4,6,24,0,0.36507936507936506,0.33438345652086104,0.1625,0.13749999999999998,0,0.0,0,0.0
Banana,Potato,22,34,2,20,32,351,0.0060138771026375,1.3189493433395871,0.5683101051681365,7.84032,1.9571669059127257,-5.84032,-2.9840684421732364,0.999840003199936,0.6614563672185158,1.0,2,2,4,0,0.2748091603053435,0.26210954140904746,0.1625,0.14166666666666666,0,0.0,0,0.0
"Cow Milk, UHT",Shellifish,34,38,5,29,33,338,0.0552653253241051,1.8838856564634452,0.2027523049991806,12.04552,2.292223359448201,-7.04552,-3.07366207178695,0.999740005199896,0.270175874357578,1.0,4,6,24,0,0.32124352331606215,0.31113411733144886,0.275,0.2708333333333333,1,0.3333333333333333,0,0.0
Potato,Shellifish,34,38,5,29,33,338,0.0552653253241051,1.8838856564634452,0.2027523049991806,12.01918,2.2759639996274124,-7.01918,-3.0840470240957583,0.999640007199856,0.270175874357578,1.0,2,6,12,0,0.2895927601809955,0.2774541895317865,0.25,0.225,0,0.0,0,0.0
Rice,Shellifish,25,38,3,22,35,345,0.023022858317385,1.5139280125195618,0.4226426873165469,9.42216,2.081187385700769,-6.42216,-3.085815359118927,0.999740005199896,0.5088037501815083,1.0,7,6,42,0,0.3559322033898305,0.3402905847799147,0.25,0.25,0,0.0,0,0.0
Hazelnut,Shellifish,16,38,1,15,37,352,-0.0217889556793058,0.9096774193548388,0.7996985201002822,6.49672,1.7799070879121757,-5.49672,-3.088206141393387,0.999920001599968,0.9118513613338584,1.0,12,6,72,0,0.3615819209039548,0.3533911567332431,0.325,0.3125,0,0.0,0,0.0
Kiwi,Shellifish,12,38,0,12,38,355,-0.0562280618681463,0.3693506493506494,1.0,5.05796,1.5883956177224876,-5.05796,-3.1843200419126867,1.0,1.0,1.0,7,6,42,0,0.3695652173913043,0.3555722138930535,0.2375,0.1958333333333333,0,0.0,0,0.0
Egg White,Shellifish,33,38,2,31,36,336,-0.033933581529623,0.7316808001739509,0.8408172765594838,11.76002,2.267145694391957,-9.76002,-4.304981379953888,1.0,0.9567920733263092,1.0,5,6,30,0,0.3389830508474576,0.3231972570064881,0.3125,0.3,0,0.0,0,0.0
