allergen_a,allergen_b,n_pos_a,n_pos_b,n11,n10,n01,n00,phi,odds_ratio,fisher_p,n11_null_mean,n11_null_sd,excess,z_adj,p_perm,fdr_q_unadj,fdr_q_adj
Egg White,Egg Yolk,33,14,13,20,1,371,0.5859111330413193,163.09756097560975,7.331810004552713e-15,5.2554,1.652286548998085,7.7446,4.687201505511364,1.999960000799984e-05,4.113145412554072e-12,0.006731865362692746
Peanut,Pumpkin Seeds,14,18,10,4,8,383,0.6150505749344252,105.27450980392157,1.3897988203158857e-12,3.35022,1.429743316683103,6.64978,4.651030658724805,3.999920001599968e-05,9.745964227465149e-11,0.006731865362692746
Rice,Wheat Flour,25,16,12,13,4,376,0.5800137164269515,77.46913580246914,2.423152000391229e-13,4.82174,1.6408788414748965,7.17826,4.374643525507254,5.999880002399952e-05,3.3984706805486985e-11,0.006731865362692746
Onion,Tomato,12,19,9,3,10,383,0.5810153787513569,99.1360544217687,2.5675610132405293e-11,3.08232,1.383019673612779,5.91768,4.278811149910544,5.999880002399952e-05,1.3094561167526699e-09,0.006731865362692746
Orange,Strawberry,23,21,13,10,8,374,0.5681182135858525,56.64705882352941,1.8403991873576e-13,5.6556,1.750950781718322,7.3444,4.194521100583114,3.999920001599968e-05,3.3984706805486985e-11,0.006731865362692746
Cherry,Peach,13,19,9,4,10,382,0.5558251732878347,76.9047619047619,8.153747630054667e-11,3.28786,1.4172637794002925,5.71214,4.030400044808216,0.00037999240015199694,3.0495016136404452e-09,0.02141957160856783
Pumpkin Seeds,Strawberry,18,21,11,7,10,377,0.5439684567083717,55.12698412698413,9.05282690373514e-12,4.63614,1.630173579837435,6.36386,3.90379287133007,0.00031999360012799745,5.642928769994904e-10,0.02141957160856783
Orange,Peanut,23,14,10,13,4,378,0.5375611912560946,65.41975308641975,3.465770250341515e-11,4.05744,1.5348422219889588,5.94256,3.871772560634411,0.00037999240015199694,1.6202475920346584e-09,0.02141957160856783
Apple,Cherry,20,13,9,11,4,381,0.5403791710593133,70.03381642512078,1.4687191515852837e-10,3.43102,1.4410974150278668,5.56898,3.864402185394463,0.00041999160016799666,5.149696525245901e-09,0.02141957160856783
Pumpkin Seeds,Sesame,18,31,13,5,18,369,0.5237642057246433,49.024570024570025,1.3618312114530013e-12,6.20216,1.790142825139938,6.79784,3.7973729830571497,0.00031999360012799745,9.745964227465149e-11,0.02141957160856783
Sesame,Strawberry,31,21,14,17,7,367,0.5190692336982505,40.6,7.888204073690262e-13,7.05952,1.8858465922762642,6.94048,3.6802993564936086,0.0003999920001599968,8.121167662207347e-11,0.02141957160856783
Fig,Soybean,8,16,6,2,10,387,0.517762127853655,95.95238095238095,3.6354954754812753e-08,1.90894,1.1354682190180403,4.09106,3.602971823850757,0.001979960400791984,4.248985336968741e-07,0.060232479560935095
Pistachio,Sesame,31,31,17,14,14,360,0.5109539416939797,30.005945303210463,1.0119507861731821e-13,9.61678,2.119991139509785,7.38322,3.482665499114895,0.0005799884002319954,2.838521955215776e-11,0.027114457710845783
Rice,Sesame,25,31,15,10,16,364,0.5050070243477842,32.61038961038961,8.685740815195024e-13,8.13574,1.994661538306688,6.86426,3.441315665928577,0.0010599788004239915,8.121167662207347e-11,0.04574216207983532
Mulberry,Onion,26,12,9,17,3,376,0.488924878468211,58.39591836734694,8.266452346045078e-10,3.89102,1.488362643847258,5.10898,3.432617730040465,0.0014799704005919881,1.932283235888037e-08,0.055350892982140354
Sesame,String Bean,31,13,10,21,3,371,0.474465245175164,51.83720930232558,3.7364774048360774e-10,4.71694,1.5917465364812329,5.28306,3.319033450940566,0.0012799744005119898,9.528017382331998e-09,0.05129040276337331
String Bean,Tomato,13,19,8,5,11,381,0.4895776173191551,51.26877470355731,5.125356156136734e-09,3.30662,1.4209166673665277,4.693379999999999,3.3030649212515253,0.002279954400911982,9.313460480305809e-08,0.060907353281505795
Mulberry,Sunflower Seeds,26,24,13,13,11,368,0.48891929939035195,32.04347826086956,1.758248035758886e-11,6.89738,1.8856747162753182,6.10262,3.236305788759903,0.0018399632007359854,9.86377148060735e-10,0.060232479560935095
Mulberry,Pumpkin Seeds,26,18,11,15,7,372,0.48122504482508366,36.8494623655914,1.8225617704850655e-10,5.46318,1.7122512337855083,5.53682,3.2336492979239932,0.0019199616007679846,5.680317518011787e-09,0.060232479560935095
Gluten,Rice,5,25,5,0,20,380,0.43588989435406733,204.17073170731706,5.998037847011019e-07,1.70924,1.0232979147833732,3.2907599999999997,3.2158376875972,0.0033199336013279733,5.33128403557967e-06,0.07336007126011326
Egg Yolk,Peanut,14,14,7,7,7,384,0.4820971867007673,51.266666666666666,3.137235447217292e-08,2.75198,1.321917576704387,4.24802,3.2135286457046344,0.003399932001359973,3.8716138367236186e-07,0.07336007126011326
Apple,Orange,20,23,11,9,12,373,0.4857086317632501,36.17052631578947,1.671882520346726e-10,5.4459,1.7298766401105028,5.5541,3.210691370250083,0.002239955200895982,5.517212317144196e-09,0.060907353281505795
Mulberry,Strawberry,26,21,12,14,9,370,0.483947891738659,33.62068965517241,6.075758378509839e-11,6.19314,1.8088109189188353,5.80686,3.2103189666009335,0.0020399592008159837,2.434643178817157e-09,0.060232479560935095
Rice,Tomato,25,19,11,14,8,372,0.47681599614521625,34.75659229208925,2.4559898552173645e-10,5.55384,1.7326919098327902,5.44616,3.1431785241760437,0.0027999440011199778,7.129632391180463e-09,0.06829428628818728
Casein (nBos d8),"Cow Milk, UHT",15,34,11,4,23,367,0.4592431225265441,39.9645390070922,2.9817292342265205e-10,5.6982,1.7052614931440864,5.3018,3.1090832821333305,0.002579948401031979,7.965476668576562e-09,0.06578868422631547
Strawberry,String Bean,21,13,8,13,5,379,0.4628364747848112,43.44444444444444,1.348416985677346e-08,3.55854,1.4576875757171015,4.44146,3.0469217642985313,0.004739905201895962,2.1613197970428317e-07,0.0857769941375366
Peanut,Pistachio,14,31,10,4,21,370,0.4538991581441139,40.2093023255814,1.244201781207034e-09,5.02528,1.6421208608382016,4.97472,3.029448147599021,0.003119937601247975,2.6846046125274845e-08,0.07292854142917142
Peanut,Sesame,14,31,10,4,21,370,0.4538991581441139,40.2093023255814,1.244201781207034e-09,5.03496,1.639175951019292,4.96504,3.0289853855607016,0.0038199236015279696,2.6846046125274845e-08,0.07389576346404106
Orange,Pumpkin Seeds,23,18,10,13,8,374,0.46476834401993916,34.26797385620915,1.3398064620418508e-09,4.98786,1.6689855063480914,5.01214,3.003105767507273,0.004119917601647967,2.7838200933536235e-08,0.07704245915081699
Onion,Sesame,12,31,9,3,22,371,0.44263164441448466,44.81587301587302,5.1464754882260266e-09,4.41296,1.5304326311210177,4.58704,2.9972178498573085,0.0037799244015119695,9.313460480305809e-08,0.07389576346404106
Onion,String Bean,12,13,6,6,7,386,0.46386206013557896,51.53333333333333,2.4506465343044773e-07,2.2801,1.2413718177886914,3.7199,2.9966041976258304,0.00741985160296794,2.3301910266861217e-06,0.12242755144897102
Mulberry,Tomato,26,19,11,15,8,371,0.46593797794840536,32.426944971537004,4.1752946566336065e-10,5.73686,1.7583223084520074,5.26314,2.9932737443532553,0.0037999240015199696,1.0184088271180232e-08,0.07389576346404106
Carrot,Sunflower Seeds,12,24,8,4,16,377,0.4495327595062761,43.215488215488215,1.878080147597018e-08,3.67008,1.4649890080133705,4.3299199999999995,2.955598967852789,0.005079898402031959,2.7015460584664797e-07,0.08905696886062278
Carrot,Rice,12,25,8,4,17,376,0.4392367096489709,40.63809523809524,2.7362662320899676e-08,3.77184,1.4766120053690477,4.22816,2.8634197640450996,0.006559868802623947,3.5698729214010967e-07,0.11151776964460709
Fish,Gluten,4,5,2,2,3,398,0.44107242917750894,113.85714285714286,0.000726140784393119,0.38166,0.5675523274553633,1.61834,2.8514375181155054,0.039459210815783685,0.002178422353179357,0.36131183626327473
Carrot,Tomato,12,19,7,5,12,381,0.44328565771284384,41.61818181818182,1.036738134390899e-07,3.0808,1.3880458782043188,3.9192,2.823537796221962,0.008779824403511929,1.0766812194640474e-06,0.12961793395711033
Cherry,Orange,13,23,8,5,15,377,0.4395261464204496,37.639296187683286,3.174585320664643e-08,3.80428,1.4912725041386634,4.19572,2.813516636534102,0.007999840003199936,3.8716138367236186e-07,0.12822600690843328
Peanut,Strawberry,14,21,8,6,13,378,0.4434095947772665,36.66381766381766,3.053857498463801e-08,3.77556,1.5065280237685592,4.2244399999999995,2.8040898897005717,0.00863982720345593,3.8716138367236186e-07,0.12961793395711033
Carrot,Mulberry,12,26,8,4,18,375,0.4295145647029468,38.33933933933934,3.9156447692586406e-08,3.88724,1.4944581567912834,4.11276,2.752007462577883,0.008779824403511929,4.4830137052124433e-07,0.12961793395711033
Sunflower Seeds,Wheat Flour,24,16,9,15,7,374,0.43226283565618845,30.60430107526882,1.5861420933812237e-08,4.68052,1.6173721061029844,4.31948,2.670677937192619,0.010779784404311914,2.401683203678568e-07,0.1511864762704746
Apple,Peach,20,19,9,11,10,375,0.4344775794011601,29.542443064182194,1.6268085871619532e-08,4.68186,1.6226173117528355,4.31814,2.6612189878187116,0.01115977680446391,2.401683203678568e-07,0.1526984094464452
Cherry,Peanut,13,14,6,7,8,384,0.4256270300937752,39.20392156862745,7.723968770798311e-07,2.58092,1.2978643818211517,3.41908,2.6343892689329973,0.015499690006199876,6.46738280659381e-06,0.18500693815910915
Peanut,String Bean,14,13,6,8,7,384,0.4256270300937752,39.20392156862745,7.723968770798311e-07,2.586,1.3015698214079796,3.414,2.622986445941785,0.016759664806703867,6.46738280659381e-06,0.19139617207655846
Cow Milk,"Cow Milk, UHT",28,34,15,13,19,358,0.44396450719987524,21.108262108262107,4.931469270416584e-11,9.51432,2.1089795962977,5.48568,2.601106245707676,0.009579808403831923,2.128118662079772e-09,0.13780185934742845
Rice,String Bean,25,13,8,17,5,375,0.4189498572583627,33.16103896103896,6.841583888188558e-08,4.05464,1.521004428132936,3.94536,2.593917497559826,0.012219755604887902,7.525742277007414e-07,0.16322102129385985
Egg Yolk,Fish,14,4,3,11,1,390,0.3911369613014066,79.23188405797102,0.00012976743028178598,0.91546,0.8153483846798251,2.08454,2.556624921527952,0.03345933081338373,0.0005203643146051774,0.31947835619558795
Egg Yolk,Pumpkin Seeds,14,18,7,7,11,380,0.4182926895881043,33.08695652173913,2.731168241755961e-07,3.35954,1.4321420978380606,3.64046,2.5419684300151375,0.01739965200695986,2.5536423060418235e-06,0.19139617207655846
Pistachio,Wheat Flour,31,16,10,21,6,368,0.4183752486346005,27.686940966010734,9.006913151616101e-09,5.63584,1.7176109845945904,4.36416,2.540831445037642,0.013199736005279895,1.4861406700166568e-07,0.1722105092781865
Sesame,Wheat Flour,31,16,10,21,6,368,0.4183752486346005,27.686940966010734,9.006913151616101e-09,5.63976,1.720507815268505,4.36024,2.5342750328161308,0.014139717205655888,1.4861406700166568e-07,0.18028139437211257
Mulberry,String Bean,26,13,8,18,5,374,0.40952122860238077,31.285012285012286,9.767523007118473e-08,4.17204,1.5378563776894119,3.82796,2.4891531195854633,0.016439671206575867,1.0537654628833584e-06,0.19139617207655846
Sesame,Tomato,31,19,11,20,8,366,0.41925161947432216,24.187948350071736,4.1501715896717104e-09,6.50784,1.8202797956358248,4.49216,2.4678403895764203,0.014739705205895882,8.028435385537343e-08,0.18073595049838134
Casein (nBos d8),Cow Milk,15,28,9,6,19,371,0.4103950323149039,27.844181459566077,3.586481363933276e-08,4.95984,1.6407276356543778,4.04016,2.4624196680813797,0.017199656006879862,4.248985336968741e-07,0.19139617207655846
Mulberry,Potato,26,34,14,12,20,359,0.42927935419568436,20.342439024390245,2.541758428228329e-10,8.97434,2.071521557792728,5.02566,2.42607178336826,0.01481970360592788,7.129632391180463e-09,0.18073595049838134
Fig,Kiwi,8,12,4,4,8,389,0.3937837785352597,45.8235294117647,2.9412959028807268e-05,1.50472,1.0350544534467738,2.49528,2.410771715140798,0.03359932801343973,0.00014474271943123578,0.31947835619558795
Peanut,Rice,14,25,8,6,17,374,0.4007593315741254,27.984615384615385,1.53506925503827e-07,4.3074,1.5722802676367835,3.6925999999999997,2.3485634692535853,0.023519529609407813,1.4847825035801196e-06,0.24895200209203366
Rice,Sunflower Seeds,25,24,11,14,13,367,0.4136132768780281,21.590038314176244,6.848694900122568e-09,6.67808,1.867813565000534,4.32192,2.3138926073699246,0.021959560808783824,1.2006618246777377e-07,0.23690987718707165
Pumpkin Seeds,Sunflower Seeds,18,24,9,9,15,372,0.4025787822073312,24.032258064516128,6.282829375707289e-08,5.1389,1.6832251156633815,3.8611000000000004,2.2938702399757678,0.024639507209855804,7.049334559543578e-07,0.2513229735405292
Orange,Sesame,23,31,12,11,19,363,0.41088642002931436,20.261984392419176,3.330285637498825e-09,7.60576,1.9512700536829843,4.39424,2.251989667809413,0.024319513609727804,6.672465152274432e-08,0.2513229735405292
Rice,Strawberry,25,21,10,15,11,369,0.4027374900630132,21.76577840112202,2.667362479162733e-08,6.01092,1.7949152496984373,3.9890800000000004,2.2224336222393806,0.027179456410871782,3.562834168595936e-07,0.2722799115446263
Carrot,String Bean,12,13,5,7,8,385,0.3812481048343874,33.258823529411764,1.0224022158224622e-05,2.28522,1.2279859736983971,2.71478,2.210758150456506,0.040859182816343674,5.974662948712514e-05,0.36131183626327473
Carrot,Cherry,12,13,5,7,8,385,0.3812481048343874,33.258823529411764,1.0224022158224622e-05,2.2719,1.2357064335836403,2.7281,2.207725011262026,0.04121917561648767,5.974662948712514e-05,0.36131183626327473
Peanut,Potato,14,34,9,5,25,366,0.3813672799894838,24.825311942959,1.0599944549293806e-07,5.36568,1.6697658930520762,3.6343199999999998,2.1765446372587114,0.030639387212255755,1.0766812194640474e-06,0.30155607414167507
Orange,String Bean,23,13,7,16,6,376,0.378999764475437,26.32867132867133,1.007267775851166e-06,3.8058,1.4926775807253216,3.1942,2.1399128929422755,0.038359232815343695,7.958834116232453e-06,0.3586588268234635
Egg Yolk,Gluten,14,5,3,11,2,389,0.34604939341338015,47.417391304347824,0.00031775684193046945,1.10408,0.8931110533410727,1.89592,2.1228267110875874,0.06557868842623148,0.0011354241294458175,0.4608418942732257
Peanut,Wheat Flour,14,16,6,8,10,381,0.3779360498689634,27.784313725490197,3.419208764283372e-06,3.06238,1.390039112974883,2.93762,2.1133362166429057,0.04435911281774364,2.4280710338771796e-05,0.38285326601160286
Fish,Tomato,4,19,3,1,16,385,0.3320863992949525,54.515151515151516,0.00034216228555932144,1.14406,0.878263466392631,1.85594,2.113192761647101,0.06653866922661547,0.0011922549204893126,0.4608418942732257
Fig,Peanut,8,14,4,4,10,387,0.36166684542399175,36.904761904761905,5.851992625631766e-05,1.7152,1.092762078404993,2.2847999999999997,2.090848543477019,0.05745885082298354,0.0002669079563397903,0.437116392807279
Gluten,Peanut,5,14,3,2,11,389,0.34604939341338015,47.417391304347824,0.00031775684193046945,1.11418,0.902764048686034,1.88582,2.0889400754768603,0.06947861042779144,0.0011354241294458175,0.46960843915651806
Cow Milk,Gluten,28,5,4,24,1,376,0.32210467396919323,46.10204081632653,8.825294777624846e-05,1.84408,1.0434217525047098,2.15592,2.066201892786655,0.057398852022959544,0.0003722549150562059,0.437116392807279
Banana,Olive,22,2,2,20,0,383,0.2939344714290035,93.53658536585365,0.002823615694902824,0.64986,0.6565226427169134,1.3501400000000001,2.056501805349261,0.10175796484070318,0.006978186805464688,0.5868629566184186
Carrot,Peanut,12,14,5,7,9,384,0.36548756791755904,29.680701754385964,1.5668889844372246e-05,2.42168,1.2592640619028248,2.57832,2.047481602948314,0.054558908821823564,8.53422058513867e-05,0.431092223225958
Mulberry,Rice,26,25,11,15,14,365,0.39326616172469864,18.701890989988875,1.980114899139193e-08,7.1199,1.9029566442775296,3.8800999999999997,2.038984971974023,0.040059198816023676,2.777111146042718e-07,0.36131183626327473
String Bean,Sunflower Seeds,13,24,7,6,17,375,0.36960210173354563,24.75824175824176,1.4026440771139277e-06,3.92564,1.511896355706965,3.07436,2.03344626660101,0.047019059618807625,1.0779223661108404e-05,0.3996620067598648
Pumpkin Seeds,String Bean,18,13,6,12,7,380,0.36857501429580897,26.381333333333334,4.4890801625305075e-06,3.1661,1.4001252765377816,2.8339,2.0240331686659103,0.050658986820263596,3.0692217112491685e-05,0.4241745015845952
Apple,Carrot,20,12,6,14,6,379,0.3634225355255886,26.17241379310345,5.0458455598943396e-06,3.2099,1.3957800650532295,2.7901,1.998953896718389,0.05263894722105558,3.316133236760506e-05,0.431092223225958
Casein (nBos d8),Gluten,15,5,3,12,2,388,0.3332820473366711,43.512,0.0003956851040056376,1.17278,0.9178273648132312,1.82722,1.9908101131543634,0.07905841883162337,0.0013292176248333094,0.5205454030454274
Cherry,Rice,13,25,7,6,18,374,0.36074241568387316,23.35758835758836,1.9215106142041666e-06,4.0513,1.5183768669207243,2.9486999999999997,1.9420079851321614,0.054458910821783564,1.4372899394247167e-05,0.431092223225958
Fig,Sunflower Seeds,8,24,5,3,19,378,0.340137182066311,30.501831501831504,2.380210444155913e-05,2.57376,1.2500237847337143,2.42624,1.9409550679204464,0.06309873802523949,0.00012139073265195157,0.4608418942732257
Rice,Soybean,25,16,8,17,8,372,0.36933608848711713,21.285714285714285,6.082035263406397e-07,4.83182,1.6335652688521518,3.1681800000000004,1.9394266396384443,0.053258934821303575,5.33128403557967e-06,0.431092223225958
Cherry,Tomato,13,19,6,7,13,379,0.35708250538179603,24.362962962962964,6.46004930818957e-06,3.29666,1.4199340986116222,2.70334,1.9038489199204818,0.0634387312253755,4.0267640687714984e-05,0.4608418942732257
Strawberry,Tomato,21,19,8,13,11,373,0.36942435298053994,20.44927536231884,6.615716730243253e-07,4.86044,1.6580358881520034,3.1395600000000004,1.893541643118026,0.05765884682306354,5.709872439486869e-06,0.437116392807279
Onion,Strawberry,12,21,6,6,15,378,0.3531796872613177,24.419354838709676,6.970631960171484e-06,3.32524,1.421512906167229,2.67476,1.8816290646363905,0.06625867482650347,4.297279702918904e-05,0.4608418942732257
Fig,Wheat Flour,8,16,4,4,12,385,0.3355782340389458,30.84,0.00010467724508093421,1.8905,1.1262636236689878,2.1094999999999997,1.873007309894249,0.07955840883182336,0.0004368550664888097,0.5205454030454274
Peanut,Sunflower Seeds,14,24,7,7,17,374,0.3532203779495685,21.4,2.6994322372323143e-06,4.1852,1.5423426856571139,2.8148,1.8250159489042195,0.06847863042739145,1.9415147244709338e-05,0.4684940447532513
Egg White,Gluten,33,5,4,29,1,371,0.29364293456599266,37.779661016949156,0.00017452874448850597,2.06196,1.0654205547106739,1.93804,1.8190375541668566,0.08619827603447931,0.0006752456941934611,0.5465802262902111
Fig,Mulberry,8,26,5,3,21,376,0.32479430187419034,27.51827242524917,3.6359425785421266e-05,2.7171,1.2596775738259374,2.2829,1.8122891503627356,0.07979840403191936,0.0001743387851762507,0.5205454030454274
Mulberry,Orange,26,23,10,16,13,366,0.370995727869891,17.276094276094277,1.267938166411482e-07,6.6663,1.8565948157850702,3.3337000000000003,1.7955991106171052,0.06407871842563148,1.247918090099722e-06,0.4608418942732257
Fish,Sunflower Seeds,4,24,3,1,21,380,0.2921862643009162,41.29457364341085,0.0007078198777002745,1.35158,0.9191580406002006,1.64842,1.793402143252317,0.10693786124277514,0.0021580812575535545,0.5939815857148204
Mulberry,Sesame,26,31,12,14,19,360,0.379280764211445,15.937223695844386,2.0669408151110167e-08,8.38078,2.0203431865898445,3.6192200000000003,1.791388722481805,0.0630787384252315,2.82817999335922e-07,0.4608418942732257
Onion,Wheat Flour,12,16,5,7,11,382,0.3383302072344969,24.391304347826086,3.3180654735728535e-05,2.6993,1.316404007134588,2.3007,1.7477157373654049,0.0862782744345113,0.00016186388962385832,0.5465802262902111
Gluten,Pumpkin Seeds,5,18,3,2,15,385,0.3014017638565076,34.81935483870968,0.0007015282035566311,1.34648,0.957638558956353,1.65352,1.7266639741428413,0.11527769444611108,0.0021505864600834426,0.6159122531835077
Fig,Gluten,8,5,2,6,3,394,0.305517070064433,43.35164835164835,0.0033216000370624144,0.70516,0.7501129077678906,1.29484,1.726193465798439,0.14153716925661486,0.008101815742573976,0.6965118592364995
Peanut,Tomato,14,19,6,8,13,378,0.34153436373944107,21.4400871459695,1.0985862068996623e-05,3.50142,1.454028192161349,2.49858,1.7183848383888423,0.0872582548349033,6.353678990419697e-05,0.5465802262902111
Onion,Orange,12,23,6,6,17,376,0.334628711601263,21.514285714285716,1.2625248320649242e-05,3.56392,1.4478515923947457,2.43608,1.6825481373893612,0.09163816723665527,7.082764307884226e-05,0.5465802262902111
Carrot,Orange,12,23,6,6,17,376,0.334628711601263,21.514285714285716,1.2625248320649242e-05,3.55892,1.4508509343140665,2.44108,1.6825160616201373,0.09255814883702326,7.082764307884226e-05,0.5465802262902111
Cow Milk,Meat,28,13,7,21,6,371,0.33690568931897924,19.937388193202146,4.540916257284866e-06,4.38084,1.565298979236874,2.61916,1.673265002240602,0.0881182376352473,3.0692217112491685e-05,0.5465802262902111
Fig,Pumpkin Seeds,8,18,4,4,14,383,0.3138010378001775,26.448275862068964,0.00017313641558614214,2.07274,1.1740906661753172,1.92726,1.6414916288178873,0.11371772564548709,0.0006745106190543453,0.6134196546838294
Orange,Tomato,23,19,8,15,11,371,0.34918617879714087,17.715287517531557,1.5144701606844687e-06,5.21444,1.7024615961601022,2.7855600000000003,1.636195498496309,0.09053818923621527,1.1481321083026851e-05,0.5465802262902111
Mulberry,Peanut,26,14,7,19,7,372,0.33644499331947086,19.102564102564102,4.968256028997743e-06,4.43876,1.5717282406319477,2.5612399999999997,1.6295692434527977,0.09409811803763925,3.316133236760506e-05,0.5498858772824543
Sesame,Sunflower Seeds,31,24,11,20,13,361,0.36041777198611896,15.021680216802167,1.07476200160404e-07,7.86064,1.9690248323472204,3.13936,1.5943729852597417,0.08941821163576728,1.0766812194640474e-06,0.5465802262902111
Onion,Sunflower Seeds,12,24,6,6,18,375,0.3261853559832125,20.2972972972973,1.6609424894912453e-05,3.67578,1.458869902218837,2.32422,1.5931646793624485,0.10475790484190316,8.959507082736429e-05,0.5936281274374512
Pistachio,Sunflower Seeds,31,24,11,20,13,361,0.36041777198611896,15.021680216802167,1.07476200160404e-07,7.87076,1.9715823651067699,3.1292400000000002,1.5871718348579051,0.09187816243675126,1.0766812194640474e-06,0.5465802262902111
String Bean,Wheat Flour,13,16,5,8,11,381,0.32263050331463455,21.465473145780052,5.2670275218198494e-05,2.8909,1.352064048039146,2.1091,1.5599113097184698,0.11779764404711905,0.0002441985487389203,0.623438474626734
Peach,Tomato,19,19,7,12,12,374,0.3373329697300245,17.976,5.455044123946376e-06,4.49914,1.6117441671679789,2.5008600000000003,1.5516482398036537,0.10933781324373512,3.5175629350964566e-05,0.5984606521461804
Pistachio,Pumpkin Seeds,31,18,9,22,9,365,0.34350119037008153,16.244444444444444,8.335277950926292e-07,6.22184,1.7932169457151577,2.7781599999999997,1.549260398547056,0.10251794964100717,6.7428258995017485e-06,0.5868629566184186
Carrot,Onion,12,12,4,8,8,385,0.31297709923664124,24.01038062283737,0.00019493068751138615,2.13712,1.2053207480168922,1.86288,1.545547111061505,0.13041739165216695,0.0007490144910540249,0.6576591682452066
Casein (nBos d8),Egg Yolk,15,14,5,10,9,381,0.3207349595101669,21.035087719298247,5.609048816638705e-05,2.90958,1.360207419329861,2.09042,1.5368391395996766,0.12107757844843103,0.0002579242939454355,0.6274839640821863
Carrot,Fish,12,4,2,10,2,391,0.2770549354995341,37.285714285714285,0.004681680221896738,0.8048,0.7789332192171547,1.1952,1.5344062501291222,0.17731645367092658,0.01103538909447088,0.7894804008681731
Sunflower Seeds,Tomato,24,19,8,16,11,370,0.3399622300609656,16.59683794466403,2.214088888974582e-06,5.38152,1.7138501946202886,2.61848,1.527834817896751,0.10677786444271115,1.6131219048243386e-05,0.5939815857148204
Onion,Rice,12,25,6,6,19,374,0.31822251413343805,19.205128205128204,2.156281475102089e-05,3.78428,1.478223556029331,2.21572,1.498907246446312,0.12191756164876702,0.00011200684329002517,0.6274839640821863
Gluten,Strawberry,5,21,3,2,18,382,0.27639661590857856,28.945945945945947,0.001130307472916131,1.50996,0.9940929525954806,1.49004,1.4988940381376306,0.15757684846303074,0.003202537839929038,0.7403181936361273
Carrot,Potato,12,34,7,5,27,366,0.31467081487888476,18.173553719008265,9.31432099846987e-06,4.68722,1.5590986728235,2.31278,1.4834083565805343,0.12135757284854302,5.558866042703827e-05,0.6274839640821863
"Cow Milk, UHT",Egg White,34,33,14,20,19,352,0.3654816717972533,12.78611632270169,1.5123234794550304e-08,10.80828,2.2075333387290015,3.19172,1.4458309389962143,0.10987780244395112,2.3567040888174223e-07,0.5984606521461804
Cherry,Fish,13,4,2,11,2,390,0.26512599658035024,33.95652173913044,0.005514321292504794,0.85432,0.7953473062756924,1.14568,1.4404776265161214,0.1977160456790864,0.012626670388143631,0.827751504671399
Hazelnut,Sunflower Seeds,16,24,7,9,17,372,0.32489304207093467,16.804511278195488,8.33029268091248e-06,4.69264,1.6180388840815911,2.30736,1.4260225898771721,0.13129737405251896,5.025047520421399e-05,0.6576591682452066
Casein (nBos d8),Egg White,15,33,8,7,25,365,0.32391866649507506,16.244444444444444,3.5582021490855907e-06,5.5852,1.6949634096345547,2.4147999999999996,1.4246915221141243,0.12833743325133498,2.4951892570462706e-05,0.6545209095818084
Cherry,Onion,13,12,4,9,8,384,0.29863414953319595,21.427244582043343,0.0002770225387794578,2.28202,1.2266232997950102,1.7179799999999998,1.4005766891001532,0.15835683286334273,0.0010157493088580121,0.7403181936361273
Orange,Rice,23,25,9,14,16,366,0.33603226041738,14.552769070010449,1.3367337416668542e-06,6.47078,1.8379081020551573,2.5292199999999996,1.3761406226850048,0.13355732885342292,1.041538373715424e-05,0.6630589512103562
Fig,Strawberry,8,21,4,4,17,380,0.28691358361366703,21.742857142857144,0.00033037938093606823,2.33176,1.215818778601482,1.66824,1.372112381681523,0.1652366952660947,0.0011730559031970524,0.7598179183957305
Gluten,Orange,5,23,3,2,20,380,0.2624110311761877,25.985365853658536,0.0014935114239057435,1.61258,1.0147146118983408,1.38742,1.3673007008388274,0.1881762364752705,0.00402817263851501,0.8188696691182455
Tomato,Wheat Flour,19,16,6,13,10,376,0.3146719383724334,17.264550264550266,2.766076197492664e-05,3.93196,1.5230793014153925,2.06804,1.3578019201483318,0.1493770124597508,0.0001397989861976022,0.7224181378441397
Fish,Peanut,4,14,2,2,12,389,0.2544583855230894,31.16,0.006411746936208626,0.90536,0.8137833067838145,1.09464,1.3451246675557533,0.21751564968700626,0.0145039920613429,0.861601388661882
"Cow Milk, UHT",Fish,34,4,3,31,1,370,0.2398793422775122,27.444444444444443,0.0020520501984151473,1.70224,0.9684724995579379,1.29776,1.3400070736054626,0.2027759444811104,0.005354419354934407,0.8303452909044009
Gluten,Sunflower Seeds,5,24,3,2,21,379,0.25605367455275563,24.711627906976744,0.001700272357117709,1.66426,1.0214786597868797,1.33574,1.307653358395845,0.2010359792804144,0.004478182123676219,0.8292734145317093
Potato,Sunflower Seeds,34,24,11,23,13,358,0.33883442974721534,12.995271867612294,3.297574621435314e-07,8.40094,2.0069148253974296,2.5990599999999997,1.2950524691476668,0.14603707925841483,3.032687479713461e-06,0.7124069692519193
Potato,Pumpkin Seeds,34,18,9,25,9,362,0.3235595791930844,14.215686274509803,2.031893498926106e-06,6.63094,1.829736242303793,2.36906,1.2947549188932022,0.15201695966080678,1.4998582274967703e-05,0.7227246980484119
Potato,Strawberry,34,21,10,24,11,360,0.33076867159548207,13.434782608695652,8.413508252497726e-07,7.53818,1.9120204725891412,2.4618200000000003,1.2875489751772136,0.1512569748605028,6.7428258995017485e-06,0.7227246980484119
Banana,Fig,22,8,4,18,4,379,0.27913623663237047,20.513513513513512,0.00040047708806908793,2.42086,1.2269543024905212,1.5791400000000002,1.2870405986552216,0.18449631007379852,0.0013373074190878471,0.8149797633968581
Casein (nBos d8),Fish,15,4,2,13,2,388,0.24483931082618096,28.77777777777778,0.007373261800582242,0.95484,0.8298196035283812,1.04516,1.2595026624533747,0.2388552228955421,0.016612047671191316,0.8874025168503253
Apple,Rice,20,25,8,12,17,368,0.32036377136212996,14.318857142857143,5.083555407511649e-06,5.77978,1.7720279770929133,2.2202200000000003,1.2529260421962214,0.1637767244655107,3.316133236760506e-05,0.7593284497946405
Onion,Peanut,12,14,4,8,10,383,0.2857770321035518,19.33613445378151,0.0003815639983534921,2.42904,1.268796547284079,1.57096,1.2381496492583595,0.19285614287714245,0.0013133719402582396,0.8196386072278554
Cherry,String Bean,13,13,4,9,9,383,0.2847331240188383,19.121883656509695,0.00039288415074728773,2.43892,1.2635779491586578,1.56108,1.2354441615884728,0.19521609567808643,0.0013277590877664362,0.8234302983113269
Potato,String Bean,34,13,7,27,6,365,0.2984706116800706,15.335664335664335,1.897597259635485e-05,5.01842,1.6065617646390067,1.9815800000000001,1.2334290804221024,0.1766764664706706,0.00010042943987316105,0.7894804008681731
Mulberry,Wheat Flour,26,16,7,19,9,370,0.3088835623814948,15.0,1.5191103886149768e-05,4.96976,1.6478002131326486,2.03024,1.2320911138494706,0.17351652966940662,8.355107137382372e-05,0.7850223640688476
Strawberry,Sunflower Seeds,21,24,8,13,16,368,0.3186197736801304,14.061728395061728,5.533016429261276e-06,5.83292,1.7632595593388978,2.1670800000000003,1.2290192833620637,0.16821663566728665,3.527297973654064e-05,0.7672319724337221
Fig,Orange,8,23,4,4,19,378,0.2718432749347365,19.41025641025641,0.0004807951699812934,2.49984,1.239209415070754,1.5001600000000002,1.210578278179356,0.20525589488210236,0.0015591103488988764,0.8344098335424597
Gluten,Mulberry,5,26,3,2,23,377,0.24440408550672954,22.48936170212766,0.002167246189954213,1.75784,1.0345813329071811,1.24216,1.2006402594849854,0.23061538769224615,0.0056028807030613515,0.8861317294202062
Cherry,Mulberry,13,26,6,7,20,372,0.29521654384430757,15.747967479674797,4.913964879604697e-05,4.16262,1.533927878226352,1.8373799999999996,1.19782685097589,0.18829623407531848,0.00023165834432422144,0.8188696691182455
Carrot,Strawberry,12,21,5,7,16,377,0.2875057784730562,16.77777777777778,0.00014338986807981398,3.31998,1.4116489647217534,1.6800199999999998,1.190111735980442,0.1994360112797744,0.0005705086240622387,0.828767424651507
Carrot,Gluten,12,5,2,10,3,390,0.2442077078639261,26.564625850340136,0.007673789405802491,0.9846,0.8554781353138138,1.0154,1.1869385763173508,0.25239495210095797,0.017130077311948565,0.9076510777476758
Egg Yolk,Sunflower Seeds,14,24,6,8,18,373,0.2959757788821114,15.43879173290938,4.985209061487034e-05,4.18586,1.5384524888341533,1.81414,1.1791979363462592,0.19277614447711044,0.00023305852362451884,0.8196386072278554
Apple,Strawberry,20,21,7,13,14,371,0.30647602976119,14.233716475095786,1.7759980806823983e-05,5.05884,1.678278241055398,1.94116,1.1566377687047213,0.19123617527649447,9.488904031074528e-05,0.8196386072278554
Soybean,Wheat Flour,16,16,5,11,11,378,0.2842223650385604,15.74102079395085,0.0001665952422172347,3.42942,1.4444024590120306,1.57058,1.0873562213915606,0.22201555968880624,0.0006535659502368438,0.861601388661882
Fig,Rice,8,25,4,4,21,376,0.2585153257951126,17.511627906976745,0.000675552694650383,2.64252,1.252999620750142,1.3574799999999998,1.0833842066027983,0.2387952240955181,0.002093840119883231,0.8874025168503253
Egg Yolk,Rice,14,25,6,8,19,372,0.28843578189418023,14.607843137254902,6.442974629233329e-05,4.31456,1.5667073774001319,1.6854399999999998,1.0757848110710364,0.22081558368832624,0.000286865775158722,0.861601388661882
Pumpkin Seeds,Tomato,18,19,6,12,13,374,0.29212471820088864,14.425185185185185,6.0533252402741094e-05,4.29954,1.58109322571441,1.7004599999999996,1.0754963542593476,0.22037559248815022,0.00027386414998336895,0.861601388661882
Cherry,Gluten,13,5,2,11,3,389,0.23336008013704887,24.19254658385093,0.00902345697661355,1.05612,0.8809827158349931,0.94388,1.071394458749844,0.28281434371312575,0.019697118147393777,0.9738489892778832
Egg White,Peanut,33,14,7,26,7,365,0.28947889208974614,13.79245283018868,2.880373302166016e-05,5.24464,1.651166639197873,1.7553599999999996,1.0631028742518338,0.22153556928861423,0.00014420138034584892,0.861601388661882
Orange,Peach,23,19,7,16,12,370,0.2987329492527805,13.472727272727273,2.3785666344586442e-05,5.22148,1.7007370783281,1.7785200000000003,1.0457348303056722,0.2226955460890782,0.00012139073265195157,0.861601388661882
Carrot,Sesame,12,31,6,6,25,368,0.27831833920104165,14.450980392156863,8.265595141575885e-05,4.40408,1.535525758038593,1.5959199999999996,1.0393313115362852,0.23279534409311814,0.000356692221109544,0.8874025168503253
Fish,Pumpkin Seeds,4,18,2,2,16,385,0.2207813806114675,23.363636363636363,0.010635428936767978,1.09514,0.8736179831024543,0.90486,1.0357616458244103,0.29831403371932563,0.022947983205872442,0.9902613782043885
Cow Milk,Orange,28,23,9,19,14,363,0.31161668642312057,12.213085764809902,4.087719463356689e-06,7.04666,1.905697469274702,1.9533399999999999,1.0250000493223252,0.21953560928781424,2.8311242209174104e-05,0.861601388661882
Banana,Hazelnut,22,16,6,16,10,373,0.28694590005565046,14.012987012987013,7.11545782505531e-05,4.40148,1.5784466445211247,1.5985199999999997,1.0127171580671104,0.2369352612947741,0.0003118571749887523,0.8874025168503253
Pumpkin Seeds,Rice,18,25,7,11,18,369,0.29318034102289514,13.025851938895418,2.904591083615139e-05,5.30066,1.7028633428434594,1.6993400000000003,0.9979309303601687,0.2371552568948621,0.00014420138034584892,0.8874025168503253
Carrot,Wheat Flour,12,16,4,8,12,381,0.2635763971254019,16.157647058823528,0.0006714657255366191,2.68824,1.316132858946999,1.31176,0.9966774942838996,0.2573948521029579,0.0020927348445891293,0.9081667423255307
Casein (nBos d8),Sunflower Seeds,15,24,6,9,18,372,0.2830246771895403,13.776671408250355,7.984005578939549e-05,4.43056,1.579461327921643,1.5694400000000002,0.9936552242562156,0.24203515929681407,0.00034721140540969664,0.8933008181941625
Egg Yolk,Potato,14,34,7,7,27,364,0.2838893699890162,13.254545454545454,3.568316531937391e-05,5.36724,1.6549244038323938,1.6327600000000002,0.9866069992193804,0.24431511369772604,0.0001725711702083514,0.8958220835583288
Cherry,Strawberry,13,21,5,8,16,376,0.27330283243107156,14.764705882352942,0.0002251806632724113,3.5679,1.4545203986194215,1.4321000000000002,0.9845857104233794,0.254094918101638,0.0008535564330798834,0.9079442614969357
Fish,Peach,4,19,2,2,17,384,0.21400475599867877,21.97142857142857,0.011846401483968995,1.14232,0.8834166726975441,0.85768,0.9708668927212385,0.3221935561288774,0.02507860842455323,1.0
Fig,Hazelnut,8,16,3,5,13,384,0.24448628713159123,18.124579124579125,0.002523699206915191,1.90122,1.1372345895196823,1.09878,0.966185877677249,0.2829543409131817,0.006292423355908543,0.9738489892778832
Olive,String Bean,2,13,1,1,12,391,0.18700661941798816,31.32,0.06324410218799657,0.44136,0.5803114253571094,0.55864,0.9626555252746,0.3962720745585088,0.10404674876089759,1.0
Meat,Olive,13,2,1,12,1,391,0.18700661941798816,31.32,0.06324410218799657,0.44182,0.5825934153421235,0.55818,0.958095277599753,0.3954320913581728,0.10404674876089759,1.0
Casein (nBos d8),Meat,15,13,4,11,9,381,0.260989010989011,15.71395881006865,0.0007230320130631543,2.73422,1.321416282478765,1.26578,0.9578964757612943,0.26831463370732583,0.002178422353179357,0.9407781844363112
Apple,Cow Milk,20,28,8,12,20,365,0.29726223630543797,12.12390243902439,1.3423139015357438e-05,6.29866,1.8032476824884587,1.70134,0.9434865861866367,0.24921501569968602,7.455822760015369e-05,0.9019975729517667
Orange,Sunflower Seeds,23,24,8,15,16,366,0.29989246656614277,12.180840664711633,1.2371385857901294e-05,6.28712,1.8166678578100064,1.7128800000000002,0.9428691065547213,0.24835503289934202,7.081987210492475e-05,0.9019975729517667
Apple,Peanut,20,14,5,15,9,376,0.26878044719076977,14.062818336162987,0.00026295403882999025,3.64506,1.4831040409897076,1.35494,0.9135839176163387,0.2726545469090618,0.0009705079985764772,0.9500571479253644
Apple,Fish,20,4,2,18,2,383,0.2077185659090488,20.72972972972973,0.013118027233016008,1.18632,0.8918547289777634,0.81368,0.9123458939693389,0.3404931901361973,0.026935396394540304,1.0
Egg White,Pistachio,33,31,12,21,19,353,0.32162271319247626,10.539654144305308,5.451669056222497e-07,10.09508,2.160305486175512,1.9049200000000006,0.8817826979518383,0.2573948521029579,4.932881194420679e-06,0.9081667423255307
Fish,Strawberry,4,21,2,2,19,382,0.20186414152889492,19.615384615384617,0.014449627128805492,1.23074,0.8968718149211738,0.76926,0.8577145442658496,0.3620527589448211,0.02884783209701025,1.0
Gluten,Potato,5,34,3,2,31,369,0.2080534296429023,16.42222222222222,0.004834054896930714,2.09812,1.0658576197597875,0.9018799999999998,0.846154292355912,0.3477930441391172,0.011241827205490646,1.0
Onion,Potato,12,34,6,6,28,365,0.2621608519510116,12.824561403508772,0.00014492250235449838,4.68386,1.5627909330425473,1.3161399999999999,0.8421727898290587,0.29681406371872565,0.0005725459424005182,0.9902613782043885
"Cow Milk, UHT",Gluten,34,5,3,31,2,369,0.2080534296429023,16.42222222222222,0.004834054896930714,2.10054,1.0703979205884135,0.8994599999999999,0.8403043229993884,0.34707305853882925,0.011241827205490646,1.0
Pumpkin Seeds,Soybean,18,16,5,13,11,376,0.26379908898091986,13.33816425120773,0.0003117316278267161,3.74204,1.5043592118905644,1.2579600000000002,0.8362098560350434,0.2970340593188136,0.0011282673755534693,0.9902613782043885
Casein (nBos d8),Olive,15,2,1,14,1,389,0.17269740579497586,26.862068965517242,0.0727906123945728,0.49562,0.605227903851103,0.50438,0.8333720186901472,0.4374712505749885,0.11502967198128265,1.0
Gluten,Wheat Flour,5,16,2,3,14,386,0.2069059930845239,19.039408866995075,0.01367352793869994,1.2384,0.9249461822181873,0.7616,0.823399257861194,0.3624127517449651,0.027692596294623346,1.0
Cow Milk,Egg Yolk,28,14,6,22,8,369,0.2681032584833338,12.558169934640523,0.0001298591872454988,4.68356,1.6020067810093694,1.31644,0.8217443369188215,0.2977540449191016,0.0005203643146051774,0.9902613782043885
Gluten,Soybean,5,16,2,3,14,386,0.2069059930845239,19.039408866995075,0.01367352793869994,1.24114,0.9311667414593374,0.7588600000000001,0.814956082742715,0.3610727785444291,0.027692596294623346,1.0
Egg Yolk,Strawberry,14,21,5,9,16,375,0.26053700222656084,13.175438596491228,0.00033850078994514813,3.79088,1.492524313235802,1.20912,0.8101174562299895,0.3099538009239815,0.0011868683947451756,1.0
Apple,Tomato,20,19,6,14,13,372,0.27279602994559826,12.369093231162196,0.0001192915994627899,4.685,1.6235070064523915,1.3150000000000004,0.8099749460727456,0.3015939681206376,0.0004884860386760959,0.9952600947981042
Cow Milk,Strawberry,28,21,8,20,13,364,0.2874409035734996,11.195121951219512,2.0693174012415252e-05,6.53982,1.8328814385005945,1.4601800000000003,0.7966581849366722,0.29569408611827763,0.00010849411795294352,0.9902613782043885
Potato,Sesame,34,31,12,22,19,352,0.31472100006714226,10.042735042735043,8.032431943905512e-07,10.2993,2.1789629436959204,1.7006999999999994,0.7805089136189258,0.2883142337153257,6.6267563537220475e-06,0.9862456409408398
Carrot,Pumpkin Seeds,12,18,4,8,14,379,0.2449562216110199,13.855983772819473,0.0010925818193875372,2.94184,1.359991696445239,1.05816,0.7780635740393342,0.3275734485310294,0.0031113624399817684,1.0
Hazelnut,Olive,16,2,1,15,1,388,0.166535382515328,25.06451612903226,0.07754553233101089,0.5244,0.6155035661960051,0.4756,0.7727006407767048,0.4596908061838763,0.12151688166954498,1.0
Onion,Pumpkin Seeds,12,18,4,8,14,379,0.2449562216110199,13.855983772819473,0.0010925818193875372,2.9543,1.3565439580050473,1.0457,0.7708559636635891,0.32987340253194936,0.0031113624399817684,1.0
Kiwi,Mulberry,12,26,5,7,21,372,0.2512836234071543,12.705426356589147,0.00042969318648139443,3.88434,1.488825968473146,1.11566,0.7493555483480427,0.33051338973220534,0.0014096951907372063,1.0
Apple,Casein (nBos d8),20,15,5,15,10,375,0.2570193398539127,12.689708141321045,0.00038197398432087836,3.8675,1.5188626501431919,1.1324999999999998,0.7456237072478098,0.3274534509309814,0.0013133719402582396,1.0
Fish,Orange,4,23,2,2,21,380,0.19126110598860463,17.697674418604652,0.01729004672129991,1.31502,0.9197295252409808,0.6849799999999999,0.7447624341738148,0.3997120057598848,0.033679570175865446,1.0
Fig,Sesame,8,31,4,4,27,370,0.22609825809855122,13.472727272727273,0.001598207470772383,3.06208,1.2997484655116933,0.9379200000000001,0.7216165472684392,0.3622527549449011,0.004229218825958995,1.0
Cherry,Sunflower Seeds,13,24,5,8,19,373,0.25094268738389364,12.393665158371041,0.00044657257726582505,3.92962,1.5026731699208586,1.07038,0.7123172366592356,0.3424331513369733,0.0014565535805007434,1.0
Fig,Pistachio,8,31,4,4,27,370,0.22609825809855122,13.472727272727273,0.001598207470772383,3.0689,1.309791124569104,0.9310999999999998,0.71087670586126,0.3629127417451651,0.004229218825958995,1.0
Hazelnut,Peach,16,19,5,11,14,375,0.2547273781462643,12.385307346326837,0.0004131855084880695,3.92448,1.5268715498037162,1.07552,0.7043945511580599,0.34287314253714923,0.001371580297407142,1.0
Olive,Pumpkin Seeds,2,18,1,1,17,386,0.1557281449240075,22.085714285714285,0.08701870187018701,0.56122,0.6309771086180543,0.43877999999999995,0.6953976523189592,0.4852902941941161,0.1341139883219091,1.0
Peanut,Soybean,14,16,4,10,12,379,0.23916533346195507,13.01142857142857,0.0012930675044279122,3.07018,1.3859779102135785,0.9298199999999999,0.6708764931590541,0.3644927101457971,0.003591142920713162,1.0
Egg Yolk,Wheat Flour,14,16,4,10,12,379,0.23916533346195507,13.01142857142857,0.0012930675044279122,3.07224,1.3916973027206743,0.9277600000000001,0.6666392168658314,0.36429271414571707,0.003591142920713162,1.0
Casein (nBos d8),Strawberry,15,21,5,10,16,374,0.24896764872145558,11.88888888888889,0.0004906569702602043,3.99502,1.5371386403314447,1.0049800000000002,0.6537991913229778,0.3600327993440131,0.001581945748942383,1.0
Fish,Rice,4,25,2,2,23,378,0.1818839444839975,16.106382978723403,0.020362282145032398,1.39382,0.9307877349858021,0.6061799999999999,0.6512548212823693,0.4338913221735565,0.03834873028060315,1.0
Potato,Rice,34,25,10,24,15,356,0.29232217566814145,9.857142857142858,6.178897019819069e-06,8.68478,2.0412781171609136,1.31522,0.6443120067486235,0.3404931901361973,3.8947878967623564e-05,1.0
Egg White,Wheat Flour,33,16,7,26,9,363,0.26392732901147814,10.829195630585899,8.525554511172278e-05,5.89556,1.7420253403438204,1.1044400000000003,0.6339976660626642,0.35931281374372515,0.00036510199089829376,1.0
Cherry,Potato,13,34,6,7,28,364,0.24795636273296295,11.08421052631579,0.0002528766707186215,5.01886,1.6106223332612764,0.9811399999999999,0.6091682573489056,0.376652466950661,0.0009394954455175276,1.0
Gluten,Peach,5,19,2,3,17,383,0.18668980030532464,15.653061224489797,0.019190753690435023,1.40696,0.9743221019765488,0.59304,0.6086693494861046,0.4336113277734445,0.036494958712996774,1.0
Gluten,Tomato,5,19,2,3,17,383,0.18668980030532464,15.653061224489797,0.019190753690435023,1.41098,0.9720470356932325,0.5890200000000001,0.6059583316150232,0.4382312353752925,0.036494958712996774,1.0
Fish,Mulberry,4,26,2,2,24,377,0.17758089484670062,15.408163265306122,0.02198366201569603,1.43356,0.9403115049811951,0.56644,0.6023961176688231,0.4523109537809244,0.040568534180281154,1.0
Cherry,Pumpkin Seeds,13,18,4,9,14,378,0.23262521394079747,12.364791288566243,0.001533802755744759,3.1606,1.3969136122180208,0.8393999999999999,0.6008961417930488,0.3910721785564289,0.004117049502262248,1.0
Egg Yolk,Sesame,14,31,6,8,25,366,0.2505483184888416,10.990772779700116,0.00024038466777783168,5.03964,1.6229197978951377,0.9603599999999997,0.5917482806270207,0.38195236095278096,0.0008990386574890905,1.0
Egg Yolk,Pistachio,14,31,6,8,25,366,0.2505483184888416,10.990772779700116,0.00024038466777783168,5.038,1.6352602239399083,0.9619999999999997,0.5882855743180792,0.38431231375372493,0.0008990386574890905,1.0
Apple,Mulberry,20,26,7,13,19,366,0.26576595951281434,10.441595441595442,8.654674444809302e-05,5.97276,1.77838634227774,1.02724,0.5776247689151284,0.377412451750965,0.00036782366390439536,1.0
Olive,Strawberry,2,21,1,1,20,383,0.14238487049908097,18.70731707317073,0.10113678034470114,0.62712,0.6502311170653093,0.37288,0.5734576371597238,0.5326493470130598,0.15211188679189636,1.0
Potato,Wheat Flour,34,16,7,27,9,362,0.2585615150527869,10.4066985645933,0.00010512555075933922,6.00284,1.7436719686913587,0.99716,0.5718736195251092,0.38225235495290094,0.0004368550664888097,1.0
Fig,Potato,8,34,4,4,30,367,0.21297235438351608,12.049180327868852,0.0022968315569645435,3.25128,1.3243784812507335,0.74872,0.5653368811103864,0.4179516409671807,0.005830418567679225,1.0
Apple,Gluten,20,5,2,18,3,382,0.18092475296035707,14.768339768339768,0.02121499584290803,1.4624,0.9814408999017722,0.5376000000000001,0.5477660448569098,0.4586508269834603,0.03940931346977286,1.0
Cow Milk,Pistachio,28,31,10,18,21,356,0.2876297716701324,9.411062225015714,8.03758625844222e-06,8.895,2.057458383540237,1.1050000000000004,0.5370704014428929,0.380272394552109,4.9011803162892234e-05,1.0
Cow Milk,Fish,28,4,2,26,2,375,0.16963034676004293,14.169811320754716,0.02539363228571292,1.49648,0.9421399097798585,0.50352,0.5344429152965753,0.48257034859302816,0.0457613208038603,1.0
Casein (nBos d8),Wheat Flour,15,16,4,11,12,378,0.22870010361543716,11.848695652173912,0.0017206336185516733,3.24666,1.4212455257273462,0.7533400000000001,0.5300561981466684,0.4118117637647247,0.0045106329906892,1.0
Pistachio,Strawberry,31,21,8,23,13,361,0.2677565742268919,9.685579196217494,4.78930189017344e-05,7.05814,1.8907881267873476,0.9418600000000001,0.4981309045981379,0.3989920201595968,0.00022769477630400845,1.0
Strawberry,Wheat Flour,21,16,5,16,11,373,0.23840732674393444,10.826086956521738,0.0006896304368260466,4.2229,1.56443459115426,0.7770999999999999,0.49672898080490885,0.41855162896742065,0.0021257289838429237,1.0
Olive,Orange,2,23,1,1,22,381,0.1349060194715185,16.955555555555556,0.11048771543821048,0.6806,0.6627093178762465,0.3194,0.4819609312625424,0.5697086058278834,0.16397779989639175,1.0
Fig,Onion,8,12,2,6,10,387,0.18448925057360593,14.194139194139193,0.02043898458805765,1.51204,1.0430028947227328,0.48795999999999995,0.4678414628271162,0.4742505149897002,0.03834873028060315,1.0
Carrot,Fig,12,8,2,10,6,387,0.18448925057360593,14.194139194139193,0.02043898458805765,1.51538,1.0404823187349221,0.48462000000000005,0.4657647624317429,0.4750904981900362,0.03834873028060315,1.0
Carrot,Egg Yolk,12,14,3,9,11,382,0.2060664962895446,12.254004576659039,0.0060436984047774495,2.42052,1.2638049412785193,0.5794800000000002,0.4585201252764318,0.4526109477810444,0.013782580508455891,1.0
Olive,Sunflower Seeds,2,24,1,1,23,380,0.13150206918894097,16.19148936170213,0.11514484781811515,0.698,0.668757056037542,0.30200000000000005,0.4515840203457183,0.5797884042319154,0.16910015608890733,1.0
Casein (nBos d8),Orange,15,23,5,10,18,372,0.2343342392340241,10.546975546975547,0.0007770602460971049,4.30192,1.5749680357391385,0.69808,0.44323439216491045,0.4379912401751965,0.002318780840747212,1.0
Banana,Gluten,22,5,2,20,3,380,0.1705188184860208,13.257839721254355,0.025531717311244696,1.57046,1.0046668046670995,0.42954000000000003,0.4275447322481506,0.504289914201716,0.0457613208038603,1.0
Mulberry,Olive,26,2,1,25,1,378,0.12525668265970408,14.843137254901961,0.12442244224422443,0.73116,0.6770857068348142,0.26883999999999997,0.39705460813336557,0.6002279954400912,0.18177341171617165,1.0
Hazelnut,Wheat Flour,16,16,4,12,12,377,0.2191516709511568,10.872,0.0022386464106631523,3.42962,1.4490295564963473,0.5703800000000001,0.39362896184059853,0.4655306893862123,0.005708548347191039,1.0
Hazelnut,Soybean,16,16,4,12,12,377,0.2191516709511568,10.872,0.0022386464106631523,3.429,1.4572299063634406,0.5710000000000002,0.3918393367488231,0.46651066978660427,0.005708548347191039,1.0
Banana,Soybean,22,16,5,17,11,372,0.23102044792738366,10.180124223602485,0.0008715351011129563,4.3871,1.576798525493983,0.6128999999999998,0.38869899361935867,0.46115077698446033,0.0025733220617072026,1.0
Banana,Kiwi,22,12,4,18,8,375,0.215110724962074,10.745627980922098,0.00244562701413419,3.4421,1.4368324850169558,0.5579000000000001,0.3882846510067709,0.47001059978800425,0.006147882416170066,1.0
Cow Milk,String Bean,28,13,5,23,8,369,0.2264671590282576,10.173967459324155,0.0009632051400016526,4.39564,1.560137490864186,0.6043599999999998,0.3873761149507629,0.4640507189856203,0.0028290999138268435,1.0
Apple,String Bean,20,13,4,16,9,376,0.21710950447287033,10.808612440191387,0.0023404896944968336,3.44048,1.4474865697477128,0.55952,0.386545900800669,0.46791064178716424,0.005914480714471728,1.0
"Cow Milk, UHT",Egg Yolk,34,14,6,28,8,363,0.23515041498878236,9.753353973168215,0.0004157717997680571,5.36978,1.6642844563355133,0.6302199999999996,0.378673247593529,0.4605107897842043,0.0013720469392345884,1.0
Fig,String Bean,8,13,2,6,11,386,0.17548893748854372,12.926421404682275,0.02391403554387589,1.60802,1.0643362624659558,0.39198,0.36828586399172697,0.5110097798044039,0.043276690129401205,1.0
Cherry,Fig,13,8,2,11,6,386,0.17548893748854372,12.926421404682275,0.02391403554387589,1.60784,1.0650119879137512,0.39216000000000006,0.3682212073201177,0.5112097758044839,0.043276690129401205,1.0
Fig,Meat,8,13,2,6,11,386,0.17548893748854372,12.926421404682275,0.02391403554387589,1.61024,1.0627545071181774,0.3897600000000001,0.36674509248320614,0.510229795404092,0.043276690129401205,1.0
Egg Yolk,Mulberry,14,26,5,9,21,370,0.22615748033332297,9.976744186046512,0.0009926896776255158,4.45398,1.5693444999744335,0.5460200000000004,0.3479287052708285,0.47905041899162015,0.002885486575895929,1.0
Cow Milk,Olive,28,2,1,27,1,376,0.11964876363485125,13.690909090909091,0.13365114289206698,0.7641,0.6809781127172884,0.2359,0.34641348318625786,0.622367552648947,0.19274624977493465,1.0
Egg White,Fish,33,4,2,31,2,370,0.15279145690159282,11.761904761904763,0.03486334090737815,1.67316,0.9645183328480597,0.32684,0.33886343978024425,0.5589088218235635,0.059994890334475894,1.0
Fish,Potato,4,34,2,2,32,369,0.14984122029197702,11.36923076923077,0.03691404657668833,1.69546,0.9654612309150483,0.30454000000000003,0.3154347272042835,0.5678686426271474,0.06332960284257538,1.0
Cherry,Egg Yolk,13,14,3,10,11,381,0.1955839511062588,11.057971014492754,0.007694794086650692,2.59862,1.2955285004969979,0.40138000000000007,0.3098195059746045,0.5129097418051639,0.017130077311948565,1.0
Meat,Strawberry,13,21,4,9,17,375,0.21012495164649164,10.16390977443609,0.002838209466549639,3.54982,1.4542207423909208,0.45018,0.30956785780668195,0.499430011399772,0.006983489082168191,1.0
Casein (nBos d8),Pumpkin Seeds,15,18,4,11,14,376,0.21147746721890678,10.160419790104948,0.0027656473663231996,3.55986,1.464573924525491,0.44014,0.30052426349363104,0.50254994900102,0.006865168904899624,1.0
Orange,Wheat Flour,23,16,5,18,11,371,0.22407433538743207,9.603995299647474,0.0010874776268634746,4.54232,1.5957596992028595,0.45767999999999986,0.2868101006866058,0.502089958200836,0.0031113624399817684,1.0
Egg White,Pumpkin Seeds,33,18,7,26,11,361,0.2423380905250927,8.896636587366695,0.0002105355470237458,6.49882,1.8069528515154998,0.5011799999999997,0.27736196856473466,0.49215015699686004,0.000803472393743683,1.0
Casein (nBos d8),Rice,15,25,5,10,20,370,0.22133200006102177,9.466898954703833,0.00117493517442438,4.58366,1.5991000607841908,0.41633999999999993,0.2603589420138155,0.5118897622047559,0.003312254436442599,1.0
Olive,Sesame,2,31,1,1,30,373,0.11220441637499555,12.245901639344263,0.14740251802958076,0.82146,0.6889001875453367,0.17854000000000003,0.25916671707721123,0.6575068498630028,0.20934889269517676,1.0
Fish,Onion,4,12,1,3,11,390,0.1298013280489943,14.5527950310559,0.1137576604715519,0.80436,0.7783090584080338,0.19564000000000004,0.2513654413841274,0.6039479210415791,0.16805404903288743,1.0
Kiwi,Soybean,12,16,3,9,13,380,0.1888225870163068,10.38401559454191,0.008985537929814887,2.69684,1.3200356110347933,0.3031600000000001,0.22966047087347058,0.5409091818163637,0.019690963979008404,1.0
Apple,Sunflower Seeds,20,24,6,14,18,367,0.23239198208359513,8.904939422180801,0.0005061857758019132,5.60216,1.7427573940167358,0.3978400000000004,0.22828191770459355,0.5133897322053559,0.0016226869727135615,1.0
Soybean,Sunflower Seeds,16,24,5,11,19,370,0.21752324848568086,9.08695652173913,0.0013413543934974186,4.6662,1.6201659050850326,0.3338000000000001,0.20602828324700548,0.5322893542129158,0.003706895639172669,1.0
"Cow Milk, UHT",Olive,34,2,1,33,1,370,0.10569050345003199,11.059701492537313,0.16104388216599436,0.86304,0.6942924156290344,0.13695999999999997,0.19726558567676866,0.6811263774724505,0.22362776706713572,1.0
Cow Milk,Peanut,28,14,5,23,9,368,0.2148246423470481,9.078387458006718,0.0014261751137550718,4.68534,1.604720874295588,0.31465999999999994,0.19608394521453695,0.5373892522149557,0.0039028499454468062,1.0
Olive,Potato,2,34,1,1,33,370,0.10569050345003199,11.059701492537313,0.16104388216599436,0.8703,0.6949517321368442,0.12970000000000004,0.18663166663560538,0.6852662946741065,0.22362776706713572,1.0
Casein (nBos d8),Potato,15,34,6,9,28,362,0.22350996077337507,8.702677746999077,0.0006510184737746585,5.68258,1.7045540600403388,0.31742000000000026,0.1862187931971418,0.5369292614147717,0.0020518054145369853,1.0
Pistachio,String Bean,31,13,5,26,8,366,0.21101799497507978,8.948945615982241,0.001580111279589287,4.71402,1.5967327389391144,0.28598000000000035,0.17910323564230818,0.5452890942181157,0.004221154418331381,1.0
Pumpkin Seeds,Wheat Flour,18,16,4,14,12,375,0.2022915293739696,9.322758620689655,0.0035836192791553617,3.75358,1.5026300887443986,0.24642000000000008,0.16399245685670333,0.5531489370212596,0.00870307539223445,1.0
Cow Milk,Pumpkin Seeds,28,18,6,22,12,365,0.22460264013490155,8.447111111111111,0.0006600736203326042,5.75976,1.7462544895862115,0.24024,0.1375744494474724,0.5514289714205716,0.0020687223519921284,1.0
Cow Milk,Fig,28,8,3,25,5,372,0.17115268508059184,9.29590017825312,0.013155612499294193,2.84736,1.2823030181669228,0.1526399999999999,0.11903582681900082,0.5953880922381553,0.026935396394540304,1.0
Cherry,Wheat Flour,13,16,3,10,13,379,0.17880512759374628,9.37037037037037,0.011397253531055905,2.88976,1.3529401843392783,0.11024000000000012,0.08148179888221511,0.5963880722385553,0.02431125182860214,1.0
Meat,Soybean,13,16,3,10,13,379,0.17880512759374628,9.37037037037037,0.011397253531055905,2.89068,1.3503514866878175,0.10931999999999986,0.0809566998501577,0.5988280234395312,0.02431125182860214,1.0
Casein (nBos d8),Peanut,15,14,3,12,11,379,0.17759704369571225,9.24,0.011741714418327318,2.91688,1.3616207495481258,0.08312000000000008,0.06104489816829296,0.6053878922421552,0.02495114313894555,1.0
Cow Milk,Sesame,28,31,9,19,22,355,0.2510207026800621,7.697435897435898,7.002070744910571e-05,8.89844,2.065653786673844,0.1015599999999992,0.049166031914541254,0.5691086178276434,0.00030930406991297877,1.0
Meat,Sunflower Seeds,13,24,4,9,20,372,0.19161298020906767,8.607188703465981,0.0047664178763539965,3.93402,1.5137194718969564,0.06598000000000015,0.043587997132200205,0.6036679266414672,0.011188118948261891,1.0
Gluten,Kiwi,5,12,1,4,11,389,0.11233554561740601,11.289855072463768,0.14027862823798926,0.97646,0.8540174871745895,0.023540000000000005,0.0275638383915055,0.6770064598708025,0.2007558939834489,1.0
Potato,Tomato,34,19,7,27,12,359,0.2275877568889627,7.843636363636364,0.0003845335684355756,6.95384,1.857769968106926,0.04616000000000042,0.024846994403207853,0.5937081258374832,0.0013133719402582396,1.0
"Cow Milk, UHT",Wheat Flour,34,16,6,28,10,361,0.21285334674358625,7.852130325814536,0.000978554227583851,6.00202,1.7523971923054444,-0.0020199999999999108,-0.0011527067087698363,0.6078078438431231,0.002859213133721565,1.0
"Cow Milk, UHT",Meat,34,13,5,29,8,363,0.19744211378585533,7.9730807577268195,0.002454769449593752,5.01774,1.610995124883995,-0.017739999999999867,-0.011011827240183172,0.622307553848923,0.006147882416170066,1.0
Fish,Hazelnut,4,16,1,3,15,386,0.10792384387924729,10.68663594470046,0.1494259886095025,1.01512,0.8464817692071105,-0.015120000000000022,-0.01786216850737701,0.7026459470810584,0.21168681719679522,1.0
Egg Yolk,Orange,14,23,4,10,19,372,0.18716588686974536,8.186813186813186,0.005449658714475087,4.05674,1.5322795346802753,-0.05673999999999957,-0.03702979692399201,0.6326473470530589,0.01252974810992018,1.0
Gluten,Meat,5,13,1,4,12,388,0.10649990234442498,10.36,0.1512165591764372,1.04788,0.8759152388216569,-0.04787999999999992,-0.05466282338507032,0.7071658566828664,0.21368385314352967,1.0
Carrot,Peach,12,19,3,9,16,377,0.16782621563581776,8.42902711323764,0.0147696612750608,3.08798,1.3794199939104843,-0.08797999999999995,-0.06378042973741999,0.6531069378612427,0.029382198494003937,1.0
Chicken,Shellifish,7,38,3,4,35,363,0.15224772996054783,7.964006259780907,0.020531113134582203,3.0816,1.2547754540155782,-0.0815999999999999,-0.0650315558364332,0.6745265094698106,0.03839318156166872,1.0
Apple,"Cow Milk, UHT",20,34,7,13,27,358,0.21866309886731533,7.242424242424242,0.0005559955255932326,7.2498,1.8931138264774268,-0.24979999999999958,-0.13195191779081233,0.6486470270594588,0.0017622231065412626,1.0
Fig,Tomato,8,19,2,6,17,380,0.136337458492524,8.362637362637363,0.04935871854140247,2.16316,1.1822769617987152,-0.16315999999999997,-0.13800488825542914,0.6993660126797464,0.08315387718236271,1.0
Apple,Potato,20,34,7,13,27,358,0.21866309886731533,7.242424242424242,0.0005559955255932326,7.26226,1.8855873600552144,-0.2622600000000004,-0.13908663451812744,0.6525469490610187,0.0017622231065412626,1.0
Cow Milk,Shellifish,28,38,10,18,28,349,0.24610207881109364,6.960170697012802,6.279218179066448e-05,10.31804,2.164664075185803,-0.3180399999999999,-0.1469234897210095,0.6432671346573069,0.00028181131187650214,1.0
Cow Milk,Egg White,28,33,9,19,24,353,0.2390288990344797,7.029304029304029,0.00012217532234710737,9.31102,2.094088479410554,-0.3110199999999992,-0.14852285519833688,0.6477670446591068,0.0004966692451936756,1.0
Apple,Onion,20,12,3,17,9,376,0.1617977041723511,7.926315789473684,0.017080652174522214,3.21574,1.3876729630572184,-0.21573999999999982,-0.1554689078359626,0.6866662666746665,0.03362191533300689,1.0
Casein (nBos d8),Soybean,15,16,3,12,13,377,0.1615815949456893,7.82962962962963,0.01726101738189606,3.24224,1.4127985639856808,-0.2422399999999998,-0.1714611029307749,0.6913461730765385,0.033679570175865446,1.0
Casein (nBos d8),Pistachio,15,31,5,10,26,364,0.1894218253290482,7.204851752021563,0.0032971237886173254,5.34426,1.6723352093405188,-0.34426000000000023,-0.2058558583693028,0.6892662146757065,0.008077233386088732,1.0
Apple,Fig,20,8,2,18,6,379,0.13144005954738164,7.88981288981289,0.054293597123567065,2.24956,1.1941020921177556,-0.24955999999999978,-0.2089938554226983,0.7249855002899942,0.09112686935566701,1.0
Peach,String Bean,19,13,3,16,10,376,0.15833983747575747,7.606060606060606,0.01862836923492488,3.29914,1.4271703683863393,-0.29913999999999996,-0.20960356704871122,0.7029459410811784,0.03591242316423662,1.0
Gluten,Shellifish,5,38,2,3,36,364,0.11739561119641621,7.1330724070450096,0.07155823420727707,2.2447,1.0834121607218559,-0.24469999999999992,-0.22586048862231822,0.751404971900562,0.11340160844712552,1.0
Gluten,Hazelnut,5,16,1,4,15,385,0.092115681852699,8.290322580645162,0.1833641037772032,1.23546,0.9306011972912995,-0.23546,-0.2530192317454064,0.7712645747085058,0.24886593104311486,1.0
Shellifish,String Bean,38,13,5,33,8,359,0.18160828223049497,6.943810359964881,0.004125826968807414,5.42158,1.6442172312684256,-0.4215799999999996,-0.2564016432760367,0.7086458270834584,0.009863925904981832,1.0
Egg White,Rice,33,25,8,25,17,355,0.22362836705211075,6.771428571428571,0.0003328173226670065,8.5184,2.012546009411958,-0.5183999999999997,-0.2575841732688984,0.6914261714765705,0.0011742799875232117,1.0
Cow Milk,Rice,28,25,7,21,18,359,0.21319960019648837,6.778755499685732,0.000714584876554724,7.53068,1.9470538609910097,-0.5306800000000003,-0.27255537745108666,0.6974460510789784,0.002166930355390271,1.0
Apple,Pumpkin Seeds,20,18,4,16,14,371,0.17204158993707339,6.987460815047022,0.008507466823180942,4.46864,1.6007050166723413,-0.4686399999999997,-0.2927709947297108,0.7211855762884742,0.018864382955749045,1.0
Banana,Fish,22,4,1,21,3,380,0.08622761080782715,7.584717607973422,0.20089615264173644,1.27678,0.9113576858731153,-0.27678,-0.3037007360450735,0.7937641247175057,0.2689802902912032,1.0
Orange,Pistachio,23,31,7,16,24,358,0.21024860942903426,6.651205936920222,0.0007976450251631252,7.61888,1.949417232303029,-0.6188799999999999,-0.317469236315747,0.7142657146857063,0.002367613011198483,1.0
Chicken,Mulberry,7,26,2,5,24,374,0.1198568359413413,6.9480519480519485,0.06822444886922213,2.40368,1.201067216104078,-0.40368000000000004,-0.336101089587162,0.7701845963080738,0.10966738056055476,1.0
Egg Yolk,Onion,14,12,2,12,10,381,0.12635596047553738,7.266666666666667,0.06011708198612623,2.4262,1.2639594771985374,-0.42620000000000013,-0.3371943544777539,0.7603847923041539,0.09948579054341244,1.0
Peach,Peanut,19,14,3,16,11,375,0.1497763914920192,6.926218708827404,0.02300252612449254,3.50024,1.4545514574603409,-0.5002399999999998,-0.34391358066728217,0.74872502549949,0.04217129789490299,1.0
Egg Yolk,Tomato,14,19,3,11,16,375,0.1497763914920192,6.926218708827404,0.02300252612449254,3.51554,1.4631057748501988,-0.5155400000000001,-0.3523600336091791,0.7513449731005379,0.04217129789490299,1.0
Egg White,Potato,33,34,10,23,24,348,0.2352969074367541,6.355623100303951,0.00010931926327843951,10.82214,2.2086615450086553,-0.8221399999999992,-0.37223448828452227,0.7221655566888662,0.000450941961023563,1.0
Fig,Shellifish,8,38,3,5,35,362,0.13688419291545814,6.498079385403329,0.030729402248075403,3.4978,1.329479281523409,-0.4977999999999998,-0.37443231114484626,0.7716445671086578,0.05370465626532804,1.0
Pistachio,Soybean,31,16,5,26,11,363,0.17999317815484078,6.560295324036095,0.004535130993776224,5.64602,1.7206505047800968,-0.64602,-0.37545102750692705,0.744745105097898,0.010735056909318403,1.0
Hazelnut,Pistachio,16,31,5,11,26,363,0.17999317815484078,6.560295324036095,0.004535130993776224,5.65928,1.718798964858894,-0.6592799999999999,-0.3835701635148029,0.74812503749925,0.010735056909318403,1.0
Fish,Olive,4,2,0,4,2,399,-0.007035910139034184,17.755555555555556,1.0,0.15384,0.3718780101054645,-0.15384,-0.413684046433321,1.0,1.0,1.0
Chicken,Meat,7,13,1,6,12,386,0.08333441333202987,7.135384615384615,0.20555784488029152,1.43124,1.0156535149350885,-0.43124000000000007,-0.4245936174676273,0.8150636987260255,0.27261926945116677,1.0
Banana,"Cow Milk, UHT",22,34,7,15,27,356,0.20243486311620174,6.2727272727272725,0.0010802169988989837,7.84006,1.9587442907128003,-0.8400600000000003,-0.42887680846502774,0.752344953100938,0.0031113624399817684,1.0
Banana,Cow Milk,22,28,6,16,22,361,0.1923432121609458,6.329292929292929,0.002179703297691396,6.8058,1.8712365857902629,-0.8057999999999996,-0.4306243294509407,0.7546649067018659,0.005609236467912262,1.0
Chicken,Cow Milk,7,28,2,5,26,372,0.11322129666392262,6.389365351629502,0.07801862388431711,2.5283,1.2080724771304074,-0.5283000000000002,-0.4373081996329364,0.7990040199196016,0.12191768244875181,1.0
Carrot,Casein (nBos d8),12,15,2,10,13,380,0.11994322399284099,6.710758377425044,0.06822330238529752,2.57272,1.2946937095699511,-0.5727199999999999,-0.4423594520979299,0.7926641467170656,0.10966738056055476,1.0
Casein (nBos d8),Mulberry,15,26,4,11,22,368,0.16200219518798523,6.408695652173913,0.011275799410977543,4.71404,1.6055487779572446,-0.7140399999999998,-0.4447326732162444,0.7742245155096898,0.024236488389112652,1.0
Apple,Egg Yolk,20,14,3,17,11,374,0.14401703044319183,6.51304347826087,0.02650211827173881,3.66332,1.480826315811547,-0.6633200000000001,-0.447939095164227,0.7796244075118498,0.047349325956832715,1.0
Cherry,Sesame,13,31,4,9,27,365,0.15832854493506293,6.2956937799043065,0.012386136625887443,4.71156,1.5801779540292273,-0.7115600000000004,-0.4503037130632182,0.7765444691106178,0.025735639433788357,1.0
Meat,Sesame,13,31,4,9,27,365,0.15832854493506293,6.2956937799043065,0.012386136625887443,4.7204,1.5838509525836073,-0.7203999999999997,-0.454840778309897,0.7773444531109378,0.025735639433788357,1.0
Meat,Pistachio,13,31,4,9,27,365,0.15832854493506293,6.2956937799043065,0.012386136625887443,4.72674,1.5940730762421145,-0.7267400000000004,-0.4559013076823462,0.7763644727105458,0.025735639433788357,1.0
Kiwi,Sunflower Seeds,12,24,3,9,21,372,0.14116425069861718,6.383108935128519,0.02831194829775767,3.6734,1.4649137995117663,-0.6734,-0.4596857509461882,0.7869042619147617,0.05010411039445442,1.0
Egg Yolk,String Bean,14,13,2,12,11,380,0.11890292477708668,6.6173913043478265,0.06964840705875815,2.6005,1.3000999000076878,-0.6004999999999998,-0.4618875826361104,0.7984840303193936,0.1110021487498958,1.0
Casein (nBos d8),Peach,15,19,3,12,16,374,0.14198241624892305,6.355151515151515,0.02789688325796016,3.7018,1.4918434100132627,-0.7018,-0.4704247076398996,0.7865242695146097,0.04952579591049256,1.0
Gluten,Olive,5,2,0,5,2,398,-0.007876213522632198,14.49090909090909,1.0,0.19622,0.4169864645285264,-0.19622,-0.4705668329590982,1.0,1.0,1.0
Hazelnut,Pumpkin Seeds,16,18,3,13,15,374,0.1407839697670194,6.264038231780167,0.028751985827837247,3.74964,1.5051643997915982,-0.7496399999999999,-0.4980452634302229,0.7951640967180656,0.050722842922694016,1.0
Egg White,Sesame,33,31,9,24,22,350,0.21977971175154357,6.0403628117913835,0.0002996395560049299,10.07788,2.148882199097937,-1.0778800000000004,-0.5016003206003918,0.7673246535069299,0.0010915440968751018,1.0
Banana,Pumpkin Seeds,22,18,4,18,14,369,0.1597640110191622,6.198508853681267,0.012128242018079785,4.83002,1.6452740803890389,-0.8300200000000002,-0.5044873738020202,0.7910441791164177,0.025578735985499097,1.0
Hazelnut,Kiwi,16,12,2,14,10,379,0.11406877690721173,6.231527093596059,0.07668584016465224,2.70506,1.3207082934546899,-0.70506,-0.5338499072764313,0.8176836463270735,0.12050632025873924,1.0
Hazelnut,Onion,16,12,2,14,10,379,0.11406877690721173,6.231527093596059,0.07668584016465224,2.70476,1.3163864715196678,-0.7047599999999998,-0.5353746906760658,0.8207835843283134,0.12050632025873924,1.0
Casein (nBos d8),Cherry,15,13,2,13,11,379,0.11263736263736264,6.111111111111111,0.07891158743625205,2.73892,1.3264528765093773,-0.7389199999999998,-0.5570646444255919,0.8254834903301934,0.12297055708815946,1.0
Chicken,Olive,7,2,0,7,2,396,-0.00934264740522857,10.573333333333334,1.0,0.2672,0.4768691225063749,-0.2672,-0.5603214538102705,1.0,1.0,1.0
Pistachio,Rice,31,25,7,24,18,356,0.19628574908611993,5.899062327633756,0.0014000961599270182,8.13098,1.9990058127979564,-1.1309799999999992,-0.565771241263674,0.7924041519169617,0.0038502644397993002,1.0
Orange,Potato,23,34,7,16,27,355,0.19501451469391326,5.87603305785124,0.0014591051146882854,8.13024,1.9868964599092687,-1.1302400000000006,-0.5688469544364747,0.7949041019179617,0.003954386325314628,1.0
Casein (nBos d8),Chicken,15,7,1,14,6,384,0.07431094182474,6.119363395225464,0.23371308384507483,1.60076,1.0497082558501671,-0.60076,-0.57231139857373,0.8557428851422971,0.30491404659787674,1.0
"Cow Milk, UHT",Orange,34,23,7,27,16,355,0.19501451469391326,5.87603305785124,0.0014591051146882854,8.14018,1.9879360069177257,-1.1401800000000009,-0.5735496495019667,0.7936241275174496,0.003954386325314628,1.0
Banana,Sunflower Seeds,22,24,5,17,19,364,0.17054656013163405,5.874725274725274,0.006328435300888549,6.05392,1.7928671544763153,-1.0539199999999997,-0.587840542099642,0.8063638727225455,0.014373490703637554,1.0
Fig,Olive,8,2,0,8,2,395,-0.010000281261865791,9.305882352941177,1.0,0.29528,0.4985676700308595,-0.29528,-0.5922566137947197,1.0,1.0,1.0
Mulberry,Soybean,26,16,4,22,12,367,0.1537394828885158,5.88,0.014374657475253953,4.97352,1.6437331929482972,-0.9735199999999997,-0.5922615690773005,0.8160236795264094,0.02880065301291953,1.0
"Cow Milk, UHT",Pistachio,34,31,9,25,22,349,0.2142517370399279,5.786928104575163,0.0003862858647818352,10.30286,2.169362998762535,-1.3028600000000008,-0.6005726108277815,0.7971440571188576,0.0013133719402582396,1.0
Hazelnut,Mulberry,16,26,4,12,22,367,0.1537394828885158,5.88,0.014374657475253953,4.99466,1.6530430981677404,-0.9946599999999997,-0.601714499218137,0.8166636667266655,0.02880065301291953,1.0
Fish,Pistachio,4,31,1,3,30,371,0.06516096238244695,5.220140515222482,0.27367700158203084,1.60204,0.9558597378276795,-0.6020399999999999,-0.6298413628847023,0.880282394352113,0.35294896066096393,1.0
Pumpkin Seeds,Shellifish,18,38,6,12,32,355,0.1771445004134412,5.688,0.0036827027719734382,7.1728,1.860671964640733,-1.1727999999999996,-0.6303099215161492,0.8167236655266895,0.008905156271884046,1.0
Meat,Potato,13,34,4,9,30,362,0.14692786483874767,5.629853321829163,0.017256382018698793,5.02926,1.6075459098887352,-1.0292599999999998,-0.6402678727049476,0.8294834103317934,0.033679570175865446,1.0
Chicken,Wheat Flour,7,16,1,6,15,383,0.07036266374147282,5.709677419354839,0.2474669515709325,1.68376,1.0678540454575243,-0.6837599999999999,-0.640312225166541,0.8719825603487931,0.32136333294280817,1.0
Onion,Shellifish,12,38,4,8,34,359,0.14352952634763674,5.516624040920716,0.018904057245910405,5.03088,1.5798501275753978,-1.0308799999999998,-0.6525175913883018,0.8332633347333054,0.03619514032408101,1.0
Soybean,String Bean,16,13,2,14,11,378,0.10689243973330215,5.674662668665667,0.08855649227985156,2.88376,1.3537977184202965,-0.8837600000000001,-0.6528006274314242,0.8472230555388892,0.1357382299699364,1.0
Egg Yolk,Fig,14,8,1,13,7,384,0.07027081280452889,5.696296296296296,0.2471904919181514,1.71416,1.0901447125955346,-0.7141599999999999,-0.6551056861979824,0.875162496750065,0.32136333294280817,1.0
Cherry,Hazelnut,13,16,2,11,14,378,0.10689243973330215,5.674662668665667,0.08855649227985156,2.8944,1.353398921234977,-0.8944000000000001,-0.6608546718685572,0.8523229535409291,0.1357382299699364,1.0
Banana,Rice,22,25,5,17,20,363,0.16486159235864162,5.572822299651568,0.0076251940493005585,6.2445,1.8160946423576043,-1.2445000000000004,-0.685261643844962,0.8303433931321373,0.017110935446630452,1.0
Kiwi,Pumpkin Seeds,12,18,2,10,16,377,0.10363532452773919,5.447330447330447,0.0945839890764602,2.94,1.362101317817438,-0.94,-0.6901101905592517,0.8579828403431932,0.14340977803214644,1.0
Chicken,"Cow Milk, UHT",7,34,2,5,32,366,0.09648927859984026,5.125874125874126,0.11004195542983804,2.86802,1.2433025696104714,-0.86802,-0.6981566846370727,0.8676226475470491,0.16374943500302158,1.0
Banana,Sesame,22,31,6,16,25,358,0.17685366036012576,5.538324420677362,0.0038225408334908793,7.34666,1.9147445898604858,-1.34666,-0.7033105131259944,0.8351632967340653,0.009203628358748425,1.0
Egg White,Strawberry,33,21,6,27,15,357,0.1745806551808791,5.451612903225806,0.00413194757160558,7.35688,1.9143345229086768,-1.3568800000000003,-0.7087998381486276,0.8352432951340973,0.009863925904981832,1.0
Kiwi,Olive,12,2,0,12,2,391,-0.012309965126456756,6.264,1.0,0.41294,0.5685600728155293,-0.41294,-0.7262908877070925,1.0,1.0,1.0
Olive,Onion,2,12,0,2,12,391,-0.012309965126456756,6.264,1.0,0.41246,0.5655234286923929,-0.41246,-0.729342020283214,1.0,1.0,1.0
Carrot,Olive,12,2,0,12,2,391,-0.012309965126456756,6.264,1.0,0.413,0.5652884219582072,-0.413,-0.7306004934071227,1.0,1.0,1.0
Casein (nBos d8),Fig,15,8,1,14,7,383,0.06611906143336066,5.289655172413793,0.26259324400166745,1.8118,1.1103426318033547,-0.8118000000000001,-0.7311256694535102,0.8888022239555209,0.34021896047329203,1.0
Cow Milk,Wheat Flour,28,16,4,24,12,365,0.14459162177945561,5.370612244897959,0.018735983174526807,5.2356,1.6870129341531444,-1.2355999999999998,-0.7324188066289206,0.8495230095398092,0.035996186852429925,1.0
Banana,Casein (nBos d8),22,15,3,19,12,371,0.12605341335085044,5.334358974358975,0.04140835127547086,4.15936,1.5569342922551341,-1.1593600000000004,-0.7446428572915116,0.8618827623447531,0.07082343007786326,1.0
Cherry,Olive,13,2,0,13,2,390,-0.012828950144769636,5.785185185185185,1.0,0.44134,0.5833000980627382,-0.44134,-0.7566259657177885,1.0,1.0,1.0
Hazelnut,Peanut,16,14,2,14,12,377,0.10039461705494675,5.206896551724138,0.10095708422162229,3.07034,1.3881902911344688,-1.0703399999999998,-0.7710326219939828,0.876362472750545,0.15211188679189636,1.0
Onion,Peach,12,19,2,10,17,376,0.09896135511656123,5.122448979591836,0.10397390999427192,3.07814,1.3812871317723912,-1.0781399999999999,-0.7805328632987338,0.878702425951481,0.1555449693514308,1.0
Chicken,Fish,7,4,0,7,4,394,-0.013245406562179625,5.844444444444444,1.0,0.50638,0.6463430169809217,-0.50638,-0.7834539659224741,1.0,1.0,1.0
Egg Yolk,Hazelnut,14,16,2,12,14,377,0.10039461705494675,5.206896551724138,0.10095708422162229,3.08472,1.3827879525075424,-1.08472,-0.7844442078288091,0.879262414751705,0.15211188679189636,1.0
Olive,Peanut,2,14,0,2,14,389,-0.013330244459953147,5.372413793103449,1.0,0.46706,0.5950755888120433,-0.46706,-0.7848750793699967,1.0,1.0,1.0
Soybean,Strawberry,16,21,3,13,18,371,0.12407344002837087,5.206206206206206,0.04352584676531272,4.2343,1.5663344183155772,-1.2343000000000002,-0.7880181815370921,0.869042619147617,0.07399393950103163,1.0
Egg Yolk,Olive,14,2,0,14,2,389,-0.013330244459953147,5.372413793103449,1.0,0.46708,0.592550650662034,-0.46708,-0.7882532902092834,1.0,1.0,1.0
Casein (nBos d8),Sesame,15,31,4,11,27,363,0.14024500529169914,5.172332015810277,0.021179450085356964,5.32472,1.6789511373473622,-1.3247200000000001,-0.7890164106222739,0.8647627047459051,0.03940931346977286,1.0
Shellifish,Tomato,38,19,6,32,13,354,0.1688855852215414,5.2518518518518515,0.005010401122613132,7.50068,1.8888513804955638,-1.50068,-0.7944934236203792,0.8559428811423772,0.011567222344798218,1.0
"Cow Milk, UHT",Strawberry,34,21,6,28,15,356,0.17014359725954653,5.245614035087719,0.004849415657270475,7.5412,1.9152186715881825,-1.5412,-0.8047122883999298,0.8594028119437611,0.011241827205490646,1.0
Peach,Sunflower Seeds,19,24,4,15,20,366,0.14213938067204165,5.190401258851298,0.020227351114881328,5.37798,1.7095938463857427,-1.37798,-0.8060277023769075,0.867462650746985,0.038336297214352784,1.0
Mulberry,Shellifish,26,38,8,18,30,349,0.19210438435309116,5.264953478068232,0.0012867746787143955,9.72006,2.1154984274161,-1.7200600000000001,-0.8130755275960692,0.8548229035419291,0.003591142920713162,1.0
Meat,Pumpkin Seeds,13,18,2,11,16,376,0.09667541358578595,4.9604743083003955,0.10887413243021521,3.14984,1.4033203391955806,-1.1498400000000002,-0.8193710073774874,0.8852422951540969,0.16244252205678386,1.0
Fish,Shellifish,4,38,1,3,37,364,0.053492575555373456,4.1657142857142855,0.32675380093511414,1.81674,0.9730959728618755,-0.81674,-0.8393211181400406,0.9174016519669607,0.41285784307342127,1.0
Olive,Soybean,2,16,0,2,16,387,-0.014287217802923583,4.696969696969697,1.0,0.51716,0.6158778567216068,-0.51716,-0.839711956446861,1.0,1.0,1.0
Fig,Fish,8,4,0,8,4,393,-0.014177757685196348,5.143790849673203,1.0,0.57336,0.6803957013385667,-0.57336,-0.8426860999738952,1.0,1.0,1.0
Olive,Wheat Flour,2,16,0,2,16,387,-0.014287217802923583,4.696969696969697,1.0,0.5175,0.6134278686202641,-0.5175,-0.8436199698001539,1.0,1.0,1.0
Meat,Shellifish,13,38,4,9,34,358,0.1335669012354914,4.922196796338673,0.025472159591289508,5.40546,1.633518346514664,-1.4054599999999997,-0.8603882552030969,0.8806623867522649,0.0457613208038603,1.0
Chicken,Gluten,7,5,0,7,5,393,-0.014827314194794545,4.7696969696969695,1.0,0.62184,0.7121200842554576,-0.62184,-0.8732235106809997,1.0,1.0,1.0
Banana,Wheat Flour,22,16,3,19,13,370,0.11916954367085002,4.925925925925926,0.04917250140489099,4.3904,1.5875225478713682,-1.3903999999999996,-0.8758300799344988,0.8878222435551288,0.08308967857874652,1.0
Apple,Chicken,20,7,1,19,6,379,0.05721500698640496,4.491124260355029,0.30038820010256456,1.99536,1.1353671082077375,-0.99536,-0.8766856048624226,0.9186016279674406,0.38299495513076987,1.0
Casein (nBos d8),Hazelnut,15,16,2,13,14,376,0.09446308627594144,4.8084291187739465,0.11383340219696475,3.2472,1.413369081308913,-1.2471999999999999,-0.8824305105393809,0.8992820143597128,0.16805404903288743,1.0
Peach,Rice,19,25,4,15,21,365,0.1371744511523298,4.935483870967742,0.02335042189072468,5.54426,1.7264996531711188,-1.5442600000000004,-0.8944455894697733,0.8863222735545289,0.04266966345503761,1.0
Egg White,Fig,33,8,2,31,6,366,0.0874427799196561,4.474969474969475,0.13231371228912783,3.19466,1.320230087674115,-1.1946599999999998,-0.9048877246122035,0.9054618907621848,0.19180359843462716,1.0
Onion,Pistachio,12,31,3,9,28,365,0.1140050339875987,4.724838411819022,0.05572898554235809,4.40404,1.5370334018491592,-1.4040400000000002,-0.9134739676514781,0.8955220895582089,0.09277139729751599,1.0
Gluten,Pistachio,5,31,1,4,30,370,0.05191685341769283,4.049180327868853,0.329826659813844,1.9738,1.0614299600067827,-0.9738,-0.9174415992495419,0.9257014859702806,0.4139435260750928,1.0
Olive,Tomato,2,19,0,2,19,384,-0.015629519364667832,3.943589743589744,1.0,0.58694,0.6388125205410426,-0.58694,-0.9187985224567778,1.0,1.0,1.0
Olive,Peach,2,19,0,2,19,384,-0.015629519364667832,3.943589743589744,1.0,0.58612,0.6371682239408993,-0.58612,-0.9198826588916111,1.0,1.0,1.0
Kiwi,Strawberry,12,21,2,10,19,374,0.09048405210827148,4.572649572649572,0.12352769771508287,3.31684,1.4208914154149852,-1.31684,-0.9267703258066374,0.9068018639627208,0.18093743712313703,1.0
Gluten,Sesame,5,31,1,4,30,370,0.05191685341769283,4.049180327868853,0.329826659813844,1.98602,1.058935578588235,-0.9860199999999999,-0.9311425736724743,0.9282814343713126,0.4139435260750928,1.0
Carrot,Kiwi,12,12,1,11,11,382,0.05534351145038168,4.338374291115312,0.30649940218046373,2.1312,1.1998110517910723,-1.1312000000000002,-0.9428151193567939,0.9258614827703446,0.3899006000526988,1.0
Apple,Olive,20,2,0,20,2,383,-0.016056360403890187,3.7414634146341466,1.0,0.61402,0.6459717018569776,-0.61402,-0.9505369944764981,1.0,1.0,1.0
"Cow Milk, UHT",Fig,34,8,2,32,6,365,0.08499935212042407,4.325443786982248,0.13916656055352467,3.26068,1.3210321485868544,-1.2606799999999998,-0.9543143982896897,0.9132417351652967,0.19967376079418758,1.0
Orange,Soybean,23,16,3,20,13,369,0.11453890288060047,4.672990063233966,0.05517299341091805,4.5476,1.6157890456368373,-1.5476,-0.9577982993380416,0.9034619307613848,0.09211919435572924,1.0
Sesame,Soybean,31,16,4,27,12,362,0.13231676405888884,4.745454545454545,0.026727556449217208,5.64,1.711560691299028,-1.6399999999999997,-0.9581898020544538,0.8972420551588968,0.04760050529527255,1.0
Apple,Sesame,20,31,5,15,26,359,0.14870114535324594,4.813755325623859,0.012871424156190794,6.7939,1.8556246360727169,-1.7938999999999998,-0.9667364644374671,0.8941821163576729,0.026645272884217846,1.0
Egg White,Peach,33,19,5,28,14,358,0.14733579767792213,4.771324863883848,0.013414818965684461,6.80696,1.8491337318863648,-1.8069600000000001,-0.9771927085861217,0.8978420431591368,0.0273662306899963,1.0
Apple,Meat,20,13,2,18,11,374,0.08780163783829315,4.4007050528789655,0.130378901055081,3.42446,1.4392962545633206,-1.4244599999999998,-0.9896920078015335,0.9172616547669047,0.1894885064557006,1.0
Banana,Onion,22,12,2,20,10,373,0.08661538040508289,4.337979094076655,0.13365095280647366,3.45368,1.4319966681525484,-1.4536799999999999,-1.0151420267446751,0.9215215695686086,0.19274624977493465,1.0
Egg White,Kiwi,33,12,3,30,9,363,0.10763872967014614,4.390854184641933,0.06534487896266904,4.59132,1.5519860365351248,-1.5913199999999996,-1.025344276648706,0.9147217055658887,0.10625645535668791,1.0
Carrot,Egg White,12,33,3,9,30,363,0.10763872967014614,4.390854184641933,0.06534487896266904,4.59606,1.5541983388229454,-1.5960599999999996,-1.0269345682152495,0.9157816843663127,0.10625645535668791,1.0
Fish,Kiwi,4,12,0,4,12,389,-0.017452279401545454,3.462222222222222,1.0,0.80784,0.7789701755523122,-0.80784,-1.0370615273264068,1.0,1.0,1.0
"Cow Milk, UHT",Peach,34,19,5,29,14,357,0.14337300902232963,4.596727060198714,0.015253881007926538,6.93866,1.8634745515836808,-1.9386599999999996,-1.0403469145057131,0.9092818143637127,0.030238258817833177,1.0
Egg Yolk,Peach,14,19,2,12,17,374,0.08585706740954527,4.28,0.13557274019424803,3.51582,1.455702485949653,-1.5158200000000002,-1.0412979400877567,0.9245215095698086,0.19501617243326447,1.0
Kiwi,Meat,12,13,1,11,12,381,0.05079228362962144,3.9808695652173913,0.3276749929535792,2.28488,1.2286266257899512,-1.2848799999999998,-1.04578557311818,0.9406611867762644,0.41309139561114144,1.0
Banana,Orange,22,23,4,18,19,364,0.1294728965173043,4.546777546777546,0.02920181877982263,5.87794,1.7912234244783647,-1.8779399999999997,-1.0484119258025495,0.9118617627647447,0.051354922681757044,1.0
Peanut,Shellifish,14,38,4,10,34,357,0.12452360019094852,4.440993788819876,0.03327010559011461,5.7803,1.6958867621394993,-1.7803000000000004,-1.049775279661955,0.9152616947661046,0.057784920235462216,1.0
Pistachio,Potato,31,34,8,23,26,348,0.1807619826975231,4.756724207145725,0.002105592051983773,10.29874,2.169924978518842,-2.2987400000000004,-1.0593638133835788,0.9037819243615127,0.005468690468346744,1.0
Olive,Rice,2,25,0,2,25,378,-0.01806927305415908,2.9686274509803923,1.0,0.71128,0.6713574022828674,-0.71128,-1.0594654912292332,1.0,1.0,1.0
Fish,String Bean,4,13,0,4,13,388,-0.018188063089944872,3.197530864197531,1.0,0.85428,0.799828532624337,-0.85428,-1.0680789258630234,1.0,1.0,1.0
Fish,Meat,4,13,0,4,13,388,-0.018188063089944872,3.197530864197531,1.0,0.85542,0.7996228008254892,-0.85542,-1.0697793998831806,1.0,1.0,1.0
Carrot,"Cow Milk, UHT",12,34,3,9,31,362,0.10463096316739186,4.239766081871345,0.07043934727940375,4.68274,1.554672342456764,-1.68274,-1.082375979842066,0.9239815203695926,0.11194468505310341,1.0
Cherry,Pistachio,13,31,3,10,28,364,0.10563909489504611,4.2631578947368425,0.06873184021729925,4.7188,1.586583297529633,-1.7187999999999999,-1.083334233176558,0.9242815143697126,0.11016732103401393,1.0
Shellifish,Strawberry,38,21,6,32,15,352,0.15389342470376216,4.548387096774194,0.008683095776586852,8.1628,1.968892114870692,-2.1628000000000007,-1.0984857848049454,0.9148417031659367,0.019102810708491073,1.0
Egg White,Hazelnut,33,16,4,29,12,360,0.12492789045536808,4.399322033898305,0.03307331345461209,5.91626,1.732307020247852,-1.9162600000000003,-1.1061895943398237,0.9230615387692246,0.05762151816160678,1.0
Chicken,Fig,7,8,0,7,8,390,-0.01882596400921935,3.062745098039216,1.0,0.95072,0.8542198087143612,-0.95072,-1.1129688053369728,1.0,1.0,1.0
Peach,Strawberry,19,21,3,16,18,368,0.10610710032809595,4.225225225225225,0.06803627182751425,4.85576,1.6661677053646191,-1.85576,-1.1137894426983215,0.9276814463710725,0.10966738056055476,1.0
Hazelnut,Rice,16,25,3,13,22,367,0.1059890535623241,4.234567901234568,0.06821044017771284,4.83144,1.6393375266857038,-1.8314399999999997,-1.1171829901940176,0.9278814423711526,0.10966738056055476,1.0
Egg White,Sunflower Seeds,33,24,6,27,18,354,0.1546027977650386,4.529238329238329,0.008548782742463883,8.23672,1.9978797865737596,-2.23672,-1.1195468391198033,0.9187616247675047,0.01888136660835527,1.0
Kiwi,Peanut,12,14,1,11,13,380,0.046645424661530155,3.676328502415459,0.34825637072030635,2.4184,1.2667681082187061,-1.4184,-1.1196998020375761,0.9496810063798724,0.4350239048070376,1.0
Meat,String Bean,13,13,1,12,12,380,0.04631083202511774,3.6528,0.34991475145638695,2.44006,1.2745066482368779,-1.44006,-1.129896028390393,0.9517609647807044,0.4350239048070376,1.0
Banana,String Bean,22,13,2,20,11,372,0.07996608788843294,3.9501590668080593,0.15286710623695082,3.67726,1.4732341607497434,-1.67726,-1.1384883983048735,0.9395812083758325,0.21386146284022298,1.0
Gluten,Onion,5,12,0,5,12,388,-0.019536616629114087,2.8254545454545457,1.0,0.97722,0.856446771025497,-0.97722,-1.1410166201337777,1.0,1.0,1.0
Casein (nBos d8),Tomato,15,19,2,13,17,373,0.08015136401148881,3.9523809523809526,0.1521382566459847,3.71634,1.5038872977720097,-1.7163400000000002,-1.1412690316240695,0.9393812123757525,0.21386146284022298,1.0
Cow Milk,Peach,28,19,4,24,15,362,0.12365416575253033,4.2955892034233045,0.034458625059069915,6.03646,1.7828546402889962,-2.03646,-1.142246795661308,0.9267014659706806,0.059480888178886845,1.0
Cow Milk,Tomato,28,19,4,24,15,362,0.12365416575253033,4.2955892034233045,0.034458625059069915,6.03342,1.7769364376926955,-2.0334199999999996,-1.1443403133993588,0.9281214375712485,0.059480888178886845,1.0
Banana,Meat,22,13,2,20,11,372,0.07996608788843294,3.9501590668080593,0.15286710623695082,3.68872,1.4747558311801994,-1.68872,-1.1450844704567618,0.9398012039759205,0.21386146284022298,1.0
Olive,Pistachio,2,31,0,2,31,372,-0.020281847857870915,2.365079365079365,1.0,0.82142,0.6912084950288154,-0.82142,-1.1883823852103501,1.0,1.0,1.0
Fish,Wheat Flour,4,16,0,4,16,385,-0.020255501490533217,2.595959595959596,1.0,1.01446,0.8515226998735853,-1.01446,-1.1913481580122336,1.0,1.0,1.0
Gluten,String Bean,5,13,0,5,13,387,-0.020360275448198895,2.6094276094276094,1.0,1.04932,0.8802088034097363,-1.04932,-1.1921262272487665,1.0,1.0,1.0
Cow Milk,Sunflower Seeds,28,24,5,23,19,358,0.1377146038413684,4.30278232405892,0.018463896456668263,7.28194,1.9139304680160152,-2.2819399999999996,-1.1922794678980495,0.9306013879722406,0.035718089352382396,1.0
Fish,Soybean,4,16,0,4,16,385,-0.020255501490533217,2.595959595959596,1.0,1.00992,0.84629876143121,-1.00992,-1.193337443023175,1.0,1.0,1.0
Cherry,Egg White,13,33,3,10,30,362,0.09937551595047969,3.9617486338797816,0.08029383790124027,4.92258,1.610858821746959,-1.92258,-1.193512413406274,0.9390812183756325,0.12443326812871765,1.0
"Cow Milk, UHT",Sunflower Seeds,34,24,6,28,18,353,0.15028270668095783,4.357989568515884,0.00996591762684139,8.39794,2.0082389689476696,-2.39794,-1.1940511249298864,0.9286214275714486,0.021586408450417066,1.0
Kiwi,Rice,12,25,2,10,23,370,0.0761941231023725,3.7537993920972643,0.16517900004776329,3.77228,1.4737379691111994,-1.7722799999999999,-1.2025747026581999,0.9460410791784164,0.22767916222799806,1.0
Egg White,Meat,33,13,3,30,10,362,0.09937551595047969,3.9617486338797816,0.08029383790124027,4.9352,1.6014371545583672,-1.9352,-1.2084145759273803,0.9419611607767845,0.12443326812871765,1.0
Meat,Orange,13,23,2,11,21,371,0.07636785475037394,3.756319514661274,0.16442116790421277,3.8193,1.4945927572419178,-1.8193000000000001,-1.2172546609668367,0.9478610427791444,0.22719279604498366,1.0
Egg Yolk,Meat,14,13,1,13,12,379,0.04222189844791453,3.3733333333333335,0.3714737010254353,2.58414,1.2987842239571592,-1.58414,-1.219709918537056,0.9608207835843283,0.4590236702098441,1.0
Meat,Peanut,13,14,1,12,13,379,0.04222189844791453,3.3733333333333335,0.3714737010254353,2.58816,1.2975622583907103,-1.5881599999999998,-1.2239566847217802,0.9589408211835764,0.4590236702098441,1.0
Casein (nBos d8),Shellifish,15,38,4,11,34,356,0.11624827993852715,4.043478260869565,0.042331750347642576,6.13126,1.7376164169344166,-2.13126,-1.2265422789686045,0.9395812083758325,0.0721827110791109,1.0
Egg White,Olive,33,2,0,33,2,370,-0.020982052760902932,2.2119402985074625,1.0,0.85406,0.691925947193773,-0.85406,-1.2343228396966326,1.0,1.0,1.0
Cherry,"Cow Milk, UHT",13,34,3,10,31,361,0.09641361589164002,3.8253968253968256,0.08639423685761523,5.01718,1.611882392608097,-2.0171799999999998,-1.2514436594447274,0.9456210875782485,0.13351836605267808,1.0
Onion,Soybean,12,16,1,11,15,378,0.03931496679811666,3.185133239831697,0.3876969255828745,2.70124,1.319190078191919,-1.7012399999999999,-1.2896094566839966,0.9675606487870243,0.4748864088471454,1.0
Carrot,Soybean,12,16,1,11,15,378,0.03931496679811666,3.185133239831697,0.3876969255828745,2.70188,1.318106393884803,-1.70188,-1.2911552571899119,0.9671606567868642,0.4748864088471454,1.0
Carrot,Hazelnut,12,16,1,11,15,378,0.03931496679811666,3.185133239831697,0.3876969255828745,2.70298,1.3157808022615316,-1.7029800000000002,-1.2942733296252387,0.9663006739865203,0.4748864088471454,1.0
Kiwi,Wheat Flour,12,16,1,11,15,378,0.03931496679811666,3.185133239831697,0.3876969255828745,2.70712,1.3152115060323943,-1.7071200000000002,-1.297981345335001,0.9670006599868003,0.4748864088471454,1.0
Casein (nBos d8),String Bean,15,13,1,14,12,378,0.038461538461538464,3.1324137931034484,0.39237099485323423,2.74984,1.331247525593945,-1.7498399999999998,-1.314436245971084,0.9681006379872402,0.4795645492650641,1.0
"Cow Milk, UHT",Rice,34,25,6,28,19,352,0.14433407423614483,4.12280701754386,0.012315475974997053,8.68876,2.037726591670235,-2.6887600000000003,-1.319490068486637,0.9453610927781444,0.025735639433788357,1.0
Olive,Shellifish,2,38,0,2,38,365,-0.022668419493748152,1.8987012987012988,1.0,0.92678,0.70012772520448,-0.92678,-1.3237298947550231,1.0,1.0,1.0
Cow Milk,Soybean,28,16,3,25,13,364,0.09462608694952429,3.7058823529411766,0.09023993235113903,5.243,1.688120552567261,-2.2430000000000003,-1.3286965771424852,0.9543809123817524,0.1379416949563733,1.0
Meat,Rice,13,25,2,11,23,369,0.0697052078114257,3.418131359851989,0.1880406301426454,4.0476,1.529435922162154,-2.0476,-1.3387942380124829,0.9613807723845523,0.25419468315668453,1.0
Apple,Wheat Flour,20,16,2,18,14,371,0.07078087472725862,3.462255358807083,0.1836550721066837,4.07404,1.544952451824974,-2.07404,-1.3424620269381378,0.9610207795844083,0.24886593104311486,1.0
Chicken,Kiwi,7,12,0,7,12,386,-0.023174044245049794,2.0613333333333332,1.0,1.33288,0.9883475631578195,-1.33288,-1.3485944112022519,1.0,1.0,1.0
Apple,Hazelnut,20,16,2,18,14,371,0.07078087472725862,3.462255358807083,0.1836550721066837,4.08702,1.5465598984843756,-2.08702,-1.3494595340570215,0.9625207495850083,0.24886593104311486,1.0
Egg White,Mulberry,33,26,6,27,20,352,0.14292816659555005,4.06430155210643,0.01295560332681655,8.79294,2.057558299635762,-2.7929399999999998,-1.3574050370744868,0.9488410231795364,0.026720931861559133,1.0
Carrot,Chicken,12,7,0,12,7,386,-0.023174044245049794,2.0613333333333332,1.0,1.33256,0.9807771644976243,-1.33256,-1.358677636711257,1.0,1.0,1.0
Chicken,Onion,7,12,0,7,12,386,-0.023174044245049794,2.0613333333333332,1.0,1.3427,0.9860105019724688,-1.3427,-1.3617502017615333,1.0,1.0,1.0
Pistachio,Tomato,31,19,4,27,15,359,0.11180766158252099,3.795307917888563,0.048275256488583454,6.50548,1.8303469533397183,-2.5054800000000004,-1.3688552301127441,0.9558208835823283,0.08181999664681365,1.0
Carrot,Cow Milk,12,28,2,10,26,367,0.06718027119632043,3.30188679245283,0.19808192538606023,4.09812,1.5190564392411499,-2.0981199999999998,-1.3811995037183236,0.9641807163856723,0.26648431688628244,1.0
Orange,Shellifish,23,38,6,17,32,350,0.14056887294496703,4.005714285714285,0.013996258977592664,8.80502,2.0172066824200194,-2.8050200000000007,-1.3905466526785697,0.9532609347813044,0.028244249231760735,1.0
Meat,Wheat Flour,13,16,1,12,15,377,0.03497975187285801,2.92258064516129,0.4126252950247931,2.879,1.3471744504703165,-1.879,-1.3947711072935032,0.9736005279894402,0.4978124527073311,1.0
Cherry,Soybean,13,16,1,12,15,377,0.03497975187285801,2.92258064516129,0.4126252950247931,2.88902,1.3483261621729368,-1.88902,-1.4010111596111814,0.9745805083898322,0.4978124527073311,1.0
Hazelnut,String Bean,16,13,1,15,12,377,0.03497975187285801,2.92258064516129,0.4126252950247931,2.89632,1.3519949917067002,-1.8963199999999998,-1.402608746062119,0.9746205075898482,0.4978124527073311,1.0
Cherry,Chicken,13,7,0,13,7,385,-0.024151056093040503,1.9037037037037037,1.0,1.4244,1.0119706715117782,-1.4244,-1.4075506732542906,1.0,1.0,1.0
"Cow Milk, UHT",Peanut,34,14,3,31,11,360,0.08893354998808095,3.4830917874396135,0.10375886969401282,5.35098,1.6642695213215928,-2.35098,-1.4126197529190414,0.9625807483850323,0.1555449693514308,1.0
Meat,Mulberry,13,26,2,11,24,368,0.06660717432816117,3.2697426796805678,0.20006554676163105,4.17446,1.534608649916975,-2.17446,-1.4169475716936966,0.9671206575868483,0.2685090232853469,1.0
Chicken,String Bean,7,13,0,7,13,385,-0.024151056093040503,1.9037037037037037,1.0,1.43236,1.010101396098431,-1.43236,-1.4180358581153978,1.0,1.0,1.0
"Cow Milk, UHT",Pumpkin Seeds,34,18,4,30,14,357,0.10753315391580252,3.6376483889202937,0.0544162232337762,6.63206,1.82106566504341,-2.63206,-1.445340522598485,0.9610207795844083,0.09112686935566701,1.0
Peach,Pumpkin Seeds,19,18,2,17,16,370,0.06547622994157849,3.207792207792208,0.20402044927204616,4.29172,1.5806768934858262,-2.2917199999999998,-1.4498345673581199,0.9690406191876162,0.2712214977289524,1.0
Chicken,Egg White,7,33,1,6,32,366,0.0297529650674174,2.6023668639053255,0.45097115658358156,2.81266,1.241742213343816,-1.8126600000000002,-1.4597715858582212,0.9770004599908002,0.5394345817556274,1.0
Chicken,Peanut,7,14,0,7,14,384,-0.025094764423691022,1.767816091954023,1.0,1.5149,1.034899990337231,-1.5149,-1.4638129424528807,1.0,1.0,1.0
Chicken,Egg Yolk,7,14,0,7,14,384,-0.025094764423691022,1.767816091954023,1.0,1.51412,1.0310774100910176,-1.51412,-1.4684833409999178,1.0,1.0,1.0
Egg Yolk,Soybean,14,16,1,13,15,376,0.0310092588514426,2.6989247311827955,0.4365997727788831,3.06858,1.3833570701738584,-2.06858,-1.495333377477171,0.9810803783924321,0.5244806692268811,1.0
Apple,Pistachio,20,31,4,16,27,358,0.10583711413042417,3.5553719008264464,0.05712621457168163,6.79416,1.8586742303050308,-2.7941599999999998,-1.5033080861843362,0.9667206655866882,0.09481599519145975,1.0
Egg White,Orange,33,23,5,28,18,354,0.12190167309646105,3.6979611190137507,0.030514373450315223,7.95536,1.96558573214195,-2.9553599999999998,-1.503551817492828,0.9649207015859683,0.05349551095508388,1.0
"Cow Milk, UHT",Sesame,34,31,7,27,24,347,0.14727222835511833,3.868274582560297,0.009492240856258771,10.29266,2.183458294632622,-3.2926599999999997,-1.5080022403423128,0.9626207475850483,0.02064010511767896,1.0
Chicken,Potato,7,34,1,6,33,365,0.028170820849953364,2.5177956371986223,0.46130234449733126,2.87188,1.2402359717408624,-1.87188,-1.509293426937559,0.9808803823923522,0.5494492893057386,1.0
Kiwi,Tomato,12,19,1,11,18,375,0.030096494597304704,2.6474735605170387,0.4427698445238012,3.09656,1.377619746664514,-2.09656,-1.5218713328378028,0.9814603707925842,0.5307561597817361,1.0
Cherry,Cow Milk,13,28,2,11,26,366,0.06080936359217513,3.00656275635767,0.22445151562586085,4.38656,1.5602472132325689,-2.3865600000000002,-1.5296037575067676,0.9754204915901682,0.29697476477855644,1.0
Carrot,Pistachio,12,31,2,10,29,364,0.05923393224978438,2.9418886198547214,0.2319400851027681,4.40004,1.5417418715206517,-2.4000399999999997,-1.5567067641697965,0.9772004559908802,0.303306265134389,1.0
Kiwi,Pistachio,12,31,2,10,29,364,0.05923393224978438,2.9418886198547214,0.2319400851027681,4.3945,1.5379043370769199,-2.3945,-1.5569889116453128,0.9771004579908402,0.303306265134389,1.0
Chicken,Soybean,7,16,0,7,16,382,-0.026896308324385516,1.5454545454545454,1.0,1.68238,1.0791744694904526,-1.68238,-1.5589508902989146,1.0,1.0,1.0
Mulberry,Peach,26,19,3,23,16,363,0.08481223986387282,3.281108961960026,0.11442611254898959,5.71836,1.7387923712738116,-2.7183599999999997,-1.5633608962803147,0.9731005379892402,0.16848569328079568,1.0
Kiwi,Sesame,12,31,2,10,29,364,0.05923393224978438,2.9418886198547214,0.2319400851027681,4.40068,1.531736118788088,-2.4006800000000004,-1.5672934590714112,0.9767604647907042,0.303306265134389,1.0
Chicken,Hazelnut,7,16,0,7,16,382,-0.026896308324385516,1.5454545454545454,1.0,1.68682,1.0743455159305129,-1.68682,-1.5700907901486518,1.0,1.0,1.0
"Cow Milk, UHT",Tomato,34,19,4,30,15,356,0.1012656350890131,3.3934426229508197,0.0648595144940028,6.94996,1.865919611987612,-2.94996,-1.5809684302839007,0.9730805383892323,0.106082179682611,1.0
Apple,Kiwi,20,12,1,19,11,374,0.027381149936859417,2.5050167224080266,0.46009306179249104,3.20944,1.3971595780010244,-2.20944,-1.581379847219127,0.9847603047939041,0.5491749099267818,1.0
Peach,Potato,19,34,4,15,30,356,0.1012656350890131,3.3934426229508197,0.0648595144940028,6.94094,1.85799136607251,-2.9409400000000003,-1.5828598849824942,0.9728405431891363,0.106082179682611,1.0
Hazelnut,Orange,16,23,2,14,21,368,0.05977118662718466,2.9550922213311948,0.2283912779522497,4.5577,1.612957132102401,-2.5576999999999996,-1.5857210021857049,0.9788804223915522,0.3014764868969696,1.0
Meat,Peach,13,19,1,12,18,374,0.025844725538398432,2.4291891891891892,0.4697097248139988,3.29758,1.4180924312610939,-2.29758,-1.6201905809177668,0.9860002799944001,0.5582778720776554,1.0
Chicken,Pumpkin Seeds,7,18,0,7,18,380,-0.02860146337002053,1.3711711711711712,1.0,1.83106,1.1067245711558047,-1.83106,-1.6544857209483816,1.0,1.0,1.0
Apple,Egg White,20,33,4,16,29,356,0.09874097938940082,3.295839753466872,0.06956910145862116,7.102,1.8745335419778426,-3.1020000000000003,-1.6548116800977821,0.9783404331913361,0.1110021487498958,1.0
Cow Milk,Potato,28,34,6,22,28,349,0.12808501691224197,3.5426900584795322,0.021700285184385833,9.50932,2.0982643154760052,-3.5093200000000007,-1.6724870999885866,0.9755004899902002,0.04017775573742723,1.0
Fish,Sesame,4,31,0,4,31,370,-0.02875430368478086,1.306878306878307,1.0,1.60322,0.9564442647640267,-1.60322,-1.6762294041206316,1.0,1.0,1.0
Chicken,Peach,7,19,0,7,19,379,-0.029423249340262646,1.2974358974358975,1.0,1.9117,1.1196352575727508,-1.9117,-1.7074310469146536,1.0,1.0,1.0
Chicken,Tomato,7,19,0,7,19,379,-0.029423249340262646,1.2974358974358975,1.0,1.92542,1.1215961053784025,-1.92542,-1.7166785715169761,1.0,1.0,1.0
Kiwi,Potato,12,34,2,10,32,361,0.052121000239518614,2.6483516483516483,0.26638533491181354,4.68048,1.5572369664248273,-2.68048,-1.7213051435286457,0.9848203035939281,0.34433680388370363,1.0
Hazelnut,Potato,16,34,3,13,31,358,0.07572884181598429,2.950617283950617,0.1422228492981764,6.02432,1.7497909982623625,-3.0243200000000003,-1.7283892779213714,0.9819403611927762,0.20250512298547454,1.0
Potato,Soybean,34,16,3,31,13,358,0.07572884181598429,2.950617283950617,0.1422228492981764,6.02394,1.7397375883736048,-3.0239399999999996,-1.7381586856595612,0.9829803403931922,0.20250512298547454,1.0
Kiwi,Orange,12,23,1,11,22,371,0.02004043815996422,2.1536231884057973,0.5091442735222055,3.57306,1.450207652855273,-2.57306,-1.7742700467301868,0.9910201795964081,0.6038687895263368,1.0
Kiwi,Onion,12,12,0,12,12,381,-0.030534351145038167,1.2208,1.0,2.13696,1.1993172884603969,-2.13696,-1.7818137206570968,1.0,1.0,1.0
Chicken,Strawberry,7,21,0,7,21,377,-0.031013552719114695,1.1705426356589148,1.0,2.07018,1.1461128947882924,-2.07018,-1.806261852051145,1.0,1.0,1.0
"Cow Milk, UHT",Potato,34,34,7,27,27,344,0.13310607261772633,3.4165289256198346,0.0160853374449656,11.04612,2.228100748530011,-4.04612,-1.8159502000389467,0.9809203815923682,0.03177420530502008,1.0
Egg White,String Bean,33,13,2,31,11,361,0.048170574525614206,2.494824016563147,0.28659823897137604,4.9331,1.6127691682320824,-2.9330999999999996,-1.8186731602857116,0.9883602327953441,0.3670813060797761,1.0
Banana,Cherry,22,13,1,21,12,371,0.01816023751664794,2.0734883720930233,0.5216342411170604,3.68736,1.4770566104249363,-2.68736,-1.8194021684970287,0.9921801563968721,0.617377234739812,1.0
Banana,Peach,22,19,2,20,17,366,0.049866040660181445,2.554006968641115,0.2760223107506472,5.04462,1.6696433917456748,-3.04462,-1.8235151380539623,0.9886402271954561,0.3551571475484245,1.0
Banana,Chicken,22,7,0,22,7,376,-0.031784796658275515,1.1155555555555556,1.0,2.13388,1.165262264728417,-2.13388,-1.8312444027330919,1.0,1.0,1.0
Fig,Peach,8,19,0,8,19,378,-0.03149436731134293,1.1417797888386123,1.0,2.1669,1.1776775407555329,-2.1669,-1.8399773494957175,1.0,1.0,1.0
Meat,Onion,13,12,0,13,12,380,-0.03182167167157006,1.1274074074074074,1.0,2.28278,1.2346722122085687,-2.28278,-1.8488955833197112,1.0,1.0,1.0
Cherry,Kiwi,13,12,0,13,12,380,-0.03182167167157006,1.1274074074074074,1.0,2.27808,1.2319056431399278,-2.27808,-1.8492325387791417,1.0,1.0,1.0
Carrot,Meat,12,13,0,12,13,380,-0.03182167167157006,1.1274074074074074,1.0,2.28472,1.2342667951460087,-2.28472,-1.8510746695812448,1.0,1.0,1.0
Kiwi,String Bean,12,13,0,12,13,380,-0.03182167167157006,1.1274074074074074,1.0,2.29662,1.2371889813605683,-2.29662,-1.856321091280936,1.0,1.0,1.0
Banana,Mulberry,22,26,3,19,23,360,0.07056575078259433,2.7534097108565194,0.15996785224375112,6.44584,1.8475136520199267,-3.4458399999999996,-1.8651228889337776,0.9878602427951441,0.22323871917598104,1.0
Sesame,Shellifish,31,38,7,24,31,343,0.13031098572219965,3.3381924198250728,0.01779597041145533,11.1882,2.2295875762122463,-4.1882,-1.878464001452304,0.9848403031939361,0.034545119034001516,1.0
Banana,Egg White,22,33,4,18,29,354,0.08790191802751325,2.92304168575355,0.09341434084461213,7.69228,1.9433034764544628,-3.6922800000000002,-1.9000017468895425,0.9876202475950481,0.142406101124531,1.0
Chicken,Orange,7,23,0,7,23,375,-0.03254166129850011,1.0652482269503547,1.0,2.2139,1.163317149362116,-2.2139,-1.9030923778730096,1.0,1.0,1.0
Apple,Banana,20,22,2,18,20,365,0.04593520237657889,2.4093605800922875,0.2970490385487096,5.25934,1.7085323422165595,-3.25934,-1.9076841096092478,0.991440171196576,0.37960025199504804,1.0
Peach,Wheat Flour,19,16,1,18,15,371,0.014949137241587853,1.943330427201395,0.5433200838162028,3.92024,1.530045209266707,-2.92024,-1.9085971985099455,0.99430011399772,0.6389990922869806,1.0
Cow Milk,Mulberry,28,26,4,24,22,355,0.08745988151048012,2.9020408163265308,0.09450730340017421,7.75972,1.9665160872975334,-3.7597199999999997,-1.9118684175967053,0.9884202315953681,0.14340977803214644,1.0
Soybean,Tomato,16,19,1,15,18,371,0.014949137241587853,1.943330427201395,0.5433200838162028,3.92324,1.526377378763195,-2.92324,-1.9151489275664357,0.994020119597608,0.6389990922869806,1.0
Hazelnut,Tomato,16,19,1,15,18,371,0.014949137241587853,1.943330427201395,0.5433200838162028,3.931,1.5288162087052848,-2.931,-1.9171696266107676,0.9945801083978321,0.6389990922869806,1.0
Banana,Peanut,22,14,1,21,13,370,0.014282643965458305,1.9147286821705427,0.548481299013552,3.9128,1.5189720734760077,-2.9128,-1.9176126084624872,0.994480110397792,0.6414252910551388,1.0
Chicken,Sunflower Seeds,7,24,0,7,24,374,-0.03328515755244166,1.019047619047619,1.0,2.26654,1.180006961165908,-2.26654,-1.9207852788940676,1.0,1.0,1.0
Carrot,Shellifish,12,38,2,10,36,357,0.043650732239745194,2.3320287018917156,0.3126765091480169,5.0384,1.5805206230859496,-3.0384,-1.922404526470244,0.99140017199656,0.3968586462263292,1.0
Egg Yolk,Kiwi,14,12,0,14,12,379,-0.03306511115247707,1.046896551724138,1.0,2.42886,1.2620693722612881,-2.42886,-1.9245059371404738,1.0,1.0,1.0
Peach,Sesame,19,31,3,16,28,358,0.06788709616940654,2.668261562998405,0.17029203577700813,6.51716,1.8268512622542663,-3.5171599999999996,-1.925257995913666,0.9903201935961281,0.23357905151809674,1.0
Peach,Pistachio,19,31,3,16,28,358,0.06788709616940654,2.668261562998405,0.17029203577700813,6.50002,1.8150922840450832,-3.50002,-1.9282876307533612,0.9897402051958961,0.23357905151809674,1.0
Cherry,Meat,13,13,0,13,13,379,-0.03316326530612245,1.0411522633744856,1.0,2.43572,1.261835203820214,-2.43572,-1.9302996085589006,1.0,1.0,1.0
Banana,Egg Yolk,22,14,1,21,13,370,0.014282643965458305,1.9147286821705427,0.548481299013552,3.9334,1.5062551045556665,-2.9334,-1.9474788773348788,0.994540109197816,0.6414252910551388,1.0
Shellifish,Soybean,38,16,3,35,13,354,0.06515219752383564,2.588941053729786,0.181745499637066,6.47574,1.7786319046952916,-3.47574,-1.9541648785364898,0.9904401911961761,0.24807597395716308,1.0
Chicken,Rice,7,25,0,7,25,373,-0.03401619167328188,0.9764705882352941,1.0,2.33574,1.189511938737901,-2.33574,-1.9636120697353174,1.0,1.0,1.0
Shellifish,Wheat Flour,38,16,3,35,13,354,0.06515219752383564,2.588941053729786,0.181745499637066,6.48802,1.7689930694041756,-3.4880199999999997,-1.9717544745242102,0.991740165196696,0.24807597395716308,1.0
Casein (nBos d8),Kiwi,15,12,0,15,12,378,-0.03426949256938314,0.9767741935483871,1.0,2.56454,1.2922207970776514,-2.56454,-1.9845989213296134,1.0,1.0,1.0
Casein (nBos d8),Onion,15,12,0,15,12,378,-0.03426949256938314,0.9767741935483871,1.0,2.5672,1.2909702397809175,-2.5672,-1.9885818595134026,1.0,1.0,1.0
Apple,Soybean,20,16,1,19,15,370,0.012278315003708127,1.8387096774193548,0.5622498212745984,4.0787,1.5468504484920307,-3.0787000000000004,-1.9903022965156814,0.995220095598088,0.6557633050624735,1.0
Banana,Strawberry,22,21,2,20,19,364,0.04221757241605232,2.279549718574109,0.3180326493383004,5.45178,1.7235297594181525,-3.4517800000000003,-2.002738845173923,0.9929601407971841,0.4027456349408274,1.0
Cow Milk,Kiwi,28,12,1,27,11,366,0.009779406566552974,1.7383399209486166,0.5819059610987151,4.10168,1.5049189937003253,-3.10168,-2.061027877901605,0.996140077198456,0.6758783523320478,1.0
Egg White,Tomato,33,19,3,30,16,356,0.06196956297182991,2.4793840039741677,0.19470955508990836,6.81242,1.8492359891587662,-3.8124200000000004,-2.061618972565153,0.9935001299974,0.2625770682823043,1.0
Cherry,Shellifish,13,38,2,11,36,356,0.037484139245484265,2.1232876712328768,0.34901602812435983,5.40904,1.6329379285202477,-3.40904,-2.087672740316124,0.994480110397792,0.4350239048070376,1.0
Hazelnut,Sesame,16,31,2,14,29,360,0.036963935866984966,2.1069549970777324,0.35050054362349553,5.63916,1.7220204686356062,-3.6391600000000004,-2.113308213393877,0.9950400991980161,0.4350239048070376,1.0
Hazelnut,Meat,16,13,0,16,13,376,-0.036932935987586124,0.8451178451178452,1.0,2.8964,1.3536569136971157,-2.8964,-2.1396854481312664,1.0,1.0,1.0
Mulberry,Pistachio,26,31,4,22,27,352,0.0761555357839458,2.5636363636363635,0.12706172044633954,8.39644,2.008779561425295,-4.39644,-2.188612471186526,0.995340093198136,0.18514707836466618,1.0
Chicken,Sesame,7,31,0,7,31,367,-0.03818145988240954,0.7777777777777778,1.0,2.7072,1.2350660549136634,-2.7072,-2.1919475393478005,1.0,1.0,1.0
Chicken,Pistachio,7,31,0,7,31,367,-0.03818145988240954,0.7777777777777778,1.0,2.7115,1.2307671388203376,-2.7115,-2.2030974946234845,1.0,1.0,1.0
Kiwi,Peach,12,19,0,12,19,374,-0.03876836592195182,0.7682051282051282,1.0,3.07632,1.3817435571045742,-3.07632,-2.2264044468905566,1.0,1.0,1.0
Banana,Pistachio,22,31,3,19,28,355,0.05392620192903148,2.2388663967611335,0.23192130432991592,7.336,1.9202249868179488,-4.336,-2.258068731406985,0.996440071198576,0.303306265134389,1.0
"Cow Milk, UHT",Hazelnut,34,16,2,32,14,357,0.030020673506783637,1.896551724137931,0.3955261689685136,6.01998,1.7488112532803521,-4.01998,-2.298692893506648,0.997440051198976,0.4804501242825649,1.0
"Cow Milk, UHT",Soybean,34,16,2,32,14,357,0.030020673506783637,1.896551724137931,0.3955261689685136,6.01504,1.7449509444107607,-4.01504,-2.30094720591461,0.997500049999,0.4804501242825649,1.0
Egg White,Onion,33,12,1,32,11,361,0.0011828431831884191,1.4508361204013378,0.6446553965979098,4.59424,1.553383025013471,-3.59424,-2.3138143922802494,0.9983400331993361,0.7472142096930318,1.0
Meat,Tomato,13,19,0,13,19,373,-0.04040283043028109,0.7094017094017094,1.0,3.3095,1.4170073217877173,-3.3095,-2.33555603356,1.0,1.0,1.0
"Cow Milk, UHT",Kiwi,34,12,1,33,11,360,-0.00038896268835461655,1.4036340038935755,0.6561181257399127,4.68416,1.5638302639353145,-3.6841600000000003,-2.355856696831639,0.998580028399432,0.757370922921998,1.0
"Cow Milk, UHT",Onion,34,12,1,33,11,360,-0.00038896268835461655,1.4036340038935755,0.6561181257399127,4.68734,1.551948363960606,-3.68734,-2.37594245119717,0.998820023599528,0.757370922921998,1.0
Banana,Carrot,22,12,0,22,12,371,-0.041879964151908214,0.6604444444444444,1.0,3.44198,1.4326456922770536,-3.44198,-2.4025340100170207,1.0,1.0,1.0
Banana,Tomato,22,19,1,21,18,365,-0.0016537207361794867,1.3783783783783783,0.6625135931340822,5.04704,1.6807222371349768,-4.04704,-2.4079172099839283,0.999060018799624,0.7631830097499387,1.0
"Cow Milk, UHT",Mulberry,34,26,4,30,22,349,0.0660153791659055,2.2918032786885245,0.16390067155577334,8.98522,2.064577814372712,-4.98522,-2.414643790752289,0.997260054798904,0.22703278208096012,1.0
Apple,Shellifish,20,38,3,17,35,350,0.04390775210915714,1.9746478873239437,0.2864147009266025,7.84086,1.9401995929285212,-4.84086,-2.4950319635379605,0.9981200375992481,0.3670813060797761,1.0
"Cow Milk, UHT",String Bean,34,13,1,33,12,359,-0.004614882002575266,1.2877611940298508,0.6858687204596149,5.02898,1.6130406565241941,-4.02898,-2.4977547736965975,0.999220015599688,0.7884679347906639,1.0
Cow Milk,Hazelnut,28,16,1,27,15,362,-0.0053049827103383886,1.2756598240469208,0.6892841287863127,5.24988,1.6865467635378504,-4.24988,-2.5198708342276106,0.999260014799704,0.7907738164603711,1.0
Peach,Soybean,19,16,0,19,16,370,-0.044995422984581264,0.5757575757575758,1.0,3.91462,1.5171058814730098,-3.91462,-2.5803208911161573,1.0,1.0,1.0
Hazelnut,Strawberry,16,21,0,16,21,368,-0.04742739004497453,0.5193798449612403,1.0,4.23334,1.565762575999311,-4.23334,-2.70369215926506,1.0,1.0,1.0
Cow Milk,Onion,28,12,0,28,12,365,-0.04762145806321448,0.5129824561403509,1.0,4.10038,1.510120477180545,-4.10038,-2.715266802855076,1.0,1.0,1.0
Banana,Shellifish,22,38,3,19,35,348,0.034962594412041775,1.7620079451065367,0.34106234762236953,8.49758,2.000668424202276,-5.497579999999999,-2.7478716280495314,0.999420011599768,0.42708923441104757,1.0
Pistachio,Shellifish,31,38,5,26,33,341,0.06661038316638691,2.1157420444945085,0.15263186039456184,11.19886,2.246186702035254,-6.19886,-2.759726070136225,0.999160016799664,0.21386146284022298,1.0
Egg White,Soybean,33,16,1,32,15,357,-0.014071548100742008,1.064516129032258,0.7501508165069857,5.8931,1.7352211357633947,-4.8931,-2.8198711386991753,0.999820003599928,0.8588461388988142,1.0
Egg Yolk,Shellifish,14,38,1,13,37,354,-0.014535383478171382,1.0503703703703704,0.7541851285257215,5.77006,1.6839559365969168,-4.77006,-2.832651316066944,0.999760004799904,0.8617064299448671,1.0
Peach,Shellifish,19,38,2,17,36,350,0.008701365046543117,1.3718199608610568,0.5488130832557337,7.50484,1.900014887941672,-5.50484,-2.8972615082840294,0.999660006799864,0.6414252910551388,1.0
Shellifish,Sunflower Seeds,38,24,3,35,21,346,0.026831792664110544,1.588928922371438,0.3956648082327005,9.10142,2.0505448016563848,-6.101419999999999,-2.9755116762488716,0.999840003199936,0.4804501242825649,1.0
Banana,Potato,22,34,2,20,32,351,0.006013877102637522,1.3189493433395871,0.5683101051681365,7.84032,1.9571669059127257,-5.84032,-2.9840684421732364,0.999840003199936,0.6614563672185158,1.0
"Cow Milk, UHT",Shellifish,34,38,5,29,33,338,0.05526532532410513,1.8838856564634454,0.20275230499918068,12.04552,2.292223359448201,-7.04552,-3.07366207178695,0.999740005199896,0.27017587435757806,1.0
Potato,Shellifish,34,38,5,29,33,338,0.05526532532410513,1.8838856564634454,0.20275230499918068,12.01918,2.2759639996274124,-7.01918,-3.0840470240957583,0.999640007199856,0.27017587435757806,1.0
Rice,Shellifish,25,38,3,22,35,345,0.02302285831738508,1.5139280125195618,0.4226426873165469,9.42216,2.0811873857007694,-6.42216,-3.085815359118927,0.999740005199896,0.5088037501815083,1.0
Hazelnut,Shellifish,16,38,1,15,37,352,-0.021788955679305822,0.9096774193548387,0.7996985201002822,6.49672,1.7799070879121757,-5.49672,-3.088206141393387,0.999920001599968,0.9118513613338584,1.0
Kiwi,Shellifish,12,38,0,12,38,355,-0.056228061868146356,0.3693506493506494,1.0,5.05796,1.5883956177224876,-5.05796,-3.1843200419126867,1.0,1.0,1.0
Egg White,Shellifish,33,38,2,31,36,336,-0.03393358152962306,0.7316808001739509,0.8408172765594838,11.76002,2.2671456943919566,-9.76002,-4.304981379953888,1.0,0.9567920733263091,1.0
