acc_a,acc_b,identity_global,window80,window80_shortcut,same_family,kmer6,kmer8
A0A0A0P7E3,A0A0B5GPP3,0.29936305732484075,0.1125,0.05,0,0,0
A0A0A0P7E3,A0A161X1M2,0.3161290322580645,0.15,0.15,0,0,0
A0A0A0P7E3,A0A498IIJ9,0.2670157068062827,0.1625,0.1375,0,0,0
A0A0A0P7E3,A0A5Q0V3R5,0.36875,0.1875,0.1125,0,0,0
A0A0A0P7E3,A0A669D4Y1,0.2605633802816901,0.275,0.225,0,0,0
A0A0A0P7E3,A0A669DVI7,0.30935251798561153,0.1,0.1,0,0,0
A0A0A0P7E3,A0A669EKH3,0.37272727272727274,0.15,0.0625,0,0,0
A0A0A0P7E3,A0A6J1HTX7,0.31451612903225806,0.075,0.05,0,0,0
A0A0A0P7E3,A0A6J1I2B7,0.29411764705882354,0.1125,0.1125,0,0,0
A0A0A0P7E3,A0A6J1ITC1,0.26653696498054474,0.3125,0.35,0,1,0
A0A0A0P7E3,A0A6J1ITQ4,0.32061068702290074,0.15,0.15,0,0,0
A0A0A0P7E3,A0A6J1J7G6,0.2625482625482625,0.0875,0.0875,0,0,0
A0A0A0P7E3,A0A6J1JNR0,0.2839506172839506,0.1125,0.1125,0,0,0
A0A0A0P7E3,A0A6J1KZ37,0.23270440251572327,0.125,0.1125,0,0,0
A0A0A0P7E3,A0A6P5RU98,0.2578616352201258,0.1375,0.0625,0,0,0
A0A0A0P7E3,A0A7U3MZV8,0.19772727272727272,0.225,0.125,0,0,0
A0A0A0P7E3,A0A8S0TDN7,0.40476190476190477,0.125,0.0625,0,0,0
A0A0A0P7E3,A0A8V0X7U8,0.22311827956989247,0.2125,0.15,0,0,0
A0A0A0P7E3,A0AA49EHN2,0.2893081761006289,0.175,0.175,0,0,0
A0A0A0P7E3,A0AA87YQ47,0.29927007299270075,0.1125,0.05,0,0,0
A0A0A0P7E3,A0AA87Z5N0,0.5862068965517241,0.7125,0.7125,1,23,7
A0A0A0P7E3,A0AA87ZVW7,0.33064516129032256,0.15,0.0875,0,0,0
A0A0A0P7E3,A0AA87ZZH8,0.2864864864864865,0.2625,0.2375,0,0,0
A0A0A0P7E3,A0AA88A2P2,0.21100917431192662,0.125,0.1,0,0,0
A0A0A0P7E3,A0AA88A7B3,0.30344827586206896,0.075,0.075,0,0,0
A0A0A0P7E3,A0AA88AGZ7,0.1926977687626775,0.1625,0.1375,0,0,0
A0A0A0P7E3,A0AA88D362,0.32903225806451614,0.15,0.15,0,0,0
A0A0A0P7E3,A0AA88D3F8,0.20817120622568094,0.225,0.2375,0,0,0
A0A0A0P7E3,A0AA88DB57,0.2952755905511811,0.1625,0.1625,0,0,0
A0A0A0P7E3,A0AA88DB90,0.33121019108280253,0.2625,0.2625,0,0,0
A0A0A0P7E3,A0AA88DF49,0.19943019943019943,0.1625,0.1625,0,0,0
A0A0A0P7E3,A0AA88DXA8,0.3125,0.125,0.125,0,0,0
A0A0A0P7E3,A0ACI6NPV3,0.19560878243512975,0.225,0.225,0,0,0
A0A0A0P7E3,A0ACI6Q4D5,0.2640845070422535,0.2375,0.225,0,0,0
A0A0A0P7E3,A0ACI6Q9Z7,0.3181818181818182,0.0875,0.075,0,0,0
A0A0A0P7E3,A0ACM5K329,0.21443736730360935,0.25,0.2625,0,0,0
A0A0A0P7E3,A0ACM5KKC3,0.3136094674556213,0.125,0.1,0,0,0
A0A0A0P7E3,A1KYZ2,0.2746478873239437,0.2625,0.225,0,0,0
A0A0A0P7E3,A5HII1,0.24736842105263157,0.125,0.0875,0,1,0
A0A0A0P7E3,B3EWP3,0.30985915492957744,0.1,0.1,0,0,0
A0A0A0P7E3,B4X640,0.1867704280155642,0.25,0.225,0,0,0
A0A0A0P7E3,B4XID4,0.34146341463414637,0.3375,0.2875,0,0,0
A0A0A0P7E3,B5DGM7,0.2231404958677686,0.125,0.125,0,0,0
A0A0A0P7E3,B5DGQ7,0.1774193548387097,0.175,0.15,0,0,0
A0A0A0P7E3,B7P072,0.3422818791946309,0.275,0.275,0,0,0
A0A0A0P7E3,B7P074,0.5,0.6375,0.6375,1,14,8
A0A0A0P7E3,B7SLJ1,0.6131078224101479,0.675,0.675,1,21,10
A0A0A0P7E3,B7SNI3,0.3050847457627119,0.25,0.1125,0,0,0
A0A0A0P7E3,B8AL97,0.2425531914893617,0.3375,0.325,0,0,0
A0A0A0P7E3,C0HJZ1,0.3611111111111111,0.0875,0.0625,0,0,0
A0A0A0P7E3,C0HL99,0.3394495412844037,0.2125,0.2125,0,0,0
A0A0A0P7E3,C0HM28,0.3136094674556213,0.1,0.1,0,0,0
A0A0A0P7E3,C7A639,0.26424870466321243,0.225,0.225,0,0,0
A0A0A0P7E3,C7E3T4,0.18820224719101122,0.1625,0.125,0,0,0
A0A0A0P7E3,D0E0C7,0.2578616352201258,0.125,0.0625,0,0,0
A0A0A0P7E3,D2TE73,0.24752475247524752,0.1125,0.1,0,0,0
A0A0A0P7E3,E3SU11,0.26991150442477874,0.1625,0.05,0,0,0
A0A0A0P7E3,I0J1J1,0.1712962962962963,0.15,0.15,0,0,0
A0A0A0P7E3,O22317,0.22647058823529412,0.1625,0.1625,0,0,0
A0A0A0P7E3,O44119,0.2711267605633803,0.2625,0.2375,0,0,0
A0A0A0P7E3,O64458,0.20844327176781002,0.2125,0.2125,0,0,0
A0A0A0P7E3,O65810,0.2900763358778626,0.175,0.075,0,0,0
A0A0A0P7E3,P00698,0.3673469387755102,0.1,0.075,0,0,0
A0A0A0P7E3,P00711,0.2746478873239437,0.0875,0.0875,0,0,0
A0A0A0P7E3,P00940,0.2620967741935484,0.125,0.075,0,0,0
A0A0A0P7E3,P01005,0.28095238095238095,0.15,0.125,0,0,0
A0A0A0P7E3,P01012,0.21502590673575128,0.2125,0.125,0,0,0
A0A0A0P7E3,P01085,0.3790322580645161,0.075,0.0375,0,0,0
A0A0A0P7E3,P02197,0.2792207792207792,0.1,0.075,0,0,0
A0A0A0P7E3,P02622,0.35398230088495575,0.175,0.175,0,0,0
A0A0A0P7E3,P02662,0.29439252336448596,0.15,0.1375,0,0,0
A0A0A0P7E3,P02754,0.28651685393258425,0.1,0.0625,0,0,0
A0A0A0P7E3,P02769,0.19066147859922178,0.3,0.3,0,0,0
A0A0A0P7E3,P02789,0.21595330739299612,0.225,0.2375,0,0,0
A0A0A0P7E3,P04722,0.23367697594501718,0.225,0.3125,0,0,0
A0A0A0P7E3,P07322,0.17972350230414746,0.1625,0.1375,0,0,0
A0A0A0P7E3,P08819,0.22747747747747749,0.1125,0.1,0,0,0
A0A0A0P7E3,P0C0Y3,0.33587786259541985,0.1125,0.0625,0,0,0
A0A0A0P7E3,P10184,0.17120622568093385,0.1875,0.1625,0,0,0
A0A0A0P7E3,P11828,0.5072765072765073,0.625,0.625,1,9,0
A0A0A0P7E3,P12670,0.27125506072874495,0.1125,0.1125,0,0,0
A0A0A0P7E3,P13744,0.49583333333333335,0.675,0.675,1,8,1
A0A0A0P7E3,P16348,0.2765957446808511,0.125,0.0875,0,0,0
A0A0A0P7E3,P19121,0.19649805447470817,0.15,0.15,0,0,0
A0A0A0P7E3,P24337,0.3875,0.0875,0.0875,0,0,0
A0A0A0P7E3,P25974,0.24829157175398633,0.3,0.2875,0,0,0
A0A0A0P7E3,P26987,0.3291139240506329,0.0875,0.0375,0,0,0
A0A0A0P7E3,P29835,0.2849462365591398,0.225,0.1125,0,0,0
A0A0A0P7E3,P30941,0.24434389140271492,0.1,0.075,0,0,0
A0A0A0P7E3,P43211,0.2578616352201258,0.1375,0.075,0,0,0
A0A0A0P7E3,P43237,0.23540856031128404,0.325,0.2625,0,0,0
A0A0A0P7E3,P49231,0.3435114503816794,0.15,0.075,0,0,0
A0A0A0P7E3,P50694,0.22857142857142856,0.1,0.1,0,0,0
A0A0A0P7E3,P80026,0.28440366972477066,0.1125,0.1125,0,0,0
A0A0A0P7E3,P81370,0.28,0.1375,0.075,0,0,0
A0A0A0P7E3,P81402,0.34065934065934067,0.125,0.0875,0,0,0
A0A0A0P7E3,P84177,0.3053435114503817,0.2125,0.2125,0,0,0
A0A0A0P7E3,P84527,0.28169014084507044,0.225,0.125,0,0,0
A0A0A0P7E3,P85524,0.24,0.1125,0.1125,0,0,0
A0A0A0P7E3,P85894,0.32967032967032966,0.1,0.075,0,0,0
A0A0A0P7E3,P86137,0.33695652173913043,0.1,0.05,0,0,0
A0A0A0P7E3,P86888,0.3333333333333333,0.1125,0.0375,0,0,0
A0A0A0P7E3,P87498,0.33073929961089493,0.175,0.125,0,1,0
A0A0A0P7E3,P93594,0.17693836978131214,0.1875,0.1,0,0,0
A0A0A0P7E3,Q004B5,0.2050561797752809,0.275,0.125,0,0,0
A0A0A0P7E3,Q01881,0.31875,0.1625,0.075,0,0,0
A0A0A0P7E3,Q0DEV5,0.20428015564202334,0.1875,0.2125,0,0,0
A0A0A0P7E3,Q2I6V8,0.29375,0.225,0.225,0,0,0
A0A0A0P7E3,Q39453,0.25625,0.15,0.15,0,0,0
A0A0A0P7E3,Q39649,0.3404255319148936,0.2875,0.2875,0,0,0
A0A0A0P7E3,Q41115,0.2558139534883721,0.375,0.35,0,0,0
A0A0A0P7E3,Q41258,0.3106060606060606,0.1,0.075,0,0,0
A0A0A0P7E3,Q45W87,0.3357664233576642,0.175,0.0625,0,0,0
A0A0A0P7E3,Q647G3,0.26506024096385544,0.1125,0.1,0,0,0
A0A0A0P7E3,Q647G5,0.24260355029585798,0.125,0.125,0,0,0
A0A0A0P7E3,Q647G9,0.3793103448275862,0.3375,0.325,0,0,0
A0A0A0P7E3,Q6TPK4,0.33620689655172414,0.1125,0.0875,0,0,0
A0A0A0P7E3,Q6VT83,0.2929936305732484,0.2125,0.05,0,0,0
A0A0A0P7E3,Q7X8H9,0.3081761006289308,0.1125,0.075,0,0,0
A0A0A0P7E3,Q84T21,0.31446540880503143,0.1375,0.1375,0,0,0
A0A0A0P7E3,Q84T91,0.3142857142857143,0.1875,0.1875,0,0,0
A0A0A0P7E3,Q8GT39,0.3435114503816794,0.0875,0.075,0,0,0
A0A0A0P7E3,Q8H4L8,0.28662420382165604,0.2375,0.0625,0,0,0
A0A0A0P7E3,Q8L5E0,0.32894736842105265,0.1,0.075,0,0,0
A0A0A0P7E3,Q8S4P9,0.22767857142857142,0.2625,0.2625,0,0,0
A0A0A0P7E3,Q8SAE7,0.35714285714285715,0.125,0.125,0,0,0
A0A0A0P7E3,Q90YK9,0.3119266055045872,0.1875,0.1875,0,0,0
A0A0A0P7E3,Q91482,0.28440366972477066,0.15,0.05,0,0,0
A0A0A0P7E3,Q93YG7,0.2900763358778626,0.1,0.0875,0,0,0
A0A0A0P7E3,Q948T6,0.22336769759450173,0.1125,0.0875,0,0,0
A0A0A0P7E3,Q94JN3,0.3893129770992366,0.1125,0.1125,0,0,0
A0A0A0P7E3,Q9ATH2,0.33043478260869563,0.1375,0.1375,0,0,0
A0A0A0P7E3,Q9AVK8,0.20168067226890757,0.3,0.3,0,0,0
A0A0A0P7E3,Q9AXI0,0.2840909090909091,0.15,0.15,0,0,0
A0A0A0P7E3,Q9FSG7,0.25203252032520324,0.0875,0.075,0,0,0
A0A0A0P7E3,Q9FSY7,0.2178988326848249,0.2125,0.2125,0,0,0
A0A0A0P7E3,Q9FUJ9,0.3132530120481928,0.125,0.1,0,0,0
A0A0A0P7E3,Q9M5X7,0.3391304347826087,0.1,0.1,0,0,0
A0A0A0P7E3,Q9M5X8,0.36752136752136755,0.1,0.1,0,0,0
A0A0A0P7E3,Q9M7R0,0.25146198830409355,0.15,0.1125,0,0,0
A0A0A0P7E3,Q9SQI9,0.31297709923664124,0.15,0.0875,0,0,0
A0A0A0P7E3,Q9XF39,0.3053435114503817,0.2125,0.2125,0,0,0
A0A0A0P7E3,Q9XHP0,0.4444444444444444,0.5,0.5,1,9,3
A0A0A0P7E3,Q9XHP1,0.34459459459459457,0.1875,0.0875,0,0,0
A0A0A0P7E3,Q9XHP2,0.3103448275862069,0.1125,0.075,0,0,0
A0A0A0P7E3,T2DN75,0.2440944881889764,0.1375,0.0875,0,0,0
A0A0A0P7E3,V5XVK5,0.2597402597402597,0.1375,0.1375,0,0,0
A0A0A0P7E3,V7AEY9,0.30337078651685395,0.3625,0.3625,1,0,0
A0A0A0P7E3,V7B793,0.33064516129032256,0.1125,0.1125,0,0,0
A0A0A0P7E3,V7CAE0,0.275,0.2875,0.1375,0,0,0
A0A0A0P7E3,V7CE49,0.2875,0.1,0.075,0,0,0
A0A0A0P7E3,V7CEG9,0.3609022556390977,0.075,0.05,0,0,0
A0A0A0P7E3,W5X2N3,0.26424870466321243,0.125,0.125,0,0,0
A0A0A0P7E3,W8PPL3,0.20580474934036938,0.1625,0.1,0,0,0
A0A0B5GPP3,A0A161X1M2,0.45161290322580644,0.525,0.525,1,0,0
A0A0B5GPP3,A0A498IIJ9,0.21019108280254778,0.0625,0.0625,0,0,0
A0A0B5GPP3,A0A5Q0V3R5,0.15286624203821655,0.1875,0.1875,0,0,0
A0A0B5GPP3,A0A669D4Y1,0.2229299363057325,0.175,0.2125,0,0,0
A0A0B5GPP3,A0A669DVI7,0.28776978417266186,0.1625,0.1125,0,0,0
A0A0B5GPP3,A0A669EKH3,0.2727272727272727,0.125,0.0875,0,0,0
A0A0B5GPP3,A0A6J1HTX7,0.18548387096774194,0.075,0.075,0,0,0
A0A0B5GPP3,A0A6J1I2B7,0.25,0.0625,0.05,0,0,0
A0A0B5GPP3,A0A6J1ITC1,0.31210191082802546,0.125,0.125,0,0,0
A0A0B5GPP3,A0A6J1ITQ4,0.2366412213740458,0.175,0.175,0,0,0
A0A0B5GPP3,A0A6J1J7G6,0.21656050955414013,0.1125,0.0625,0,0,0
A0A0B5GPP3,A0A6J1JNR0,0.22929936305732485,0.0875,0.0875,0,0,0
A0A0B5GPP3,A0A6J1KZ37,0.5031847133757962,0.525,0.5,1,0,0
A0A0B5GPP3,A0A6P5RU98,0.5668789808917197,0.6125,0.5875,1,2,0
A0A0B5GPP3,A0A7U3MZV8,0.37579617834394907,0.25,0.25,0,0,0
A0A0B5GPP3,A0A8S0TDN7,0.27380952380952384,0.1625,0.1125,0,0,0
A0A0B5GPP3,A0A8V0X7U8,0.27388535031847133,0.275,0.25,0,0,0
A0A0B5GPP3,A0AA49EHN2,0.5668789808917197,0.6,0.575,1,3,1
A0A0B5GPP3,A0AA87YQ47,0.18248175182481752,0.0875,0.05,0,0,0
A0A0B5GPP3,A0AA87Z5N0,0.35668789808917195,0.1375,0.1375,0,0,0
A0A0B5GPP3,A0AA87ZVW7,0.1935483870967742,0.075,0.05,0,0,0
A0A0B5GPP3,A0AA87ZZH8,0.20382165605095542,0.1,0.1,0,0,0
A0A0B5GPP3,A0AA88A2P2,0.27388535031847133,0.1375,0.1375,0,0,0
A0A0B5GPP3,A0AA88A7B3,0.20689655172413793,0.1,0.1,0,0,0
A0A0B5GPP3,A0AA88AGZ7,0.3184713375796178,0.15,0.15,0,0,0
A0A0B5GPP3,A0AA88D362,0.16774193548387098,0.075,0.075,0,0,0
A0A0B5GPP3,A0AA88D3F8,0.3375796178343949,0.1,0.1,0,0,0
A0A0B5GPP3,A0AA88DB57,0.2484076433121019,0.15,0.1125,0,0,0
A0A0B5GPP3,A0AA88DB90,0.11464968152866242,0.0875,0.0875,0,0,0
A0A0B5GPP3,A0AA88DF49,0.25477707006369427,0.0875,0.0625,0,0,0
A0A0B5GPP3,A0AA88DXA8,0.6624203821656051,0.7,0.7,1,14,3
A0A0B5GPP3,A0ACI6NPV3,0.29936305732484075,0.225,0.225,0,0,0
A0A0B5GPP3,A0ACI6Q4D5,0.22929936305732485,0.1875,0.2125,0,0,0
A0A0B5GPP3,A0ACI6Q9Z7,0.24545454545454545,0.15,0.15,0,0,0
A0A0B5GPP3,A0ACM5K329,0.3503184713375796,0.1125,0.1125,0,0,0
A0A0B5GPP3,A0ACM5KKC3,0.1910828025477707,0.125,0.0625,0,0,0
A0A0B5GPP3,A1KYZ2,0.21656050955414013,0.1875,0.1875,0,0,0
A0A0B5GPP3,A5HII1,0.2929936305732484,0.1625,0.1625,0,0,0
A0A0B5GPP3,B3EWP3,0.28169014084507044,0.0875,0.0625,0,0,0
A0A0B5GPP3,B4X640,0.34394904458598724,0.1125,0.1125,0,0,0
A0A0B5GPP3,B4XID4,0.14012738853503184,0.0625,0.0625,0,0,0
A0A0B5GPP3,B5DGM7,0.29936305732484075,0.225,0.225,0,0,0
A0A0B5GPP3,B5DGQ7,0.3248407643312102,0.225,0.225,0,0,0
A0A0B5GPP3,B7P072,0.18120805369127516,0.0875,0.0875,0,0,0
A0A0B5GPP3,B7P074,0.3248407643312102,0.0875,0.0625,0,0,0
A0A0B5GPP3,B7SLJ1,0.3184713375796178,0.2,0.2,0,0,0
A0A0B5GPP3,B7SNI3,0.2356687898089172,0.1,0.0625,0,0,0
A0A0B5GPP3,B8AL97,0.34394904458598724,0.0875,0.0875,0,0,0
A0A0B5GPP3,C0HJZ1,0.25,0.0375,0.0375,0,0,0
A0A0B5GPP3,C0HL99,0.24770642201834864,0.0875,0.0875,0,0,0
A0A0B5GPP3,C0HM28,0.1910828025477707,0.075,0.075,0,0,0
A0A0B5GPP3,C7A639,0.2229299363057325,0.1375,0.075,0,0,0
A0A0B5GPP3,C7E3T4,0.2929936305732484,0.1,0.1,0,0,0
A0A0B5GPP3,D0E0C7,0.5796178343949044,0.6375,0.625,1,4,0
A0A0B5GPP3,D2TE73,0.25477707006369427,0.075,0.0625,0,0,0
A0A0B5GPP3,E3SU11,0.2611464968152866,0.075,0.0625,0,0,0
A0A0B5GPP3,I0J1J1,0.31210191082802546,0.1875,0.075,0,0,0
A0A0B5GPP3,O22317,0.28662420382165604,0.125,0.125,0,0,0
A0A0B5GPP3,O44119,0.21019108280254778,0.1875,0.1875,0,0,0
A0A0B5GPP3,O64458,0.25477707006369427,0.2375,0.2375,0,0,0
A0A0B5GPP3,O65810,0.22137404580152673,0.1375,0.0875,0,0,0
A0A0B5GPP3,P00698,0.19727891156462585,0.0875,0.0875,0,0,0
A0A0B5GPP3,P00711,0.19718309859154928,0.15,0.15,0,0,0
A0A0B5GPP3,P00940,0.25477707006369427,0.075,0.075,0,0,0
A0A0B5GPP3,P01005,0.2611464968152866,0.0625,0.0625,0,0,0
A0A0B5GPP3,P01012,0.2356687898089172,0.15,0.15,0,0,0
A0A0B5GPP3,P01085,0.22580645161290322,0.05,0.05,0,0,0
A0A0B5GPP3,P02197,0.2077922077922078,0.1,0.1,0,0,0
A0A0B5GPP3,P02622,0.26548672566371684,0.125,0.125,0,0,0
A0A0B5GPP3,P02662,0.22929936305732485,0.175,0.175,0,0,0
A0A0B5GPP3,P02754,0.21019108280254778,0.175,0.175,0,0,0
A0A0B5GPP3,P02769,0.3375796178343949,0.075,0.075,0,0,0
A0A0B5GPP3,P02789,0.3248407643312102,0.1875,0.0875,0,0,0
A0A0B5GPP3,P04722,0.15286624203821655,0.075,0.075,0,0,0
A0A0B5GPP3,P07322,0.31210191082802546,0.1375,0.1375,0,0,0
A0A0B5GPP3,P08819,0.27388535031847133,0.1375,0.125,0,0,0
A0A0B5GPP3,P0C0Y3,0.24427480916030533,0.1125,0.1125,0,0,0
A0A0B5GPP3,P10184,0.33121019108280253,0.1125,0.1125,0,0,0
A0A0B5GPP3,P11828,0.29936305732484075,0.125,0.075,0,0,0
A0A0B5GPP3,P12670,0.24203821656050956,0.15,0.0875,0,0,0
A0A0B5GPP3,P13744,0.2929936305732484,0.15,0.15,0,0,0
A0A0B5GPP3,P16348,0.2229299363057325,0.075,0.075,0,0,0
A0A0B5GPP3,P19121,0.37579617834394907,0.1125,0.1125,0,0,0
A0A0B5GPP3,P24337,0.225,0.0625,0.0625,0,0,0
A0A0B5GPP3,P25974,0.2802547770700637,0.125,0.075,0,0,0
A0A0B5GPP3,P26987,0.5222929936305732,0.6,0.5875,1,5,2
A0A0B5GPP3,P29835,0.1464968152866242,0.0875,0.0875,0,0,0
A0A0B5GPP3,P30941,0.22929936305732485,0.0625,0.0625,0,0,0
A0A0B5GPP3,P43211,0.5859872611464968,0.6375,0.625,1,5,1
A0A0B5GPP3,P43237,0.36942675159235666,0.1875,0.175,0,0,0
A0A0B5GPP3,P49231,0.24427480916030533,0.1125,0.1,0,0,0
A0A0B5GPP3,P50694,0.2484076433121019,0.1375,0.1375,0,0,0
A0A0B5GPP3,P80026,0.25688073394495414,0.1,0.1,0,0,0
A0A0B5GPP3,P81370,0.267515923566879,0.1375,0.0625,0,0,0
A0A0B5GPP3,P81402,0.21978021978021978,0.0625,0.0375,0,0,0
A0A0B5GPP3,P84177,0.24427480916030533,0.1125,0.1125,0,0,0
A0A0B5GPP3,P84527,0.19745222929936307,0.1125,0.1125,0,0,0
A0A0B5GPP3,P85524,0.24,0.325,0.325,0,0,0
A0A0B5GPP3,P85894,0.1978021978021978,0.05,0.0375,0,0,0
A0A0B5GPP3,P86137,0.11956521739130435,0.0625,0.0625,0,0,0
A0A0B5GPP3,P86888,0.2222222222222222,0.0375,0.0375,0,0,0
A0A0B5GPP3,P87498,0.445859872611465,0.15,0.1,0,0,0
A0A0B5GPP3,P93594,0.3184713375796178,0.125,0.125,0,0,0
A0A0B5GPP3,Q004B5,0.29936305732484075,0.1,0.0875,0,0,0
A0A0B5GPP3,Q01881,0.17197452229299362,0.0625,0.0625,0,0,0
A0A0B5GPP3,Q0DEV5,0.36942675159235666,0.175,0.175,0,0,0
A0A0B5GPP3,Q2I6V8,0.5987261146496815,0.6125,0.6,1,8,4
A0A0B5GPP3,Q39453,0.5477707006369427,0.6,0.5875,1,6,2
A0A0B5GPP3,Q39649,0.2198581560283688,0.1,0.0375,0,0,0
A0A0B5GPP3,Q41115,0.28662420382165604,0.1375,0.1375,0,0,0
A0A0B5GPP3,Q41258,0.17424242424242425,0.0375,0.0375,0,0,0
A0A0B5GPP3,Q45W87,0.20437956204379562,0.0875,0.0875,0,0,0
A0A0B5GPP3,Q647G3,0.1910828025477707,0.1,0.075,0,0,0
A0A0B5GPP3,Q647G5,0.17197452229299362,0.1125,0.0875,0,0,0
A0A0B5GPP3,Q647G9,0.13793103448275862,0.075,0.0625,0,0,0
A0A0B5GPP3,Q6TPK4,0.16379310344827586,0.1,0.1,0,0,0
A0A0B5GPP3,Q6VT83,0.5095541401273885,0.525,0.5125,1,5,2
A0A0B5GPP3,Q7X8H9,0.18471337579617833,0.075,0.075,0,0,0
A0A0B5GPP3,Q84T21,0.14012738853503184,0.1,0.1,0,0,0
A0A0B5GPP3,Q84T91,0.24285714285714285,0.15,0.15,0,0,0
A0A0B5GPP3,Q8GT39,0.21374045801526717,0.1125,0.1125,0,0,0
A0A0B5GPP3,Q8H4L8,0.1592356687898089,0.05,0.05,0,0,0
A0A0B5GPP3,Q8L5E0,0.20394736842105263,0.0875,0.0875,0,0,0
A0A0B5GPP3,Q8S4P9,0.34394904458598724,0.1125,0.1125,0,0,0
A0A0B5GPP3,Q8SAE7,0.43506493506493504,0.4375,0.425,1,0,0
A0A0B5GPP3,Q90YK9,0.26605504587155965,0.1,0.1,0,0,0
A0A0B5GPP3,Q91482,0.25688073394495414,0.1625,0.1625,0,0,0
A0A0B5GPP3,Q93YG7,0.24427480916030533,0.1,0.075,0,0,0
A0A0B5GPP3,Q948T6,0.24203821656050956,0.2125,0.2125,0,0,0
A0A0B5GPP3,Q94JN3,0.22137404580152673,0.0875,0.0875,0,0,0
A0A0B5GPP3,Q9ATH2,0.20869565217391303,0.05,0.05,0,0,0
A0A0B5GPP3,Q9AVK8,0.35668789808917195,0.075,0.075,0,0,0
A0A0B5GPP3,Q9AXI0,0.18471337579617833,0.0875,0.0875,0,0,0
A0A0B5GPP3,Q9FSG7,0.20382165605095542,0.1375,0.125,0,0,0
A0A0B5GPP3,Q9FSY7,0.3821656050955414,0.175,0.175,0,0,0
A0A0B5GPP3,Q9FUJ9,0.2356687898089172,0.15,0.15,0,0,0
A0A0B5GPP3,Q9M5X7,0.26956521739130435,0.125,0.125,0,0,0
A0A0B5GPP3,Q9M5X8,0.21367521367521367,0.075,0.075,0,0,0
A0A0B5GPP3,Q9M7R0,0.21656050955414013,0.075,0.075,0,0,0
A0A0B5GPP3,Q9SQI9,0.21374045801526717,0.0875,0.0875,0,0,0
A0A0B5GPP3,Q9XF39,0.2366412213740458,0.175,0.175,0,0,0
A0A0B5GPP3,Q9XHP0,0.24203821656050956,0.1,0.1,0,0,0
A0A0B5GPP3,Q9XHP1,0.16216216216216217,0.125,0.125,0,0,0
A0A0B5GPP3,Q9XHP2,0.2413793103448276,0.0875,0.075,0,0,0
A0A0B5GPP3,T2DN75,0.25477707006369427,0.0875,0.075,0,0,0
A0A0B5GPP3,V5XVK5,0.21656050955414013,0.1875,0.1875,0,0,0
A0A0B5GPP3,V7AEY9,0.3057324840764331,0.175,0.1125,0,0,0
A0A0B5GPP3,V7B793,0.21774193548387097,0.0625,0.0625,0,0,0
A0A0B5GPP3,V7CAE0,0.3885350318471338,0.4,0.3875,1,0,0
A0A0B5GPP3,V7CE49,0.20382165605095542,0.0625,0.0625,0,0,0
A0A0B5GPP3,V7CEG9,0.15037593984962405,0.075,0.075,0,0,0
A0A0B5GPP3,W5X2N3,0.24203821656050956,0.15,0.075,0,0,0
A0A0B5GPP3,W8PPL3,0.33121019108280253,0.15,0.15,0,0,0
A0A161X1M2,A0A498IIJ9,0.2129032258064516,0.1375,0.0875,0,0,0
A0A161X1M2,A0A5Q0V3R5,0.16774193548387098,0.0625,0.0625,0,0,0
A0A161X1M2,A0A669D4Y1,0.2709677419354839,0.1125,0.1125,0,0,0
A0A161X1M2,A0A669DVI7,0.20863309352517986,0.0875,0.0875,0,0,0
A0A161X1M2,A0A669EKH3,0.3,0.1125,0.1125,0,0,0
A0A161X1M2,A0A6J1HTX7,0.20161290322580644,0.15,0.15,0,0,0
A0A161X1M2,A0A6J1I2B7,0.20588235294117646,0.1625,0.1625,0,0,0
A0A161X1M2,A0A6J1ITC1,0.25161290322580643,0.15,0.125,0,0,0
A0A161X1M2,A0A6J1ITQ4,0.24427480916030533,0.0875,0.0875,0,0,0
A0A161X1M2,A0A6J1J7G6,0.25806451612903225,0.0625,0.0625,0,0,0
A0A161X1M2,A0A6J1JNR0,0.1935483870967742,0.075,0.0625,0,0,0
A0A161X1M2,A0A6J1KZ37,0.36774193548387096,0.4,0.4,1,0,0
A0A161X1M2,A0A6P5RU98,0.41935483870967744,0.5,0.5,1,4,2
A0A161X1M2,A0A7U3MZV8,0.3225806451612903,0.125,0.125,0,0,0
A0A161X1M2,A0A8S0TDN7,0.36904761904761907,0.1625,0.1125,0,0,0
A0A161X1M2,A0A8V0X7U8,0.3096774193548387,0.1625,0.1625,0,0,0
A0A161X1M2,A0AA49EHN2,0.43870967741935485,0.5,0.5,1,0,0
A0A161X1M2,A0AA87YQ47,0.2116788321167883,0.075,0.075,0,0,0
A0A161X1M2,A0AA87Z5N0,0.3032258064516129,0.0875,0.05,0,0,0
A0A161X1M2,A0AA87ZVW7,0.23387096774193547,0.1375,0.1375,0,0,0
A0A161X1M2,A0AA87ZZH8,0.21935483870967742,0.0625,0.05,0,0,0
A0A161X1M2,A0AA88A2P2,0.2645161290322581,0.15,0.15,0,0,0
A0A161X1M2,A0AA88A7B3,0.20689655172413793,0.0875,0.075,0,0,0
A0A161X1M2,A0AA88AGZ7,0.33548387096774196,0.125,0.1125,0,0,0
A0A161X1M2,A0AA88D362,0.2064516129032258,0.1125,0.1125,0,0,0
A0A161X1M2,A0AA88D3F8,0.32903225806451614,0.1375,0.075,0,0,0
A0A161X1M2,A0AA88DB57,0.2838709677419355,0.175,0.175,0,0,0
A0A161X1M2,A0AA88DB90,0.12258064516129032,0.075,0.075,0,0,0
A0A161X1M2,A0AA88DF49,0.32903225806451614,0.1625,0.1625,0,0,0
A0A161X1M2,A0AA88DXA8,0.45161290322580644,0.5,0.5,1,1,0
A0A161X1M2,A0ACI6NPV3,0.3096774193548387,0.125,0.125,0,0,0
A0A161X1M2,A0ACI6Q4D5,0.24516129032258063,0.1875,0.075,0,0,0
A0A161X1M2,A0ACI6Q9Z7,0.2818181818181818,0.2,0.15,0,0,0
A0A161X1M2,A0ACM5K329,0.3096774193548387,0.2,0.075,0,0,0
A0A161X1M2,A0ACM5KKC3,0.1935483870967742,0.0625,0.0625,0,0,0
A0A161X1M2,A1KYZ2,0.25806451612903225,0.1375,0.1375,0,0,0
A0A161X1M2,A5HII1,0.2838709677419355,0.2625,0.2625,0,0,0
A0A161X1M2,B3EWP3,0.23943661971830985,0.075,0.075,0,0,0
A0A161X1M2,B4X640,0.2967741935483871,0.1,0.1,0,0,0
A0A161X1M2,B4XID4,0.17419354838709677,0.0875,0.0875,0,0,0
A0A161X1M2,B5DGM7,0.33548387096774196,0.0875,0.0875,0,0,0
A0A161X1M2,B5DGQ7,0.32903225806451614,0.2125,0.2125,0,0,0
A0A161X1M2,B7P072,0.174496644295302,0.0625,0.0625,0,0,0
A0A161X1M2,B7P074,0.2645161290322581,0.175,0.175,0,0,0
A0A161X1M2,B7SLJ1,0.3161290322580645,0.1125,0.1125,0,0,0
A0A161X1M2,B7SNI3,0.23870967741935484,0.0875,0.075,0,0,0
A0A161X1M2,B8AL97,0.27741935483870966,0.1375,0.05,0,0,0
A0A161X1M2,C0HJZ1,0.2361111111111111,0.075,0.075,0,0,0
A0A161X1M2,C0HL99,0.2018348623853211,0.0875,0.075,0,0,0
A0A161X1M2,C0HM28,0.2129032258064516,0.0625,0.0625,0,0,0
A0A161X1M2,C7A639,0.2129032258064516,0.1875,0.1875,0,0,0
A0A161X1M2,C7E3T4,0.3096774193548387,0.2,0.1,0,0,0
A0A161X1M2,D0E0C7,0.44516129032258067,0.55,0.55,1,3,1
A0A161X1M2,D2TE73,0.21935483870967742,0.125,0.125,0,0,0
A0A161X1M2,E3SU11,0.23870967741935484,0.0875,0.0875,0,0,0
A0A161X1M2,I0J1J1,0.3161290322580645,0.0875,0.0875,0,0,0
A0A161X1M2,O22317,0.3032258064516129,0.15,0.15,0,0,0
A0A161X1M2,O44119,0.23225806451612904,0.2125,0.2125,0,0,0
A0A161X1M2,O64458,0.22580645161290322,0.2,0.2,0,0,0
A0A161X1M2,O65810,0.22137404580152673,0.2125,0.2125,0,0,0
A0A161X1M2,P00698,0.19727891156462585,0.0875,0.0625,0,0,0
A0A161X1M2,P00711,0.16901408450704225,0.175,0.175,0,0,0
A0A161X1M2,P00940,0.25161290322580643,0.0875,0.075,0,0,0
A0A161X1M2,P01005,0.1870967741935484,0.15,0.15,0,0,0
A0A161X1M2,P01012,0.25161290322580643,0.1,0.1,0,0,0
A0A161X1M2,P01085,0.1774193548387097,0.0875,0.0875,0,0,0
A0A161X1M2,P02197,0.22727272727272727,0.1875,0.1875,0,0,0
A0A161X1M2,P02622,0.25663716814159293,0.1375,0.1375,0,0,0
A0A161X1M2,P02662,0.1870967741935484,0.075,0.075,0,0,0
A0A161X1M2,P02754,0.2,0.125,0.1,0,0,0
A0A161X1M2,P02769,0.3935483870967742,0.125,0.125,0,0,0
A0A161X1M2,P02789,0.3935483870967742,0.2,0.2,0,0,0
A0A161X1M2,P04722,0.1870967741935484,0.0875,0.0875,0,0,0
A0A161X1M2,P07322,0.3032258064516129,0.1625,0.1625,0,0,0
A0A161X1M2,P08819,0.2903225806451613,0.075,0.075,0,0,0
A0A161X1M2,P0C0Y3,0.20610687022900764,0.125,0.125,0,0,0
A0A161X1M2,P10184,0.3419354838709677,0.0625,0.0625,0,0,0
A0A161X1M2,P11828,0.3096774193548387,0.1625,0.1625,0,0,0
A0A161X1M2,P12670,0.2903225806451613,0.0625,0.0625,0,0,0
A0A161X1M2,P13744,0.2967741935483871,0.1875,0.1875,0,0,0
A0A161X1M2,P16348,0.2064516129032258,0.1,0.1,0,0,0
A0A161X1M2,P19121,0.3741935483870968,0.1125,0.0875,0,0,0
A0A161X1M2,P24337,0.225,0.0625,0.0375,0,0,0
A0A161X1M2,P25974,0.3096774193548387,0.2,0.2,0,0,0
A0A161X1M2,P26987,0.36129032258064514,0.3625,0.3625,1,0,0
A0A161X1M2,P29835,0.17419354838709677,0.075,0.075,0,0,0
A0A161X1M2,P30941,0.2129032258064516,0.175,0.175,0,0,0
A0A161X1M2,P43211,0.3935483870967742,0.4625,0.4625,1,0,0
A0A161X1M2,P43237,0.3032258064516129,0.125,0.1,0,0,0
A0A161X1M2,P49231,0.21374045801526717,0.125,0.125,0,0,0
A0A161X1M2,P50694,0.22580645161290322,0.1375,0.1375,0,0,0
A0A161X1M2,P80026,0.30275229357798167,0.1,0.0625,0,0,0
A0A161X1M2,P81370,0.21935483870967742,0.1125,0.1125,0,0,0
A0A161X1M2,P81402,0.26373626373626374,0.1125,0.075,0,0,0
A0A161X1M2,P84177,0.22137404580152673,0.075,0.0625,0,0,0
A0A161X1M2,P84527,0.23870967741935484,0.1,0.075,0,0,0
A0A161X1M2,P85524,0.24666666666666667,0.2625,0.2625,0,0,0
A0A161X1M2,P85894,0.23076923076923078,0.0875,0.075,0,0,0
A0A161X1M2,P86137,0.20652173913043478,0.0625,0.0625,0,0,0
A0A161X1M2,P86888,0.2222222222222222,0.05,0.05,0,0,0
A0A161X1M2,P87498,0.3741935483870968,0.125,0.1125,0,0,0
A0A161X1M2,P93594,0.3870967741935484,0.1,0.1,0,0,0
A0A161X1M2,Q004B5,0.2967741935483871,0.2125,0.2125,0,0,0
A0A161X1M2,Q01881,0.17419354838709677,0.05,0.05,0,0,0
A0A161X1M2,Q0DEV5,0.32903225806451614,0.2625,0.2625,0,0,0
A0A161X1M2,Q2I6V8,0.4258064516129032,0.5,0.5,1,1,0
A0A161X1M2,Q39453,0.41935483870967744,0.45,0.45,1,1,0
A0A161X1M2,Q39649,0.1702127659574468,0.1125,0.075,0,0,0
A0A161X1M2,Q41115,0.3096774193548387,0.1125,0.075,0,0,0
A0A161X1M2,Q41258,0.18181818181818182,0.075,0.05,0,0,0
A0A161X1M2,Q45W87,0.20437956204379562,0.1125,0.1125,0,0,0
A0A161X1M2,Q647G3,0.18064516129032257,0.1875,0.1875,0,0,0
A0A161X1M2,Q647G5,0.16129032258064516,0.075,0.05,0,0,0
A0A161X1M2,Q647G9,0.16551724137931034,0.0625,0.0625,0,0,0
A0A161X1M2,Q6TPK4,0.22413793103448276,0.1125,0.0875,0,0,0
A0A161X1M2,Q6VT83,0.3548387096774194,0.3625,0.3625,1,0,0
A0A161X1M2,Q7X8H9,0.15483870967741936,0.075,0.075,0,0,0
A0A161X1M2,Q84T21,0.15483870967741936,0.1125,0.1125,0,0,0
A0A161X1M2,Q84T91,0.18571428571428572,0.1125,0.1125,0,0,0
A0A161X1M2,Q8GT39,0.20610687022900764,0.125,0.125,0,0,0
A0A161X1M2,Q8H4L8,0.16129032258064516,0.075,0.05,0,0,0
A0A161X1M2,Q8L5E0,0.15789473684210525,0.1125,0.1125,0,0,0
A0A161X1M2,Q8S4P9,0.3225806451612903,0.2,0.075,0,0,0
A0A161X1M2,Q8SAE7,0.5974025974025974,0.65,0.65,1,12,3
A0A161X1M2,Q90YK9,0.25688073394495414,0.05,0.05,0,0,0
A0A161X1M2,Q91482,0.3119266055045872,0.1625,0.1625,0,0,0
A0A161X1M2,Q93YG7,0.1984732824427481,0.0625,0.0625,0,0,0
A0A161X1M2,Q948T6,0.2838709677419355,0.2625,0.2625,0,0,0
A0A161X1M2,Q94JN3,0.2595419847328244,0.125,0.125,0,0,0
A0A161X1M2,Q9ATH2,0.24347826086956523,0.0875,0.075,0,0,0
A0A161X1M2,Q9AVK8,0.2903225806451613,0.15,0.15,0,0,0
A0A161X1M2,Q9AXI0,0.2,0.1125,0.1125,0,0,0
A0A161X1M2,Q9FSG7,0.24516129032258063,0.1375,0.1375,0,0,0
A0A161X1M2,Q9FSY7,0.3419354838709677,0.15,0.1375,0,0,0
A0A161X1M2,Q9FUJ9,0.2129032258064516,0.2,0.2,0,0,0
A0A161X1M2,Q9M5X7,0.25217391304347825,0.1375,0.1125,0,0,0
A0A161X1M2,Q9M5X8,0.23931623931623933,0.1125,0.1125,0,0,0
A0A161X1M2,Q9M7R0,0.21935483870967742,0.15,0.15,0,0,0
A0A161X1M2,Q9SQI9,0.22137404580152673,0.1875,0.1,0,0,0
A0A161X1M2,Q9XF39,0.22900763358778625,0.075,0.075,0,0,0
A0A161X1M2,Q9XHP0,0.3032258064516129,0.0875,0.0875,0,0,0
A0A161X1M2,Q9XHP1,0.1554054054054054,0.0625,0.0625,0,0,0
A0A161X1M2,Q9XHP2,0.20689655172413793,0.0625,0.05,0,0,0
A0A161X1M2,T2DN75,0.2645161290322581,0.1375,0.1375,0,0,0
A0A161X1M2,V5XVK5,0.2064516129032258,0.05,0.05,0,0,0
A0A161X1M2,V7AEY9,0.3032258064516129,0.1125,0.1125,0,0,0
A0A161X1M2,V7B793,0.20967741935483872,0.2125,0.2125,0,0,0
A0A161X1M2,V7CAE0,0.38064516129032255,0.425,0.425,1,0,0
A0A161X1M2,V7CE49,0.2129032258064516,0.075,0.075,0,0,0
A0A161X1M2,V7CEG9,0.20300751879699247,0.075,0.05,0,0,0
A0A161X1M2,W5X2N3,0.2,0.25,0.25,0,0,0
A0A161X1M2,W8PPL3,0.2838709677419355,0.1125,0.075,0,0,0
A0A498IIJ9,A0A5Q0V3R5,0.20625,0.1375,0.1,0,0,0
A0A498IIJ9,A0A669D4Y1,0.18324607329842932,0.2,0.175,0,0,0
A0A498IIJ9,A0A669DVI7,0.22302158273381295,0.2125,0.2125,0,0,0
A0A498IIJ9,A0A669EKH3,0.22727272727272727,0.1125,0.1125,0,0,0
A0A498IIJ9,A0A6J1HTX7,0.25806451612903225,0.0875,0.0875,0,0,0
A0A498IIJ9,A0A6J1I2B7,0.25,0.0875,0.05,0,0,0
A0A498IIJ9,A0A6J1ITC1,0.3717277486910995,0.2,0.2,0,0,0
A0A498IIJ9,A0A6J1ITQ4,0.1984732824427481,0.0875,0.05,0,0,0
A0A498IIJ9,A0A6J1J7G6,0.2356020942408377,0.0875,0.05,0,0,0
A0A498IIJ9,A0A6J1JNR0,0.19135802469135801,0.075,0.075,0,0,0
A0A498IIJ9,A0A6J1KZ37,0.2641509433962264,0.1,0.1,0,0,0
A0A498IIJ9,A0A6P5RU98,0.18867924528301888,0.2125,0.2125,0,0,0
A0A498IIJ9,A0A7U3MZV8,0.24607329842931938,0.1375,0.1375,0,0,0
A0A498IIJ9,A0A8S0TDN7,0.2976190476190476,0.1125,0.0625,0,0,0
A0A498IIJ9,A0A8V0X7U8,0.27225130890052357,0.1625,0.1,0,0,0
A0A498IIJ9,A0AA49EHN2,0.16981132075471697,0.1,0.075,0,0,0
A0A498IIJ9,A0AA87YQ47,0.2116788321167883,0.075,0.0625,0,0,0
A0A498IIJ9,A0AA87Z5N0,0.24607329842931938,0.2125,0.1125,0,0,0
A0A498IIJ9,A0AA87ZVW7,0.1935483870967742,0.075,0.0625,0,0,0
A0A498IIJ9,A0AA87ZZH8,0.1945945945945946,0.2125,0.2125,0,0,0
A0A498IIJ9,A0AA88A2P2,0.24083769633507854,0.15,0.15,0,0,0
A0A498IIJ9,A0AA88A7B3,0.21379310344827587,0.1,0.0375,0,0,0
A0A498IIJ9,A0AA88AGZ7,0.3403141361256545,0.1625,0.1,0,0,0
A0A498IIJ9,A0AA88D362,0.2,0.075,0.075,0,0,0
A0A498IIJ9,A0AA88D3F8,0.33507853403141363,0.2,0.075,0,0,0
A0A498IIJ9,A0AA88DB57,0.24083769633507854,0.1,0.05,0,0,0
A0A498IIJ9,A0AA88DB90,0.17197452229299362,0.1875,0.1875,0,0,0
A0A498IIJ9,A0AA88DF49,0.2931937172774869,0.125,0.125,0,0,0
A0A498IIJ9,A0AA88DXA8,0.20625,0.0875,0.0875,0,0,0
A0A498IIJ9,A0ACI6NPV3,0.21465968586387435,0.15,0.1375,0,0,0
A0A498IIJ9,A0ACI6Q4D5,0.21465968586387435,0.2,0.2,0,0,0
A0A498IIJ9,A0ACI6Q9Z7,0.2818181818181818,0.0875,0.0875,0,0,0
A0A498IIJ9,A0ACM5K329,0.2617801047120419,0.2375,0.125,0,0,0
A0A498IIJ9,A0ACM5KKC3,0.1834319526627219,0.1625,0.0625,0,0,0
A0A498IIJ9,A1KYZ2,0.2094240837696335,0.225,0.2125,0,0,0
A0A498IIJ9,A5HII1,0.2670157068062827,0.2,0.0875,0,0,0
A0A498IIJ9,B3EWP3,0.2535211267605634,0.1375,0.1375,0,0,0
A0A498IIJ9,B4X640,0.34554973821989526,0.2625,0.2625,0,0,0
A0A498IIJ9,B4XID4,0.23780487804878048,0.1375,0.1125,0,0,0
A0A498IIJ9,B5DGM7,0.25654450261780104,0.0875,0.0875,0,0,0
A0A498IIJ9,B5DGQ7,0.23036649214659685,0.125,0.125,0,0,0
A0A498IIJ9,B7P072,0.2080536912751678,0.1625,0.1625,0,0,0
A0A498IIJ9,B7P074,0.29842931937172773,0.175,0.175,0,0,0
A0A498IIJ9,B7SLJ1,0.2879581151832461,0.1,0.1,0,0,0
A0A498IIJ9,B7SNI3,0.20903954802259886,0.0875,0.0625,0,0,0
A0A498IIJ9,B8AL97,0.3036649214659686,0.2,0.1875,0,0,0
A0A498IIJ9,C0HJZ1,0.3055555555555556,0.0625,0.0625,0,0,0
A0A498IIJ9,C0HL99,0.2018348623853211,0.0875,0.0875,0,0,0
A0A498IIJ9,C0HM28,0.17159763313609466,0.1625,0.1,0,0,0
A0A498IIJ9,C7A639,0.2094240837696335,0.15,0.15,0,0,0
A0A498IIJ9,C7E3T4,0.225130890052356,0.1125,0.1,0,0,0
A0A498IIJ9,D0E0C7,0.16352201257861634,0.1125,0.0625,0,0,0
A0A498IIJ9,D2TE73,0.21465968586387435,0.0875,0.0625,0,0,0
A0A498IIJ9,E3SU11,0.20418848167539266,0.075,0.075,0,0,0
A0A498IIJ9,I0J1J1,0.3036649214659686,0.1625,0.0625,0,0,0
A0A498IIJ9,O22317,0.20418848167539266,0.2125,0.2125,0,0,0
A0A498IIJ9,O44119,0.19895287958115182,0.225,0.2125,0,0,0
A0A498IIJ9,O64458,0.2356020942408377,0.2375,0.2375,0,0,0
A0A498IIJ9,O65810,0.20610687022900764,0.1625,0.1625,0,0,0
A0A498IIJ9,P00698,0.19047619047619047,0.1,0.1,0,0,0
A0A498IIJ9,P00711,0.19014084507042253,0.05,0.05,0,0,0
A0A498IIJ9,P00940,0.2094240837696335,0.1,0.1,0,0,0
A0A498IIJ9,P01005,0.18324607329842932,0.125,0.125,0,0,0
A0A498IIJ9,P01012,0.24083769633507854,0.1625,0.1625,0,0,0
A0A498IIJ9,P01085,0.24193548387096775,0.2125,0.2125,0,0,0
A0A498IIJ9,P02197,0.21428571428571427,0.1125,0.1125,0,0,0
A0A498IIJ9,P02622,0.24778761061946902,0.1375,0.1375,0,0,0
A0A498IIJ9,P02662,0.18324607329842932,0.1875,0.1375,0,0,0
A0A498IIJ9,P02754,0.16853932584269662,0.1,0.075,0,0,0
A0A498IIJ9,P02769,0.34554973821989526,0.1125,0.075,0,0,0
A0A498IIJ9,P02789,0.35602094240837695,0.2,0.0875,0,0,0
A0A498IIJ9,P04722,0.13089005235602094,0.125,0.125,0,0,0
A0A498IIJ9,P07322,0.27225130890052357,0.0875,0.0625,0,0,0
A0A498IIJ9,P08819,0.24083769633507854,0.1,0.1,0,0,0
A0A498IIJ9,P0C0Y3,0.183206106870229,0.1,0.05,0,0,0
A0A498IIJ9,P10184,0.2879581151832461,0.1,0.1,0,0,0
A0A498IIJ9,P11828,0.2931937172774869,0.1125,0.1,0,0,0
A0A498IIJ9,P12670,0.16230366492146597,0.075,0.075,0,0,0
A0A498IIJ9,P13744,0.2670157068062827,0.2125,0.1,0,0,0
A0A498IIJ9,P16348,0.14361702127659576,0.0875,0.0875,0,0,0
A0A498IIJ9,P19121,0.33507853403141363,0.15,0.15,0,0,0
A0A498IIJ9,P24337,0.2375,0.05,0.05,0,0,0
A0A498IIJ9,P25974,0.28272251308900526,0.2125,0.2125,0,0,0
A0A498IIJ9,P26987,0.21518987341772153,0.2,0.2,0,0,0
A0A498IIJ9,P29835,0.1774193548387097,0.175,0.0625,0,0,0
A0A498IIJ9,P30941,0.18324607329842932,0.1,0.1,0,0,0
A0A498IIJ9,P43211,0.18867924528301888,0.15,0.15,0,0,0
A0A498IIJ9,P43237,0.32460732984293195,0.1625,0.1125,0,0,0
A0A498IIJ9,P49231,0.16793893129770993,0.1,0.05,0,0,0
A0A498IIJ9,P50694,0.2094240837696335,0.1125,0.1,0,0,0
A0A498IIJ9,P80026,0.26605504587155965,0.0875,0.0875,0,0,0
A0A498IIJ9,P81370,0.19895287958115182,0.2,0.2,0,0,0
A0A498IIJ9,P81402,0.24175824175824176,0.0625,0.0375,0,0,0
A0A498IIJ9,P84177,0.19083969465648856,0.075,0.075,0,0,0
A0A498IIJ9,P84527,0.193717277486911,0.1625,0.1625,0,0,0
A0A498IIJ9,P85524,0.19333333333333333,0.1,0.1,0,0,0
A0A498IIJ9,P85894,0.32967032967032966,0.075,0.075,0,0,0
A0A498IIJ9,P86137,0.2608695652173913,0.1125,0.1125,0,0,0
A0A498IIJ9,P86888,0.3492063492063492,0.0625,0.0375,0,0,0
A0A498IIJ9,P87498,0.387434554973822,0.1625,0.15,0,0,0
A0A498IIJ9,P93594,0.34554973821989526,0.1,0.0875,0,0,0
A0A498IIJ9,Q004B5,0.2356020942408377,0.15,0.1,0,0,0
A0A498IIJ9,Q01881,0.225,0.175,0.175,0,0,0
A0A498IIJ9,Q0DEV5,0.33507853403141363,0.1,0.1,0,0,0
A0A498IIJ9,Q2I6V8,0.21875,0.125,0.1,0,0,0
A0A498IIJ9,Q39453,0.225,0.1,0.0625,0,0,0
A0A498IIJ9,Q39649,0.2553191489361702,0.1625,0.1625,0,0,0
A0A498IIJ9,Q41115,0.2356020942408377,0.1625,0.1625,0,0,0
A0A498IIJ9,Q41258,0.22727272727272727,0.1,0.1,0,0,0
A0A498IIJ9,Q45W87,0.20437956204379562,0.075,0.075,0,0,0
A0A498IIJ9,Q647G3,0.1746987951807229,0.1125,0.0625,0,0,0
A0A498IIJ9,Q647G5,0.1952662721893491,0.1125,0.0875,0,0,0
A0A498IIJ9,Q647G9,0.18620689655172415,0.1,0.1,0,0,0
A0A498IIJ9,Q6TPK4,0.2413793103448276,0.125,0.125,0,0,0
A0A498IIJ9,Q6VT83,0.2229299363057325,0.1375,0.125,0,0,0
A0A498IIJ9,Q7X8H9,0.22641509433962265,0.1125,0.0625,0,0,0
A0A498IIJ9,Q84T21,0.18238993710691823,0.1125,0.0875,0,0,0
A0A498IIJ9,Q84T91,0.22142857142857142,0.0625,0.025,0,0,0
A0A498IIJ9,Q8GT39,0.1984732824427481,0.175,0.175,0,0,0
A0A498IIJ9,Q8H4L8,0.21656050955414013,0.2375,0.2375,0,0,0
A0A498IIJ9,Q8L5E0,0.14473684210526316,0.0875,0.0875,0,0,0
A0A498IIJ9,Q8S4P9,0.2774869109947644,0.0875,0.075,0,0,0
A0A498IIJ9,Q8SAE7,0.2012987012987013,0.0625,0.05,0,0,0
A0A498IIJ9,Q90YK9,0.24770642201834864,0.0875,0.0875,0,0,0
A0A498IIJ9,Q91482,0.30275229357798167,0.1,0.075,0,0,0
A0A498IIJ9,Q93YG7,0.1984732824427481,0.0625,0.05,0,0,0
A0A498IIJ9,Q948T6,0.225130890052356,0.1125,0.075,0,0,0
A0A498IIJ9,Q94JN3,0.22137404580152673,0.0625,0.0625,0,0,0
A0A498IIJ9,Q9ATH2,0.22608695652173913,0.075,0.075,0,0,0
A0A498IIJ9,Q9AVK8,0.32460732984293195,0.175,0.1375,0,0,0
A0A498IIJ9,Q9AXI0,0.17613636363636365,0.1,0.05,0,0,0
A0A498IIJ9,Q9FSG7,0.2198952879581152,0.1,0.1,0,0,0
A0A498IIJ9,Q9FSY7,0.32460732984293195,0.2,0.1,0,0,0
A0A498IIJ9,Q9FUJ9,0.18072289156626506,0.075,0.0625,0,0,0
A0A498IIJ9,Q9M5X7,0.21739130434782608,0.0625,0.05,0,0,0
A0A498IIJ9,Q9M5X8,0.20512820512820512,0.0625,0.05,0,0,0
A0A498IIJ9,Q9M7R0,0.15204678362573099,0.1125,0.1,0,0,0
A0A498IIJ9,Q9SQI9,0.2900763358778626,0.1125,0.1125,0,0,0
A0A498IIJ9,Q9XF39,0.22900763358778625,0.075,0.075,0,0,0
A0A498IIJ9,Q9XHP0,0.2617801047120419,0.2125,0.2375,0,0,0
A0A498IIJ9,Q9XHP1,0.23648648648648649,0.2375,0.075,0,0,0
A0A498IIJ9,Q9XHP2,0.20689655172413793,0.075,0.025,0,0,0
A0A498IIJ9,T2DN75,0.1518324607329843,0.0875,0.05,0,0,0
A0A498IIJ9,V5XVK5,0.24083769633507854,0.1,0.1,0,0,0
A0A498IIJ9,V7AEY9,0.28272251308900526,0.125,0.0875,0,0,0
A0A498IIJ9,V7B793,0.24193548387096775,0.0625,0.0625,0,0,0
A0A498IIJ9,V7CAE0,0.1875,0.125,0.125,0,0,0
A0A498IIJ9,V7CE49,0.19375,0.075,0.075,0,0,0
A0A498IIJ9,V7CEG9,0.18045112781954886,0.05,0.05,0,0,0
A0A498IIJ9,W5X2N3,0.7277486910994765,0.8125,0.8125,0,31,18
A0A498IIJ9,W8PPL3,0.2094240837696335,0.1,0.0625,0,0,0
A0A5Q0V3R5,A0A669D4Y1,0.2625,0.125,0.125,0,0,0
A0A5Q0V3R5,A0A669DVI7,0.17985611510791366,0.1,0.1,0,0,0
A0A5Q0V3R5,A0A669EKH3,0.22727272727272727,0.075,0.05,0,0,0
A0A5Q0V3R5,A0A6J1HTX7,0.1935483870967742,0.1875,0.1875,0,0,0
A0A5Q0V3R5,A0A6J1I2B7,0.22058823529411764,0.075,0.075,0,0,0
A0A5Q0V3R5,A0A6J1ITC1,0.41875,0.3,0.275,0,0,0
A0A5Q0V3R5,A0A6J1ITQ4,0.19083969465648856,0.0625,0.0625,0,0,0
A0A5Q0V3R5,A0A6J1J7G6,0.2125,0.075,0.075,0,0,0
A0A5Q0V3R5,A0A6J1JNR0,0.1625,0.1125,0.1125,0,0,0
A0A5Q0V3R5,A0A6J1KZ37,0.1320754716981132,0.075,0.075,0,0,0
A0A5Q0V3R5,A0A6P5RU98,0.16981132075471697,0.05,0.0375,0,0,0
A0A5Q0V3R5,A0A7U3MZV8,0.23125,0.0875,0.0875,0,0,0
A0A5Q0V3R5,A0A8S0TDN7,0.21428571428571427,0.15,0.15,0,0,0
A0A5Q0V3R5,A0A8V0X7U8,0.275,0.1,0.0625,0,0,0
A0A5Q0V3R5,A0AA49EHN2,0.15723270440251572,0.0625,0.0625,0,0,0
A0A5Q0V3R5,A0AA87YQ47,0.21897810218978103,0.0875,0.0875,0,0,0
A0A5Q0V3R5,A0AA87Z5N0,0.3625,0.2375,0.2375,0,0,0
A0A5Q0V3R5,A0AA87ZVW7,0.23387096774193547,0.175,0.175,0,0,0
A0A5Q0V3R5,A0AA87ZZH8,0.2125,0.125,0.125,0,0,0
A0A5Q0V3R5,A0AA88A2P2,0.225,0.1375,0.1375,0,0,0
A0A5Q0V3R5,A0AA88A7B3,0.1793103448275862,0.0625,0.0625,0,0,0
A0A5Q0V3R5,A0AA88AGZ7,0.3375,0.0875,0.0875,0,0,0
A0A5Q0V3R5,A0AA88D362,0.18064516129032257,0.1,0.1,0,0,0
A0A5Q0V3R5,A0AA88D3F8,0.3125,0.225,0.1,0,0,0
A0A5Q0V3R5,A0AA88DB57,0.275,0.0625,0.0625,0,0,0
A0A5Q0V3R5,A0AA88DB90,0.27388535031847133,0.325,0.325,1,0,0
A0A5Q0V3R5,A0AA88DF49,0.275,0.075,0.075,0,0,0
A0A5Q0V3R5,A0AA88DXA8,0.13125,0.0875,0.0625,0,0,0
A0A5Q0V3R5,A0ACI6NPV3,0.2875,0.1625,0.225,0,0,0
A0A5Q0V3R5,A0ACI6Q4D5,0.225,0.225,0.2375,0,0,0
A0A5Q0V3R5,A0ACI6Q9Z7,0.16363636363636364,0.075,0.075,0,0,0
A0A5Q0V3R5,A0ACM5K329,0.31875,0.2625,0.2625,0,0,0
A0A5Q0V3R5,A0ACM5KKC3,0.15,0.075,0.075,0,0,0
A0A5Q0V3R5,A1KYZ2,0.23125,0.15,0.1125,0,0,0
A0A5Q0V3R5,A5HII1,0.275,0.1125,0.1125,0,0,0
A0A5Q0V3R5,B3EWP3,0.2112676056338028,0.05,0.0375,0,0,0
A0A5Q0V3R5,B4X640,0.3375,0.275,0.2375,0,0,0
A0A5Q0V3R5,B4XID4,0.51875,0.6125,0.5875,1,10,2
A0A5Q0V3R5,B5DGM7,0.29375,0.125,0.125,0,0,0
A0A5Q0V3R5,B5DGQ7,0.25625,0.075,0.05,0,0,0
A0A5Q0V3R5,B7P072,0.3288590604026846,0.2875,0.3125,1,0,0
A0A5Q0V3R5,B7P074,0.35,0.1625,0.125,0,0,0
A0A5Q0V3R5,B7SLJ1,0.35625,0.175,0.175,0,0,0
A0A5Q0V3R5,B7SNI3,0.15,0.1375,0.0375,0,0,0
A0A5Q0V3R5,B8AL97,0.3625,0.1125,0.1125,0,0,0
A0A5Q0V3R5,C0HJZ1,0.2361111111111111,0.05,0.05,0,0,0
A0A5Q0V3R5,C0HL99,0.2018348623853211,0.05,0.05,0,0,0
A0A5Q0V3R5,C0HM28,0.15,0.075,0.075,0,0,0
A0A5Q0V3R5,C7A639,0.1375,0.1125,0.1125,0,0,0
A0A5Q0V3R5,C7E3T4,0.25,0.1125,0.0625,0,0,0
A0A5Q0V3R5,D0E0C7,0.12578616352201258,0.05,0.05,0,0,0
A0A5Q0V3R5,D2TE73,0.2125,0.1,0.0625,0,0,0
A0A5Q0V3R5,E3SU11,0.24375,0.0875,0.0625,0,0,0
A0A5Q0V3R5,I0J1J1,0.29375,0.1625,0.1625,0,0,0
A0A5Q0V3R5,O22317,0.24375,0.1875,0.1875,0,0,0
A0A5Q0V3R5,O44119,0.24375,0.125,0.1125,0,0,0
A0A5Q0V3R5,O64458,0.2875,0.1125,0.1125,0,0,0
A0A5Q0V3R5,O65810,0.13740458015267176,0.0625,0.0625,0,0,0
A0A5Q0V3R5,P00698,0.23809523809523808,0.075,0.0625,0,0,0
A0A5Q0V3R5,P00711,0.18309859154929578,0.15,0.15,0,0,0
A0A5Q0V3R5,P00940,0.2625,0.0625,0.05,0,0,0
A0A5Q0V3R5,P01005,0.2,0.0625,0.0625,0,0,0
A0A5Q0V3R5,P01012,0.23125,0.1125,0.1125,0,0,0
A0A5Q0V3R5,P01085,0.24193548387096775,0.225,0.225,0,0,0
A0A5Q0V3R5,P02197,0.12987012987012986,0.05,0.05,0,0,0
A0A5Q0V3R5,P02622,0.17699115044247787,0.075,0.075,0,0,0
A0A5Q0V3R5,P02662,0.2125,0.1375,0.0875,0,0,0
A0A5Q0V3R5,P02754,0.2,0.175,0.175,0,0,0
A0A5Q0V3R5,P02769,0.31875,0.225,0.125,0,0,0
A0A5Q0V3R5,P02789,0.35,0.1375,0.1375,0,0,0
A0A5Q0V3R5,P04722,0.3,0.25,0.2375,0,0,0
A0A5Q0V3R5,P07322,0.24375,0.1375,0.1375,0,0,0
A0A5Q0V3R5,P08819,0.25625,0.1125,0.1,0,0,0
A0A5Q0V3R5,P0C0Y3,0.2366412213740458,0.0875,0.0875,0,0,0
A0A5Q0V3R5,P10184,0.35625,0.1,0.0875,0,0,0
A0A5Q0V3R5,P11828,0.35625,0.1875,0.1,0,0,0
A0A5Q0V3R5,P12670,0.225,0.0875,0.0875,0,0,0
A0A5Q0V3R5,P13744,0.30625,0.175,0.125,0,0,0
A0A5Q0V3R5,P16348,0.1625,0.0625,0.0625,0,0,0
A0A5Q0V3R5,P19121,0.34375,0.15,0.15,0,0,0
A0A5Q0V3R5,P24337,0.2375,0.075,0.075,0,0,0
A0A5Q0V3R5,P25974,0.275,0.1625,0.1625,0,0,0
A0A5Q0V3R5,P26987,0.17721518987341772,0.0375,0.0375,0,0,0
A0A5Q0V3R5,P29835,0.25625,0.2625,0.2625,1,0,0
A0A5Q0V3R5,P30941,0.24375,0.0875,0.0875,0,0,0
A0A5Q0V3R5,P43211,0.16981132075471697,0.0625,0.0375,0,0,0
A0A5Q0V3R5,P43237,0.325,0.2125,0.275,0,0,0
A0A5Q0V3R5,P49231,0.16793893129770993,0.075,0.075,0,0,0
A0A5Q0V3R5,P50694,0.2125,0.1,0.1,0,0,0
A0A5Q0V3R5,P80026,0.1834862385321101,0.0625,0.0625,0,0,0
A0A5Q0V3R5,P81370,0.23125,0.0875,0.0875,0,0,0
A0A5Q0V3R5,P81402,0.25274725274725274,0.225,0.225,0,0,0
A0A5Q0V3R5,P84177,0.15267175572519084,0.075,0.075,0,0,0
A0A5Q0V3R5,P84527,0.225,0.1,0.1,0,0,0
A0A5Q0V3R5,P85524,0.14,0.0375,0.0375,0,0,0
A0A5Q0V3R5,P85894,0.2087912087912088,0.1375,0.1375,0,0,0
A0A5Q0V3R5,P86137,0.25,0.1625,0.1625,0,0,0
A0A5Q0V3R5,P86888,0.2698412698412698,0.075,0.075,0,0,0
A0A5Q0V3R5,P87498,0.375,0.15,0.15,0,0,0
A0A5Q0V3R5,P93594,0.29375,0.0875,0.0875,0,0,0
A0A5Q0V3R5,Q004B5,0.23125,0.1,0.0625,0,0,0
A0A5Q0V3R5,Q01881,0.2125,0.25,0.225,0,0,0
A0A5Q0V3R5,Q0DEV5,0.30625,0.125,0.075,0,0,0
A0A5Q0V3R5,Q2I6V8,0.16875,0.05,0.05,0,0,0
A0A5Q0V3R5,Q39453,0.175,0.05,0.05,0,0,0
A0A5Q0V3R5,Q39649,0.3829787234042553,0.3375,0.35,1,0,0
A0A5Q0V3R5,Q41115,0.28125,0.2375,0.2375,0,0,0
A0A5Q0V3R5,Q41258,0.25757575757575757,0.175,0.175,0,0,0
A0A5Q0V3R5,Q45W87,0.1678832116788321,0.0625,0.05,0,0,0
A0A5Q0V3R5,Q647G3,0.1375,0.0625,0.0625,0,0,0
A0A5Q0V3R5,Q647G5,0.14375,0.0625,0.0625,0,0,0
A0A5Q0V3R5,Q647G9,0.6620689655172414,0.775,0.775,1,19,11
A0A5Q0V3R5,Q6TPK4,0.1896551724137931,0.225,0.225,0,0,0
A0A5Q0V3R5,Q6VT83,0.1464968152866242,0.05,0.05,0,0,0
A0A5Q0V3R5,Q7X8H9,0.23270440251572327,0.15,0.15,0,0,0
A0A5Q0V3R5,Q84T21,0.1761006289308176,0.15,0.125,0,0,0
A0A5Q0V3R5,Q84T91,0.1357142857142857,0.0625,0.05,0,0,0
A0A5Q0V3R5,Q8GT39,0.17557251908396945,0.0875,0.0875,0,0,0
A0A5Q0V3R5,Q8H4L8,0.1910828025477707,0.225,0.225,0,0,0
A0A5Q0V3R5,Q8L5E0,0.13815789473684212,0.05,0.05,0,0,0
A0A5Q0V3R5,Q8S4P9,0.29375,0.1625,0.1625,0,0,0
A0A5Q0V3R5,Q8SAE7,0.15584415584415584,0.05,0.05,0,0,0
A0A5Q0V3R5,Q90YK9,0.22935779816513763,0.0875,0.0875,0,0,0
A0A5Q0V3R5,Q91482,0.22935779816513763,0.075,0.0625,0,0,0
A0A5Q0V3R5,Q93YG7,0.16030534351145037,0.0625,0.0625,0,0,0
A0A5Q0V3R5,Q948T6,0.23125,0.075,0.0625,0,0,0
A0A5Q0V3R5,Q94JN3,0.1984732824427481,0.0625,0.0625,0,0,0
A0A5Q0V3R5,Q9ATH2,0.22608695652173913,0.1625,0.0625,0,0,0
A0A5Q0V3R5,Q9AVK8,0.275,0.1,0.1,0,0,0
A0A5Q0V3R5,Q9AXI0,0.16875,0.125,0.0875,0,0,0
A0A5Q0V3R5,Q9FSG7,0.24375,0.1,0.1,0,0,0
A0A5Q0V3R5,Q9FSY7,0.28125,0.1125,0.1125,0,0,0
A0A5Q0V3R5,Q9FUJ9,0.18125,0.0875,0.0625,0,0,0
A0A5Q0V3R5,Q9M5X7,0.23478260869565218,0.1,0.1,0,0,0
A0A5Q0V3R5,Q9M5X8,0.2564102564102564,0.2125,0.2125,0,0,0
A0A5Q0V3R5,Q9M7R0,0.19375,0.2375,0.225,0,0,0
A0A5Q0V3R5,Q9SQI9,0.16793893129770993,0.0625,0.0625,0,0,0
A0A5Q0V3R5,Q9XF39,0.15267175572519084,0.075,0.075,0,0,0
A0A5Q0V3R5,Q9XHP0,0.35625,0.275,0.275,0,0,0
A0A5Q0V3R5,Q9XHP1,0.28378378378378377,0.275,0.275,1,0,0
A0A5Q0V3R5,Q9XHP2,0.19310344827586207,0.0875,0.0875,0,0,0
A0A5Q0V3R5,T2DN75,0.21875,0.075,0.075,0,0,0
A0A5Q0V3R5,V5XVK5,0.1875,0.0875,0.0625,0,0,0
A0A5Q0V3R5,V7AEY9,0.25625,0.2,0.2,0,0,0
A0A5Q0V3R5,V7B793,0.20967741935483872,0.1875,0.1875,0,0,0
A0A5Q0V3R5,V7CAE0,0.1625,0.075,0.0625,0,0,0
A0A5Q0V3R5,V7CE49,0.16875,0.125,0.1,0,0,0
A0A5Q0V3R5,V7CEG9,0.21052631578947367,0.1375,0.1375,0,0,0
A0A5Q0V3R5,W5X2N3,0.21875,0.1125,0.1125,0,0,0
A0A5Q0V3R5,W8PPL3,0.21875,0.0625,0.0625,0,0,0
A0A669D4Y1,A0A669DVI7,0.2302158273381295,0.175,0.175,0,0,0
A0A669D4Y1,A0A669EKH3,0.33636363636363636,0.1625,0.1625,0,0,0
A0A669D4Y1,A0A6J1HTX7,0.29838709677419356,0.125,0.125,0,0,0
A0A669D4Y1,A0A6J1I2B7,0.19117647058823528,0.1,0.1,0,0,0
A0A669D4Y1,A0A6J1ITC1,0.2711267605633803,0.2625,0.275,0,0,0
A0A669D4Y1,A0A6J1ITQ4,0.25190839694656486,0.1375,0.1375,0,0,0
A0A669D4Y1,A0A6J1J7G6,0.1583011583011583,0.0875,0.0625,0,0,0
A0A669D4Y1,A0A6J1JNR0,0.22839506172839505,0.125,0.05,0,0,0
A0A669D4Y1,A0A6J1KZ37,0.2641509433962264,0.25,0.25,0,0,0
A0A669D4Y1,A0A6P5RU98,0.2578616352201258,0.275,0.225,0,0,0
A0A669D4Y1,A0A7U3MZV8,0.19718309859154928,0.125,0.1125,0,0,0
A0A669D4Y1,A0A8S0TDN7,0.32142857142857145,0.1625,0.1625,0,0,0
A0A669D4Y1,A0A8V0X7U8,0.176056338028169,0.2125,0.2125,0,0,0
A0A669D4Y1,A0AA49EHN2,0.23270440251572327,0.2875,0.2625,0,0,0
A0A669D4Y1,A0AA87YQ47,0.2116788321167883,0.075,0.05,0,0,0
A0A669D4Y1,A0AA87Z5N0,0.2535211267605634,0.225,0.15,0,0,0
A0A669D4Y1,A0AA87ZVW7,0.25806451612903225,0.15,0.15,0,0,0
A0A669D4Y1,A0AA87ZZH8,0.24324324324324326,0.15,0.1375,0,0,0
A0A669D4Y1,A0AA88A2P2,0.16901408450704225,0.1125,0.1125,0,0,0
A0A669D4Y1,A0AA88A7B3,0.2413793103448276,0.1125,0.0875,0,0,0
A0A669D4Y1,A0AA88AGZ7,0.20774647887323944,0.125,0.125,0,0,0
A0A669D4Y1,A0AA88D362,0.2064516129032258,0.1,0.1,0,0,0
A0A669D4Y1,A0AA88D3F8,0.2852112676056338,0.325,0.25,0,0,0
A0A669D4Y1,A0AA88DB57,0.15748031496062992,0.1125,0.075,0,0,0
A0A669D4Y1,A0AA88DB90,0.2484076433121019,0.2125,0.175,0,0,0
A0A669D4Y1,A0AA88DF49,0.18309859154929578,0.075,0.0625,0,0,0
A0A669D4Y1,A0AA88DXA8,0.25,0.1,0.1,0,0,0
A0A669D4Y1,A0ACI6NPV3,0.6830985915492958,0.975,0.975,1,121,111
A0A669D4Y1,A0ACI6Q4D5,0.8133802816901409,0.9625,0.9625,1,129,106
A0A669D4Y1,A0ACI6Q9Z7,0.3090909090909091,0.2,0.1375,0,0,0
A0A669D4Y1,A0ACM5K329,0.2535211267605634,0.25,0.2625,0,0,0
A0A669D4Y1,A0ACM5KKC3,0.17159763313609466,0.2,0.15,0,0,0
A0A669D4Y1,A1KYZ2,0.573943661971831,0.6875,0.6875,1,20,5
A0A669D4Y1,A5HII1,0.18309859154929578,0.2,0.2,0,0,0
A0A669D4Y1,B3EWP3,0.2676056338028169,0.0875,0.0875,0,0,0
A0A669D4Y1,B4X640,0.23943661971830985,0.225,0.2375,0,0,0
A0A669D4Y1,B4XID4,0.23170731707317074,0.2125,0.225,0,0,0
A0A669D4Y1,B5DGM7,0.18661971830985916,0.25,0.225,0,0,0
A0A669D4Y1,B5DGQ7,0.2676056338028169,0.275,0.0875,0,0,0
A0A669D4Y1,B7P072,0.2751677852348993,0.2125,0.2,0,0,0
A0A669D4Y1,B7P074,0.2147887323943662,0.225,0.2,0,0,0
A0A669D4Y1,B7SLJ1,0.22887323943661972,0.225,0.2375,0,0,0
A0A669D4Y1,B7SNI3,0.2542372881355932,0.2625,0.225,0,0,0
A0A669D4Y1,B8AL97,0.25704225352112675,0.15,0.1125,0,0,0
A0A669D4Y1,C0HJZ1,0.2777777777777778,0.1,0.075,0,0,0
A0A669D4Y1,C0HL99,0.25688073394495414,0.125,0.125,0,0,0
A0A669D4Y1,C0HM28,0.17751479289940827,0.2,0.15,0,0,0
A0A669D4Y1,C7A639,0.2538860103626943,0.1875,0.15,0,0,0
A0A669D4Y1,C7E3T4,0.21830985915492956,0.175,0.175,0,0,0
A0A669D4Y1,D0E0C7,0.2578616352201258,0.25,0.1375,0,0,0
A0A669D4Y1,D2TE73,0.21782178217821782,0.075,0.05,0,0,0
A0A669D4Y1,E3SU11,0.16371681415929204,0.0625,0.0625,0,0,0
A0A669D4Y1,I0J1J1,0.2746478873239437,0.1875,0.075,0,0,0
A0A669D4Y1,O22317,0.16901408450704225,0.1,0.1,0,0,0
A0A669D4Y1,O44119,0.5809859154929577,0.6875,0.6875,1,20,5
A0A669D4Y1,O64458,0.2007042253521127,0.2125,0.1,0,0,0
A0A669D4Y1,O65810,0.22900763358778625,0.1,0.05,0,0,0
A0A669D4Y1,P00698,0.22448979591836735,0.125,0.125,0,0,0
A0A669D4Y1,P00711,0.28169014084507044,0.1625,0.1625,0,0,0
A0A669D4Y1,P00940,0.1975806451612903,0.2125,0.225,0,0,0
A0A669D4Y1,P01005,0.19523809523809524,0.125,0.125,0,0,0
A0A669D4Y1,P01012,0.21830985915492956,0.3,0.3,0,0,0
A0A669D4Y1,P01085,0.2661290322580645,0.1125,0.1125,0,0,0
A0A669D4Y1,P02197,0.2857142857142857,0.3375,0.25,0,0,0
A0A669D4Y1,P02622,0.3805309734513274,0.2375,0.2375,0,0,0
A0A669D4Y1,P02662,0.21962616822429906,0.2875,0.2375,0,0,0
A0A669D4Y1,P02754,0.25280898876404495,0.25,0.25,0,0,0
A0A669D4Y1,P02769,0.28169014084507044,0.2375,0.1875,0,0,0
A0A669D4Y1,P02789,0.2852112676056338,0.2,0.1,0,0,0
A0A669D4Y1,P04722,0.1056338028169014,0.15,0.15,0,0,0
A0A669D4Y1,P07322,0.24647887323943662,0.2125,0.1125,0,0,0
A0A669D4Y1,P08819,0.19014084507042253,0.0875,0.0875,0,0,0
A0A669D4Y1,P0C0Y3,0.22900763358778625,0.1,0.05,0,0,0
A0A669D4Y1,P10184,0.22183098591549297,0.125,0.125,0,0,0
A0A669D4Y1,P11828,0.2323943661971831,0.2,0.2375,0,0,0
A0A669D4Y1,P12670,0.16194331983805668,0.075,0.075,0,0,0
A0A669D4Y1,P13744,0.2323943661971831,0.25,0.25,0,0,0
A0A669D4Y1,P16348,0.16489361702127658,0.0875,0.0875,0,0,0
A0A669D4Y1,P19121,0.2676056338028169,0.2625,0.225,0,0,0
A0A669D4Y1,P24337,0.3,0.1,0.1,0,0,0
A0A669D4Y1,P25974,0.22887323943661972,0.2125,0.25,0,1,0
A0A669D4Y1,P26987,0.24050632911392406,0.175,0.175,0,0,0
A0A669D4Y1,P29835,0.1989247311827957,0.1125,0.075,0,0,0
A0A669D4Y1,P30941,0.14479638009049775,0.075,0.075,0,0,0
A0A669D4Y1,P43211,0.24528301886792453,0.2125,0.2125,0,0,0
A0A669D4Y1,P43237,0.27816901408450706,0.225,0.2125,0,0,0
A0A669D4Y1,P49231,0.19083969465648856,0.075,0.05,0,0,0
A0A669D4Y1,P50694,0.15918367346938775,0.075,0.05,0,0,0
A0A669D4Y1,P80026,0.3486238532110092,0.275,0.15,0,0,0
A0A669D4Y1,P81370,0.14666666666666667,0.0625,0.0625,0,0,0
A0A669D4Y1,P81402,0.2087912087912088,0.075,0.075,0,0,0
A0A669D4Y1,P84177,0.2595419847328244,0.075,0.0625,0,0,0
A0A669D4Y1,P84527,0.15023474178403756,0.0625,0.0625,0,0,0
A0A669D4Y1,P85524,0.2866666666666667,0.1625,0.1625,0,0,0
A0A669D4Y1,P85894,0.27472527472527475,0.0875,0.0625,0,0,0
A0A669D4Y1,P86137,0.2826086956521739,0.1125,0.0875,0,0,0
A0A669D4Y1,P86888,0.2698412698412698,0.075,0.075,0,0,0
A0A669D4Y1,P87498,0.3415492957746479,0.1875,0.2,0,0,0
A0A669D4Y1,P93594,0.2535211267605634,0.2375,0.1625,0,0,0
A0A669D4Y1,Q004B5,0.22535211267605634,0.2125,0.1625,0,0,0
A0A669D4Y1,Q01881,0.2,0.0875,0.0625,0,0,0
A0A669D4Y1,Q0DEV5,0.25,0.2625,0.2625,0,0,0
A0A669D4Y1,Q2I6V8,0.21875,0.25,0.1125,0,0,0
A0A669D4Y1,Q39453,0.2,0.1,0.075,0,0,0
A0A669D4Y1,Q39649,0.24113475177304963,0.25,0.25,0,0,0
A0A669D4Y1,Q41115,0.24647887323943662,0.2875,0.2875,0,0,0
A0A669D4Y1,Q41258,0.19696969696969696,0.075,0.0625,0,0,0
A0A669D4Y1,Q45W87,0.1897810218978102,0.075,0.05,0,0,0
A0A669D4Y1,Q647G3,0.19879518072289157,0.1,0.0875,0,0,0
A0A669D4Y1,Q647G5,0.17159763313609466,0.1125,0.0875,0,0,0
A0A669D4Y1,Q647G9,0.18620689655172415,0.275,0.2125,0,0,0
A0A669D4Y1,Q6TPK4,0.21551724137931033,0.175,0.175,0,0,0
A0A669D4Y1,Q6VT83,0.22929936305732485,0.1875,0.1875,0,0,0
A0A669D4Y1,Q7X8H9,0.22012578616352202,0.1125,0.1125,0,0,0
A0A669D4Y1,Q84T21,0.20125786163522014,0.125,0.125,0,0,0
A0A669D4Y1,Q84T91,0.2714285714285714,0.1125,0.1,0,0,0
A0A669D4Y1,Q8GT39,0.2366412213740458,0.1125,0.05,0,0,0
A0A669D4Y1,Q8H4L8,0.2356687898089172,0.05,0.05,0,0,0
A0A669D4Y1,Q8L5E0,0.21052631578947367,0.075,0.075,0,0,0
A0A669D4Y1,Q8S4P9,0.23591549295774647,0.2,0.25,0,0,0
A0A669D4Y1,Q8SAE7,0.2597402597402597,0.1375,0.0875,0,0,0
A0A669D4Y1,Q90YK9,0.3394495412844037,0.2,0.2,0,0,0
A0A669D4Y1,Q91482,0.3302752293577982,0.2125,0.1375,0,0,0
A0A669D4Y1,Q93YG7,0.24427480916030533,0.075,0.05,0,0,0
A0A669D4Y1,Q948T6,0.176056338028169,0.1625,0.0625,0,0,0
A0A669D4Y1,Q94JN3,0.24427480916030533,0.1,0.05,0,0,0
A0A669D4Y1,Q9ATH2,0.1826086956521739,0.1,0.1,0,0,0
A0A669D4Y1,Q9AVK8,0.22183098591549297,0.175,0.175,0,0,0
A0A669D4Y1,Q9AXI0,0.22727272727272727,0.1,0.1,0,0,0
A0A669D4Y1,Q9FSG7,0.17886178861788618,0.075,0.075,0,0,0
A0A669D4Y1,Q9FSY7,0.3204225352112676,0.35,0.275,0,0,0
A0A669D4Y1,Q9FUJ9,0.21084337349397592,0.0875,0.075,0,0,0
A0A669D4Y1,Q9M5X7,0.24347826086956523,0.075,0.075,0,0,0
A0A669D4Y1,Q9M5X8,0.29914529914529914,0.075,0.075,0,0,0
A0A669D4Y1,Q9M7R0,0.2807017543859649,0.2625,0.2,0,0,0
A0A669D4Y1,Q9SQI9,0.2748091603053435,0.075,0.05,0,0,0
A0A669D4Y1,Q9XF39,0.24427480916030533,0.0625,0.0625,0,0,0
A0A669D4Y1,Q9XHP0,0.20422535211267606,0.25,0.25,0,0,0
A0A669D4Y1,Q9XHP1,0.21621621621621623,0.2125,0.2125,0,0,0
A0A669D4Y1,Q9XHP2,0.2827586206896552,0.15,0.15,0,0,0
A0A669D4Y1,T2DN75,0.14566929133858267,0.225,0.225,0,0,0
A0A669D4Y1,V5XVK5,0.12987012987012986,0.0625,0.0625,0,0,0
A0A669D4Y1,V7AEY9,0.20774647887323944,0.175,0.15,0,0,0
A0A669D4Y1,V7B793,0.2661290322580645,0.1,0.1,0,0,0
A0A669D4Y1,V7CAE0,0.29375,0.2625,0.25,0,0,0
A0A669D4Y1,V7CE49,0.2,0.0875,0.0875,0,0,0
A0A669D4Y1,V7CEG9,0.18045112781954886,0.0875,0.0875,0,0,0
A0A669D4Y1,W5X2N3,0.2538860103626943,0.25,0.15,0,0,0
A0A669D4Y1,W8PPL3,0.14788732394366197,0.1,0.1,0,0,0
A0A669DVI7,A0A669EKH3,0.23636363636363636,0.125,0.125,0,0,0
A0A669DVI7,A0A6J1HTX7,0.1935483870967742,0.1,0.1,0,0,0
A0A669DVI7,A0A6J1I2B7,0.16176470588235295,0.075,0.075,0,0,0
A0A669DVI7,A0A6J1ITC1,0.33093525179856115,0.1125,0.1125,0,0,0
A0A669DVI7,A0A6J1ITQ4,0.32061068702290074,0.375,0.375,1,1,0
A0A669DVI7,A0A6J1J7G6,0.26618705035971224,0.075,0.075,0,0,0
A0A669DVI7,A0A6J1JNR0,0.17266187050359713,0.1,0.1,0,0,0
A0A669DVI7,A0A6J1KZ37,0.17985611510791366,0.075,0.075,0,0,0
A0A669DVI7,A0A6P5RU98,0.22302158273381295,0.1125,0.075,0,0,0
A0A669DVI7,A0A7U3MZV8,0.3237410071942446,0.2375,0.175,0,0,0
A0A669DVI7,A0A8S0TDN7,0.27380952380952384,0.125,0.125,0,1,0
A0A669DVI7,A0A8V0X7U8,0.23741007194244604,0.0625,0.0625,0,0,0
A0A669DVI7,A0AA49EHN2,0.23741007194244604,0.1,0.1,0,0,0
A0A669DVI7,A0AA87YQ47,0.15328467153284672,0.0625,0.0375,0,0,0
A0A669DVI7,A0AA87Z5N0,0.2589928057553957,0.0625,0.0625,0,0,0
A0A669DVI7,A0AA87ZVW7,0.21774193548387097,0.1,0.1,0,0,0
A0A669DVI7,A0AA87ZZH8,0.17266187050359713,0.0875,0.0625,0,0,0
A0A669DVI7,A0AA88A2P2,0.3381294964028777,0.1125,0.1125,0,0,0
A0A669DVI7,A0AA88A7B3,0.302158273381295,0.35,0.35,1,0,0
A0A669DVI7,A0AA88AGZ7,0.3237410071942446,0.1125,0.1125,0,0,0
A0A669DVI7,A0AA88D362,0.2589928057553957,0.075,0.075,0,0,0
A0A669DVI7,A0AA88D3F8,0.35251798561151076,0.075,0.075,0,0,0
A0A669DVI7,A0AA88DB57,0.2158273381294964,0.075,0.075,0,0,0
A0A669DVI7,A0AA88DB90,0.20863309352517986,0.05,0.05,0,0,0
A0A669DVI7,A0AA88DF49,0.2517985611510791,0.0625,0.0625,0,0,0
A0A669DVI7,A0AA88DXA8,0.2014388489208633,0.125,0.125,0,0,0
A0A669DVI7,A0ACI6NPV3,0.2805755395683453,0.075,0.075,0,0,0
A0A669DVI7,A0ACI6Q4D5,0.22302158273381295,0.075,0.075,0,0,0
A0A669DVI7,A0ACI6Q9Z7,0.22727272727272727,0.075,0.075,0,0,0
A0A669DVI7,A0ACM5K329,0.3381294964028777,0.1375,0.1375,0,0,0
A0A669DVI7,A0ACM5KKC3,0.23741007194244604,0.075,0.075,0,0,0
A0A669DVI7,A1KYZ2,0.2446043165467626,0.125,0.125,0,0,0
A0A669DVI7,A5HII1,0.34532374100719426,0.25,0.25,0,0,0
A0A669DVI7,B3EWP3,0.23943661971830985,0.0625,0.0625,0,0,0
A0A669DVI7,B4X640,0.31654676258992803,0.125,0.1125,0,0,0
A0A669DVI7,B4XID4,0.18705035971223022,0.1,0.1,0,0,0
A0A669DVI7,B5DGM7,0.302158273381295,0.1875,0.1875,0,0,0
A0A669DVI7,B5DGQ7,0.31654676258992803,0.1875,0.1125,0,0,0
A0A669DVI7,B7P072,0.18705035971223022,0.15,0.15,0,0,0
A0A669DVI7,B7P074,0.302158273381295,0.125,0.125,0,0,0
A0A669DVI7,B7SLJ1,0.3597122302158273,0.125,0.125,0,0,0
A0A669DVI7,B7SNI3,0.20863309352517986,0.1375,0.1375,0,0,0
A0A669DVI7,B8AL97,0.3237410071942446,0.2125,0.1,0,0,0
A0A669DVI7,C0HJZ1,0.25,0.0625,0.0625,0,0,0
A0A669DVI7,C0HL99,0.3394495412844037,0.35,0.35,1,0,0
A0A669DVI7,C0HM28,0.20863309352517986,0.075,0.075,0,0,0
A0A669DVI7,C7A639,0.26618705035971224,0.0875,0.0875,0,0,0
A0A669DVI7,C7E3T4,0.34532374100719426,0.2,0.1125,0,0,0
A0A669DVI7,D0E0C7,0.22302158273381295,0.0875,0.075,0,0,0
A0A669DVI7,D2TE73,0.28776978417266186,0.1125,0.1125,0,0,0
A0A669DVI7,E3SU11,0.22302158273381295,0.075,0.075,0,0,0
A0A669DVI7,I0J1J1,0.2949640287769784,0.1375,0.05,0,0,0
A0A669DVI7,O22317,0.2517985611510791,0.15,0.15,0,0,0
A0A669DVI7,O44119,0.20863309352517986,0.075,0.075,0,0,0
A0A669DVI7,O64458,0.2949640287769784,0.2375,0.225,0,0,0
A0A669DVI7,O65810,0.33587786259541985,0.3375,0.3375,1,0,0
A0A669DVI7,P00698,0.19424460431654678,0.0875,0.0875,0,0,0
A0A669DVI7,P00711,0.18705035971223022,0.0875,0.0875,0,0,0
A0A669DVI7,P00940,0.2589928057553957,0.15,0.2125,0,0,0
A0A669DVI7,P01005,0.2733812949640288,0.175,0.075,0,0,0
A0A669DVI7,P01012,0.20863309352517986,0.15,0.1625,0,0,0
A0A669DVI7,P01085,0.12096774193548387,0.1,0.1,0,0,0
A0A669DVI7,P02197,0.17266187050359713,0.075,0.0625,0,0,0
A0A669DVI7,P02622,0.21238938053097345,0.05,0.05,0,0,0
A0A669DVI7,P02662,0.17985611510791366,0.1,0.0625,0,0,0
A0A669DVI7,P02754,0.2014388489208633,0.075,0.075,0,0,0
A0A669DVI7,P02769,0.3237410071942446,0.0875,0.0875,0,0,0
A0A669DVI7,P02789,0.381294964028777,0.0875,0.0875,0,0,0
A0A669DVI7,P04722,0.17266187050359713,0.075,0.075,0,0,0
A0A669DVI7,P07322,0.34532374100719426,0.1375,0.1375,0,0,0
A0A669DVI7,P08819,0.2949640287769784,0.125,0.075,0,0,0
A0A669DVI7,P0C0Y3,0.35877862595419846,0.3875,0.3875,1,0,0
A0A669DVI7,P10184,0.3597122302158273,0.075,0.075,0,0,0
A0A669DVI7,P11828,0.3237410071942446,0.1125,0.1125,0,0,0
A0A669DVI7,P12670,0.19424460431654678,0.2,0.2,0,0,0
A0A669DVI7,P13744,0.28776978417266186,0.1125,0.1125,0,0,0
A0A669DVI7,P16348,0.23741007194244604,0.1125,0.1125,0,0,0
A0A669DVI7,P19121,0.33093525179856115,0.0625,0.0625,0,0,0
A0A669DVI7,P24337,0.2125,0.0625,0.0625,0,0,0
A0A669DVI7,P25974,0.2805755395683453,0.075,0.0625,0,0,0
A0A669DVI7,P26987,0.20863309352517986,0.1375,0.1375,0,0,0
A0A669DVI7,P29835,0.18705035971223022,0.05,0.0375,0,0,0
A0A669DVI7,P30941,0.20863309352517986,0.05,0.05,0,0,0
A0A669DVI7,P43211,0.2302158273381295,0.125,0.125,0,0,0
A0A669DVI7,P43237,0.30935251798561153,0.125,0.1,0,0,0
A0A669DVI7,P49231,0.33587786259541985,0.3375,0.3375,1,0,0
A0A669DVI7,P50694,0.26618705035971224,0.0875,0.0875,0,0,0
A0A669DVI7,P80026,0.21100917431192662,0.0875,0.0875,0,0,0
A0A669DVI7,P81370,0.22302158273381295,0.075,0.075,0,0,0
A0A669DVI7,P81402,0.2087912087912088,0.0625,0.0625,0,0,0
A0A669DVI7,P84177,0.3511450381679389,0.3875,0.3875,1,0,0
A0A669DVI7,P84527,0.20863309352517986,0.1,0.1,0,0,0
A0A669DVI7,P85524,0.17266187050359713,0.05,0.0375,0,0,0
A0A669DVI7,P85894,0.24175824175824176,0.075,0.075,0,0,0
A0A669DVI7,P86137,0.20652173913043478,0.1125,0.1125,0,0,0
A0A669DVI7,P86888,0.3333333333333333,0.0875,0.0875,0,0,0
A0A669DVI7,P87498,0.5035971223021583,0.2375,0.25,0,0,0
A0A669DVI7,P93594,0.34532374100719426,0.1375,0.1375,0,0,0
A0A669DVI7,Q004B5,0.33093525179856115,0.2,0.05,0,0,0
A0A669DVI7,Q01881,0.2158273381294964,0.0625,0.05,0,0,0
A0A669DVI7,Q0DEV5,0.34532374100719426,0.1125,0.075,0,0,0
A0A669DVI7,Q2I6V8,0.2158273381294964,0.0625,0.0625,0,0,0
A0A669DVI7,Q39453,0.2302158273381295,0.0625,0.0625,0,0,0
A0A669DVI7,Q39649,0.2158273381294964,0.0875,0.0875,0,0,0
A0A669DVI7,Q41115,0.2805755395683453,0.2125,0.2125,0,0,0
A0A669DVI7,Q41258,0.1590909090909091,0.05,0.05,0,0,0
A0A669DVI7,Q45W87,0.24087591240875914,0.0625,0.0625,0,0,0
A0A669DVI7,Q647G3,0.22302158273381295,0.0875,0.0875,0,0,0
A0A669DVI7,Q647G5,0.2302158273381295,0.0875,0.0875,0,0,0
A0A669DVI7,Q647G9,0.16546762589928057,0.0625,0.0625,0,0,0
A0A669DVI7,Q6TPK4,0.25862068965517243,0.0875,0.0875,0,0,0
A0A669DVI7,Q6VT83,0.22302158273381295,0.1375,0.1375,0,0,0
A0A669DVI7,Q7X8H9,0.17266187050359713,0.075,0.075,0,0,0
A0A669DVI7,Q84T21,0.18705035971223022,0.0875,0.0875,0,0,0
A0A669DVI7,Q84T91,0.18705035971223022,0.0875,0.05,0,0,0
A0A669DVI7,Q8GT39,0.3435114503816794,0.3625,0.3625,1,0,0
A0A669DVI7,Q8H4L8,0.20863309352517986,0.075,0.0625,0,0,0
A0A669DVI7,Q8L5E0,0.15827338129496402,0.075,0.075,0,0,0
A0A669DVI7,Q8S4P9,0.31654676258992803,0.1375,0.1375,0,0,0
A0A669DVI7,Q8SAE7,0.2014388489208633,0.075,0.075,0,0,0
A0A669DVI7,Q90YK9,0.23853211009174313,0.0875,0.05,0,0,0
A0A669DVI7,Q91482,0.21100917431192662,0.05,0.05,0,0,0
A0A669DVI7,Q93YG7,0.3053435114503817,0.3375,0.3375,1,0,0
A0A669DVI7,Q948T6,0.2733812949640288,0.1125,0.0625,0,0,0
A0A669DVI7,Q94JN3,0.35877862595419846,0.4,0.4,1,0,0
A0A669DVI7,Q9ATH2,0.19130434782608696,0.0375,0.0375,0,0,0
A0A669DVI7,Q9AVK8,0.28776978417266186,0.1375,0.1375,0,0,0
A0A669DVI7,Q9AXI0,0.2158273381294964,0.1375,0.1375,0,0,0
A0A669DVI7,Q9FSG7,0.2446043165467626,0.175,0.175,0,0,0
A0A669DVI7,Q9FSY7,0.35251798561151076,0.1375,0.1,0,0,0
A0A669DVI7,Q9FUJ9,0.17985611510791366,0.1125,0.1125,0,0,0
A0A669DVI7,Q9M5X7,0.20869565217391303,0.1125,0.0625,0,0,0
A0A669DVI7,Q9M5X8,0.18803418803418803,0.0625,0.0625,0,0,0
A0A669DVI7,Q9M7R0,0.17985611510791366,0.0875,0.0875,0,0,0
A0A669DVI7,Q9SQI9,0.32061068702290074,0.3625,0.3625,1,0,0
A0A669DVI7,Q9XF39,0.35877862595419846,0.4,0.4,1,0,0
A0A669DVI7,Q9XHP0,0.28776978417266186,0.1,0.1,0,0,0
A0A669DVI7,Q9XHP1,0.20863309352517986,0.05,0.05,0,0,0
A0A669DVI7,Q9XHP2,0.22302158273381295,0.0625,0.0625,0,0,0
A0A669DVI7,T2DN75,0.26618705035971224,0.1,0.1,0,0,0
A0A669DVI7,V5XVK5,0.22302158273381295,0.2,0.2,0,0,0
A0A669DVI7,V7AEY9,0.2589928057553957,0.1,0.1,0,0,0
A0A669DVI7,V7B793,0.24193548387096775,0.125,0.125,0,0,0
A0A669DVI7,V7CAE0,0.22302158273381295,0.125,0.125,0,0,0
A0A669DVI7,V7CE49,0.18705035971223022,0.175,0.175,0,0,0
A0A669DVI7,V7CEG9,0.17293233082706766,0.075,0.075,0,0,0
A0A669DVI7,W5X2N3,0.2589928057553957,0.075,0.075,0,0,0
A0A669DVI7,W8PPL3,0.31654676258992803,0.1,0.1,0,0,0
A0A669EKH3,A0A6J1HTX7,0.20909090909090908,0.0625,0.0625,0,0,0
A0A669EKH3,A0A6J1I2B7,0.2,0.0625,0.0625,0,0,0
A0A669EKH3,A0A6J1ITC1,0.39090909090909093,0.125,0.125,0,0,0
A0A669EKH3,A0A6J1ITQ4,0.20909090909090908,0.0875,0.0875,0,0,0
A0A669EKH3,A0A6J1J7G6,0.2545454545454545,0.0625,0.0625,0,0,0
A0A669EKH3,A0A6J1JNR0,0.22727272727272727,0.0375,0.0375,0,0,0
A0A669EKH3,A0A6J1KZ37,0.23636363636363636,0.0625,0.0625,0,0,0
A0A669EKH3,A0A6P5RU98,0.21818181818181817,0.0625,0.05,0,0,0
A0A669EKH3,A0A7U3MZV8,0.39090909090909093,0.1625,0.075,0,0,0
A0A669EKH3,A0A8S0TDN7,0.27380952380952384,0.2375,0.2375,0,1,0
A0A669EKH3,A0A8V0X7U8,0.2545454545454545,0.1,0.0625,0,0,0
A0A669EKH3,A0AA49EHN2,0.2818181818181818,0.15,0.15,0,0,0
A0A669EKH3,A0AA87YQ47,0.2,0.0625,0.0625,0,0,0
A0A669EKH3,A0AA87Z5N0,0.35454545454545455,0.0875,0.0875,0,0,0
A0A669EKH3,A0AA87ZVW7,0.19090909090909092,0.0625,0.0625,0,0,0
A0A669EKH3,A0AA87ZZH8,0.19090909090909092,0.05,0.05,0,0,0
A0A669EKH3,A0AA88A2P2,0.3,0.0625,0.0625,0,0,0
A0A669EKH3,A0AA88A7B3,0.19090909090909092,0.0875,0.0875,0,0,0
A0A669EKH3,A0AA88AGZ7,0.36363636363636365,0.15,0.15,0,0,0
A0A669EKH3,A0AA88D362,0.20909090909090908,0.0875,0.0875,0,0,0
A0A669EKH3,A0AA88D3F8,0.37272727272727274,0.0625,0.0625,0,0,0
A0A669EKH3,A0AA88DB57,0.23636363636363636,0.1,0.1,0,0,0
A0A669EKH3,A0AA88DB90,0.19090909090909092,0.0625,0.0375,0,0,0
A0A669EKH3,A0AA88DF49,0.3,0.1,0.1,0,0,0
A0A669EKH3,A0AA88DXA8,0.2909090909090909,0.0625,0.0625,0,0,0
A0A669EKH3,A0ACI6NPV3,0.37272727272727274,0.1125,0.1125,0,0,0
A0A669EKH3,A0ACI6Q4D5,0.3090909090909091,0.1625,0.1625,0,0,0
A0A669EKH3,A0ACI6Q9Z7,0.5181818181818182,0.6125,0.6125,1,9,5
A0A669EKH3,A0ACM5K329,0.2909090909090909,0.125,0.125,0,0,0
A0A669EKH3,A0ACM5KKC3,0.2727272727272727,0.0625,0.0625,0,0,0
A0A669EKH3,A1KYZ2,0.2818181818181818,0.175,0.175,0,0,0
A0A669EKH3,A5HII1,0.3181818181818182,0.2125,0.2125,0,0,0
A0A669EKH3,B3EWP3,0.22535211267605634,0.05,0.05,0,0,0
A0A669EKH3,B4X640,0.3,0.05,0.05,0,0,0
A0A669EKH3,B4XID4,0.20909090909090908,0.1375,0.1375,0,0,0
A0A669EKH3,B5DGM7,0.33636363636363636,0.1375,0.1375,0,0,0
A0A669EKH3,B5DGQ7,0.35454545454545455,0.075,0.075,0,0,0
A0A669EKH3,B7P072,0.24545454545454545,0.05,0.05,0,0,0
A0A669EKH3,B7P074,0.2818181818181818,0.1,0.1,0,0,0
A0A669EKH3,B7SLJ1,0.4,0.1375,0.1375,0,0,0
A0A669EKH3,B7SNI3,0.23636363636363636,0.1625,0.1625,0,0,0
A0A669EKH3,B8AL97,0.37272727272727274,0.2125,0.1625,0,0,0
A0A669EKH3,C0HJZ1,0.2361111111111111,0.0375,0.0375,0,0,0
A0A669EKH3,C0HL99,0.22018348623853212,0.075,0.075,0,0,0
A0A669EKH3,C0HM28,0.2636363636363636,0.0625,0.0625,0,0,0
A0A669EKH3,C7A639,0.2727272727272727,0.2375,0.2375,0,0,0
A0A669EKH3,C7E3T4,0.3181818181818182,0.1625,0.1625,0,0,0
A0A669EKH3,D0E0C7,0.2636363636363636,0.075,0.075,0,0,0
A0A669EKH3,D2TE73,0.22727272727272727,0.0625,0.0625,0,0,0
A0A669EKH3,E3SU11,0.21818181818181817,0.0625,0.0625,0,0,0
A0A669EKH3,I0J1J1,0.2727272727272727,0.125,0.0625,0,0,0
A0A669EKH3,O22317,0.3090909090909091,0.075,0.075,0,0,0
A0A669EKH3,O44119,0.2727272727272727,0.175,0.175,0,0,0
A0A669EKH3,O64458,0.35454545454545455,0.2,0.2,0,0,0
A0A669EKH3,O65810,0.20909090909090908,0.125,0.125,0,0,0
A0A669EKH3,P00698,0.20909090909090908,0.0625,0.0625,0,0,0
A0A669EKH3,P00711,0.24545454545454545,0.0625,0.0625,0,0,0
A0A669EKH3,P00940,0.37272727272727274,0.1375,0.1375,0,0,0
A0A669EKH3,P01005,0.3090909090909091,0.0875,0.0875,0,0,0
A0A669EKH3,P01012,0.3090909090909091,0.075,0.075,0,0,0
A0A669EKH3,P01085,0.20909090909090908,0.075,0.05,0,0,0
A0A669EKH3,P02197,0.2727272727272727,0.0625,0.0625,0,0,0
A0A669EKH3,P02622,0.5818181818181818,0.6375,0.6375,1,12,6
A0A669EKH3,P02662,0.24545454545454545,0.05,0.05,0,0,0
A0A669EKH3,P02754,0.24545454545454545,0.0625,0.0625,0,0,0
A0A669EKH3,P02769,0.39090909090909093,0.125,0.125,0,0,0
A0A669EKH3,P02789,0.42727272727272725,0.1625,0.1625,0,0,0
A0A669EKH3,P04722,0.20909090909090908,0.05,0.05,0,0,0
A0A669EKH3,P07322,0.39090909090909093,0.075,0.075,0,0,0
A0A669EKH3,P08819,0.34545454545454546,0.1375,0.075,0,0,0
A0A669EKH3,P0C0Y3,0.19090909090909092,0.0875,0.0875,0,0,0
A0A669EKH3,P10184,0.32727272727272727,0.0875,0.0875,0,0,0
A0A669EKH3,P11828,0.3,0.1,0.1,0,0,0
A0A669EKH3,P12670,0.22727272727272727,0.0625,0.0625,0,0,0
A0A669EKH3,P13744,0.32727272727272727,0.1,0.1,0,0,0
A0A669EKH3,P16348,0.23636363636363636,0.075,0.075,0,0,0
A0A669EKH3,P19121,0.32727272727272727,0.15,0.15,0,0,0
A0A669EKH3,P24337,0.1875,0.0375,0.0375,0,0,0
A0A669EKH3,P25974,0.33636363636363636,0.15,0.15,0,0,0
A0A669EKH3,P26987,0.3090909090909091,0.1125,0.1125,0,0,0
A0A669EKH3,P29835,0.22727272727272727,0.0625,0.05,0,0,0
A0A669EKH3,P30941,0.33636363636363636,0.05,0.05,0,0,0
A0A669EKH3,P43211,0.2545454545454545,0.0625,0.0625,0,0,0
A0A669EKH3,P43237,0.35454545454545455,0.1375,0.1375,0,0,0
A0A669EKH3,P49231,0.20909090909090908,0.1125,0.1125,0,0,0
A0A669EKH3,P50694,0.2727272727272727,0.075,0.075,0,0,0
A0A669EKH3,P80026,0.5321100917431193,0.6125,0.6125,1,7,4
A0A669EKH3,P81370,0.23636363636363636,0.1,0.075,0,0,0
A0A669EKH3,P81402,0.16483516483516483,0.0375,0.0375,0,0,0
A0A669EKH3,P84177,0.18181818181818182,0.175,0.175,0,0,0
A0A669EKH3,P84527,0.3,0.0875,0.0875,0,0,0
A0A669EKH3,P85524,0.22727272727272727,0.2,0.0875,0,0,0
A0A669EKH3,P85894,0.1978021978021978,0.0875,0.075,0,0,0
A0A669EKH3,P86137,0.20652173913043478,0.1,0.075,0,0,0
A0A669EKH3,P86888,0.23809523809523808,0.0375,0.0375,0,0,0
A0A669EKH3,P87498,0.43636363636363634,0.1375,0.1375,0,0,0
A0A669EKH3,P93594,0.41818181818181815,0.2875,0.2875,0,0,0
A0A669EKH3,Q004B5,0.37272727272727274,0.15,0.15,0,0,0
A0A669EKH3,Q01881,0.18181818181818182,0.0625,0.0625,0,0,0
A0A669EKH3,Q0DEV5,0.41818181818181815,0.1,0.1,0,0,0
A0A669EKH3,Q2I6V8,0.24545454545454545,0.05,0.05,0,0,0
A0A669EKH3,Q39453,0.21818181818181817,0.0875,0.0875,0,0,0
A0A669EKH3,Q39649,0.16363636363636364,0.0375,0.0375,0,0,0
A0A669EKH3,Q41115,0.4090909090909091,0.225,0.225,0,0,0
A0A669EKH3,Q41258,0.15454545454545454,0.05,0.0375,0,0,0
A0A669EKH3,Q45W87,0.19090909090909092,0.0875,0.0875,0,0,0
A0A669EKH3,Q647G3,0.20909090909090908,0.1,0.0875,0,0,0
A0A669EKH3,Q647G5,0.2545454545454545,0.0625,0.0625,0,0,0
A0A669EKH3,Q647G9,0.23636363636363636,0.05,0.05,0,0,0
A0A669EKH3,Q6TPK4,0.20909090909090908,0.05,0.05,0,0,0
A0A669EKH3,Q6VT83,0.3,0.175,0.175,0,0,0
A0A669EKH3,Q7X8H9,0.2727272727272727,0.15,0.15,0,0,0
A0A669EKH3,Q84T21,0.22727272727272727,0.075,0.075,0,0,0
A0A669EKH3,Q84T91,0.18181818181818182,0.0625,0.0625,0,0,0
A0A669EKH3,Q8GT39,0.17272727272727273,0.075,0.075,0,0,0
A0A669EKH3,Q8H4L8,0.24545454545454545,0.05,0.05,0,0,0
A0A669EKH3,Q8L5E0,0.20909090909090908,0.05,0.05,0,0,0
A0A669EKH3,Q8S4P9,0.2727272727272727,0.125,0.125,0,0,0
A0A669EKH3,Q8SAE7,0.24545454545454545,0.1,0.1,0,0,0
A0A669EKH3,Q90YK9,0.7064220183486238,0.7375,0.7375,1,11,5
A0A669EKH3,Q91482,0.6513761467889908,0.7125,0.7125,1,7,3
A0A669EKH3,Q93YG7,0.12727272727272726,0.1625,0.1625,0,0,0
A0A669EKH3,Q948T6,0.36363636363636365,0.175,0.175,0,0,0
A0A669EKH3,Q94JN3,0.21818181818181817,0.075,0.075,0,0,0
A0A669EKH3,Q9ATH2,0.2,0.0625,0.0625,0,0,0
A0A669EKH3,Q9AVK8,0.2909090909090909,0.0875,0.0875,0,0,0
A0A669EKH3,Q9AXI0,0.23636363636363636,0.05,0.05,0,0,0
A0A669EKH3,Q9FSG7,0.23636363636363636,0.075,0.075,0,0,0
A0A669EKH3,Q9FSY7,0.33636363636363636,0.2625,0.2,0,0,0
A0A669EKH3,Q9FUJ9,0.2545454545454545,0.125,0.125,0,0,0
A0A669EKH3,Q9M5X7,0.18181818181818182,0.1375,0.1375,0,0,0
A0A669EKH3,Q9M5X8,0.15454545454545454,0.0625,0.05,0,0,0
A0A669EKH3,Q9M7R0,0.3181818181818182,0.25,0.25,0,0,0
A0A669EKH3,Q9SQI9,0.13636363636363635,0.1,0.1,0,0,0
A0A669EKH3,Q9XF39,0.21818181818181817,0.1875,0.1875,0,0,0
A0A669EKH3,Q9XHP0,0.3090909090909091,0.1375,0.1375,0,0,0
A0A669EKH3,Q9XHP1,0.16363636363636364,0.075,0.075,0,0,0
A0A669EKH3,Q9XHP2,0.2,0.0625,0.0625,0,0,0
A0A669EKH3,T2DN75,0.2909090909090909,0.1,0.1,0,0,0
A0A669EKH3,V5XVK5,0.21818181818181817,0.0875,0.0625,0,0,0
A0A669EKH3,V7AEY9,0.35454545454545455,0.15,0.15,0,0,0
A0A669EKH3,V7B793,0.20909090909090908,0.0875,0.05,0,0,0
A0A669EKH3,V7CAE0,0.20909090909090908,0.075,0.075,0,0,0
A0A669EKH3,V7CE49,0.21818181818181817,0.0625,0.05,0,0,0
A0A669EKH3,V7CEG9,0.2545454545454545,0.075,0.075,0,0,0
A0A669EKH3,W5X2N3,0.24545454545454545,0.05,0.05,0,0,0
A0A669EKH3,W8PPL3,0.33636363636363636,0.0875,0.0875,0,0,0
A0A6J1HTX7,A0A6J1I2B7,0.21774193548387097,0.25,0.2375,0,0,0
A0A6J1HTX7,A0A6J1ITC1,0.3790322580645161,0.2375,0.175,0,0,0
A0A6J1HTX7,A0A6J1ITQ4,0.20161290322580644,0.0625,0.0625,0,0,0
A0A6J1HTX7,A0A6J1J7G6,0.29838709677419356,0.0375,0.0375,0,0,0
A0A6J1HTX7,A0A6J1JNR0,0.21774193548387097,0.1125,0.05,0,0,0
A0A6J1HTX7,A0A6J1KZ37,0.14516129032258066,0.05,0.05,0,0,0
A0A6J1HTX7,A0A6P5RU98,0.12096774193548387,0.05,0.0375,0,0,0
A0A6J1HTX7,A0A7U3MZV8,0.25806451612903225,0.175,0.175,0,0,0
A0A6J1HTX7,A0A8S0TDN7,0.21428571428571427,0.05,0.05,0,0,0
A0A6J1HTX7,A0A8V0X7U8,0.31451612903225806,0.1125,0.1125,0,0,0
A0A6J1HTX7,A0AA49EHN2,0.14516129032258066,0.0375,0.0375,0,0,0
A0A6J1HTX7,A0AA87YQ47,0.24193548387096775,0.275,0.25,0,0,0
A0A6J1HTX7,A0AA87Z5N0,0.3629032258064516,0.1,0.05,0,0,0
A0A6J1HTX7,A0AA87ZVW7,0.3951612903225806,0.45,0.45,1,0,0
A0A6J1HTX7,A0AA87ZZH8,0.20161290322580644,0.1375,0.1375,0,0,0
A0A6J1HTX7,A0AA88A2P2,0.3951612903225806,0.3875,0.3625,1,0,0
A0A6J1HTX7,A0AA88A7B3,0.21774193548387097,0.0625,0.0625,0,0,0
A0A6J1HTX7,A0AA88AGZ7,0.3548387096774194,0.2,0.2,0,0,0
A0A6J1HTX7,A0AA88D362,0.1693548387096774,0.1,0.1,0,0,0
A0A6J1HTX7,A0AA88D3F8,0.3387096774193548,0.3375,0.325,1,0,0
A0A6J1HTX7,A0AA88DB57,0.25,0.1625,0.1625,0,0,0
A0A6J1HTX7,A0AA88DB90,0.25,0.1875,0.1875,0,0,0
A0A6J1HTX7,A0AA88DF49,0.2903225806451613,0.1875,0.1875,0,0,0
A0A6J1HTX7,A0AA88DXA8,0.1774193548387097,0.1125,0.1125,0,0,0
A0A6J1HTX7,A0ACI6NPV3,0.3467741935483871,0.1375,0.1375,0,0,0
A0A6J1HTX7,A0ACI6Q4D5,0.2903225806451613,0.1375,0.1375,0,0,0
A0A6J1HTX7,A0ACI6Q9Z7,0.2,0.1125,0.0625,0,0,0
A0A6J1HTX7,A0ACM5K329,0.29838709677419356,0.125,0.1,0,0,0
A0A6J1HTX7,A0ACM5KKC3,0.21774193548387097,0.125,0.125,0,0,0
A0A6J1HTX7,A1KYZ2,0.24193548387096775,0.1125,0.1125,0,0,0
A0A6J1HTX7,A5HII1,0.3225806451612903,0.1,0.1,0,0,0
A0A6J1HTX7,B3EWP3,0.23943661971830985,0.1125,0.1125,0,0,0
A0A6J1HTX7,B4X640,0.33064516129032256,0.1125,0.1125,0,0,0
A0A6J1HTX7,B4XID4,0.25,0.2,0.2,0,0,0
A0A6J1HTX7,B5DGM7,0.2903225806451613,0.125,0.125,0,0,0
A0A6J1HTX7,B5DGQ7,0.3387096774193548,0.175,0.175,0,0,0
A0A6J1HTX7,B7P072,0.24193548387096775,0.175,0.175,0,0,0
A0A6J1HTX7,B7P074,0.3467741935483871,0.125,0.125,0,0,0
A0A6J1HTX7,B7SLJ1,0.31451612903225806,0.075,0.075,0,0,0
A0A6J1HTX7,B7SNI3,0.21774193548387097,0.0625,0.0625,0,0,0
A0A6J1HTX7,B8AL97,0.2661290322580645,0.1125,0.1125,0,0,0
A0A6J1HTX7,C0HJZ1,0.2916666666666667,0.075,0.0625,0,0,0
A0A6J1HTX7,C0HL99,0.1559633027522936,0.0625,0.0625,0,0,0
A0A6J1HTX7,C0HM28,0.21774193548387097,0.125,0.125,0,0,0
A0A6J1HTX7,C7A639,0.28225806451612906,0.2,0.2,0,0,0
A0A6J1HTX7,C7E3T4,0.3064516129032258,0.1,0.1,0,0,0
A0A6J1HTX7,D0E0C7,0.1532258064516129,0.0625,0.0625,0,0,0
A0A6J1HTX7,D2TE73,0.22580645161290322,0.075,0.075,0,0,0
A0A6J1HTX7,E3SU11,0.2903225806451613,0.1375,0.1375,0,0,0
A0A6J1HTX7,I0J1J1,0.3709677419354839,0.125,0.1125,0,0,0
A0A6J1HTX7,O22317,0.3225806451612903,0.1375,0.1375,0,0,0
A0A6J1HTX7,O44119,0.29838709677419356,0.1125,0.1125,0,0,0
A0A6J1HTX7,O64458,0.31451612903225806,0.125,0.1,0,0,0
A0A6J1HTX7,O65810,0.18548387096774194,0.075,0.075,0,0,0
A0A6J1HTX7,P00698,0.20161290322580644,0.1,0.05,0,0,0
A0A6J1HTX7,P00711,0.22580645161290322,0.1625,0.1625,0,0,0
A0A6J1HTX7,P00940,0.27419354838709675,0.075,0.075,0,0,0
A0A6J1HTX7,P01005,0.22580645161290322,0.2375,0.075,0,0,0
A0A6J1HTX7,P01012,0.29838709677419356,0.1375,0.1375,0,0,0
A0A6J1HTX7,P01085,0.25806451612903225,0.15,0.15,0,0,0
A0A6J1HTX7,P02197,0.1935483870967742,0.0625,0.0625,0,0,0
A0A6J1HTX7,P02622,0.20353982300884957,0.0875,0.0875,0,0,0
A0A6J1HTX7,P02662,0.18548387096774194,0.1,0.1,0,0,0
A0A6J1HTX7,P02754,0.21774193548387097,0.15,0.0625,0,0,0
A0A6J1HTX7,P02769,0.3467741935483871,0.1,0.1,0,0,0
A0A6J1HTX7,P02789,0.3467741935483871,0.175,0.175,0,0,0
A0A6J1HTX7,P04722,0.1935483870967742,0.075,0.075,0,0,0
A0A6J1HTX7,P07322,0.3225806451612903,0.15,0.15,0,0,0
A0A6J1HTX7,P08819,0.29838709677419356,0.0875,0.0875,0,0,0
A0A6J1HTX7,P0C0Y3,0.1774193548387097,0.0625,0.0625,0,0,0
A0A6J1HTX7,P10184,0.3387096774193548,0.175,0.175,0,0,0
A0A6J1HTX7,P11828,0.3064516129032258,0.075,0.0625,0,0,0
A0A6J1HTX7,P12670,0.2903225806451613,0.15,0.15,0,0,0
A0A6J1HTX7,P13744,0.3225806451612903,0.0625,0.0625,0,0,0
A0A6J1HTX7,P16348,0.23387096774193547,0.075,0.075,0,0,0
A0A6J1HTX7,P19121,0.3629032258064516,0.0875,0.0625,0,0,0
A0A6J1HTX7,P24337,0.2625,0.2125,0.2125,0,0,0
A0A6J1HTX7,P25974,0.29838709677419356,0.075,0.075,0,0,0
A0A6J1HTX7,P26987,0.1774193548387097,0.075,0.075,0,0,0
A0A6J1HTX7,P29835,0.3629032258064516,0.125,0.125,0,0,0
A0A6J1HTX7,P30941,0.22580645161290322,0.1125,0.0625,0,0,0
A0A6J1HTX7,P43211,0.1693548387096774,0.0625,0.05,0,0,0
A0A6J1HTX7,P43237,0.28225806451612906,0.1125,0.1125,0,0,0
A0A6J1HTX7,P49231,0.18548387096774194,0.0625,0.0625,0,0,0
A0A6J1HTX7,P50694,0.27419354838709675,0.1625,0.1625,0,0,0
A0A6J1HTX7,P80026,0.1834862385321101,0.1125,0.05,0,0,0
A0A6J1HTX7,P81370,0.28225806451612906,0.075,0.075,0,0,0
A0A6J1HTX7,P81402,0.5164835164835165,0.5375,0.5125,1,1,0
A0A6J1HTX7,P84177,0.1693548387096774,0.0625,0.0625,0,0,0
A0A6J1HTX7,P84527,0.22580645161290322,0.1125,0.1125,0,0,0
A0A6J1HTX7,P85524,0.20161290322580644,0.05,0.025,0,0,0
A0A6J1HTX7,P85894,0.4945054945054945,0.5,0.4875,1,0,0
A0A6J1HTX7,P86137,0.45652173913043476,0.4625,0.45,1,0,0
A0A6J1HTX7,P86888,0.31746031746031744,0.0625,0.0375,0,0,0
A0A6J1HTX7,P87498,0.43548387096774194,0.175,0.1125,0,0,0
A0A6J1HTX7,P93594,0.3387096774193548,0.1375,0.1375,0,0,0
A0A6J1HTX7,Q004B5,0.29838709677419356,0.1,0.1,0,0,0
A0A6J1HTX7,Q01881,0.22580645161290322,0.1,0.1,0,0,0
A0A6J1HTX7,Q0DEV5,0.3870967741935484,0.0875,0.0625,0,0,0
A0A6J1HTX7,Q2I6V8,0.1532258064516129,0.075,0.075,0,0,0
A0A6J1HTX7,Q39453,0.20161290322580644,0.075,0.075,0,0,0
A0A6J1HTX7,Q39649,0.23387096774193547,0.2,0.2,0,0,0
A0A6J1HTX7,Q41115,0.25,0.0375,0.0375,0,0,0
A0A6J1HTX7,Q41258,0.25806451612903225,0.35,0.325,1,0,0
A0A6J1HTX7,Q45W87,0.20161290322580644,0.1875,0.175,0,0,0
A0A6J1HTX7,Q647G3,0.20161290322580644,0.2125,0.2125,0,0,0
A0A6J1HTX7,Q647G5,0.20161290322580644,0.075,0.0625,0,0,0
A0A6J1HTX7,Q647G9,0.24193548387096775,0.1875,0.1875,0,0,0
A0A6J1HTX7,Q6TPK4,0.21551724137931033,0.1375,0.1375,0,0,0
A0A6J1HTX7,Q6VT83,0.1935483870967742,0.075,0.075,0,0,0
A0A6J1HTX7,Q7X8H9,0.3064516129032258,0.1625,0.1,0,0,0
A0A6J1HTX7,Q84T21,0.20967741935483872,0.0625,0.0625,0,0,0
A0A6J1HTX7,Q84T91,0.20967741935483872,0.2625,0.2375,0,0,0
A0A6J1HTX7,Q8GT39,0.18548387096774194,0.0625,0.0625,0,0,0
A0A6J1HTX7,Q8H4L8,0.25806451612903225,0.1,0.1,0,0,0
A0A6J1HTX7,Q8L5E0,0.21774193548387097,0.1,0.1,0,0,0
A0A6J1HTX7,Q8S4P9,0.2903225806451613,0.125,0.1,0,0,0
A0A6J1HTX7,Q8SAE7,0.24193548387096775,0.075,0.075,0,0,0
A0A6J1HTX7,Q90YK9,0.21100917431192662,0.0625,0.05,0,0,0
A0A6J1HTX7,Q91482,0.21100917431192662,0.05,0.05,0,0,0
A0A6J1HTX7,Q93YG7,0.1935483870967742,0.0625,0.0625,0,0,0
A0A6J1HTX7,Q948T6,0.27419354838709675,0.1875,0.1875,0,0,0
A0A6J1HTX7,Q94JN3,0.20161290322580644,0.075,0.075,0,0,0
A0A6J1HTX7,Q9ATH2,0.3826086956521739,0.425,0.425,1,0,0
A0A6J1HTX7,Q9AVK8,0.3225806451612903,0.1,0.1,0,0,0
A0A6J1HTX7,Q9AXI0,0.1935483870967742,0.05,0.05,0,0,0
A0A6J1HTX7,Q9FSG7,0.29838709677419356,0.1375,0.1375,0,0,0
A0A6J1HTX7,Q9FSY7,0.3548387096774194,0.1375,0.1375,0,0,0
A0A6J1HTX7,Q9FUJ9,0.22580645161290322,0.15,0.15,0,0,0
A0A6J1HTX7,Q9M5X7,0.4782608695652174,0.5,0.475,1,0,0
A0A6J1HTX7,Q9M5X8,0.5128205128205128,0.5375,0.5125,1,1,0
A0A6J1HTX7,Q9M7R0,0.20161290322580644,0.1,0.1,0,0,0
A0A6J1HTX7,Q9SQI9,0.18548387096774194,0.075,0.0625,0,0,0
A0A6J1HTX7,Q9XF39,0.18548387096774194,0.0625,0.0625,0,0,0
A0A6J1HTX7,Q9XHP0,0.33064516129032256,0.075,0.075,0,0,0
A0A6J1HTX7,Q9XHP1,0.20161290322580644,0.1625,0.1625,0,0,0
A0A6J1HTX7,Q9XHP2,0.21774193548387097,0.2125,0.2,0,0,0
A0A6J1HTX7,T2DN75,0.3225806451612903,0.15,0.15,0,0,0
A0A6J1HTX7,V5XVK5,0.25806451612903225,0.0625,0.0625,0,0,0
A0A6J1HTX7,V7AEY9,0.2903225806451613,0.15,0.075,0,0,0
A0A6J1HTX7,V7B793,0.2661290322580645,0.3,0.3,1,0,0
A0A6J1HTX7,V7CAE0,0.1935483870967742,0.0875,0.0875,0,0,0
A0A6J1HTX7,V7CE49,0.1693548387096774,0.075,0.075,0,0,0
A0A6J1HTX7,V7CEG9,0.1935483870967742,0.1875,0.1875,0,0,0
A0A6J1HTX7,W5X2N3,0.18548387096774194,0.0875,0.0875,0,0,0
A0A6J1HTX7,W8PPL3,0.3064516129032258,0.1,0.0875,0,0,0
A0A6J1I2B7,A0A6J1ITC1,0.33088235294117646,0.1,0.1,0,0,0
A0A6J1I2B7,A0A6J1ITQ4,0.19083969465648856,0.1375,0.1375,0,0,0
A0A6J1I2B7,A0A6J1J7G6,0.2426470588235294,0.1625,0.1625,0,0,0
A0A6J1I2B7,A0A6J1JNR0,0.17647058823529413,0.0875,0.0875,0,0,0
A0A6J1I2B7,A0A6J1KZ37,0.18382352941176472,0.1625,0.1625,0,0,0
A0A6J1I2B7,A0A6P5RU98,0.16176470588235295,0.1,0.1,0,0,0
A0A6J1I2B7,A0A7U3MZV8,0.3382352941176471,0.0875,0.0875,0,0,0
A0A6J1I2B7,A0A8S0TDN7,0.25,0.0875,0.0875,0,0,0
A0A6J1I2B7,A0A8V0X7U8,0.3014705882352941,0.1,0.075,0,0,0
A0A6J1I2B7,A0AA49EHN2,0.21323529411764705,0.0625,0.0625,0,0,0
A0A6J1I2B7,A0AA87YQ47,0.6691176470588235,0.7625,0.7625,1,21,15
A0A6J1I2B7,A0AA87Z5N0,0.3235294117647059,0.0875,0.075,0,0,0
A0A6J1I2B7,A0AA87ZVW7,0.1935483870967742,0.2625,0.25,0,0,0
A0A6J1I2B7,A0AA87ZZH8,0.15441176470588236,0.075,0.075,0,0,0
A0A6J1I2B7,A0AA88A2P2,0.27205882352941174,0.175,0.175,0,0,0
A0A6J1I2B7,A0AA88A7B3,0.16911764705882354,0.1375,0.1375,0,0,0
A0A6J1I2B7,A0AA88AGZ7,0.3088235294117647,0.0625,0.0625,0,0,0
A0A6J1I2B7,A0AA88D362,0.20588235294117646,0.2125,0.2625,0,0,0
A0A6J1I2B7,A0AA88D3F8,0.3014705882352941,0.25,0.2375,0,0,0
A0A6J1I2B7,A0AA88DB57,0.3235294117647059,0.125,0.125,0,0,0
A0A6J1I2B7,A0AA88DB90,0.17647058823529413,0.1,0.1,0,0,0
A0A6J1I2B7,A0AA88DF49,0.3235294117647059,0.1875,0.175,0,0,0
A0A6J1I2B7,A0AA88DXA8,0.22794117647058823,0.1625,0.1625,0,0,0
A0A6J1I2B7,A0ACI6NPV3,0.3014705882352941,0.1375,0.0625,0,0,0
A0A6J1I2B7,A0ACI6Q4D5,0.16911764705882354,0.0875,0.0875,0,0,0
A0A6J1I2B7,A0ACI6Q9Z7,0.19090909090909092,0.0625,0.0625,0,0,0
A0A6J1I2B7,A0ACM5K329,0.3382352941176471,0.1375,0.1375,0,0,0
A0A6J1I2B7,A0ACM5KKC3,0.20588235294117646,0.1125,0.1,0,0,0
A0A6J1I2B7,A1KYZ2,0.2426470588235294,0.05,0.05,0,0,0
A0A6J1I2B7,A5HII1,0.34558823529411764,0.075,0.075,0,0,0
A0A6J1I2B7,B3EWP3,0.30985915492957744,0.1125,0.075,0,0,0
A0A6J1I2B7,B4X640,0.35294117647058826,0.2125,0.2125,0,1,0
A0A6J1I2B7,B4XID4,0.22794117647058823,0.1125,0.1125,0,0,0
A0A6J1I2B7,B5DGM7,0.33088235294117646,0.125,0.125,0,0,0
A0A6J1I2B7,B5DGQ7,0.29411764705882354,0.125,0.125,0,0,0
A0A6J1I2B7,B7P072,0.21323529411764705,0.075,0.0625,0,0,0
A0A6J1I2B7,B7P074,0.3382352941176471,0.1,0.0875,0,0,0
A0A6J1I2B7,B7SLJ1,0.33088235294117646,0.1,0.1,0,0,0
A0A6J1I2B7,B7SNI3,0.22058823529411764,0.1125,0.05,0,0,0
A0A6J1I2B7,B8AL97,0.36764705882352944,0.1625,0.1375,0,0,0
A0A6J1I2B7,C0HJZ1,0.3194444444444444,0.0875,0.075,0,0,0
A0A6J1I2B7,C0HL99,0.14678899082568808,0.05,0.05,0,0,0
A0A6J1I2B7,C0HM28,0.22058823529411764,0.2875,0.2875,0,0,0
A0A6J1I2B7,C7A639,0.17647058823529413,0.075,0.0625,0,0,0
A0A6J1I2B7,C7E3T4,0.3014705882352941,0.05,0.05,0,0,0
A0A6J1I2B7,D0E0C7,0.18382352941176472,0.05,0.05,0,0,0
A0A6J1I2B7,D2TE73,0.25,0.0875,0.05,0,0,0
A0A6J1I2B7,E3SU11,0.27941176470588236,0.1375,0.1375,0,0,0
A0A6J1I2B7,I0J1J1,0.3235294117647059,0.15,0.125,0,0,0
A0A6J1I2B7,O22317,0.29411764705882354,0.1375,0.1375,0,0,0
A0A6J1I2B7,O44119,0.21323529411764705,0.05,0.05,0,0,0
A0A6J1I2B7,O64458,0.25735294117647056,0.1125,0.1125,0,0,0
A0A6J1I2B7,O65810,0.183206106870229,0.1375,0.1375,0,0,0
A0A6J1I2B7,P00698,0.22794117647058823,0.1375,0.1375,0,0,0
A0A6J1I2B7,P00711,0.17647058823529413,0.125,0.0625,0,0,0
A0A6J1I2B7,P00940,0.25,0.125,0.125,0,0,0
A0A6J1I2B7,P01005,0.2647058823529412,0.0875,0.0875,0,0,0
A0A6J1I2B7,P01012,0.3088235294117647,0.0875,0.0875,0,0,0
A0A6J1I2B7,P01085,0.20967741935483872,0.0625,0.05,0,0,0
A0A6J1I2B7,P02197,0.20588235294117646,0.1,0.1,0,0,0
A0A6J1I2B7,P02622,0.20353982300884957,0.125,0.125,0,0,0
A0A6J1I2B7,P02662,0.22058823529411764,0.0875,0.0875,0,0,0
A0A6J1I2B7,P02754,0.2426470588235294,0.125,0.125,0,0,0
A0A6J1I2B7,P02769,0.41911764705882354,0.2125,0.2125,0,0,0
A0A6J1I2B7,P02789,0.34558823529411764,0.1375,0.1375,0,0,0
A0A6J1I2B7,P04722,0.21323529411764705,0.075,0.075,0,0,0
A0A6J1I2B7,P07322,0.25735294117647056,0.125,0.125,0,0,0
A0A6J1I2B7,P08819,0.3382352941176471,0.15,0.1125,0,0,0
A0A6J1I2B7,P0C0Y3,0.183206106870229,0.1375,0.1375,0,0,0
A0A6J1I2B7,P10184,0.3602941176470588,0.2125,0.2125,0,0,0
A0A6J1I2B7,P11828,0.34558823529411764,0.0875,0.0875,0,0,0
A0A6J1I2B7,P12670,0.3088235294117647,0.1875,0.1875,0,0,0
A0A6J1I2B7,P13744,0.2647058823529412,0.0625,0.0625,0,0,0
A0A6J1I2B7,P16348,0.22794117647058823,0.1875,0.1,0,0,0
A0A6J1I2B7,P19121,0.40441176470588236,0.1,0.075,0,0,0
A0A6J1I2B7,P24337,0.4375,0.4,0.4,1,0,0
A0A6J1I2B7,P25974,0.3014705882352941,0.0625,0.0625,0,0,0
A0A6J1I2B7,P26987,0.18382352941176472,0.1125,0.0875,0,0,0
A0A6J1I2B7,P29835,0.20588235294117646,0.1125,0.1125,0,0,0
A0A6J1I2B7,P30941,0.27941176470588236,0.125,0.125,0,0,0
A0A6J1I2B7,P43211,0.21323529411764705,0.0625,0.0625,0,0,0
A0A6J1I2B7,P43237,0.3382352941176471,0.125,0.125,0,0,0
A0A6J1I2B7,P49231,0.17557251908396945,0.1375,0.1375,0,0,0
A0A6J1I2B7,P50694,0.3161764705882353,0.1625,0.125,0,0,0
A0A6J1I2B7,P80026,0.1926605504587156,0.0625,0.0625,0,0,0
A0A6J1I2B7,P81370,0.29411764705882354,0.15,0.0875,0,0,0
A0A6J1I2B7,P81402,0.27472527472527475,0.2625,0.2625,0,0,0
A0A6J1I2B7,P84177,0.16793893129770993,0.125,0.125,0,0,0
A0A6J1I2B7,P84527,0.3088235294117647,0.1125,0.1125,0,0,0
A0A6J1I2B7,P85524,0.16176470588235295,0.0375,0.0375,0,0,0
A0A6J1I2B7,P85894,0.25274725274725274,0.25,0.25,0,0,0
A0A6J1I2B7,P86137,0.2391304347826087,0.2125,0.2125,0,0,0
A0A6J1I2B7,P86888,0.2698412698412698,0.1625,0.1625,0,0,0
A0A6J1I2B7,P87498,0.4485294117647059,0.1375,0.1375,0,0,0
A0A6J1I2B7,P93594,0.3014705882352941,0.225,0.225,0,0,0
A0A6J1I2B7,Q004B5,0.3088235294117647,0.0875,0.0875,0,0,0
A0A6J1I2B7,Q01881,0.2647058823529412,0.1125,0.1125,0,0,0
A0A6J1I2B7,Q0DEV5,0.36764705882352944,0.1,0.1,0,0,0
A0A6J1I2B7,Q2I6V8,0.22058823529411764,0.075,0.075,0,0,0
A0A6J1I2B7,Q39453,0.20588235294117646,0.0875,0.0875,0,0,0
A0A6J1I2B7,Q39649,0.22794117647058823,0.0875,0.0875,0,0,0
A0A6J1I2B7,Q41115,0.34558823529411764,0.0875,0.0875,0,0,0
A0A6J1I2B7,Q41258,0.23484848484848486,0.1875,0.175,0,0,0
A0A6J1I2B7,Q45W87,0.19852941176470587,0.1,0.1,0,0,0
A0A6J1I2B7,Q647G3,0.20588235294117646,0.2375,0.2375,0,0,0
A0A6J1I2B7,Q647G5,0.17647058823529413,0.0625,0.0625,0,0,0
A0A6J1I2B7,Q647G9,0.19117647058823528,0.0625,0.0625,0,0,0
A0A6J1I2B7,Q6TPK4,0.21551724137931033,0.1125,0.1125,0,0,0
A0A6J1I2B7,Q6VT83,0.17647058823529413,0.1,0.1,0,0,0
A0A6J1I2B7,Q7X8H9,0.25,0.1375,0.1375,0,0,0
A0A6J1I2B7,Q84T21,0.21323529411764705,0.0625,0.05,0,0,0
A0A6J1I2B7,Q84T91,0.20588235294117646,0.1,0.1,0,0,0
A0A6J1I2B7,Q8GT39,0.19083969465648856,0.175,0.175,0,0,0
A0A6J1I2B7,Q8H4L8,0.23529411764705882,0.2,0.2,0,0,0
A0A6J1I2B7,Q8L5E0,0.19117647058823528,0.0875,0.075,0,0,0
A0A6J1I2B7,Q8S4P9,0.25735294117647056,0.1375,0.1375,0,0,0
A0A6J1I2B7,Q8SAE7,0.23529411764705882,0.1375,0.05,0,0,0
A0A6J1I2B7,Q90YK9,0.24770642201834864,0.0625,0.0625,0,0,0
A0A6J1I2B7,Q91482,0.21100917431192662,0.0875,0.0875,0,0,0
A0A6J1I2B7,Q93YG7,0.183206106870229,0.125,0.125,0,0,0
A0A6J1I2B7,Q948T6,0.27941176470588236,0.0625,0.0625,0,0,0
A0A6J1I2B7,Q94JN3,0.20610687022900764,0.1375,0.1375,0,0,0
A0A6J1I2B7,Q9ATH2,0.22608695652173913,0.1625,0.125,0,0,0
A0A6J1I2B7,Q9AVK8,0.3161764705882353,0.0875,0.075,0,0,0
A0A6J1I2B7,Q9AXI0,0.23529411764705882,0.2375,0.2375,0,0,0
A0A6J1I2B7,Q9FSG7,0.33088235294117646,0.1625,0.0875,0,0,0
A0A6J1I2B7,Q9FSY7,0.3235294117647059,0.1625,0.1625,0,0,0
A0A6J1I2B7,Q9FUJ9,0.23529411764705882,0.2,0.2,0,0,0
A0A6J1I2B7,Q9M5X7,0.2782608695652174,0.2375,0.0875,0,0,0
A0A6J1I2B7,Q9M5X8,0.28205128205128205,0.2875,0.275,0,0,0
A0A6J1I2B7,Q9M7R0,0.19117647058823528,0.075,0.075,0,0,0
A0A6J1I2B7,Q9SQI9,0.19083969465648856,0.125,0.125,0,0,0
A0A6J1I2B7,Q9XF39,0.17557251908396945,0.125,0.125,0,0,0
A0A6J1I2B7,Q9XHP0,0.33088235294117646,0.1125,0.1,0,0,0
A0A6J1I2B7,Q9XHP1,0.18382352941176472,0.05,0.05,0,0,0
A0A6J1I2B7,Q9XHP2,0.21323529411764705,0.0875,0.0875,0,0,0
A0A6J1I2B7,T2DN75,0.3161764705882353,0.2125,0.2125,0,0,0
A0A6J1I2B7,V5XVK5,0.2647058823529412,0.075,0.0625,0,0,0
A0A6J1I2B7,V7AEY9,0.2867647058823529,0.1,0.075,0,0,0
A0A6J1I2B7,V7B793,0.2661290322580645,0.1875,0.0625,0,0,0
A0A6J1I2B7,V7CAE0,0.19117647058823528,0.1125,0.1125,0,0,0
A0A6J1I2B7,V7CE49,0.23529411764705882,0.1625,0.1625,0,0,0
A0A6J1I2B7,V7CEG9,0.6992481203007519,0.7625,0.7625,1,26,16
A0A6J1I2B7,W5X2N3,0.22794117647058823,0.075,0.05,0,0,0
A0A6J1I2B7,W8PPL3,0.29411764705882354,0.1375,0.1375,0,0,0
A0A6J1ITC1,A0A6J1ITQ4,0.32061068702290074,0.15,0.0875,0,0,0
A0A6J1ITC1,A0A6J1J7G6,0.28185328185328185,0.2125,0.0875,0,0,0
A0A6J1ITC1,A0A6J1JNR0,0.35185185185185186,0.175,0.1,0,0,0
A0A6J1ITC1,A0A6J1KZ37,0.3081761006289308,0.1875,0.1875,0,0,0
A0A6J1ITC1,A0A6P5RU98,0.3018867924528302,0.125,0.125,0,0,0
A0A6J1ITC1,A0A7U3MZV8,0.22045454545454546,0.25,0.25,0,0,0
A0A6J1ITC1,A0A8S0TDN7,0.35714285714285715,0.15,0.0625,0,0,0
A0A6J1ITC1,A0A8V0X7U8,0.2661290322580645,0.1375,0.125,0,0,0
A0A6J1ITC1,A0AA49EHN2,0.3333333333333333,0.2375,0.2375,0,0,0
A0A6J1ITC1,A0AA87YQ47,0.31386861313868614,0.0875,0.0875,0,0,0
A0A6J1ITC1,A0AA87Z5N0,0.2880324543610548,0.375,0.3,0,2,0
A0A6J1ITC1,A0AA87ZVW7,0.29838709677419356,0.1375,0.1375,0,0,0
A0A6J1ITC1,A0AA87ZZH8,0.5243243243243243,0.625,0.6,1,7,2
A0A6J1ITC1,A0AA88A2P2,0.21788990825688073,0.0875,0.075,0,0,0
A0A6J1ITC1,A0AA88A7B3,0.33793103448275863,0.1375,0.1125,0,0,0
A0A6J1ITC1,A0AA88AGZ7,0.1926977687626775,0.2,0.2,0,0,0
A0A6J1ITC1,A0AA88D362,0.34838709677419355,0.25,0.1125,0,0,0
A0A6J1ITC1,A0AA88D3F8,0.16998468606431852,0.2,0.2,0,0,0
A0A6J1ITC1,A0AA88DB57,0.2755905511811024,0.1625,0.15,0,0,0
A0A6J1ITC1,A0AA88DB90,0.29936305732484075,0.3375,0.3,0,0,0
A0A6J1ITC1,A0AA88DF49,0.25071225071225073,0.2375,0.2375,0,0,0
A0A6J1ITC1,A0AA88DXA8,0.3625,0.225,0.125,0,0,0
A0A6J1ITC1,A0ACI6NPV3,0.21956087824351297,0.325,0.3,0,0,0
A0A6J1ITC1,A0ACI6Q4D5,0.2676056338028169,0.3375,0.25,0,0,0
A0A6J1ITC1,A0ACI6Q9Z7,0.36363636363636365,0.125,0.1,0,0,0
A0A6J1ITC1,A0ACM5K329,0.4819532908704883,0.65,0.65,0,8,2
A0A6J1ITC1,A0ACM5KKC3,0.30177514792899407,0.175,0.175,0,0,0
A0A6J1ITC1,A1KYZ2,0.29577464788732394,0.3125,0.3125,0,0,0
A0A6J1ITC1,A5HII1,0.2736842105263158,0.125,0.0875,0,0,0
A0A6J1ITC1,B3EWP3,0.36619718309859156,0.175,0.175,0,0,0
A0A6J1ITC1,B4X640,0.41651376146788993,0.55,0.55,1,4,0
A0A6J1ITC1,B4XID4,0.38414634146341464,0.325,0.3,0,0,0
A0A6J1ITC1,B5DGM7,0.25068870523415976,0.125,0.125,0,0,0
A0A6J1ITC1,B5DGQ7,0.20967741935483872,0.1875,0.125,0,0,0
A0A6J1ITC1,B7P072,0.3422818791946309,0.325,0.275,0,0,0
A0A6J1ITC1,B7P074,0.2478813559322034,0.325,0.25,0,0,0
A0A6J1ITC1,B7SLJ1,0.22410147991543342,0.3375,0.2125,0,0,0
A0A6J1ITC1,B7SNI3,0.3502824858757062,0.1125,0.0875,0,0,0
A0A6J1ITC1,B8AL97,0.4,0.475,0.45,1,11,0
A0A6J1ITC1,C0HJZ1,0.3888888888888889,0.2375,0.2375,0,0,0
A0A6J1ITC1,C0HL99,0.28440366972477066,0.075,0.075,0,0,0
A0A6J1ITC1,C0HM28,0.3076923076923077,0.175,0.175,0,0,0
A0A6J1ITC1,C7A639,0.29015544041450775,0.15,0.15,0,0,0
A0A6J1ITC1,C7E3T4,0.23876404494382023,0.2,0.125,0,0,0
A0A6J1ITC1,D0E0C7,0.34591194968553457,0.2,0.2,0,0,0
A0A6J1ITC1,D2TE73,0.28217821782178215,0.1375,0.1125,0,0,0
A0A6J1ITC1,E3SU11,0.3274336283185841,0.1125,0.1125,0,0,0
A0A6J1ITC1,I0J1J1,0.21064814814814814,0.15,0.2125,0,0,0
A0A6J1ITC1,O22317,0.29411764705882354,0.125,0.1125,0,0,0
A0A6J1ITC1,O44119,0.30633802816901406,0.35,0.3125,0,0,0
A0A6J1ITC1,O64458,0.24538258575197888,0.25,0.1,0,0,0
A0A6J1ITC1,O65810,0.32061068702290074,0.125,0.075,0,0,0
A0A6J1ITC1,P00698,0.35374149659863946,0.175,0.175,0,0,0
A0A6J1ITC1,P00711,0.33098591549295775,0.15,0.15,0,0,0
A0A6J1ITC1,P00940,0.23790322580645162,0.15,0.1,0,0,0
A0A6J1ITC1,P01005,0.32857142857142857,0.25,0.125,0,0,0
A0A6J1ITC1,P01012,0.23316062176165803,0.2125,0.2125,0,0,0
A0A6J1ITC1,P01085,0.31451612903225806,0.1125,0.1125,0,0,0
A0A6J1ITC1,P02197,0.33766233766233766,0.1125,0.1,0,0,0
A0A6J1ITC1,P02622,0.35398230088495575,0.25,0.25,0,0,0
A0A6J1ITC1,P02662,0.308411214953271,0.25,0.25,0,0,0
A0A6J1ITC1,P02754,0.2808988764044944,0.15,0.1375,0,0,0
A0A6J1ITC1,P02769,0.19439868204283361,0.1875,0.1,0,0,0
A0A6J1ITC1,P02789,0.17872340425531916,0.225,0.2125,0,0,0
A0A6J1ITC1,P04722,0.24398625429553264,0.2125,0.2125,0,0,0
A0A6J1ITC1,P07322,0.195852534562212,0.15,0.0875,0,0,0
A0A6J1ITC1,P08819,0.22747747747747749,0.1625,0.1625,0,0,0
A0A6J1ITC1,P0C0Y3,0.3511450381679389,0.1125,0.1125,0,0,0
A0A6J1ITC1,P10184,0.2263056092843327,0.2375,0.1875,0,0,0
A0A6J1ITC1,P11828,0.2598752598752599,0.3375,0.3375,0,0,0
A0A6J1ITC1,P12670,0.291497975708502,0.175,0.175,0,0,0
A0A6J1ITC1,P13744,0.275,0.275,0.2625,0,0,0
A0A6J1ITC1,P16348,0.3404255319148936,0.1,0.0625,0,0,0
A0A6J1ITC1,P19121,0.19349593495934958,0.2125,0.1125,0,0,0
A0A6J1ITC1,P24337,0.3625,0.125,0.125,0,0,0
A0A6J1ITC1,P25974,0.38724373576309795,0.475,0.475,1,5,1
A0A6J1ITC1,P26987,0.3227848101265823,0.175,0.1375,0,0,0
A0A6J1ITC1,P29835,0.3333333333333333,0.225,0.2125,0,0,0
A0A6J1ITC1,P30941,0.2850678733031674,0.2125,0.2125,0,0,0
A0A6J1ITC1,P43211,0.2578616352201258,0.1125,0.0625,0,0,0
A0A6J1ITC1,P43237,0.38599348534201955,0.6,0.6,1,10,4
A0A6J1ITC1,P49231,0.3282442748091603,0.0875,0.075,0,0,0
A0A6J1ITC1,P50694,0.2693877551020408,0.0875,0.075,0,0,0
A0A6J1ITC1,P80026,0.3761467889908257,0.175,0.1,0,0,0
A0A6J1ITC1,P81370,0.28888888888888886,0.15,0.1,0,0,0
A0A6J1ITC1,P81402,0.32967032967032966,0.1375,0.075,0,0,0
A0A6J1ITC1,P84177,0.33587786259541985,0.125,0.1,0,0,0
A0A6J1ITC1,P84527,0.3427230046948357,0.25,0.25,0,0,0
A0A6J1ITC1,P85524,0.3333333333333333,0.2,0.075,0,0,0
A0A6J1ITC1,P85894,0.3516483516483517,0.1,0.1,0,0,0
A0A6J1ITC1,P86137,0.3804347826086957,0.15,0.075,0,0,0
A0A6J1ITC1,P86888,0.49206349206349204,0.1125,0.1125,0,0,0
A0A6J1ITC1,P87498,0.24613402061855671,0.225,0.15,0,0,0
A0A6J1ITC1,P93594,0.2147117296222664,0.225,0.1125,0,0,0
A0A6J1ITC1,Q004B5,0.23876404494382023,0.2,0.0625,0,0,0
A0A6J1ITC1,Q01881,0.33125,0.1875,0.1125,0,0,0
A0A6J1ITC1,Q0DEV5,0.20689655172413793,0.175,0.25,0,0,0
A0A6J1ITC1,Q2I6V8,0.28125,0.2,0.2,0,0,0
A0A6J1ITC1,Q39453,0.35,0.2125,0.2125,0,0,0
A0A6J1ITC1,Q39649,0.40425531914893614,0.35,0.3,0,0,0
A0A6J1ITC1,Q41115,0.3511627906976744,0.45,0.425,1,1,0
A0A6J1ITC1,Q41258,0.3712121212121212,0.125,0.0625,0,0,0
A0A6J1ITC1,Q45W87,0.39416058394160586,0.1125,0.1125,0,0,0
A0A6J1ITC1,Q647G3,0.3313253012048193,0.1,0.1,0,0,0
A0A6J1ITC1,Q647G5,0.3136094674556213,0.1375,0.075,0,0,0
A0A6J1ITC1,Q647G9,0.33793103448275863,0.325,0.1125,0,0,0
A0A6J1ITC1,Q6TPK4,0.4051724137931034,0.225,0.0625,0,0,0
A0A6J1ITC1,Q6VT83,0.2611464968152866,0.1625,0.075,0,0,0
A0A6J1ITC1,Q7X8H9,0.33962264150943394,0.1625,0.15,0,0,0
A0A6J1ITC1,Q84T21,0.33962264150943394,0.1625,0.15,0,1,0
A0A6J1ITC1,Q84T91,0.32142857142857145,0.1625,0.125,0,0,0
A0A6J1ITC1,Q8GT39,0.3435114503816794,0.1,0.1,0,0,0
A0A6J1ITC1,Q8H4L8,0.34394904458598724,0.1625,0.0625,0,0,0
A0A6J1ITC1,Q8L5E0,0.3092105263157895,0.0875,0.0625,0,0,0
A0A6J1ITC1,Q8S4P9,0.48660714285714285,0.65,0.65,1,6,0
A0A6J1ITC1,Q8SAE7,0.34415584415584416,0.1375,0.1375,0,0,0
A0A6J1ITC1,Q90YK9,0.3761467889908257,0.25,0.25,0,0,0
A0A6J1ITC1,Q91482,0.29357798165137616,0.125,0.1,0,0,0
A0A6J1ITC1,Q93YG7,0.33587786259541985,0.0875,0.0875,0,0,0
A0A6J1ITC1,Q948T6,0.24398625429553264,0.15,0.15,0,0,0
A0A6J1ITC1,Q94JN3,0.35877862595419846,0.15,0.1,0,0,0
A0A6J1ITC1,Q9ATH2,0.3826086956521739,0.1125,0.1125,0,0,0
A0A6J1ITC1,Q9AVK8,0.24789915966386555,0.3375,0.325,0,0,0
A0A6J1ITC1,Q9AXI0,0.3068181818181818,0.1375,0.075,0,0,0
A0A6J1ITC1,Q9FSG7,0.2926829268292683,0.1625,0.0625,0,0,0
A0A6J1ITC1,Q9FSY7,0.20209580838323354,0.25,0.1125,0,0,0
A0A6J1ITC1,Q9FUJ9,0.39156626506024095,0.1125,0.1,0,0,0
A0A6J1ITC1,Q9M5X7,0.30434782608695654,0.1375,0.1,0,0,0
A0A6J1ITC1,Q9M5X8,0.3247863247863248,0.1625,0.1,0,0,0
A0A6J1ITC1,Q9M7R0,0.30994152046783624,0.15,0.15,0,0,0
A0A6J1ITC1,Q9SQI9,0.3282442748091603,0.125,0.075,0,0,0
A0A6J1ITC1,Q9XF39,0.3282442748091603,0.0875,0.0875,0,0,0
A0A6J1ITC1,Q9XHP0,0.2113289760348584,0.3375,0.275,0,0,0
A0A6J1ITC1,Q9XHP1,0.3581081081081081,0.2875,0.2125,0,0,0
A0A6J1ITC1,Q9XHP2,0.32413793103448274,0.1375,0.1,0,0,0
A0A6J1ITC1,T2DN75,0.2874015748031496,0.1,0.0625,0,0,0
A0A6J1ITC1,V5XVK5,0.30735930735930733,0.1875,0.1875,0,0,0
A0A6J1ITC1,V7AEY9,0.24157303370786518,0.25,0.2375,0,0,0
A0A6J1ITC1,V7B793,0.3467741935483871,0.1,0.1,0,0,0
A0A6J1ITC1,V7CAE0,0.34375,0.175,0.125,0,0,0
A0A6J1ITC1,V7CE49,0.3125,0.125,0.125,0,0,0
A0A6J1ITC1,V7CEG9,0.3233082706766917,0.125,0.1,0,0,0
A0A6J1ITC1,W5X2N3,0.35233160621761656,0.275,0.275,0,0,0
A0A6J1ITC1,W8PPL3,0.22955145118733508,0.1625,0.1625,0,0,0
A0A6J1ITQ4,A0A6J1J7G6,0.24427480916030533,0.0625,0.0625,0,0,0
A0A6J1ITQ4,A0A6J1JNR0,0.1984732824427481,0.075,0.075,0,0,0
A0A6J1ITQ4,A0A6J1KZ37,0.20610687022900764,0.0625,0.0625,0,0,0
A0A6J1ITQ4,A0A6P5RU98,0.25190839694656486,0.1,0.1,0,0,0
A0A6J1ITQ4,A0A7U3MZV8,0.35877862595419846,0.1875,0.1875,0,0,0
A0A6J1ITQ4,A0A8S0TDN7,0.27380952380952384,0.0875,0.0875,0,0,0
A0A6J1ITQ4,A0A8V0X7U8,0.2748091603053435,0.1875,0.1875,0,0,0
A0A6J1ITQ4,A0AA49EHN2,0.20610687022900764,0.2,0.2,0,0,0
A0A6J1ITQ4,A0AA87YQ47,0.20610687022900764,0.075,0.075,0,0,0
A0A6J1ITQ4,A0AA87Z5N0,0.32061068702290074,0.075,0.075,0,0,0
A0A6J1ITQ4,A0AA87ZVW7,0.1935483870967742,0.1,0.1,0,0,0
A0A6J1ITQ4,A0AA87ZZH8,0.21374045801526717,0.05,0.05,0,0,0
A0A6J1ITQ4,A0AA88A2P2,0.29770992366412213,0.0875,0.0875,0,0,0
A0A6J1ITQ4,A0AA88A7B3,0.7480916030534351,0.8,0.725,1,20,9
A0A6J1ITQ4,A0AA88AGZ7,0.33587786259541985,0.075,0.05,0,0,0
A0A6J1ITQ4,A0AA88D362,0.183206106870229,0.1,0.1,0,0,0
A0A6J1ITQ4,A0AA88D3F8,0.3435114503816794,0.1375,0.125,0,0,0
A0A6J1ITQ4,A0AA88DB57,0.2595419847328244,0.0875,0.0875,0,0,0
A0A6J1ITQ4,A0AA88DB90,0.1297709923664122,0.075,0.05,0,0,0
A0A6J1ITQ4,A0AA88DF49,0.2748091603053435,0.05,0.05,0,0,0
A0A6J1ITQ4,A0AA88DXA8,0.22137404580152673,0.1125,0.075,0,0,0
A0A6J1ITQ4,A0ACI6NPV3,0.32061068702290074,0.075,0.075,0,0,0
A0A6J1ITQ4,A0ACI6Q4D5,0.24427480916030533,0.0375,0.0375,0,0,0
A0A6J1ITQ4,A0ACI6Q9Z7,0.19090909090909092,0.1,0.1,0,0,0
A0A6J1ITQ4,A0ACM5K329,0.31297709923664124,0.0875,0.0875,0,0,0
A0A6J1ITQ4,A0ACM5KKC3,0.20610687022900764,0.1,0.075,0,0,0
A0A6J1ITQ4,A1KYZ2,0.2366412213740458,0.15,0.05,0,0,0
A0A6J1ITQ4,A5HII1,0.35877862595419846,0.1625,0.1375,0,0,0
A0A6J1ITQ4,B3EWP3,0.2112676056338028,0.05,0.05,0,0,0
A0A6J1ITQ4,B4X640,0.3816793893129771,0.1875,0.0625,0,0,0
A0A6J1ITQ4,B4XID4,0.16793893129770993,0.0625,0.05,0,0,0
A0A6J1ITQ4,B5DGM7,0.3053435114503817,0.125,0.1125,0,0,0
A0A6J1ITQ4,B5DGQ7,0.35877862595419846,0.1375,0.125,0,0,0
A0A6J1ITQ4,B7P072,0.13740458015267176,0.1,0.075,0,0,0
A0A6J1ITQ4,B7P074,0.31297709923664124,0.1875,0.1125,0,0,0
A0A6J1ITQ4,B7SLJ1,0.3435114503816794,0.2,0.2,0,0,0
A0A6J1ITQ4,B7SNI3,0.1984732824427481,0.0625,0.0625,0,0,0
A0A6J1ITQ4,B8AL97,0.3511450381679389,0.0875,0.05,0,0,0
A0A6J1ITQ4,C0HJZ1,0.2361111111111111,0.0625,0.0375,0,0,0
A0A6J1ITQ4,C0HL99,0.7431192660550459,0.8,0.8,1,17,9
A0A6J1ITQ4,C0HM28,0.22137404580152673,0.1,0.075,0,0,0
A0A6J1ITQ4,C7A639,0.2366412213740458,0.15,0.15,0,0,0
A0A6J1ITQ4,C7E3T4,0.26717557251908397,0.0875,0.0875,0,0,0
A0A6J1ITQ4,D0E0C7,0.25190839694656486,0.2,0.2,0,0,0
A0A6J1ITQ4,D2TE73,0.2366412213740458,0.1125,0.1125,0,0,0
A0A6J1ITQ4,E3SU11,0.22900763358778625,0.075,0.075,0,0,0
A0A6J1ITQ4,I0J1J1,0.37404580152671757,0.1375,0.125,0,0,0
A0A6J1ITQ4,O22317,0.2748091603053435,0.1375,0.1375,0,0,0
A0A6J1ITQ4,O44119,0.22137404580152673,0.15,0.125,0,0,0
A0A6J1ITQ4,O64458,0.29770992366412213,0.0625,0.0625,0,0,0
A0A6J1ITQ4,O65810,0.732824427480916,0.8,0.8,1,19,10
A0A6J1ITQ4,P00698,0.22137404580152673,0.05,0.05,0,0,0
A0A6J1ITQ4,P00711,0.183206106870229,0.1875,0.1875,0,0,0
A0A6J1ITQ4,P00940,0.2900763358778626,0.1,0.1,0,0,0
A0A6J1ITQ4,P01005,0.2900763358778626,0.25,0.15,0,0,0
A0A6J1ITQ4,P01012,0.26717557251908397,0.075,0.075,0,0,0
A0A6J1ITQ4,P01085,0.21774193548387097,0.1,0.05,0,0,0
A0A6J1ITQ4,P02197,0.16030534351145037,0.05,0.05,0,0,0
A0A6J1ITQ4,P02622,0.168141592920354,0.0875,0.0875,0,0,0
A0A6J1ITQ4,P02662,0.2595419847328244,0.075,0.075,0,0,0
A0A6J1ITQ4,P02754,0.24427480916030533,0.075,0.075,0,0,0
A0A6J1ITQ4,P02769,0.29770992366412213,0.125,0.125,0,0,0
A0A6J1ITQ4,P02789,0.4122137404580153,0.05,0.05,0,0,0
A0A6J1ITQ4,P04722,0.19083969465648856,0.075,0.075,0,0,0
A0A6J1ITQ4,P07322,0.35877862595419846,0.125,0.125,0,0,0
A0A6J1ITQ4,P08819,0.2900763358778626,0.2125,0.2125,0,0,0
A0A6J1ITQ4,P0C0Y3,0.7404580152671756,0.7875,0.7875,1,28,18
A0A6J1ITQ4,P10184,0.33587786259541985,0.175,0.15,0,0,0
A0A6J1ITQ4,P11828,0.35877862595419846,0.1625,0.1625,0,0,0
A0A6J1ITQ4,P12670,0.2748091603053435,0.075,0.075,0,0,0
A0A6J1ITQ4,P13744,0.3282442748091603,0.1125,0.1125,0,0,0
A0A6J1ITQ4,P16348,0.20610687022900764,0.125,0.125,0,0,0
A0A6J1ITQ4,P19121,0.3511450381679389,0.125,0.125,0,0,0
A0A6J1ITQ4,P24337,0.2,0.075,0.0625,0,0,0
A0A6J1ITQ4,P25974,0.29770992366412213,0.1875,0.1875,0,0,0
A0A6J1ITQ4,P26987,0.22900763358778625,0.05,0.05,0,0,0
A0A6J1ITQ4,P29835,0.1984732824427481,0.0875,0.0875,0,0,0
A0A6J1ITQ4,P30941,0.22900763358778625,0.0875,0.0875,0,0,0
A0A6J1ITQ4,P43211,0.22137404580152673,0.1125,0.1125,0,0,0
A0A6J1ITQ4,P43237,0.31297709923664124,0.1625,0.125,0,0,0
A0A6J1ITQ4,P49231,0.7251908396946565,0.7875,0.7875,1,23,12
A0A6J1ITQ4,P50694,0.26717557251908397,0.125,0.125,0,0,0
A0A6J1ITQ4,P80026,0.1834862385321101,0.075,0.0625,0,0,0
A0A6J1ITQ4,P81370,0.2748091603053435,0.2125,0.2125,0,0,0
A0A6J1ITQ4,P81402,0.17582417582417584,0.0625,0.0375,0,0,0
A0A6J1ITQ4,P84177,0.7404580152671756,0.825,0.825,1,21,10
A0A6J1ITQ4,P84527,0.22900763358778625,0.0875,0.0875,0,0,0
A0A6J1ITQ4,P85524,0.22137404580152673,0.1125,0.1125,0,0,0
A0A6J1ITQ4,P85894,0.18681318681318682,0.1125,0.1125,0,0,0
A0A6J1ITQ4,P86137,0.18478260869565216,0.0625,0.0625,0,0,0
A0A6J1ITQ4,P86888,0.25396825396825395,0.0375,0.0375,0,0,0
A0A6J1ITQ4,P87498,0.45038167938931295,0.15,0.15,0,0,0
A0A6J1ITQ4,P93594,0.3282442748091603,0.1625,0.1,0,0,0
A0A6J1ITQ4,Q004B5,0.2900763358778626,0.0875,0.0875,0,0,0
A0A6J1ITQ4,Q01881,0.183206106870229,0.0625,0.05,0,0,0
A0A6J1ITQ4,Q0DEV5,0.37404580152671757,0.1625,0.1,0,0,0
A0A6J1ITQ4,Q2I6V8,0.22900763358778625,0.1,0.0875,0,0,0
A0A6J1ITQ4,Q39453,0.22137404580152673,0.075,0.0625,0,0,0
A0A6J1ITQ4,Q39649,0.16793893129770993,0.05,0.0375,0,0,0
A0A6J1ITQ4,Q41115,0.33587786259541985,0.075,0.0625,0,0,0
A0A6J1ITQ4,Q41258,0.1450381679389313,0.05,0.05,0,0,0
A0A6J1ITQ4,Q45W87,0.22137404580152673,0.15,0.15,0,0,0
A0A6J1ITQ4,Q647G3,0.1984732824427481,0.075,0.075,0,0,0
A0A6J1ITQ4,Q647G5,0.22137404580152673,0.175,0.175,0,0,0
A0A6J1ITQ4,Q647G9,0.1984732824427481,0.05,0.05,0,0,0
A0A6J1ITQ4,Q6TPK4,0.20689655172413793,0.1,0.1,0,0,0
A0A6J1ITQ4,Q6VT83,0.19083969465648856,0.075,0.0625,0,0,0
A0A6J1ITQ4,Q7X8H9,0.20610687022900764,0.075,0.075,0,0,0
A0A6J1ITQ4,Q84T21,0.21374045801526717,0.1375,0.1375,0,0,0
A0A6J1ITQ4,Q84T91,0.1984732824427481,0.0875,0.0875,0,0,0
A0A6J1ITQ4,Q8GT39,0.7175572519083969,0.75,0.75,1,21,12
A0A6J1ITQ4,Q8H4L8,0.22137404580152673,0.1,0.1,0,0,0
A0A6J1ITQ4,Q8L5E0,0.20610687022900764,0.075,0.075,0,0,0
A0A6J1ITQ4,Q8S4P9,0.31297709923664124,0.0875,0.0875,0,0,0
A0A6J1ITQ4,Q8SAE7,0.20610687022900764,0.1125,0.1125,0,0,0
A0A6J1ITQ4,Q90YK9,0.1559633027522936,0.0625,0.0625,0,0,0
A0A6J1ITQ4,Q91482,0.1834862385321101,0.0625,0.0625,0,0,0
A0A6J1ITQ4,Q93YG7,0.7251908396946565,0.8125,0.8125,1,24,13
A0A6J1ITQ4,Q948T6,0.25190839694656486,0.1625,0.1625,0,0,0
A0A6J1ITQ4,Q94JN3,0.7633587786259542,0.8125,0.8125,1,22,10
A0A6J1ITQ4,Q9ATH2,0.22608695652173913,0.125,0.125,0,0,0
A0A6J1ITQ4,Q9AVK8,0.2748091603053435,0.2,0.2,0,0,0
A0A6J1ITQ4,Q9AXI0,0.2366412213740458,0.1125,0.1125,0,0,0
A0A6J1ITQ4,Q9FSG7,0.24427480916030533,0.0625,0.0625,0,0,0
A0A6J1ITQ4,Q9FSY7,0.4198473282442748,0.15,0.15,0,1,0
A0A6J1ITQ4,Q9FUJ9,0.22900763358778625,0.1625,0.1625,0,0,0
A0A6J1ITQ4,Q9M5X7,0.1826086956521739,0.125,0.125,0,0,0
A0A6J1ITQ4,Q9M5X8,0.1794871794871795,0.1125,0.05,0,0,0
A0A6J1ITQ4,Q9M7R0,0.20610687022900764,0.1125,0.1125,0,0,0
A0A6J1ITQ4,Q9SQI9,0.7175572519083969,0.775,0.775,1,16,6
A0A6J1ITQ4,Q9XF39,0.7557251908396947,0.825,0.825,1,24,13
A0A6J1ITQ4,Q9XHP0,0.3282442748091603,0.075,0.075,0,0,0
A0A6J1ITQ4,Q9XHP1,0.1450381679389313,0.0625,0.05,0,0,0
A0A6J1ITQ4,Q9XHP2,0.22900763358778625,0.075,0.075,0,0,0
A0A6J1ITQ4,T2DN75,0.22900763358778625,0.075,0.075,0,0,0
A0A6J1ITQ4,V5XVK5,0.2366412213740458,0.1125,0.1125,0,0,0
A0A6J1ITQ4,V7AEY9,0.2748091603053435,0.3,0.2875,0,0,0
A0A6J1ITQ4,V7B793,0.1935483870967742,0.075,0.075,0,0,0
A0A6J1ITQ4,V7CAE0,0.19083969465648856,0.05,0.05,0,0,0
A0A6J1ITQ4,V7CE49,0.1984732824427481,0.0875,0.0875,0,0,0
A0A6J1ITQ4,V7CEG9,0.20610687022900764,0.0875,0.0875,0,0,0
A0A6J1ITQ4,W5X2N3,0.19083969465648856,0.0875,0.0875,0,0,0
A0A6J1ITQ4,W8PPL3,0.2824427480916031,0.1375,0.075,0,0,0
A0A6J1J7G6,A0A6J1JNR0,0.17901234567901234,0.0875,0.075,0,0,0
A0A6J1J7G6,A0A6J1KZ37,0.2641509433962264,0.075,0.05,0,0,0
A0A6J1J7G6,A0A6P5RU98,0.25157232704402516,0.1,0.1,0,0,0
A0A6J1J7G6,A0A7U3MZV8,0.2471042471042471,0.2,0.2,0,0,0
A0A6J1J7G6,A0A8S0TDN7,0.34523809523809523,0.075,0.075,0,0,0
A0A6J1J7G6,A0A8V0X7U8,0.21621621621621623,0.1875,0.1875,0,0,0
A0A6J1J7G6,A0AA49EHN2,0.2641509433962264,0.125,0.125,0,0,0
A0A6J1J7G6,A0AA87YQ47,0.2846715328467153,0.1625,0.15,0,0,0
A0A6J1J7G6,A0AA87Z5N0,0.23552123552123552,0.15,0.0625,0,0,0
A0A6J1J7G6,A0AA87ZVW7,0.25806451612903225,0.1625,0.1625,0,0,0
A0A6J1J7G6,A0AA87ZZH8,0.1891891891891892,0.1,0.05,0,0,0
A0A6J1J7G6,A0AA88A2P2,0.25868725868725867,0.125,0.125,0,0,0
A0A6J1J7G6,A0AA88A7B3,0.25517241379310346,0.0875,0.0875,0,0,0
A0A6J1J7G6,A0AA88AGZ7,0.305019305019305,0.3875,0.4,1,2,0
A0A6J1J7G6,A0AA88D362,0.23870967741935484,0.125,0.05,0,0,0
A0A6J1J7G6,A0AA88D3F8,0.26640926640926643,0.175,0.175,0,0,0
A0A6J1J7G6,A0AA88DB57,0.3779527559055118,0.4875,0.475,1,3,1
A0A6J1J7G6,A0AA88DB90,0.2229299363057325,0.075,0.05,0,0,0
A0A6J1J7G6,A0AA88DF49,0.305019305019305,0.4125,0.4125,1,2,0
A0A6J1J7G6,A0AA88DXA8,0.28125,0.175,0.175,0,0,0
A0A6J1J7G6,A0ACI6NPV3,0.22007722007722008,0.1,0.1,0,0,0
A0A6J1J7G6,A0ACI6Q4D5,0.15057915057915058,0.0625,0.0625,0,0,0
A0A6J1J7G6,A0ACI6Q9Z7,0.24545454545454545,0.075,0.0375,0,0,0
A0A6J1J7G6,A0ACM5K329,0.22007722007722008,0.2125,0.1125,0,0,0
A0A6J1J7G6,A0ACM5KKC3,0.21893491124260356,0.0875,0.075,0,0,0
A0A6J1J7G6,A1KYZ2,0.17374517374517376,0.075,0.075,0,0,0
A0A6J1J7G6,A5HII1,0.23166023166023167,0.0875,0.075,0,0,0
A0A6J1J7G6,B3EWP3,0.38028169014084506,0.075,0.0625,0,0,0
A0A6J1J7G6,B4X640,0.2471042471042471,0.1625,0.1625,0,0,0
A0A6J1J7G6,B4XID4,0.1951219512195122,0.0625,0.05,0,0,0
A0A6J1J7G6,B5DGM7,0.2277992277992278,0.1125,0.075,0,0,0
A0A6J1J7G6,B5DGQ7,0.26640926640926643,0.1625,0.1625,0,0,0
A0A6J1J7G6,B7P072,0.2684563758389262,0.1125,0.0875,0,0,0
A0A6J1J7G6,B7P074,0.2471042471042471,0.1,0.0875,0,0,0
A0A6J1J7G6,B7SLJ1,0.24324324324324326,0.1125,0.1125,0,0,0
A0A6J1J7G6,B7SNI3,0.1864406779661017,0.075,0.075,0,0,0
A0A6J1J7G6,B8AL97,0.21235521235521235,0.0875,0.0625,0,0,0
A0A6J1J7G6,C0HJZ1,0.3194444444444444,0.1125,0.1125,0,0,0
A0A6J1J7G6,C0HL99,0.26605504587155965,0.075,0.0625,0,0,0
A0A6J1J7G6,C0HM28,0.21893491124260356,0.0875,0.075,0,0,0
A0A6J1J7G6,C7A639,0.19689119170984457,0.1,0.075,0,0,0
A0A6J1J7G6,C7E3T4,0.21235521235521235,0.1125,0.0875,0,0,0
A0A6J1J7G6,D0E0C7,0.2893081761006289,0.1875,0.1875,0,0,0
A0A6J1J7G6,D2TE73,0.21287128712871287,0.125,0.1,0,0,0
A0A6J1J7G6,E3SU11,0.38495575221238937,0.425,0.4375,1,0,0
A0A6J1J7G6,I0J1J1,0.27413127413127414,0.1625,0.1625,0,0,0
A0A6J1J7G6,O22317,0.21235521235521235,0.1625,0.1625,0,0,0
A0A6J1J7G6,O44119,0.16602316602316602,0.075,0.075,0,0,0
A0A6J1J7G6,O64458,0.21235521235521235,0.1375,0.1,0,0,0
A0A6J1J7G6,O65810,0.2595419847328244,0.0875,0.0875,0,0,0
A0A6J1J7G6,P00698,0.24489795918367346,0.075,0.075,0,0,0
A0A6J1J7G6,P00711,0.29577464788732394,0.0875,0.0625,0,0,0
A0A6J1J7G6,P00940,0.21370967741935484,0.1375,0.1375,0,0,0
A0A6J1J7G6,P01005,0.2,0.1125,0.075,0,0,0
A0A6J1J7G6,P01012,0.1969111969111969,0.1,0.0875,0,0,0
A0A6J1J7G6,P01085,0.27419354838709675,0.1,0.0875,0,0,0
A0A6J1J7G6,P02197,0.2532467532467532,0.0625,0.0375,0,0,0
A0A6J1J7G6,P02622,0.2743362831858407,0.1,0.05,0,0,0
A0A6J1J7G6,P02662,0.205607476635514,0.0625,0.0375,0,0,0
A0A6J1J7G6,P02754,0.23595505617977527,0.075,0.075,0,0,0
A0A6J1J7G6,P02769,0.2625482625482625,0.1375,0.1375,0,0,0
A0A6J1J7G6,P02789,0.3166023166023166,0.2,0.2,0,0,0
A0A6J1J7G6,P04722,0.13513513513513514,0.0625,0.0625,0,0,0
A0A6J1J7G6,P07322,0.25096525096525096,0.1625,0.1625,0,0,0
A0A6J1J7G6,P08819,0.23552123552123552,0.1375,0.0875,0,0,0
A0A6J1J7G6,P0C0Y3,0.22137404580152673,0.125,0.0625,0,0,0
A0A6J1J7G6,P10184,0.32432432432432434,0.1125,0.1125,0,0,0
A0A6J1J7G6,P11828,0.23166023166023167,0.1125,0.1125,0,0,0
A0A6J1J7G6,P12670,0.3765182186234818,0.475,0.475,1,2,0
A0A6J1J7G6,P13744,0.2471042471042471,0.1,0.1,0,0,0
A0A6J1J7G6,P16348,0.2393617021276596,0.2,0.2,0,0,0
A0A6J1J7G6,P19121,0.28185328185328185,0.1125,0.075,0,0,0
A0A6J1J7G6,P24337,0.35,0.175,0.15,0,0,0
A0A6J1J7G6,P25974,0.24324324324324326,0.2125,0.0875,0,0,0
A0A6J1J7G6,P26987,0.3291139240506329,0.15,0.1375,0,0,0
A0A6J1J7G6,P29835,0.22043010752688172,0.1,0.1,0,0,0
A0A6J1J7G6,P30941,0.18552036199095023,0.2125,0.2125,0,0,0
A0A6J1J7G6,P43211,0.2830188679245283,0.2625,0.225,0,0,0
A0A6J1J7G6,P43237,0.2702702702702703,0.0875,0.0625,0,0,0
A0A6J1J7G6,P49231,0.25190839694656486,0.125,0.0875,0,0,0
A0A6J1J7G6,P50694,0.40408163265306124,0.5375,0.5375,1,9,5
A0A6J1J7G6,P80026,0.24770642201834864,0.1125,0.1125,0,0,0
A0A6J1J7G6,P81370,0.37333333333333335,0.425,0.425,1,2,0
A0A6J1J7G6,P81402,0.3076923076923077,0.075,0.075,0,0,0
A0A6J1J7G6,P84177,0.22900763358778625,0.175,0.175,0,0,0
A0A6J1J7G6,P84527,0.2300469483568075,0.1625,0.1625,0,0,0
A0A6J1J7G6,P85524,0.20666666666666667,0.1,0.1,0,0,0
A0A6J1J7G6,P85894,0.31868131868131866,0.0875,0.0875,0,0,0
A0A6J1J7G6,P86137,0.2391304347826087,0.0625,0.05,0,0,0
A0A6J1J7G6,P86888,0.38095238095238093,0.175,0.175,0,0,0
A0A6J1J7G6,P87498,0.3861003861003861,0.2,0.1,0,0,0
A0A6J1J7G6,P93594,0.26640926640926643,0.1125,0.0875,0,0,0
A0A6J1J7G6,Q004B5,0.22393822393822393,0.125,0.0875,0,0,0
A0A6J1J7G6,Q01881,0.24375,0.1375,0.1375,0,0,0
A0A6J1J7G6,Q0DEV5,0.2471042471042471,0.15,0.0625,0,0,0
A0A6J1J7G6,Q2I6V8,0.26875,0.1875,0.1875,0,0,0
A0A6J1J7G6,Q39453,0.2875,0.2,0.2,0,0,0
A0A6J1J7G6,Q39649,0.2198581560283688,0.075,0.0625,0,0,0
A0A6J1J7G6,Q41115,0.2277992277992278,0.1875,0.0875,0,0,0
A0A6J1J7G6,Q41258,0.21212121212121213,0.125,0.05,0,0,0
A0A6J1J7G6,Q45W87,0.24817518248175183,0.075,0.0625,0,0,0
A0A6J1J7G6,Q647G3,0.22289156626506024,0.1125,0.05,0,0,0
A0A6J1J7G6,Q647G5,0.23076923076923078,0.075,0.0625,0,0,0
A0A6J1J7G6,Q647G9,0.22758620689655173,0.0875,0.05,0,0,0
A0A6J1J7G6,Q6TPK4,0.28448275862068967,0.1125,0.1125,0,0,0
A0A6J1J7G6,Q6VT83,0.25477707006369427,0.2625,0.2625,0,0,0
A0A6J1J7G6,Q7X8H9,0.24528301886792453,0.0875,0.075,0,0,0
A0A6J1J7G6,Q84T21,0.22641509433962265,0.125,0.0875,0,0,0
A0A6J1J7G6,Q84T91,0.2357142857142857,0.0875,0.0625,0,0,0
A0A6J1J7G6,Q8GT39,0.26717557251908397,0.125,0.0875,0,0,0
A0A6J1J7G6,Q8H4L8,0.24203821656050956,0.1,0.05,0,0,0
A0A6J1J7G6,Q8L5E0,0.21052631578947367,0.125,0.125,0,0,0
A0A6J1J7G6,Q8S4P9,0.20463320463320464,0.2125,0.1125,0,0,0
A0A6J1J7G6,Q8SAE7,0.2662337662337662,0.1625,0.1625,0,0,0
A0A6J1J7G6,Q90YK9,0.24770642201834864,0.0625,0.05,0,0,0
A0A6J1J7G6,Q91482,0.29357798165137616,0.0875,0.0625,0,0,0
A0A6J1J7G6,Q93YG7,0.2595419847328244,0.0625,0.0625,0,0,0
A0A6J1J7G6,Q948T6,0.1776061776061776,0.1125,0.1125,0,0,0
A0A6J1J7G6,Q94JN3,0.2900763358778626,0.1125,0.0625,0,0,0
A0A6J1J7G6,Q9ATH2,0.2608695652173913,0.075,0.05,0,0,0
A0A6J1J7G6,Q9AVK8,0.23552123552123552,0.175,0.125,0,0,0
A0A6J1J7G6,Q9AXI0,0.2215909090909091,0.075,0.05,0,0,0
A0A6J1J7G6,Q9FSG7,0.45528455284552843,0.575,0.5625,1,10,6
A0A6J1J7G6,Q9FSY7,0.2857142857142857,0.125,0.0875,0,0,0
A0A6J1J7G6,Q9FUJ9,0.2289156626506024,0.1125,0.05,0,0,0
A0A6J1J7G6,Q9M5X7,0.26956521739130435,0.1,0.075,0,0,0
A0A6J1J7G6,Q9M5X8,0.24786324786324787,0.075,0.075,0,0,0
A0A6J1J7G6,Q9M7R0,0.25146198830409355,0.075,0.075,0,0,0
A0A6J1J7G6,Q9SQI9,0.2748091603053435,0.075,0.0625,0,0,0
A0A6J1J7G6,Q9XF39,0.20610687022900764,0.075,0.075,0,0,0
A0A6J1J7G6,Q9XHP0,0.25868725868725867,0.075,0.075,0,0,0
A0A6J1J7G6,Q9XHP1,0.24324324324324326,0.0875,0.0375,0,0,0
A0A6J1J7G6,Q9XHP2,0.22758620689655173,0.075,0.0375,0,0,0
A0A6J1J7G6,T2DN75,0.37401574803149606,0.5125,0.5125,1,3,1
A0A6J1J7G6,V5XVK5,0.3852813852813853,0.4625,0.4625,1,2,0
A0A6J1J7G6,V7AEY9,0.2277992277992278,0.1625,0.15,0,0,0
A0A6J1J7G6,V7B793,0.27419354838709675,0.2,0.0625,0,0,0
A0A6J1J7G6,V7CAE0,0.2625,0.1125,0.1,0,0,0
A0A6J1J7G6,V7CE49,0.23125,0.1,0.1,0,0,0
A0A6J1J7G6,V7CEG9,0.3007518796992481,0.1375,0.1375,0,0,0
A0A6J1J7G6,W5X2N3,0.22279792746113988,0.0625,0.05,0,0,0
A0A6J1J7G6,W8PPL3,0.23166023166023167,0.2125,0.0875,0,0,0
A0A6J1JNR0,A0A6J1KZ37,0.22012578616352202,0.125,0.1125,0,0,0
A0A6J1JNR0,A0A6P5RU98,0.15723270440251572,0.125,0.075,0,0,0
A0A6J1JNR0,A0A7U3MZV8,0.25925925925925924,0.15,0.15,0,0,0
A0A6J1JNR0,A0A8S0TDN7,0.27380952380952384,0.1375,0.1375,0,0,0
A0A6J1JNR0,A0A8V0X7U8,0.32098765432098764,0.1125,0.0625,0,0,0
A0A6J1JNR0,A0AA49EHN2,0.16981132075471697,0.175,0.175,0,0,0
A0A6J1JNR0,A0AA87YQ47,0.24087591240875914,0.175,0.175,0,0,0
A0A6J1JNR0,A0AA87Z5N0,0.30246913580246915,0.1375,0.0875,0,0,0
A0A6J1JNR0,A0AA87ZVW7,0.1935483870967742,0.275,0.275,0,0,0
A0A6J1JNR0,A0AA87ZZH8,0.19753086419753085,0.15,0.15,0,0,0
A0A6J1JNR0,A0AA88A2P2,0.2654320987654321,0.2125,0.2125,0,0,0
A0A6J1JNR0,A0AA88A7B3,0.22758620689655173,0.0875,0.0875,0,0,0
A0A6J1JNR0,A0AA88AGZ7,0.3148148148148148,0.1,0.1,0,0,0
A0A6J1JNR0,A0AA88D362,0.6129032258064516,0.6625,0.6625,1,6,1
A0A6J1JNR0,A0AA88D3F8,0.2777777777777778,0.1125,0.05,0,0,0
A0A6J1JNR0,A0AA88DB57,0.22839506172839505,0.1375,0.0625,0,0,0
A0A6J1JNR0,A0AA88DB90,0.20382165605095542,0.2,0.2,0,0,0
A0A6J1JNR0,A0AA88DF49,0.2654320987654321,0.1375,0.1,0,0,0
A0A6J1JNR0,A0AA88DXA8,0.1375,0.0875,0.05,0,0,0
A0A6J1JNR0,A0ACI6NPV3,0.2654320987654321,0.1125,0.1125,0,0,0
A0A6J1JNR0,A0ACI6Q4D5,0.19135802469135801,0.0625,0.05,0,0,0
A0A6J1JNR0,A0ACI6Q9Z7,0.23636363636363636,0.0625,0.0625,0,0,0
A0A6J1JNR0,A0ACM5K329,0.29012345679012347,0.15,0.15,0,0,0
A0A6J1JNR0,A0ACM5KKC3,0.47530864197530864,0.6375,0.6375,1,3,0
A0A6J1JNR0,A1KYZ2,0.20987654320987653,0.1,0.0625,0,0,0
A0A6J1JNR0,A5HII1,0.25308641975308643,0.0875,0.0625,0,0,0
A0A6J1JNR0,B3EWP3,0.18309859154929578,0.0625,0.0375,0,0,0
A0A6J1JNR0,B4X640,0.29012345679012347,0.1125,0.0875,0,0,0
A0A6J1JNR0,B4XID4,0.17901234567901234,0.1125,0.0625,0,0,0
A0A6J1JNR0,B5DGM7,0.3148148148148148,0.1125,0.075,0,0,0
A0A6J1JNR0,B5DGQ7,0.3271604938271605,0.075,0.075,0,0,0
A0A6J1JNR0,B7P072,0.14093959731543623,0.0875,0.075,0,0,0
A0A6J1JNR0,B7P074,0.32098765432098764,0.175,0.175,0,0,0
A0A6J1JNR0,B7SLJ1,0.2716049382716049,0.15,0.15,0,0,0
A0A6J1JNR0,B7SNI3,0.1728395061728395,0.175,0.175,0,0,0
A0A6J1JNR0,B8AL97,0.30246913580246915,0.1125,0.0875,0,0,0
A0A6J1JNR0,C0HJZ1,0.2222222222222222,0.0625,0.05,0,0,0
A0A6J1JNR0,C0HL99,0.25688073394495414,0.0625,0.05,0,0,0
A0A6J1JNR0,C0HM28,0.48148148148148145,0.65,0.65,1,3,0
A0A6J1JNR0,C7A639,0.15432098765432098,0.0875,0.0875,0,0,0
A0A6J1JNR0,C7E3T4,0.24691358024691357,0.1625,0.1375,0,0,0
A0A6J1JNR0,D0E0C7,0.13836477987421383,0.0625,0.05,0,0,0
A0A6J1JNR0,D2TE73,0.18518518518518517,0.075,0.075,0,0,0
A0A6J1JNR0,E3SU11,0.19753086419753085,0.075,0.075,0,0,0
A0A6J1JNR0,I0J1J1,0.25925925925925924,0.1875,0.1875,0,0,0
A0A6J1JNR0,O22317,0.29012345679012347,0.1125,0.1,0,0,0
A0A6J1JNR0,O44119,0.18518518518518517,0.0625,0.0625,0,0,0
A0A6J1JNR0,O64458,0.25308641975308643,0.0875,0.0875,0,0,0
A0A6J1JNR0,O65810,0.1984732824427481,0.05,0.05,0,0,0
A0A6J1JNR0,P00698,0.1836734693877551,0.1125,0.1125,0,0,0
A0A6J1JNR0,P00711,0.16901408450704225,0.0625,0.0625,0,0,0
A0A6J1JNR0,P00940,0.24691358024691357,0.2875,0.2875,0,0,0
A0A6J1JNR0,P01005,0.20987654320987653,0.0875,0.0875,0,0,0
A0A6J1JNR0,P01012,0.2345679012345679,0.1125,0.1125,0,0,0
A0A6J1JNR0,P01085,0.21774193548387097,0.0875,0.0875,0,0,0
A0A6J1JNR0,P02197,0.18181818181818182,0.1375,0.1375,0,0,0
A0A6J1JNR0,P02622,0.19469026548672566,0.075,0.0625,0,0,0
A0A6J1JNR0,P02662,0.18518518518518517,0.075,0.0625,0,0,0
A0A6J1JNR0,P02754,0.19135802469135801,0.0625,0.0375,0,0,0
A0A6J1JNR0,P02769,0.32098765432098764,0.0875,0.0625,0,0,0
A0A6J1JNR0,P02789,0.29012345679012347,0.075,0.0625,0,0,0
A0A6J1JNR0,P04722,0.2037037037037037,0.1,0.1,0,0,0
A0A6J1JNR0,P07322,0.32098765432098764,0.1875,0.1875,0,0,0
A0A6J1JNR0,P08819,0.3271604938271605,0.1125,0.075,0,0,0
A0A6J1JNR0,P0C0Y3,0.22900763358778625,0.0625,0.05,0,0,0
A0A6J1JNR0,P10184,0.30246913580246915,0.1,0.0875,0,0,0
A0A6J1JNR0,P11828,0.3148148148148148,0.1625,0.1625,0,0,0
A0A6J1JNR0,P12670,0.21604938271604937,0.0875,0.0875,0,0,0
A0A6J1JNR0,P13744,0.3148148148148148,0.0875,0.0875,0,0,0
A0A6J1JNR0,P16348,0.18518518518518517,0.2,0.1,0,0,0
A0A6J1JNR0,P19121,0.35185185185185186,0.1125,0.1125,0,0,0
A0A6J1JNR0,P24337,0.325,0.0875,0.0625,0,0,0
A0A6J1JNR0,P25974,0.2716049382716049,0.1375,0.125,0,0,0
A0A6J1JNR0,P26987,0.14556962025316456,0.1,0.05,0,0,0
A0A6J1JNR0,P29835,0.19135802469135801,0.0875,0.0875,0,0,0
A0A6J1JNR0,P30941,0.22839506172839505,0.1,0.1,0,0,0
A0A6J1JNR0,P43211,0.16352201257861634,0.1875,0.1875,0,0,0
A0A6J1JNR0,P43237,0.32098765432098764,0.1625,0.1625,0,0,0
A0A6J1JNR0,P49231,0.21374045801526717,0.0625,0.05,0,0,0
A0A6J1JNR0,P50694,0.2037037037037037,0.15,0.05,0,0,0
A0A6J1JNR0,P80026,0.23853211009174313,0.1,0.1,0,0,0
A0A6J1JNR0,P81370,0.2037037037037037,0.0875,0.0875,0,0,0
A0A6J1JNR0,P81402,0.1978021978021978,0.1375,0.0625,0,0,0
A0A6J1JNR0,P84177,0.22137404580152673,0.05,0.05,0,0,0
A0A6J1JNR0,P84527,0.2222222222222222,0.1,0.1,0,0,0
A0A6J1JNR0,P85524,0.17333333333333334,0.0625,0.0625,0,0,0
A0A6J1JNR0,P85894,0.25274725274725274,0.1625,0.1625,0,0,0
A0A6J1JNR0,P86137,0.22826086956521738,0.1875,0.1875,0,0,0
A0A6J1JNR0,P86888,0.15873015873015872,0.0375,0.025,0,0,0
A0A6J1JNR0,P87498,0.41975308641975306,0.2,0.1125,0,0,0
A0A6J1JNR0,P93594,0.2839506172839506,0.0625,0.0625,0,0,0
A0A6J1JNR0,Q004B5,0.25308641975308643,0.15,0.15,0,0,0
A0A6J1JNR0,Q01881,0.1625,0.1,0.0875,0,0,0
A0A6J1JNR0,Q0DEV5,0.32098765432098764,0.0875,0.0875,0,0,0
A0A6J1JNR0,Q2I6V8,0.14375,0.075,0.075,0,0,0
A0A6J1JNR0,Q39453,0.18125,0.0875,0.1875,0,0,0
A0A6J1JNR0,Q39649,0.15602836879432624,0.1125,0.1125,0,0,0
A0A6J1JNR0,Q41115,0.24691358024691357,0.0875,0.0625,0,0,0
A0A6J1JNR0,Q41258,0.22727272727272727,0.0875,0.0375,0,0,0
A0A6J1JNR0,Q45W87,0.4306569343065693,0.5375,0.5375,1,6,4
A0A6J1JNR0,Q647G3,0.35185185185185186,0.475,0.475,1,0,0
A0A6J1JNR0,Q647G5,0.5555555555555556,0.65,0.65,1,10,6
A0A6J1JNR0,Q647G9,0.18620689655172415,0.0875,0.0625,0,0,0
A0A6J1JNR0,Q6TPK4,0.1810344827586207,0.2375,0.2375,0,0,0
A0A6J1JNR0,Q6VT83,0.2356687898089172,0.1125,0.1125,0,0,0
A0A6J1JNR0,Q7X8H9,0.16981132075471697,0.2125,0.2125,0,0,0
A0A6J1JNR0,Q84T21,0.5911949685534591,0.675,0.675,1,17,6
A0A6J1JNR0,Q84T91,0.39285714285714285,0.5,0.5,1,6,4
A0A6J1JNR0,Q8GT39,0.22900763358778625,0.1,0.05,0,0,0
A0A6J1JNR0,Q8H4L8,0.15286624203821655,0.1,0.1,0,0,0
A0A6J1JNR0,Q8L5E0,0.23026315789473684,0.1,0.1,0,0,0
A0A6J1JNR0,Q8S4P9,0.2839506172839506,0.1,0.1,0,0,0
A0A6J1JNR0,Q8SAE7,0.17532467532467533,0.1375,0.05,0,0,0
A0A6J1JNR0,Q90YK9,0.28440366972477066,0.075,0.075,0,0,0
A0A6J1JNR0,Q91482,0.22018348623853212,0.1125,0.1125,0,0,0
A0A6J1JNR0,Q93YG7,0.21374045801526717,0.0625,0.0625,0,0,0
A0A6J1JNR0,Q948T6,0.2345679012345679,0.1625,0.1625,0,0,0
A0A6J1JNR0,Q94JN3,0.22900763358778625,0.0625,0.0625,0,0,0
A0A6J1JNR0,Q9ATH2,0.22608695652173913,0.1125,0.1125,0,0,0
A0A6J1JNR0,Q9AVK8,0.30864197530864196,0.1,0.075,0,0,0
A0A6J1JNR0,Q9AXI0,0.6111111111111112,0.675,0.6625,1,5,1
A0A6J1JNR0,Q9FSG7,0.24691358024691357,0.1,0.1,0,0,0
A0A6J1JNR0,Q9FSY7,0.35185185185185186,0.1125,0.1,0,0,0
A0A6J1JNR0,Q9FUJ9,0.6111111111111112,0.7375,0.7375,1,22,14
A0A6J1JNR0,Q9M5X7,0.25217391304347825,0.15,0.15,0,0,0
A0A6J1JNR0,Q9M5X8,0.20512820512820512,0.175,0.175,0,0,0
A0A6J1JNR0,Q9M7R0,0.18518518518518517,0.1125,0.1125,0,0,0
A0A6J1JNR0,Q9SQI9,0.21374045801526717,0.0625,0.0625,0,0,0
A0A6J1JNR0,Q9XF39,0.22137404580152673,0.075,0.075,0,0,0
A0A6J1JNR0,Q9XHP0,0.29012345679012347,0.1625,0.1625,0,0,0
A0A6J1JNR0,Q9XHP1,0.16891891891891891,0.1375,0.0625,0,0,0
A0A6J1JNR0,Q9XHP2,0.3931034482758621,0.5375,0.525,1,5,3
A0A6J1JNR0,T2DN75,0.20987654320987653,0.1125,0.05,0,0,0
A0A6J1JNR0,V5XVK5,0.19753086419753085,0.075,0.0625,0,0,0
A0A6J1JNR0,V7AEY9,0.2839506172839506,0.2,0.125,0,0,0
A0A6J1JNR0,V7B793,0.1774193548387097,0.075,0.0625,0,0,0
A0A6J1JNR0,V7CAE0,0.16875,0.075,0.0375,0,0,0
A0A6J1JNR0,V7CE49,0.30625,0.3625,0.3625,1,1,0
A0A6J1JNR0,V7CEG9,0.22556390977443608,0.0875,0.0875,0,0,0
A0A6J1JNR0,W5X2N3,0.19753086419753085,0.0625,0.0625,0,0,0
A0A6J1JNR0,W8PPL3,0.2654320987654321,0.125,0.125,0,0,0
A0A6J1KZ37,A0A6P5RU98,0.5220125786163522,0.5625,0.5625,1,3,0
A0A6J1KZ37,A0A7U3MZV8,0.3018867924528302,0.225,0.1875,0,0,0
A0A6J1KZ37,A0A8S0TDN7,0.2857142857142857,0.125,0.125,0,0,0
A0A6J1KZ37,A0A8V0X7U8,0.27044025157232704,0.275,0.25,0,0,0
A0A6J1KZ37,A0AA49EHN2,0.5408805031446541,0.5625,0.5625,1,10,4
A0A6J1KZ37,A0AA87YQ47,0.17518248175182483,0.075,0.0625,0,0,0
A0A6J1KZ37,A0AA87Z5N0,0.32075471698113206,0.1375,0.1375,0,0,0
A0A6J1KZ37,A0AA87ZVW7,0.20161290322580644,0.0875,0.0875,0,0,0
A0A6J1KZ37,A0AA87ZZH8,0.20754716981132076,0.0875,0.0625,0,0,0
A0A6J1KZ37,A0AA88A2P2,0.2893081761006289,0.2,0.2,0,0,0
A0A6J1KZ37,A0AA88A7B3,0.21379310344827587,0.0625,0.0625,0,0,0
A0A6J1KZ37,A0AA88AGZ7,0.3584905660377358,0.075,0.075,0,0,0
A0A6J1KZ37,A0AA88D362,0.1870967741935484,0.1875,0.1875,0,0,0
A0A6J1KZ37,A0AA88D3F8,0.39622641509433965,0.175,0.075,0,0,0
A0A6J1KZ37,A0AA88DB57,0.2138364779874214,0.075,0.0625,0,0,0
A0A6J1KZ37,A0AA88DB90,0.18471337579617833,0.0875,0.0875,0,0,0
A0A6J1KZ37,A0AA88DF49,0.2389937106918239,0.0875,0.0875,0,0,0
A0A6J1KZ37,A0AA88DXA8,0.5220125786163522,0.575,0.5625,1,7,1
A0A6J1KZ37,A0ACI6NPV3,0.2893081761006289,0.125,0.125,0,0,0
A0A6J1KZ37,A0ACI6Q4D5,0.27044025157232704,0.15,0.15,0,0,0
A0A6J1KZ37,A0ACI6Q9Z7,0.2545454545454545,0.2125,0.0875,0,0,0
A0A6J1KZ37,A0ACM5K329,0.27672955974842767,0.1375,0.125,0,0,0
A0A6J1KZ37,A0ACM5KKC3,0.18238993710691823,0.175,0.175,0,0,0
A0A6J1KZ37,A1KYZ2,0.25157232704402516,0.225,0.25,0,1,0
A0A6J1KZ37,A5HII1,0.31446540880503143,0.125,0.125,0,0,0
A0A6J1KZ37,B3EWP3,0.28169014084507044,0.0375,0.0375,0,0,0
A0A6J1KZ37,B4X640,0.3018867924528302,0.1,0.1,0,0,0
A0A6J1KZ37,B4XID4,0.13836477987421383,0.05,0.05,0,0,0
A0A6J1KZ37,B5DGM7,0.2641509433962264,0.15,0.15,0,0,0
A0A6J1KZ37,B5DGQ7,0.2578616352201258,0.1875,0.175,0,0,0
A0A6J1KZ37,B7P072,0.174496644295302,0.1,0.1,0,0,0
A0A6J1KZ37,B7P074,0.2641509433962264,0.175,0.175,0,0,0
A0A6J1KZ37,B7SLJ1,0.29559748427672955,0.1125,0.075,0,0,0
A0A6J1KZ37,B7SNI3,0.2138364779874214,0.1625,0.1625,0,0,0
A0A6J1KZ37,B8AL97,0.3270440251572327,0.1,0.0875,0,0,0
A0A6J1KZ37,C0HJZ1,0.2777777777777778,0.1,0.05,0,0,0
A0A6J1KZ37,C0HL99,0.26605504587155965,0.0625,0.0625,0,0,0
A0A6J1KZ37,C0HM28,0.1949685534591195,0.175,0.175,0,0,0
A0A6J1KZ37,C7A639,0.20754716981132076,0.1625,0.1625,0,0,0
A0A6J1KZ37,C7E3T4,0.2641509433962264,0.25,0.25,0,0,0
A0A6J1KZ37,D0E0C7,0.5220125786163522,0.55,0.55,1,2,0
A0A6J1KZ37,D2TE73,0.27044025157232704,0.175,0.0875,0,0,0
A0A6J1KZ37,E3SU11,0.22641509433962265,0.1125,0.075,0,0,0
A0A6J1KZ37,I0J1J1,0.3270440251572327,0.2,0.1125,0,0,0
A0A6J1KZ37,O22317,0.27044025157232704,0.0625,0.05,0,0,0
A0A6J1KZ37,O44119,0.25157232704402516,0.225,0.25,0,1,0
A0A6J1KZ37,O64458,0.2578616352201258,0.0625,0.0625,0,0,0
A0A6J1KZ37,O65810,0.22900763358778625,0.0625,0.0625,0,0,0
A0A6J1KZ37,P00698,0.16326530612244897,0.0625,0.0625,0,0,0
A0A6J1KZ37,P00711,0.22535211267605634,0.1125,0.1125,0,0,0
A0A6J1KZ37,P00940,0.25157232704402516,0.1375,0.1375,0,0,0
A0A6J1KZ37,P01005,0.24528301886792453,0.1,0.0625,0,0,0
A0A6J1KZ37,P01012,0.27672955974842767,0.125,0.125,0,0,0
A0A6J1KZ37,P01085,0.20161290322580644,0.075,0.075,0,0,0
A0A6J1KZ37,P02197,0.19480519480519481,0.0875,0.0875,0,0,0
A0A6J1KZ37,P02622,0.24778761061946902,0.1375,0.0875,0,0,0
A0A6J1KZ37,P02662,0.20125786163522014,0.125,0.1,0,0,0
A0A6J1KZ37,P02754,0.16352201257861634,0.1,0.1,0,0,0
A0A6J1KZ37,P02769,0.37735849056603776,0.15,0.1375,0,0,0
A0A6J1KZ37,P02789,0.389937106918239,0.175,0.1,0,0,0
A0A6J1KZ37,P04722,0.16352201257861634,0.05,0.05,0,0,0
A0A6J1KZ37,P07322,0.3270440251572327,0.1625,0.1625,0,0,0
A0A6J1KZ37,P08819,0.32075471698113206,0.1,0.0875,0,0,0
A0A6J1KZ37,P0C0Y3,0.26717557251908397,0.0625,0.0625,0,0,0
A0A6J1KZ37,P10184,0.3018867924528302,0.125,0.125,0,0,0
A0A6J1KZ37,P11828,0.31446540880503143,0.1125,0.1,0,0,0
A0A6J1KZ37,P12670,0.24528301886792453,0.1625,0.1625,0,0,0
A0A6J1KZ37,P13744,0.32075471698113206,0.1125,0.1,0,0,0
A0A6J1KZ37,P16348,0.2138364779874214,0.0875,0.0875,0,0,0
A0A6J1KZ37,P19121,0.3522012578616352,0.1375,0.1,0,0,0
A0A6J1KZ37,P24337,0.175,0.0625,0.0625,0,0,0
A0A6J1KZ37,P25974,0.27672955974842767,0.15,0.125,0,0,0
A0A6J1KZ37,P26987,0.45569620253164556,0.4625,0.4625,1,3,0
A0A6J1KZ37,P29835,0.18867924528301888,0.05,0.0375,0,0,0
A0A6J1KZ37,P30941,0.27044025157232704,0.175,0.075,0,0,0
A0A6J1KZ37,P43211,0.5408805031446541,0.5875,0.5875,1,2,0
A0A6J1KZ37,P43237,0.3081761006289308,0.1375,0.1375,0,0,0
A0A6J1KZ37,P49231,0.26717557251908397,0.0625,0.0625,0,0,0
A0A6J1KZ37,P50694,0.18867924528301888,0.1,0.1,0,0,0
A0A6J1KZ37,P80026,0.30275229357798167,0.225,0.225,0,0,0
A0A6J1KZ37,P81370,0.22012578616352202,0.1125,0.1125,0,0,0
A0A6J1KZ37,P81402,0.17582417582417584,0.05,0.0375,0,0,0
A0A6J1KZ37,P84177,0.22900763358778625,0.0625,0.0625,0,0,0
A0A6J1KZ37,P84527,0.2138364779874214,0.1125,0.05,0,0,0
A0A6J1KZ37,P85524,0.22666666666666666,0.1875,0.15,0,0,0
A0A6J1KZ37,P85894,0.17582417582417584,0.075,0.075,0,0,0
A0A6J1KZ37,P86137,0.14130434782608695,0.05,0.05,0,0,0
A0A6J1KZ37,P86888,0.2857142857142857,0.0375,0.0375,0,0,0
A0A6J1KZ37,P87498,0.42138364779874216,0.2125,0.1625,0,0,0
A0A6J1KZ37,P93594,0.27672955974842767,0.2125,0.2125,0,0,0
A0A6J1KZ37,Q004B5,0.2641509433962264,0.1,0.075,0,0,0
A0A6J1KZ37,Q01881,0.1761006289308176,0.125,0.125,0,0,0
A0A6J1KZ37,Q0DEV5,0.33962264150943394,0.275,0.275,0,0,0
A0A6J1KZ37,Q2I6V8,0.5471698113207547,0.575,0.575,1,8,3
A0A6J1KZ37,Q39453,0.5408805031446541,0.55,0.55,1,10,1
A0A6J1KZ37,Q39649,0.22695035460992907,0.1,0.1,0,0,0
A0A6J1KZ37,Q41115,0.27672955974842767,0.125,0.0875,0,0,0
A0A6J1KZ37,Q41258,0.13636363636363635,0.0625,0.0625,0,0,0
A0A6J1KZ37,Q45W87,0.19708029197080293,0.1125,0.075,0,0,0
A0A6J1KZ37,Q647G3,0.1761006289308176,0.0625,0.05,0,0,0
A0A6J1KZ37,Q647G5,0.20754716981132076,0.1,0.0875,0,0,0
A0A6J1KZ37,Q647G9,0.15862068965517243,0.075,0.0625,0,0,0
A0A6J1KZ37,Q6TPK4,0.20689655172413793,0.05,0.05,0,0,0
A0A6J1KZ37,Q6VT83,0.47770700636942676,0.475,0.475,1,3,0
A0A6J1KZ37,Q7X8H9,0.16352201257861634,0.0625,0.05,0,0,0
A0A6J1KZ37,Q84T21,0.20125786163522014,0.0625,0.05,0,0,0
A0A6J1KZ37,Q84T91,0.20714285714285716,0.075,0.075,0,0,0
A0A6J1KZ37,Q8GT39,0.25190839694656486,0.125,0.0625,0,0,0
A0A6J1KZ37,Q8H4L8,0.17834394904458598,0.075,0.075,0,0,0
A0A6J1KZ37,Q8L5E0,0.23684210526315788,0.15,0.15,0,0,0
A0A6J1KZ37,Q8S4P9,0.2893081761006289,0.125,0.125,0,0,0
A0A6J1KZ37,Q8SAE7,0.37662337662337664,0.4125,0.4125,1,2,0
A0A6J1KZ37,Q90YK9,0.27522935779816515,0.1,0.0875,0,0,0
A0A6J1KZ37,Q91482,0.26605504587155965,0.2,0.0875,0,0,0
A0A6J1KZ37,Q93YG7,0.26717557251908397,0.1,0.1,0,0,0
A0A6J1KZ37,Q948T6,0.27672955974842767,0.1375,0.075,0,0,0
A0A6J1KZ37,Q94JN3,0.2366412213740458,0.0625,0.0625,0,0,0
A0A6J1KZ37,Q9ATH2,0.20869565217391303,0.075,0.0375,0,0,0
A0A6J1KZ37,Q9AVK8,0.3270440251572327,0.125,0.125,0,0,0
A0A6J1KZ37,Q9AXI0,0.2138364779874214,0.1125,0.075,0,0,0
A0A6J1KZ37,Q9FSG7,0.2389937106918239,0.1625,0.1625,0,0,0
A0A6J1KZ37,Q9FSY7,0.36477987421383645,0.2375,0.175,0,0,0
A0A6J1KZ37,Q9FUJ9,0.20125786163522014,0.15,0.15,0,0,0
A0A6J1KZ37,Q9M5X7,0.16521739130434782,0.05,0.0375,0,0,0
A0A6J1KZ37,Q9M5X8,0.18803418803418803,0.05,0.0375,0,0,0
A0A6J1KZ37,Q9M7R0,0.20754716981132076,0.1,0.1,0,0,0
A0A6J1KZ37,Q9SQI9,0.26717557251908397,0.0625,0.0625,0,0,0
A0A6J1KZ37,Q9XF39,0.24427480916030533,0.0625,0.0625,0,0,0
A0A6J1KZ37,Q9XHP0,0.23270440251572327,0.25,0.25,0,0,0
A0A6J1KZ37,Q9XHP1,0.18243243243243243,0.05,0.05,0,0,0
A0A6J1KZ37,Q9XHP2,0.20689655172413793,0.075,0.0625,0,0,0
A0A6J1KZ37,T2DN75,0.23270440251572327,0.1125,0.1125,0,0,0
A0A6J1KZ37,V5XVK5,0.20125786163522014,0.1,0.1,0,0,0
A0A6J1KZ37,V7AEY9,0.2641509433962264,0.15,0.125,0,0,0
A0A6J1KZ37,V7B793,0.24193548387096775,0.2375,0.2125,0,0,0
A0A6J1KZ37,V7CAE0,0.389937106918239,0.425,0.4125,1,0,0
A0A6J1KZ37,V7CE49,0.18238993710691823,0.0625,0.0625,0,0,0
A0A6J1KZ37,V7CEG9,0.18796992481203006,0.075,0.075,0,0,0
A0A6J1KZ37,W5X2N3,0.2578616352201258,0.15,0.15,0,0,0
A0A6J1KZ37,W8PPL3,0.2578616352201258,0.175,0.175,0,0,0
A0A6P5RU98,A0A7U3MZV8,0.31446540880503143,0.3,0.3,0,0,0
A0A6P5RU98,A0A8S0TDN7,0.25,0.0625,0.05,0,0,0
A0A6P5RU98,A0A8V0X7U8,0.2641509433962264,0.2875,0.2625,0,0,0
A0A6P5RU98,A0AA49EHN2,0.6477987421383647,0.675,0.675,1,15,6
A0A6P5RU98,A0AA87YQ47,0.18248175182481752,0.05,0.05,0,0,0
A0A6P5RU98,A0AA87Z5N0,0.3270440251572327,0.1,0.1,0,0,0
A0A6P5RU98,A0AA87ZVW7,0.20967741935483872,0.075,0.075,0,0,0
A0A6P5RU98,A0AA87ZZH8,0.18867924528301888,0.1,0.1,0,0,0
A0A6P5RU98,A0AA88A2P2,0.25157232704402516,0.1125,0.1125,0,0,0
A0A6P5RU98,A0AA88A7B3,0.2413793103448276,0.125,0.125,0,0,0
A0A6P5RU98,A0AA88AGZ7,0.2578616352201258,0.0875,0.0625,0,0,0
A0A6P5RU98,A0AA88D362,0.14193548387096774,0.2,0.2,0,0,0
A0A6P5RU98,A0AA88D3F8,0.34591194968553457,0.1875,0.1875,0,0,0
A0A6P5RU98,A0AA88DB57,0.2578616352201258,0.1625,0.1625,0,0,0
A0A6P5RU98,A0AA88DB90,0.1337579617834395,0.0375,0.0375,0,0,0
A0A6P5RU98,A0AA88DF49,0.27672955974842767,0.1375,0.125,0,0,0
A0A6P5RU98,A0AA88DXA8,0.5974842767295597,0.6375,0.6375,1,4,0
A0A6P5RU98,A0ACI6NPV3,0.24528301886792453,0.1125,0.1,0,0,0
A0A6P5RU98,A0ACI6Q4D5,0.1949685534591195,0.2125,0.225,0,0,0
A0A6P5RU98,A0ACI6Q9Z7,0.2909090909090909,0.125,0.1125,0,0,0
A0A6P5RU98,A0ACM5K329,0.3081761006289308,0.175,0.175,0,0,0
A0A6P5RU98,A0ACM5KKC3,0.20125786163522014,0.225,0.225,0,0,0
A0A6P5RU98,A1KYZ2,0.22012578616352202,0.1625,0.0875,0,0,0
A0A6P5RU98,A5HII1,0.2641509433962264,0.125,0.05,0,0,0
A0A6P5RU98,B3EWP3,0.30985915492957744,0.075,0.05,0,0,0
A0A6P5RU98,B4X640,0.3522012578616352,0.175,0.1,0,0,0
A0A6P5RU98,B4XID4,0.11320754716981132,0.0625,0.0625,0,0,0
A0A6P5RU98,B5DGM7,0.2893081761006289,0.2125,0.2125,0,0,0
A0A6P5RU98,B5DGQ7,0.3018867924528302,0.175,0.175,0,0,0
A0A6P5RU98,B7P072,0.18791946308724833,0.075,0.075,0,0,0
A0A6P5RU98,B7P074,0.3018867924528302,0.1875,0.1875,0,0,0
A0A6P5RU98,B7SLJ1,0.29559748427672955,0.1625,0.075,0,0,0
A0A6P5RU98,B7SNI3,0.1761006289308176,0.15,0.1,0,0,0
A0A6P5RU98,B8AL97,0.27672955974842767,0.225,0.225,0,0,0
A0A6P5RU98,C0HJZ1,0.25,0.0625,0.0375,0,0,0
A0A6P5RU98,C0HL99,0.26605504587155965,0.1,0.1,0,0,0
A0A6P5RU98,C0HM28,0.20125786163522014,0.225,0.225,0,0,0
A0A6P5RU98,C7A639,0.23270440251572327,0.125,0.125,0,0,0
A0A6P5RU98,C7E3T4,0.27672955974842767,0.1875,0.125,0,0,0
A0A6P5RU98,D0E0C7,0.7861635220125787,0.8375,0.8375,1,36,18
A0A6P5RU98,D2TE73,0.27672955974842767,0.1,0.0875,0,0,0
A0A6P5RU98,E3SU11,0.22012578616352202,0.0625,0.05,0,0,0
A0A6P5RU98,I0J1J1,0.3018867924528302,0.15,0.15,0,0,0
A0A6P5RU98,O22317,0.2830188679245283,0.2125,0.2125,0,0,0
A0A6P5RU98,O44119,0.22641509433962265,0.1625,0.0875,0,0,0
A0A6P5RU98,O64458,0.2893081761006289,0.225,0.1125,0,0,0
A0A6P5RU98,O65810,0.25190839694656486,0.0875,0.0875,0,0,0
A0A6P5RU98,P00698,0.17687074829931973,0.1375,0.0625,0,0,0
A0A6P5RU98,P00711,0.19718309859154928,0.0625,0.0625,0,0,0
A0A6P5RU98,P00940,0.2641509433962264,0.1,0.1,0,0,0
A0A6P5RU98,P01005,0.2389937106918239,0.175,0.175,0,0,0
A0A6P5RU98,P01012,0.29559748427672955,0.0875,0.0875,0,0,0
A0A6P5RU98,P01085,0.20161290322580644,0.0625,0.05,0,0,0
A0A6P5RU98,P02197,0.24025974025974026,0.1,0.1,0,0,0
A0A6P5RU98,P02622,0.26548672566371684,0.1,0.05,0,0,0
A0A6P5RU98,P02662,0.16981132075471697,0.1,0.075,0,0,0
A0A6P5RU98,P02754,0.20125786163522014,0.1,0.1,0,0,0
A0A6P5RU98,P02769,0.32075471698113206,0.1125,0.1125,0,0,0
A0A6P5RU98,P02789,0.4088050314465409,0.0875,0.075,0,0,0
A0A6P5RU98,P04722,0.16352201257861634,0.1,0.1,0,0,0
A0A6P5RU98,P07322,0.2893081761006289,0.1875,0.1375,0,0,0
A0A6P5RU98,P08819,0.2578616352201258,0.0625,0.0625,0,0,0
A0A6P5RU98,P0C0Y3,0.2748091603053435,0.2125,0.2125,0,0,0
A0A6P5RU98,P10184,0.2893081761006289,0.075,0.075,0,0,0
A0A6P5RU98,P11828,0.27672955974842767,0.175,0.175,0,0,0
A0A6P5RU98,P12670,0.1949685534591195,0.0875,0.0875,0,0,0
A0A6P5RU98,P13744,0.32075471698113206,0.1875,0.0625,0,0,0
A0A6P5RU98,P16348,0.1949685534591195,0.125,0.075,0,0,0
A0A6P5RU98,P19121,0.34591194968553457,0.1375,0.1375,0,0,0
A0A6P5RU98,P24337,0.175,0.0625,0.0625,0,0,0
A0A6P5RU98,P25974,0.29559748427672955,0.25,0.25,0,0,0
A0A6P5RU98,P26987,0.5316455696202531,0.5375,0.5375,1,1,0
A0A6P5RU98,P29835,0.16352201257861634,0.1,0.1,0,0,0
A0A6P5RU98,P30941,0.22641509433962265,0.1125,0.0625,0,0,0
A0A6P5RU98,P43211,0.7358490566037735,0.7375,0.7375,1,23,9
A0A6P5RU98,P43237,0.3522012578616352,0.2,0.1625,0,0,0
A0A6P5RU98,P49231,0.2824427480916031,0.1,0.1,0,0,0
A0A6P5RU98,P50694,0.16981132075471697,0.1375,0.1375,0,0,0
A0A6P5RU98,P80026,0.28440366972477066,0.1875,0.1625,0,0,0
A0A6P5RU98,P81370,0.23270440251572327,0.0875,0.0875,0,0,0
A0A6P5RU98,P81402,0.16483516483516483,0.1125,0.0375,0,0,0
A0A6P5RU98,P84177,0.2748091603053435,0.25,0.25,0,0,0
A0A6P5RU98,P84527,0.18867924528301888,0.1625,0.1,0,0,0
A0A6P5RU98,P85524,0.20666666666666667,0.2625,0.2375,0,0,0
A0A6P5RU98,P85894,0.1978021978021978,0.075,0.075,0,0,0
A0A6P5RU98,P86137,0.18478260869565216,0.05,0.05,0,0,0
A0A6P5RU98,P86888,0.15873015873015872,0.05,0.05,0,0,0
A0A6P5RU98,P87498,0.44025157232704404,0.1625,0.1625,0,0,0
A0A6P5RU98,P93594,0.3270440251572327,0.125,0.075,0,0,0
A0A6P5RU98,Q004B5,0.27044025157232704,0.1875,0.125,0,0,0
A0A6P5RU98,Q01881,0.2138364779874214,0.0875,0.0625,0,0,0
A0A6P5RU98,Q0DEV5,0.33962264150943394,0.1125,0.1125,0,0,0
A0A6P5RU98,Q2I6V8,0.7861635220125787,0.8,0.8,1,42,28
A0A6P5RU98,Q39453,0.5849056603773585,0.65,0.65,1,2,0
A0A6P5RU98,Q39649,0.14184397163120568,0.0625,0.05,0,0,0
A0A6P5RU98,Q41115,0.32075471698113206,0.2375,0.1375,0,0,0
A0A6P5RU98,Q41258,0.15151515151515152,0.0625,0.025,0,0,0
A0A6P5RU98,Q45W87,0.15328467153284672,0.2,0.2,0,0,0
A0A6P5RU98,Q647G3,0.1761006289308176,0.1125,0.1125,0,0,0
A0A6P5RU98,Q647G5,0.1761006289308176,0.1125,0.1125,0,0,0
A0A6P5RU98,Q647G9,0.18620689655172415,0.075,0.0375,0,0,0
A0A6P5RU98,Q6TPK4,0.23275862068965517,0.225,0.125,0,0,0
A0A6P5RU98,Q6VT83,0.4968152866242038,0.5,0.5,1,1,0
A0A6P5RU98,Q7X8H9,0.16352201257861634,0.1125,0.1125,0,0,0
A0A6P5RU98,Q84T21,0.16981132075471697,0.0625,0.0625,0,0,0
A0A6P5RU98,Q84T91,0.14285714285714285,0.1625,0.1625,0,0,0
A0A6P5RU98,Q8GT39,0.2595419847328244,0.0875,0.0875,0,0,0
A0A6P5RU98,Q8H4L8,0.19745222929936307,0.1125,0.0625,0,0,0
A0A6P5RU98,Q8L5E0,0.23026315789473684,0.125,0.125,0,0,0
A0A6P5RU98,Q8S4P9,0.3018867924528302,0.175,0.175,0,0,0
A0A6P5RU98,Q8SAE7,0.4155844155844156,0.45,0.45,1,6,4
A0A6P5RU98,Q90YK9,0.22018348623853212,0.0625,0.05,0,0,0
A0A6P5RU98,Q91482,0.28440366972477066,0.1125,0.1125,0,0,0
A0A6P5RU98,Q93YG7,0.25190839694656486,0.1,0.1,0,0,0
A0A6P5RU98,Q948T6,0.27044025157232704,0.1,0.1,0,0,0
A0A6P5RU98,Q94JN3,0.24427480916030533,0.1125,0.1125,0,0,0
A0A6P5RU98,Q9ATH2,0.1826086956521739,0.075,0.0375,0,0,0
A0A6P5RU98,Q9AVK8,0.3018867924528302,0.1,0.1,0,0,0
A0A6P5RU98,Q9AXI0,0.1509433962264151,0.1125,0.0875,0,0,0
A0A6P5RU98,Q9FSG7,0.20125786163522014,0.125,0.125,0,0,0
A0A6P5RU98,Q9FSY7,0.39622641509433965,0.15,0.15,0,0,0
A0A6P5RU98,Q9FUJ9,0.18238993710691823,0.075,0.075,0,0,0
A0A6P5RU98,Q9M5X7,0.16521739130434782,0.1125,0.0375,0,0,0
A0A6P5RU98,Q9M5X8,0.1794871794871795,0.1,0.1,0,0,0
A0A6P5RU98,Q9M7R0,0.1949685534591195,0.125,0.125,0,0,0
A0A6P5RU98,Q9SQI9,0.24427480916030533,0.1125,0.1125,0,0,0
A0A6P5RU98,Q9XF39,0.2824427480916031,0.25,0.0875,0,0,0
A0A6P5RU98,Q9XHP0,0.24528301886792453,0.1875,0.1875,0,0,0
A0A6P5RU98,Q9XHP1,0.1891891891891892,0.1125,0.1125,0,0,0
A0A6P5RU98,Q9XHP2,0.1793103448275862,0.0875,0.0625,0,0,0
A0A6P5RU98,T2DN75,0.22641509433962265,0.075,0.075,0,0,0
A0A6P5RU98,V5XVK5,0.18238993710691823,0.0375,0.0375,0,0,0
A0A6P5RU98,V7AEY9,0.27672955974842767,0.15,0.0875,0,0,0
A0A6P5RU98,V7B793,0.21774193548387097,0.0875,0.075,0,0,0
A0A6P5RU98,V7CAE0,0.46540880503144655,0.525,0.525,1,0,0
A0A6P5RU98,V7CE49,0.13836477987421383,0.05,0.025,0,0,0
A0A6P5RU98,V7CEG9,0.16541353383458646,0.05,0.05,0,0,0
A0A6P5RU98,W5X2N3,0.2138364779874214,0.1,0.1,0,0,0
A0A6P5RU98,W8PPL3,0.33962264150943394,0.15,0.1375,0,0,0
A0A7U3MZV8,A0A8S0TDN7,0.42857142857142855,0.1125,0.1125,0,0,0
A0A7U3MZV8,A0A8V0X7U8,0.1935483870967742,0.175,0.0625,0,0,0
A0A7U3MZV8,A0AA49EHN2,0.2893081761006289,0.1625,0.1125,0,0,0
A0A7U3MZV8,A0AA87YQ47,0.38686131386861317,0.125,0.0875,0,0,0
A0A7U3MZV8,A0AA87Z5N0,0.16818181818181818,0.1375,0.1375,0,0,0
A0A7U3MZV8,A0AA87ZVW7,0.2661290322580645,0.125,0.125,0,0,0
A0A7U3MZV8,A0AA87ZZH8,0.2648648648648649,0.2,0.2,0,0,0
A0A7U3MZV8,A0AA88A2P2,0.19954128440366972,0.1875,0.1875,0,0,0
A0A7U3MZV8,A0AA88A7B3,0.3103448275862069,0.1875,0.125,0,0,0
A0A7U3MZV8,A0AA88AGZ7,0.19090909090909092,0.1625,0.1,0,0,0
A0A7U3MZV8,A0AA88D362,0.34838709677419355,0.2,0.2,0,0,0
A0A7U3MZV8,A0AA88D3F8,0.21818181818181817,0.1875,0.1125,0,0,0
A0A7U3MZV8,A0AA88DB57,0.2795275590551181,0.1125,0.1125,0,0,0
A0A7U3MZV8,A0AA88DB90,0.2356687898089172,0.0875,0.0625,0,0,0
A0A7U3MZV8,A0AA88DF49,0.21937321937321938,0.1125,0.1,0,0,0
A0A7U3MZV8,A0AA88DXA8,0.29375,0.125,0.0625,0,0,0
A0A7U3MZV8,A0ACI6NPV3,0.18409090909090908,0.1625,0.1375,0,0,0
A0A7U3MZV8,A0ACI6Q4D5,0.18661971830985916,0.1125,0.0875,0,0,0
A0A7U3MZV8,A0ACI6Q9Z7,0.2909090909090909,0.0875,0.0875,0,0,0
A0A7U3MZV8,A0ACM5K329,0.17727272727272728,0.2875,0.2625,0,0,0
A0A7U3MZV8,A0ACM5KKC3,0.2781065088757396,0.1125,0.1125,0,0,0
A0A7U3MZV8,A1KYZ2,0.19718309859154928,0.0875,0.0875,0,0,0
A0A7U3MZV8,A5HII1,0.22894736842105262,0.25,0.25,0,0,0
A0A7U3MZV8,B3EWP3,0.29577464788732394,0.1125,0.1125,0,0,0
A0A7U3MZV8,B4X640,0.20681818181818182,0.2375,0.2125,0,0,0
A0A7U3MZV8,B4XID4,0.24390243902439024,0.0875,0.0875,0,0,0
A0A7U3MZV8,B5DGM7,0.2066115702479339,0.1875,0.0625,0,0,0
A0A7U3MZV8,B5DGQ7,0.1889400921658986,0.275,0.275,0,0,0
A0A7U3MZV8,B7P072,0.30201342281879195,0.0875,0.0375,0,0,0
A0A7U3MZV8,B7P074,0.2,0.1125,0.0875,0,0,0
A0A7U3MZV8,B7SLJ1,0.20227272727272727,0.1875,0.1875,0,0,0
A0A7U3MZV8,B7SNI3,0.24858757062146894,0.1375,0.0625,0,0,0
A0A7U3MZV8,B8AL97,0.21818181818181817,0.25,0.2375,0,0,0
A0A7U3MZV8,C0HJZ1,0.4027777777777778,0.075,0.0625,0,0,0
A0A7U3MZV8,C0HL99,0.30275229357798167,0.2,0.2,0,0,0
A0A7U3MZV8,C0HM28,0.2781065088757396,0.1375,0.1125,0,0,0
A0A7U3MZV8,C7A639,0.3005181347150259,0.2125,0.1125,0,0,0
A0A7U3MZV8,C7E3T4,0.21067415730337077,0.275,0.2875,0,0,0
A0A7U3MZV8,D0E0C7,0.3710691823899371,0.225,0.225,0,0,0
A0A7U3MZV8,D2TE73,0.25742574257425743,0.1375,0.0875,0,0,0
A0A7U3MZV8,E3SU11,0.2831858407079646,0.1875,0.1875,0,0,0
A0A7U3MZV8,I0J1J1,0.19444444444444445,0.1875,0.1625,0,0,0
A0A7U3MZV8,O22317,0.21470588235294116,0.2125,0.2,0,0,0
A0A7U3MZV8,O44119,0.2147887323943662,0.15,0.15,0,0,0
A0A7U3MZV8,O64458,0.18733509234828497,0.15,0.15,0,0,0
A0A7U3MZV8,O65810,0.2900763358778626,0.2,0.125,0,0,0
A0A7U3MZV8,P00698,0.2857142857142857,0.2125,0.1875,0,0,0
A0A7U3MZV8,P00711,0.31690140845070425,0.15,0.15,0,0,0
A0A7U3MZV8,P00940,0.25806451612903225,0.25,0.25,0,0,0
A0A7U3MZV8,P01005,0.29523809523809524,0.1125,0.1,0,0,0
A0A7U3MZV8,P01012,0.20984455958549222,0.1375,0.1,0,0,0
A0A7U3MZV8,P01085,0.3064516129032258,0.1,0.1,0,0,0
A0A7U3MZV8,P02197,0.2597402597402597,0.1125,0.1125,0,0,0
A0A7U3MZV8,P02622,0.34513274336283184,0.15,0.0875,0,0,0
A0A7U3MZV8,P02662,0.27102803738317754,0.075,0.075,0,0,0
A0A7U3MZV8,P02754,0.2696629213483146,0.1125,0.05,0,0,0
A0A7U3MZV8,P02769,0.22045454545454546,0.175,0.175,0,0,0
A0A7U3MZV8,P02789,0.2545454545454545,0.1625,0.0625,0,0,0
A0A7U3MZV8,P04722,0.19931271477663232,0.1,0.05,0,0,0
A0A7U3MZV8,P07322,0.1912442396313364,0.1875,0.1875,0,0,0
A0A7U3MZV8,P08819,0.18636363636363637,0.125,0.1125,0,0,0
A0A7U3MZV8,P0C0Y3,0.3435114503816794,0.1875,0.1875,0,0,0
A0A7U3MZV8,P10184,0.2,0.125,0.1125,0,0,0
A0A7U3MZV8,P11828,0.18863636363636363,0.175,0.0875,0,0,0
A0A7U3MZV8,P12670,0.26720647773279355,0.1625,0.15,0,0,0
A0A7U3MZV8,P13744,0.18181818181818182,0.1375,0.125,0,0,0
A0A7U3MZV8,P16348,0.2978723404255319,0.1125,0.1125,0,0,0
A0A7U3MZV8,P19121,0.2318181818181818,0.175,0.15,0,0,0
A0A7U3MZV8,P24337,0.35,0.1,0.0625,0,0,0
A0A7U3MZV8,P25974,0.17084282460136674,0.1125,0.1,0,0,0
A0A7U3MZV8,P26987,0.33544303797468356,0.175,0.1625,0,0,0
A0A7U3MZV8,P29835,0.23118279569892472,0.0875,0.0875,0,0,0
A0A7U3MZV8,P30941,0.3167420814479638,0.1625,0.1,0,0,0
A0A7U3MZV8,P43211,0.3270440251572327,0.15,0.0625,0,0,0
A0A7U3MZV8,P43237,0.21818181818181817,0.15,0.125,0,0,0
A0A7U3MZV8,P49231,0.3053435114503817,0.2125,0.15,0,0,0
A0A7U3MZV8,P50694,0.2571428571428571,0.1625,0.1625,0,0,0
A0A7U3MZV8,P80026,0.24770642201834864,0.1125,0.1,0,0,0
A0A7U3MZV8,P81370,0.3244444444444444,0.1375,0.1,0,0,0
A0A7U3MZV8,P81402,0.38461538461538464,0.1125,0.0625,0,0,0
A0A7U3MZV8,P84177,0.3053435114503817,0.1375,0.1375,0,0,0
A0A7U3MZV8,P84527,0.29107981220657275,0.225,0.2375,0,0,0
A0A7U3MZV8,P85524,0.29333333333333333,0.15,0.1,0,0,0
A0A7U3MZV8,P85894,0.37362637362637363,0.1,0.1,0,0,0
A0A7U3MZV8,P86137,0.29347826086956524,0.1625,0.05,0,0,0
A0A7U3MZV8,P86888,0.36507936507936506,0.0625,0.0625,0,0,0
A0A7U3MZV8,P87498,0.34545454545454546,0.2375,0.1875,0,0,0
A0A7U3MZV8,P93594,0.18181818181818182,0.2,0.1625,0,0,0
A0A7U3MZV8,Q004B5,0.21629213483146068,0.2875,0.3,0,0,0
A0A7U3MZV8,Q01881,0.375,0.1625,0.0875,0,0,0
A0A7U3MZV8,Q0DEV5,0.2409090909090909,0.15,0.15,0,0,0
A0A7U3MZV8,Q2I6V8,0.30625,0.2125,0.2125,0,0,0
A0A7U3MZV8,Q39453,0.31875,0.2625,0.1375,0,0,0
A0A7U3MZV8,Q39649,0.2695035460992908,0.0625,0.05,0,0,0
A0A7U3MZV8,Q41115,0.20465116279069767,0.15,0.1375,0,0,0
A0A7U3MZV8,Q41258,0.3409090909090909,0.1,0.0625,0,0,0
A0A7U3MZV8,Q45W87,0.31386861313868614,0.15,0.15,0,0,0
A0A7U3MZV8,Q647G3,0.3373493975903614,0.2125,0.1,0,0,0
A0A7U3MZV8,Q647G5,0.2958579881656805,0.15,0.15,0,0,0
A0A7U3MZV8,Q647G9,0.2620689655172414,0.125,0.125,0,0,0
A0A7U3MZV8,Q6TPK4,0.35344827586206895,0.1375,0.1375,0,0,0
A0A7U3MZV8,Q6VT83,0.3184713375796178,0.1375,0.1375,0,0,0
A0A7U3MZV8,Q7X8H9,0.32075471698113206,0.1125,0.075,0,0,0
A0A7U3MZV8,Q84T21,0.29559748427672955,0.1625,0.1375,0,0,0
A0A7U3MZV8,Q84T91,0.3357142857142857,0.1625,0.1625,0,0,0
A0A7U3MZV8,Q8GT39,0.33587786259541985,0.175,0.125,0,0,0
A0A7U3MZV8,Q8H4L8,0.29936305732484075,0.125,0.125,0,0,0
A0A7U3MZV8,Q8L5E0,0.375,0.1875,0.1375,0,0,0
A0A7U3MZV8,Q8S4P9,0.16590909090909092,0.2875,0.2625,0,0,0
A0A7U3MZV8,Q8SAE7,0.3246753246753247,0.1875,0.1125,0,0,0
A0A7U3MZV8,Q90YK9,0.3119266055045872,0.1125,0.1,0,0,0
A0A7U3MZV8,Q91482,0.3302752293577982,0.1,0.0875,0,0,0
A0A7U3MZV8,Q93YG7,0.3435114503816794,0.2625,0.175,0,0,0
A0A7U3MZV8,Q948T6,0.26804123711340205,0.1375,0.1375,0,0,0
A0A7U3MZV8,Q94JN3,0.3511450381679389,0.175,0.1375,0,0,0
A0A7U3MZV8,Q9ATH2,0.3565217391304348,0.1125,0.1125,0,0,0
A0A7U3MZV8,Q9AVK8,0.16590909090909092,0.1125,0.0875,0,0,0
A0A7U3MZV8,Q9AXI0,0.2784090909090909,0.125,0.0875,0,0,0
A0A7U3MZV8,Q9FSG7,0.2886178861788618,0.15,0.0625,0,0,0
A0A7U3MZV8,Q9FSY7,0.25681818181818183,0.2,0.1125,0,0,0
A0A7U3MZV8,Q9FUJ9,0.27710843373493976,0.1625,0.1125,0,0,0
A0A7U3MZV8,Q9M5X7,0.3130434782608696,0.1,0.075,0,0,0
A0A7U3MZV8,Q9M5X8,0.3076923076923077,0.1125,0.1,0,0,0
A0A7U3MZV8,Q9M7R0,0.2982456140350877,0.225,0.225,0,0,0
A0A7U3MZV8,Q9SQI9,0.366412213740458,0.1625,0.1625,0,0,0
A0A7U3MZV8,Q9XF39,0.31297709923664124,0.2125,0.1375,0,0,0
A0A7U3MZV8,Q9XHP0,0.18863636363636363,0.1375,0.2125,0,0,0
A0A7U3MZV8,Q9XHP1,0.2635135135135135,0.1,0.1,0,0,0
A0A7U3MZV8,Q9XHP2,0.296551724137931,0.2125,0.2125,0,0,0
A0A7U3MZV8,T2DN75,0.2637795275590551,0.225,0.225,0,0,0
A0A7U3MZV8,V5XVK5,0.30303030303030304,0.1875,0.1875,0,0,0
A0A7U3MZV8,V7AEY9,0.25,0.2625,0.15,0,0,0
A0A7U3MZV8,V7B793,0.3467741935483871,0.125,0.1125,0,0,0
A0A7U3MZV8,V7CAE0,0.325,0.0875,0.0875,0,0,0
A0A7U3MZV8,V7CE49,0.325,0.1,0.0625,0,0,0
A0A7U3MZV8,V7CEG9,0.3458646616541353,0.1625,0.075,0,0,0
A0A7U3MZV8,W5X2N3,0.24352331606217617,0.1625,0.1125,0,0,0
A0A7U3MZV8,W8PPL3,0.24538258575197888,0.35,0.35,1,2,0
A0A8S0TDN7,A0A8V0X7U8,0.34523809523809523,0.1625,0.1625,0,0,0
A0A8S0TDN7,A0AA49EHN2,0.27380952380952384,0.1375,0.1375,0,0,0
A0A8S0TDN7,A0AA87YQ47,0.21428571428571427,0.05,0.05,0,0,0
A0A8S0TDN7,A0AA87Z5N0,0.35714285714285715,0.0625,0.0625,0,0,0
A0A8S0TDN7,A0AA87ZVW7,0.2619047619047619,0.05,0.05,0,0,0
A0A8S0TDN7,A0AA87ZZH8,0.2261904761904762,0.0875,0.0875,0,0,0
A0A8S0TDN7,A0AA88A2P2,0.32142857142857145,0.05,0.05,0,0,0
A0A8S0TDN7,A0AA88A7B3,0.20238095238095238,0.0625,0.0625,0,0,0
A0A8S0TDN7,A0AA88AGZ7,0.38095238095238093,0.1125,0.1125,0,0,0
A0A8S0TDN7,A0AA88D362,0.34523809523809523,0.2,0.2,0,0,0
A0A8S0TDN7,A0AA88D3F8,0.42857142857142855,0.1625,0.1625,0,0,0
A0A8S0TDN7,A0AA88DB57,0.2976190476190476,0.1,0.1,0,0,0
A0A8S0TDN7,A0AA88DB90,0.19047619047619047,0.0875,0.0875,0,0,0
A0A8S0TDN7,A0AA88DF49,0.34523809523809523,0.0625,0.0625,0,0,0
A0A8S0TDN7,A0AA88DXA8,0.2857142857142857,0.0625,0.0625,0,0,0
A0A8S0TDN7,A0ACI6NPV3,0.35714285714285715,0.1875,0.1875,0,0,0
A0A8S0TDN7,A0ACI6Q4D5,0.2976190476190476,0.1125,0.1125,0,0,0
A0A8S0TDN7,A0ACI6Q9Z7,0.2857142857142857,0.2625,0.2625,0,0,0
A0A8S0TDN7,A0ACM5K329,0.34523809523809523,0.1125,0.1125,0,0,0
A0A8S0TDN7,A0ACM5KKC3,0.2619047619047619,0.1,0.1,0,0,0
A0A8S0TDN7,A1KYZ2,0.35714285714285715,0.1625,0.1625,0,0,0
A0A8S0TDN7,A5HII1,0.38095238095238093,0.075,0.075,0,0,0
A0A8S0TDN7,B3EWP3,0.15492957746478872,0.075,0.075,0,0,0
A0A8S0TDN7,B4X640,0.36904761904761907,0.075,0.075,0,0,0
A0A8S0TDN7,B4XID4,0.17857142857142858,0.0375,0.0375,0,0,0
A0A8S0TDN7,B5DGM7,0.36904761904761907,0.15,0.15,0,0,0
A0A8S0TDN7,B5DGQ7,0.3333333333333333,0.125,0.125,0,0,0
A0A8S0TDN7,B7P072,0.21428571428571427,0.1375,0.1375,0,0,0
A0A8S0TDN7,B7P074,0.39285714285714285,0.125,0.125,0,0,0
A0A8S0TDN7,B7SLJ1,0.35714285714285715,0.0875,0.0875,0,0,0
A0A8S0TDN7,B7SNI3,0.3333333333333333,0.2,0.2,0,0,0
A0A8S0TDN7,B8AL97,0.35714285714285715,0.075,0.075,0,0,0
A0A8S0TDN7,C0HJZ1,0.16666666666666666,0.025,0.025,0,0,0
A0A8S0TDN7,C0HL99,0.20238095238095238,0.075,0.075,0,0,0
A0A8S0TDN7,C0HM28,0.2619047619047619,0.1,0.1,0,0,0
A0A8S0TDN7,C7A639,0.30952380952380953,0.2,0.2,0,0,0
A0A8S0TDN7,C7E3T4,0.3333333333333333,0.225,0.225,0,0,0
A0A8S0TDN7,D0E0C7,0.2619047619047619,0.075,0.075,0,0,0
A0A8S0TDN7,D2TE73,0.34523809523809523,0.0625,0.0625,0,0,0
A0A8S0TDN7,E3SU11,0.3333333333333333,0.1,0.1,0,0,0
A0A8S0TDN7,I0J1J1,0.39285714285714285,0.125,0.125,0,0,0
A0A8S0TDN7,O22317,0.32142857142857145,0.0625,0.0625,0,0,0
A0A8S0TDN7,O44119,0.35714285714285715,0.3125,0.3,0,0,0
A0A8S0TDN7,O64458,0.2976190476190476,0.15,0.15,0,0,0
A0A8S0TDN7,O65810,0.23809523809523808,0.075,0.075,0,0,0
A0A8S0TDN7,P00698,0.21428571428571427,0.05,0.05,0,0,0
A0A8S0TDN7,P00711,0.2619047619047619,0.1625,0.1625,0,0,0
A0A8S0TDN7,P00940,0.30952380952380953,0.1375,0.1375,0,0,0
A0A8S0TDN7,P01005,0.30952380952380953,0.1,0.1,0,0,0
A0A8S0TDN7,P01012,0.3333333333333333,0.05,0.05,0,0,0
A0A8S0TDN7,P01085,0.20238095238095238,0.1125,0.1125,0,0,0
A0A8S0TDN7,P02197,0.2619047619047619,0.125,0.125,0,0,0
A0A8S0TDN7,P02622,0.2857142857142857,0.2375,0.2375,0,0,0
A0A8S0TDN7,P02662,0.27380952380952384,0.2375,0.2375,0,0,0
A0A8S0TDN7,P02754,0.21428571428571427,0.0875,0.0875,0,0,0
A0A8S0TDN7,P02769,0.2976190476190476,0.1,0.1,0,0,0
A0A8S0TDN7,P02789,0.42857142857142855,0.0875,0.0875,0,0,0
A0A8S0TDN7,P04722,0.27380952380952384,0.05,0.05,0,0,0
A0A8S0TDN7,P07322,0.3333333333333333,0.075,0.075,0,0,0
A0A8S0TDN7,P08819,0.36904761904761907,0.0625,0.0625,0,0,0
A0A8S0TDN7,P0C0Y3,0.23809523809523808,0.075,0.075,0,0,0
A0A8S0TDN7,P10184,0.32142857142857145,0.1125,0.1125,0,0,0
A0A8S0TDN7,P11828,0.34523809523809523,0.1125,0.1125,0,0,0
A0A8S0TDN7,P12670,0.3333333333333333,0.0875,0.0875,0,0,0
A0A8S0TDN7,P13744,0.36904761904761907,0.1875,0.1375,0,0,0
A0A8S0TDN7,P16348,0.23809523809523808,0.0375,0.0375,0,0,0
A0A8S0TDN7,P19121,0.35714285714285715,0.125,0.125,0,0,0
A0A8S0TDN7,P24337,0.175,0.075,0.075,0,0,0
A0A8S0TDN7,P25974,0.4166666666666667,0.1125,0.1125,0,0,0
A0A8S0TDN7,P26987,0.2976190476190476,0.05,0.05,0,0,0
A0A8S0TDN7,P29835,0.2261904761904762,0.075,0.075,0,0,0
A0A8S0TDN7,P30941,0.34523809523809523,0.1,0.1,0,0,0
A0A8S0TDN7,P43211,0.2857142857142857,0.0625,0.0625,0,0,0
A0A8S0TDN7,P43237,0.44047619047619047,0.175,0.175,0,0,0
A0A8S0TDN7,P49231,0.23809523809523808,0.075,0.075,0,0,0
A0A8S0TDN7,P50694,0.30952380952380953,0.075,0.075,0,0,0
A0A8S0TDN7,P80026,0.25,0.25,0.25,0,0,0
A0A8S0TDN7,P81370,0.27380952380952384,0.075,0.075,0,0,0
A0A8S0TDN7,P81402,0.21428571428571427,0.075,0.075,0,0,0
A0A8S0TDN7,P84177,0.25,0.0625,0.0625,0,0,0
A0A8S0TDN7,P84527,0.2619047619047619,0.05,0.05,0,0,0
A0A8S0TDN7,P85524,0.20238095238095238,0.075,0.075,0,0,0
A0A8S0TDN7,P85894,0.16666666666666666,0.05,0.05,0,0,0
A0A8S0TDN7,P86137,0.19047619047619047,0.125,0.125,0,0,0
A0A8S0TDN7,P86888,0.14285714285714285,0.025,0.025,0,0,0
A0A8S0TDN7,P87498,0.5119047619047619,0.1375,0.1375,0,0,0
A0A8S0TDN7,P93594,0.34523809523809523,0.0625,0.0625,0,0,0
A0A8S0TDN7,Q004B5,0.3333333333333333,0.225,0.225,0,0,0
A0A8S0TDN7,Q01881,0.25,0.0875,0.0875,0,0,0
A0A8S0TDN7,Q0DEV5,0.38095238095238093,0.125,0.125,0,0,0
A0A8S0TDN7,Q2I6V8,0.3333333333333333,0.2875,0.2875,0,0,0
A0A8S0TDN7,Q39453,0.2976190476190476,0.0625,0.0625,0,0,0
A0A8S0TDN7,Q39649,0.2261904761904762,0.0375,0.0375,0,0,0
A0A8S0TDN7,Q41115,0.40476190476190477,0.0625,0.0625,0,0,0
A0A8S0TDN7,Q41258,0.17857142857142858,0.075,0.075,0,0,0
A0A8S0TDN7,Q45W87,0.25,0.075,0.075,0,0,0
A0A8S0TDN7,Q647G3,0.2857142857142857,0.0875,0.05,0,0,0
A0A8S0TDN7,Q647G5,0.2619047619047619,0.1375,0.1375,0,0,0
A0A8S0TDN7,Q647G9,0.2261904761904762,0.0625,0.0625,0,0,0
A0A8S0TDN7,Q6TPK4,0.20238095238095238,0.1125,0.0625,0,0,0
A0A8S0TDN7,Q6VT83,0.2619047619047619,0.1125,0.1125,0,0,0
A0A8S0TDN7,Q7X8H9,0.2619047619047619,0.05,0.05,0,0,0
A0A8S0TDN7,Q84T21,0.2976190476190476,0.075,0.075,0,0,0
A0A8S0TDN7,Q84T91,0.30952380952380953,0.05,0.0375,0,0,0
A0A8S0TDN7,Q8GT39,0.2261904761904762,0.0625,0.0625,0,0,0
A0A8S0TDN7,Q8H4L8,0.2261904761904762,0.0625,0.0625,0,0,0
A0A8S0TDN7,Q8L5E0,0.25,0.0625,0.0625,0,0,0
A0A8S0TDN7,Q8S4P9,0.3333333333333333,0.1,0.1,0,0,0
A0A8S0TDN7,Q8SAE7,0.25,0.175,0.175,0,0,0
A0A8S0TDN7,Q90YK9,0.23809523809523808,0.2125,0.2125,0,0,0
A0A8S0TDN7,Q91482,0.2976190476190476,0.2125,0.2125,0,0,0
A0A8S0TDN7,Q93YG7,0.2261904761904762,0.075,0.075,0,0,0
A0A8S0TDN7,Q948T6,0.34523809523809523,0.1,0.1,0,0,0
A0A8S0TDN7,Q94JN3,0.2857142857142857,0.0875,0.0875,0,0,0
A0A8S0TDN7,Q9ATH2,0.21428571428571427,0.05,0.05,0,0,0
A0A8S0TDN7,Q9AVK8,0.39285714285714285,0.0875,0.0875,0,0,0
A0A8S0TDN7,Q9AXI0,0.3333333333333333,0.1625,0.1625,0,0,0
A0A8S0TDN7,Q9FSG7,0.32142857142857145,0.05,0.05,0,0,0
A0A8S0TDN7,Q9FSY7,0.39285714285714285,0.225,0.225,0,0,0
A0A8S0TDN7,Q9FUJ9,0.2857142857142857,0.075,0.075,0,0,0
A0A8S0TDN7,Q9M5X7,0.19047619047619047,0.075,0.075,0,0,0
A0A8S0TDN7,Q9M5X8,0.19047619047619047,0.0375,0.0375,0,0,0
A0A8S0TDN7,Q9M7R0,0.5714285714285714,0.5125,0.5125,0,6,4
A0A8S0TDN7,Q9SQI9,0.2261904761904762,0.075,0.075,0,0,0
A0A8S0TDN7,Q9XF39,0.2619047619047619,0.0875,0.0875,0,0,0
A0A8S0TDN7,Q9XHP0,0.34523809523809523,0.2125,0.2125,0,0,0
A0A8S0TDN7,Q9XHP1,0.17857142857142858,0.1,0.1,0,0,0
A0A8S0TDN7,Q9XHP2,0.32142857142857145,0.075,0.075,0,0,0
A0A8S0TDN7,T2DN75,0.34523809523809523,0.1125,0.1125,0,0,0
A0A8S0TDN7,V5XVK5,0.30952380952380953,0.125,0.125,0,0,0
A0A8S0TDN7,V7AEY9,0.38095238095238093,0.0625,0.0625,0,0,0
A0A8S0TDN7,V7B793,0.2857142857142857,0.1,0.1,0,0,0
A0A8S0TDN7,V7CAE0,0.25,0.05,0.05,0,0,0
A0A8S0TDN7,V7CE49,0.3333333333333333,0.0875,0.0875,0,0,0
A0A8S0TDN7,V7CEG9,0.16666666666666666,0.0375,0.0375,0,0,0
A0A8S0TDN7,W5X2N3,0.2619047619047619,0.05,0.05,0,0,0
A0A8S0TDN7,W8PPL3,0.32142857142857145,0.075,0.075,0,0,0
A0A8V0X7U8,A0AA49EHN2,0.24528301886792453,0.125,0.125,0,0,0
A0A8V0X7U8,A0AA87YQ47,0.32116788321167883,0.1375,0.1375,0,0,0
A0A8V0X7U8,A0AA87Z5N0,0.1935483870967742,0.1625,0.1625,0,0,0
A0A8V0X7U8,A0AA87ZVW7,0.2903225806451613,0.1875,0.1375,0,0,0
A0A8V0X7U8,A0AA87ZZH8,0.23243243243243245,0.1125,0.0875,0,0,0
A0A8V0X7U8,A0AA88A2P2,0.16666666666666666,0.1125,0.0875,0,0,0
A0A8V0X7U8,A0AA88A7B3,0.31724137931034485,0.15,0.075,0,0,0
A0A8V0X7U8,A0AA88AGZ7,0.1989247311827957,0.2375,0.275,0,0,0
A0A8V0X7U8,A0AA88D362,0.3096774193548387,0.1375,0.125,0,0,0
A0A8V0X7U8,A0AA88D3F8,0.23655913978494625,0.1625,0.1125,0,0,0
A0A8V0X7U8,A0AA88DB57,0.18503937007874016,0.0875,0.0875,0,0,0
A0A8V0X7U8,A0AA88DB90,0.28662420382165604,0.075,0.05,0,0,0
A0A8V0X7U8,A0AA88DF49,0.21652421652421652,0.15,0.1,0,0,0
A0A8V0X7U8,A0AA88DXA8,0.28125,0.175,0.175,0,0,0
A0A8V0X7U8,A0ACI6NPV3,0.21236559139784947,0.225,0.225,0,0,0
A0A8V0X7U8,A0ACI6Q4D5,0.18661971830985916,0.1375,0.075,0,0,0
A0A8V0X7U8,A0ACI6Q9Z7,0.33636363636363636,0.075,0.075,0,0,0
A0A8V0X7U8,A0ACM5K329,0.19623655913978494,0.15,0.075,0,0,0
A0A8V0X7U8,A0ACM5KKC3,0.28994082840236685,0.2,0.2,0,0,0
A0A8V0X7U8,A1KYZ2,0.176056338028169,0.125,0.1125,0,0,0
A0A8V0X7U8,A5HII1,0.20161290322580644,0.1125,0.1,0,0,0
A0A8V0X7U8,B3EWP3,0.3380281690140845,0.1375,0.1375,0,0,0
A0A8V0X7U8,B4X640,0.22849462365591397,0.15,0.075,0,0,0
A0A8V0X7U8,B4XID4,0.22560975609756098,0.0875,0.0625,0,0,0
A0A8V0X7U8,B5DGM7,0.6418732782369146,0.925,0.925,1,115,85
A0A8V0X7U8,B5DGQ7,0.21236559139784947,0.175,0.1375,0,0,0
A0A8V0X7U8,B7P072,0.28859060402684567,0.2,0.125,0,0,0
A0A8V0X7U8,B7P074,0.20967741935483872,0.15,0.1125,0,0,0
A0A8V0X7U8,B7SLJ1,0.19086021505376344,0.2125,0.2125,0,0,0
A0A8V0X7U8,B7SNI3,0.2768361581920904,0.225,0.225,0,0,0
A0A8V0X7U8,B8AL97,0.1881720430107527,0.1125,0.1125,0,0,0
A0A8V0X7U8,C0HJZ1,0.3611111111111111,0.075,0.05,0,0,0
A0A8V0X7U8,C0HL99,0.30275229357798167,0.0875,0.0875,0,0,0
A0A8V0X7U8,C0HM28,0.28994082840236685,0.2,0.2,0,0,0
A0A8V0X7U8,C7A639,0.22279792746113988,0.1125,0.1125,0,0,0
A0A8V0X7U8,C7E3T4,0.19662921348314608,0.1625,0.1125,0,0,0
A0A8V0X7U8,D0E0C7,0.27044025157232704,0.15,0.075,0,0,0
A0A8V0X7U8,D2TE73,0.2376237623762376,0.225,0.225,0,0,0
A0A8V0X7U8,E3SU11,0.252212389380531,0.1625,0.1625,0,0,0
A0A8V0X7U8,I0J1J1,0.1774193548387097,0.175,0.0875,0,0,0
A0A8V0X7U8,O22317,0.19411764705882353,0.2,0.1,0,0,0
A0A8V0X7U8,O44119,0.1936619718309859,0.1625,0.1,0,0,0
A0A8V0X7U8,O64458,0.1881720430107527,0.2125,0.1125,0,0,0
A0A8V0X7U8,O65810,0.3435114503816794,0.225,0.2,0,0,0
A0A8V0X7U8,P00698,0.29931972789115646,0.1125,0.0875,0,0,0
A0A8V0X7U8,P00711,0.2605633802816901,0.1625,0.1625,0,0,0
A0A8V0X7U8,P00940,0.2540322580645161,0.2125,0.175,0,0,0
A0A8V0X7U8,P01005,0.2619047619047619,0.2125,0.2125,0,0,0
A0A8V0X7U8,P01012,0.1693548387096774,0.2125,0.2125,0,0,0
A0A8V0X7U8,P01085,0.3064516129032258,0.1,0.1,0,0,0
A0A8V0X7U8,P02197,0.2922077922077922,0.1125,0.0625,0,0,0
A0A8V0X7U8,P02622,0.3185840707964602,0.1,0.0875,0,0,0
A0A8V0X7U8,P02662,0.22897196261682243,0.1625,0.1125,0,0,0
A0A8V0X7U8,P02754,0.25842696629213485,0.175,0.175,0,0,0
A0A8V0X7U8,P02769,0.26344086021505375,0.1125,0.1,0,0,0
A0A8V0X7U8,P02789,0.2553763440860215,0.15,0.1,0,0,0
A0A8V0X7U8,P04722,0.15807560137457044,0.1375,0.0875,0,0,0
A0A8V0X7U8,P07322,0.23387096774193547,0.1375,0.125,0,0,0
A0A8V0X7U8,P08819,0.21774193548387097,0.1375,0.125,0,0,0
A0A8V0X7U8,P0C0Y3,0.2748091603053435,0.1875,0.1875,0,0,0
A0A8V0X7U8,P10184,0.23655913978494625,0.275,0.2375,0,0,0
A0A8V0X7U8,P11828,0.20430107526881722,0.225,0.1,0,0,0
A0A8V0X7U8,P12670,0.24696356275303644,0.125,0.0875,0,0,0
A0A8V0X7U8,P13744,0.22580645161290322,0.25,0.15,0,0,0
A0A8V0X7U8,P16348,0.25,0.1625,0.1375,0,0,0
A0A8V0X7U8,P19121,0.25806451612903225,0.1,0.05,0,0,0
A0A8V0X7U8,P24337,0.2875,0.075,0.0625,0,0,0
A0A8V0X7U8,P25974,0.18010752688172044,0.1375,0.0625,0,0,0
A0A8V0X7U8,P26987,0.2848101265822785,0.1375,0.1375,0,0,0
A0A8V0X7U8,P29835,0.24193548387096775,0.0875,0.075,0,0,0
A0A8V0X7U8,P30941,0.21266968325791855,0.1125,0.0375,0,0,0
A0A8V0X7U8,P43211,0.2641509433962264,0.1125,0.1,0,0,0
A0A8V0X7U8,P43237,0.22311827956989247,0.175,0.125,0,0,0
A0A8V0X7U8,P49231,0.3282442748091603,0.2375,0.1875,0,0,0
A0A8V0X7U8,P50694,0.22448979591836735,0.15,0.15,0,0,0
A0A8V0X7U8,P80026,0.3211009174311927,0.075,0.0625,0,0,0
A0A8V0X7U8,P81370,0.24,0.1,0.1,0,0,0
A0A8V0X7U8,P81402,0.38461538461538464,0.15,0.15,0,0,0
A0A8V0X7U8,P84177,0.3053435114503817,0.1375,0.1375,0,0,0
A0A8V0X7U8,P84527,0.2676056338028169,0.1375,0.1375,0,0,0
A0A8V0X7U8,P85524,0.25333333333333335,0.15,0.125,0,0,0
A0A8V0X7U8,P85894,0.32967032967032966,0.1,0.1,0,0,0
A0A8V0X7U8,P86137,0.30434782608695654,0.2,0.2,0,0,0
A0A8V0X7U8,P86888,0.3968253968253968,0.075,0.0625,0,0,0
A0A8V0X7U8,P87498,0.33064516129032256,0.2375,0.225,0,0,0
A0A8V0X7U8,P93594,0.24193548387096775,0.1375,0.1375,0,0,0
A0A8V0X7U8,Q004B5,0.19662921348314608,0.125,0.1125,0,0,0
A0A8V0X7U8,Q01881,0.25625,0.1375,0.125,0,0,0
A0A8V0X7U8,Q0DEV5,0.25806451612903225,0.1875,0.1375,0,0,0
A0A8V0X7U8,Q2I6V8,0.3,0.1375,0.125,0,0,0
A0A8V0X7U8,Q39453,0.25625,0.2125,0.0875,0,0,0
A0A8V0X7U8,Q39649,0.28368794326241137,0.125,0.0625,0,0,0
A0A8V0X7U8,Q41115,0.1774193548387097,0.2125,0.2,0,0,0
A0A8V0X7U8,Q41258,0.3106060606060606,0.15,0.125,0,0,0
A0A8V0X7U8,Q45W87,0.32116788321167883,0.1375,0.1375,0,0,0
A0A8V0X7U8,Q647G3,0.2710843373493976,0.1125,0.1,0,0,0
A0A8V0X7U8,Q647G5,0.27218934911242604,0.1375,0.1375,0,0,0
A0A8V0X7U8,Q647G9,0.23448275862068965,0.075,0.05,0,0,0
A0A8V0X7U8,Q6TPK4,0.3275862068965517,0.1125,0.1,0,0,0
A0A8V0X7U8,Q6VT83,0.25477707006369427,0.1125,0.0625,0,0,0
A0A8V0X7U8,Q7X8H9,0.3018867924528302,0.1875,0.1875,0,0,0
A0A8V0X7U8,Q84T21,0.31446540880503143,0.15,0.0875,0,0,0
A0A8V0X7U8,Q84T91,0.3142857142857143,0.15,0.15,0,0,0
A0A8V0X7U8,Q8GT39,0.2595419847328244,0.1875,0.1875,0,0,0
A0A8V0X7U8,Q8H4L8,0.2929936305732484,0.15,0.15,0,0,0
A0A8V0X7U8,Q8L5E0,0.3092105263157895,0.225,0.2375,0,0,0
A0A8V0X7U8,Q8S4P9,0.1989247311827957,0.15,0.075,0,0,0
A0A8V0X7U8,Q8SAE7,0.3116883116883117,0.15,0.1,0,0,0
A0A8V0X7U8,Q90YK9,0.30275229357798167,0.125,0.125,0,0,0
A0A8V0X7U8,Q91482,0.29357798165137616,0.0625,0.0625,0,0,0
A0A8V0X7U8,Q93YG7,0.32061068702290074,0.25,0.175,0,0,0
A0A8V0X7U8,Q948T6,0.21649484536082475,0.15,0.0375,0,0,0
A0A8V0X7U8,Q94JN3,0.3282442748091603,0.175,0.175,0,0,0
A0A8V0X7U8,Q9ATH2,0.33043478260869563,0.125,0.0875,0,0,0
A0A8V0X7U8,Q9AVK8,0.21505376344086022,0.1125,0.1,0,0,0
A0A8V0X7U8,Q9AXI0,0.2727272727272727,0.1375,0.1375,0,0,0
A0A8V0X7U8,Q9FSG7,0.24796747967479674,0.1375,0.1375,0,0,0
A0A8V0X7U8,Q9FSY7,0.23118279569892472,0.2125,0.2125,0,0,0
A0A8V0X7U8,Q9FUJ9,0.27710843373493976,0.175,0.175,0,0,0
A0A8V0X7U8,Q9M5X7,0.3130434782608696,0.15,0.15,0,0,0
A0A8V0X7U8,Q9M5X8,0.3333333333333333,0.15,0.15,0,0,0
A0A8V0X7U8,Q9M7R0,0.23391812865497075,0.225,0.15,0,0,0
A0A8V0X7U8,Q9SQI9,0.3511450381679389,0.3125,0.3,0,0,0
A0A8V0X7U8,Q9XF39,0.29770992366412213,0.1875,0.1875,0,0,0
A0A8V0X7U8,Q9XHP0,0.19086021505376344,0.1875,0.075,0,0,0
A0A8V0X7U8,Q9XHP1,0.22972972972972974,0.0875,0.0875,0,0,0
A0A8V0X7U8,Q9XHP2,0.30344827586206896,0.125,0.0625,0,0,0
A0A8V0X7U8,T2DN75,0.2125984251968504,0.1125,0.075,0,0,0
A0A8V0X7U8,V5XVK5,0.2554112554112554,0.1625,0.075,0,0,0
A0A8V0X7U8,V7AEY9,0.1853932584269663,0.2125,0.2125,0,0,0
A0A8V0X7U8,V7B793,0.3064516129032258,0.1125,0.1125,0,0,0
A0A8V0X7U8,V7CAE0,0.28125,0.1125,0.05,0,0,0
A0A8V0X7U8,V7CE49,0.325,0.125,0.075,0,0,0
A0A8V0X7U8,V7CEG9,0.2932330827067669,0.125,0.1125,0,0,0
A0A8V0X7U8,W5X2N3,0.25906735751295334,0.175,0.175,0,0,0
A0A8V0X7U8,W8PPL3,0.20698924731182797,0.2,0.2,0,0,0
A0AA49EHN2,A0AA87YQ47,0.22627737226277372,0.0625,0.0625,0,0,0
A0AA49EHN2,A0AA87Z5N0,0.29559748427672955,0.125,0.125,0,0,0
A0AA49EHN2,A0AA87ZVW7,0.1774193548387097,0.0625,0.0625,0,0,0
A0AA49EHN2,A0AA87ZZH8,0.1949685534591195,0.275,0.25,0,0,0
A0AA49EHN2,A0AA88A2P2,0.2641509433962264,0.125,0.125,0,0,0
A0AA49EHN2,A0AA88A7B3,0.20689655172413793,0.2,0.2,0,0,0
A0AA49EHN2,A0AA88AGZ7,0.33962264150943394,0.1,0.1,0,0,0
A0AA49EHN2,A0AA88D362,0.18064516129032257,0.1125,0.1125,0,0,0
A0AA49EHN2,A0AA88D3F8,0.3836477987421384,0.2625,0.2625,0,0,0
A0AA49EHN2,A0AA88DB57,0.23270440251572327,0.1375,0.1,0,0,0
A0AA49EHN2,A0AA88DB90,0.18471337579617833,0.0625,0.0625,0,0,0
A0AA49EHN2,A0AA88DF49,0.2830188679245283,0.1375,0.0875,0,0,0
A0AA49EHN2,A0AA88DXA8,0.5849056603773585,0.6,0.6,1,4,0
A0AA49EHN2,A0ACI6NPV3,0.31446540880503143,0.2125,0.2,0,0,0
A0AA49EHN2,A0ACI6Q4D5,0.2830188679245283,0.2625,0.25,0,0,0
A0AA49EHN2,A0ACI6Q9Z7,0.23636363636363636,0.15,0.075,0,0,0
A0AA49EHN2,A0ACM5K329,0.29559748427672955,0.2,0.1625,0,0,0
A0AA49EHN2,A0ACM5KKC3,0.18238993710691823,0.1,0.075,0,0,0
A0AA49EHN2,A1KYZ2,0.2641509433962264,0.1625,0.1625,0,0,0
A0AA49EHN2,A5HII1,0.27044025157232704,0.125,0.1125,0,0,0
A0AA49EHN2,B3EWP3,0.23943661971830985,0.075,0.075,0,0,0
A0AA49EHN2,B4X640,0.34591194968553457,0.175,0.2125,0,0,0
A0AA49EHN2,B4XID4,0.16352201257861634,0.1,0.1,0,0,0
A0AA49EHN2,B5DGM7,0.27672955974842767,0.15,0.125,0,0,0
A0AA49EHN2,B5DGQ7,0.32075471698113206,0.2,0.125,0,0,0
A0AA49EHN2,B7P072,0.18791946308724833,0.125,0.1125,0,0,0
A0AA49EHN2,B7P074,0.2830188679245283,0.1625,0.1125,0,0,0
A0AA49EHN2,B7SLJ1,0.27672955974842767,0.275,0.275,0,0,0
A0AA49EHN2,B7SNI3,0.18238993710691823,0.1125,0.0875,0,0,0
A0AA49EHN2,B8AL97,0.29559748427672955,0.075,0.0625,0,0,0
A0AA49EHN2,C0HJZ1,0.2777777777777778,0.0625,0.0625,0,0,0
A0AA49EHN2,C0HL99,0.23853211009174313,0.1,0.1,0,0,0
A0AA49EHN2,C0HM28,0.18867924528301888,0.1,0.075,0,0,0
A0AA49EHN2,C7A639,0.22012578616352202,0.15,0.15,0,0,0
A0AA49EHN2,C7E3T4,0.29559748427672955,0.15,0.1375,0,0,0
A0AA49EHN2,D0E0C7,0.6729559748427673,0.6875,0.6875,1,5,0
A0AA49EHN2,D2TE73,0.2389937106918239,0.1,0.0875,0,0,0
A0AA49EHN2,E3SU11,0.1509433962264151,0.125,0.125,0,0,0
A0AA49EHN2,I0J1J1,0.31446540880503143,0.2,0.2,0,0,0
A0AA49EHN2,O22317,0.27672955974842767,0.25,0.25,0,0,0
A0AA49EHN2,O44119,0.2578616352201258,0.2125,0.2125,0,0,0
A0AA49EHN2,O64458,0.2578616352201258,0.2,0.2,0,0,0
A0AA49EHN2,O65810,0.22137404580152673,0.1,0.1,0,0,0
A0AA49EHN2,P00698,0.14965986394557823,0.125,0.125,0,0,0
A0AA49EHN2,P00711,0.23943661971830985,0.125,0.125,0,0,0
A0AA49EHN2,P00940,0.2641509433962264,0.15,0.0625,0,0,0
A0AA49EHN2,P01005,0.23270440251572327,0.0875,0.0375,0,0,0
A0AA49EHN2,P01012,0.29559748427672955,0.15,0.15,0,0,0
A0AA49EHN2,P01085,0.20161290322580644,0.0875,0.0875,0,0,0
A0AA49EHN2,P02197,0.19480519480519481,0.125,0.125,0,0,0
A0AA49EHN2,P02622,0.25663716814159293,0.175,0.1125,0,0,0
A0AA49EHN2,P02662,0.20125786163522014,0.075,0.075,0,0,0
A0AA49EHN2,P02754,0.2138364779874214,0.0875,0.0875,0,0,0
A0AA49EHN2,P02769,0.32075471698113206,0.1625,0.1625,0,0,0
A0AA49EHN2,P02789,0.39622641509433965,0.275,0.225,0,0,0
A0AA49EHN2,P04722,0.20754716981132076,0.0625,0.0625,0,0,0
A0AA49EHN2,P07322,0.29559748427672955,0.1,0.0875,0,0,0
A0AA49EHN2,P08819,0.25157232704402516,0.075,0.0625,0,0,0
A0AA49EHN2,P0C0Y3,0.22137404580152673,0.1,0.1,0,0,0
A0AA49EHN2,P10184,0.32075471698113206,0.1125,0.0625,0,0,0
A0AA49EHN2,P11828,0.3081761006289308,0.1625,0.1625,0,0,0
A0AA49EHN2,P12670,0.2389937106918239,0.05,0.05,0,0,0
A0AA49EHN2,P13744,0.27044025157232704,0.1125,0.1125,0,0,0
A0AA49EHN2,P16348,0.23270440251572327,0.0875,0.0875,0,0,0
A0AA49EHN2,P19121,0.34591194968553457,0.125,0.0625,0,0,0
A0AA49EHN2,P24337,0.2125,0.05,0.05,0,0,0
A0AA49EHN2,P25974,0.25157232704402516,0.2,0.2,0,0,0
A0AA49EHN2,P26987,0.5316455696202531,0.5625,0.5375,1,8,5
A0AA49EHN2,P29835,0.1509433962264151,0.075,0.0625,0,0,0
A0AA49EHN2,P30941,0.2578616352201258,0.075,0.075,0,0,0
A0AA49EHN2,P43211,0.6289308176100629,0.675,0.675,1,9,5
A0AA49EHN2,P43237,0.34591194968553457,0.2,0.175,0,0,0
A0AA49EHN2,P49231,0.24427480916030533,0.1,0.1,0,0,0
A0AA49EHN2,P50694,0.22641509433962265,0.0875,0.0625,0,0,0
A0AA49EHN2,P80026,0.23853211009174313,0.1,0.1,0,0,0
A0AA49EHN2,P81370,0.2389937106918239,0.075,0.075,0,0,0
A0AA49EHN2,P81402,0.18681318681318682,0.0625,0.0375,0,0,0
A0AA49EHN2,P84177,0.2366412213740458,0.0625,0.0625,0,0,0
A0AA49EHN2,P84527,0.24528301886792453,0.075,0.075,0,0,0
A0AA49EHN2,P85524,0.24666666666666667,0.2625,0.2625,0,0,0
A0AA49EHN2,P85894,0.21978021978021978,0.0875,0.0875,0,0,0
A0AA49EHN2,P86137,0.2391304347826087,0.0875,0.0875,0,0,0
A0AA49EHN2,P86888,0.30158730158730157,0.075,0.075,0,0,0
A0AA49EHN2,P87498,0.4276729559748428,0.2125,0.1875,0,0,0
A0AA49EHN2,P93594,0.3333333333333333,0.0625,0.0625,0,0,0
A0AA49EHN2,Q004B5,0.27044025157232704,0.175,0.1,0,0,0
A0AA49EHN2,Q01881,0.1949685534591195,0.1375,0.0625,0,0,0
A0AA49EHN2,Q0DEV5,0.3333333333333333,0.15,0.15,0,0,0
A0AA49EHN2,Q2I6V8,0.6729559748427673,0.675,0.675,1,10,3
A0AA49EHN2,Q39453,0.6918238993710691,0.725,0.725,1,14,7
A0AA49EHN2,Q39649,0.23404255319148937,0.0625,0.05,0,0,0
A0AA49EHN2,Q41115,0.3018867924528302,0.2,0.1125,0,0,0
A0AA49EHN2,Q41258,0.18181818181818182,0.0625,0.05,0,0,0
A0AA49EHN2,Q45W87,0.24087591240875914,0.1125,0.1,0,0,0
A0AA49EHN2,Q647G3,0.22012578616352202,0.1125,0.1125,0,0,0
A0AA49EHN2,Q647G5,0.1761006289308176,0.1125,0.1125,0,0,0
A0AA49EHN2,Q647G9,0.1724137931034483,0.0875,0.0875,0,0,0
A0AA49EHN2,Q6TPK4,0.23275862068965517,0.1625,0.1625,0,0,0
A0AA49EHN2,Q6VT83,0.5222929936305732,0.55,0.55,1,6,4
A0AA49EHN2,Q7X8H9,0.16352201257861634,0.1125,0.1125,0,0,0
A0AA49EHN2,Q84T21,0.14465408805031446,0.0625,0.05,0,0,0
A0AA49EHN2,Q84T91,0.20714285714285716,0.1125,0.0625,0,0,0
A0AA49EHN2,Q8GT39,0.20610687022900764,0.1,0.1,0,0,0
A0AA49EHN2,Q8H4L8,0.17197452229299362,0.1,0.1,0,0,0
A0AA49EHN2,Q8L5E0,0.21052631578947367,0.1,0.1,0,0,0
A0AA49EHN2,Q8S4P9,0.3081761006289308,0.2,0.175,0,0,0
A0AA49EHN2,Q8SAE7,0.4155844155844156,0.4375,0.4375,1,0,0
A0AA49EHN2,Q90YK9,0.30275229357798167,0.2375,0.2375,0,0,0
A0AA49EHN2,Q91482,0.26605504587155965,0.1125,0.1125,0,0,0
A0AA49EHN2,Q93YG7,0.2366412213740458,0.1125,0.1125,0,0,0
A0AA49EHN2,Q948T6,0.2389937106918239,0.15,0.15,0,0,0
A0AA49EHN2,Q94JN3,0.19083969465648856,0.1,0.1,0,0,0
A0AA49EHN2,Q9ATH2,0.20869565217391303,0.075,0.0375,0,0,0
A0AA49EHN2,Q9AVK8,0.31446540880503143,0.1875,0.1875,0,0,0
A0AA49EHN2,Q9AXI0,0.18238993710691823,0.075,0.0625,0,0,0
A0AA49EHN2,Q9FSG7,0.20754716981132076,0.1125,0.1125,0,0,0
A0AA49EHN2,Q9FSY7,0.3270440251572327,0.325,0.2625,0,0,0
A0AA49EHN2,Q9FUJ9,0.14465408805031446,0.0625,0.0625,0,0,0
A0AA49EHN2,Q9M5X7,0.17391304347826086,0.0625,0.0375,0,0,0
A0AA49EHN2,Q9M5X8,0.21367521367521367,0.075,0.0625,0,0,0
A0AA49EHN2,Q9M7R0,0.22012578616352202,0.1125,0.1125,0,0,0
A0AA49EHN2,Q9SQI9,0.20610687022900764,0.1125,0.1125,0,0,0
A0AA49EHN2,Q9XF39,0.2366412213740458,0.0875,0.0625,0,0,0
A0AA49EHN2,Q9XHP0,0.29559748427672955,0.175,0.0875,0,0,0
A0AA49EHN2,Q9XHP1,0.19594594594594594,0.075,0.075,0,0,0
A0AA49EHN2,Q9XHP2,0.22758620689655173,0.125,0.125,0,0,0
A0AA49EHN2,T2DN75,0.22641509433962265,0.1125,0.075,0,0,0
A0AA49EHN2,V5XVK5,0.16981132075471697,0.1,0.075,0,0,0
A0AA49EHN2,V7AEY9,0.25157232704402516,0.125,0.125,0,0,0
A0AA49EHN2,V7B793,0.20161290322580644,0.0875,0.0875,0,0,0
A0AA49EHN2,V7CAE0,0.42138364779874216,0.4375,0.4375,1,0,0
A0AA49EHN2,V7CE49,0.16981132075471697,0.05,0.0375,0,0,0
A0AA49EHN2,V7CEG9,0.18796992481203006,0.075,0.0375,0,0,0
A0AA49EHN2,W5X2N3,0.24528301886792453,0.075,0.05,0,0,0
A0AA49EHN2,W8PPL3,0.3081761006289308,0.1125,0.05,0,0,0
A0AA87YQ47,A0AA87Z5N0,0.3357664233576642,0.0375,0.0375,0,0,0
A0AA87YQ47,A0AA87ZVW7,0.25,0.275,0.2625,0,0,0
A0AA87YQ47,A0AA87ZZH8,0.17518248175182483,0.1125,0.1125,0,0,0
A0AA87YQ47,A0AA88A2P2,0.29927007299270075,0.2125,0.15,0,0,0
A0AA87YQ47,A0AA88A7B3,0.16058394160583941,0.075,0.075,0,0,0
A0AA87YQ47,A0AA88AGZ7,0.32116788321167883,0.125,0.1125,0,0,0
A0AA87YQ47,A0AA88D362,0.21897810218978103,0.1875,0.1375,0,0,0
A0AA87YQ47,A0AA88D3F8,0.35766423357664234,0.275,0.2875,0,0,0
A0AA87YQ47,A0AA88DB57,0.29927007299270075,0.1125,0.05,0,0,0
A0AA87YQ47,A0AA88DB90,0.20437956204379562,0.125,0.125,0,0,0
A0AA87YQ47,A0AA88DF49,0.34306569343065696,0.15,0.15,0,0,0
A0AA87YQ47,A0AA88DXA8,0.2116788321167883,0.15,0.15,0,0,0
A0AA87YQ47,A0ACI6NPV3,0.2773722627737226,0.1,0.1,0,0,0
A0AA87YQ47,A0ACI6Q4D5,0.22627737226277372,0.0625,0.0625,0,0,0
A0AA87YQ47,A0ACI6Q9Z7,0.21818181818181817,0.0625,0.0625,0,0,0
A0AA87YQ47,A0ACM5K329,0.291970802919708,0.15,0.1,0,0,0
A0AA87YQ47,A0ACM5KKC3,0.22627737226277372,0.1625,0.1625,0,0,0
A0AA87YQ47,A1KYZ2,0.25547445255474455,0.0625,0.0625,0,0,0
A0AA87YQ47,A5HII1,0.31386861313868614,0.175,0.125,0,0,0
A0AA87YQ47,B3EWP3,0.23943661971830985,0.1,0.1,0,0,0
A0AA87YQ47,B4X640,0.3357664233576642,0.05,0.05,0,0,0
A0AA87YQ47,B4XID4,0.22627737226277372,0.0875,0.0875,0,0,0
A0AA87YQ47,B5DGM7,0.31386861313868614,0.1875,0.1875,0,0,0
A0AA87YQ47,B5DGQ7,0.32116788321167883,0.1,0.075,0,0,0
A0AA87YQ47,B7P072,0.19708029197080293,0.0625,0.0625,0,0,0
A0AA87YQ47,B7P074,0.2846715328467153,0.0625,0.0625,0,0,0
A0AA87YQ47,B7SLJ1,0.36496350364963503,0.075,0.075,0,0,0
A0AA87YQ47,B7SNI3,0.16058394160583941,0.0875,0.05,0,0,0
A0AA87YQ47,B8AL97,0.29927007299270075,0.15,0.0875,0,0,0
A0AA87YQ47,C0HJZ1,0.2638888888888889,0.05,0.05,0,0,0
A0AA87YQ47,C0HL99,0.21100917431192662,0.0625,0.0625,0,0,0
A0AA87YQ47,C0HM28,0.22627737226277372,0.225,0.1625,0,0,0
A0AA87YQ47,C7A639,0.17518248175182483,0.075,0.075,0,0,0
A0AA87YQ47,C7E3T4,0.32116788321167883,0.1125,0.1125,0,0,0
A0AA87YQ47,D0E0C7,0.19708029197080293,0.1,0.1,0,0,0
A0AA87YQ47,D2TE73,0.22627737226277372,0.1125,0.1,0,0,0
A0AA87YQ47,E3SU11,0.2773722627737226,0.1375,0.1375,0,0,0
A0AA87YQ47,I0J1J1,0.3284671532846715,0.1125,0.1,0,0,0
A0AA87YQ47,O22317,0.29927007299270075,0.125,0.1,0,0,0
A0AA87YQ47,O44119,0.26277372262773724,0.0625,0.0625,0,0,0
A0AA87YQ47,O64458,0.291970802919708,0.1125,0.1125,0,0,0
A0AA87YQ47,O65810,0.16793893129770993,0.075,0.075,0,0,0
A0AA87YQ47,P00698,0.1897810218978102,0.125,0.125,0,0,0
A0AA87YQ47,P00711,0.17518248175182483,0.0625,0.05,0,0,0
A0AA87YQ47,P00940,0.27007299270072993,0.125,0.125,0,0,0
A0AA87YQ47,P01005,0.24817518248175183,0.1,0.1,0,0,0
A0AA87YQ47,P01012,0.27007299270072993,0.1125,0.1125,0,0,0
A0AA87YQ47,P01085,0.13709677419354838,0.075,0.075,0,0,0
A0AA87YQ47,P02197,0.1897810218978102,0.0875,0.0875,0,0,0
A0AA87YQ47,P02622,0.21238938053097345,0.0625,0.0625,0,0,0
A0AA87YQ47,P02662,0.27007299270072993,0.15,0.0625,0,0,0
A0AA87YQ47,P02754,0.23357664233576642,0.1,0.1,0,0,0
A0AA87YQ47,P02769,0.40875912408759124,0.1625,0.1625,0,0,0
A0AA87YQ47,P02789,0.41605839416058393,0.1125,0.0875,0,0,0
A0AA87YQ47,P04722,0.2773722627737226,0.1375,0.1375,0,0,0
A0AA87YQ47,P07322,0.291970802919708,0.125,0.075,0,0,0
A0AA87YQ47,P08819,0.35766423357664234,0.1,0.1,0,0,0
A0AA87YQ47,P0C0Y3,0.15267175572519084,0.075,0.075,0,0,0
A0AA87YQ47,P10184,0.3722627737226277,0.075,0.075,0,0,0
A0AA87YQ47,P11828,0.32116788321167883,0.125,0.1,0,0,0
A0AA87YQ47,P12670,0.27007299270072993,0.2,0.2,0,0,0
A0AA87YQ47,P13744,0.2846715328467153,0.075,0.075,0,0,0
A0AA87YQ47,P16348,0.22627737226277372,0.0875,0.05,0,0,0
A0AA87YQ47,P19121,0.38686131386861317,0.1625,0.1125,0,0,0
A0AA87YQ47,P24337,0.425,0.4,0.4,1,0,0
A0AA87YQ47,P25974,0.29927007299270075,0.075,0.075,0,0,0
A0AA87YQ47,P26987,0.19708029197080293,0.0875,0.0875,0,0,0
A0AA87YQ47,P29835,0.1897810218978102,0.125,0.125,0,0,0
A0AA87YQ47,P30941,0.24817518248175183,0.1625,0.1625,0,0,0
A0AA87YQ47,P43211,0.1897810218978102,0.1,0.0625,0,0,0
A0AA87YQ47,P43237,0.35766423357664234,0.1375,0.1375,0,0,0
A0AA87YQ47,P49231,0.183206106870229,0.075,0.075,0,0,0
A0AA87YQ47,P50694,0.3357664233576642,0.225,0.2125,0,0,0
A0AA87YQ47,P80026,0.22018348623853212,0.0625,0.0625,0,0,0
A0AA87YQ47,P81370,0.29927007299270075,0.1,0.1,0,0,0
A0AA87YQ47,P81402,0.27472527472527475,0.2625,0.25,0,0,0
A0AA87YQ47,P84177,0.16030534351145037,0.075,0.075,0,0,0
A0AA87YQ47,P84527,0.24087591240875914,0.0875,0.0875,0,0,0
A0AA87YQ47,P85524,0.17518248175182483,0.05,0.05,0,0,0
A0AA87YQ47,P85894,0.2857142857142857,0.3,0.2875,0,0,0
A0AA87YQ47,P86137,0.2391304347826087,0.225,0.225,0,0,0
A0AA87YQ47,P86888,0.2698412698412698,0.0875,0.0875,0,0,0
A0AA87YQ47,P87498,0.49635036496350365,0.1125,0.1125,0,0,0
A0AA87YQ47,P93594,0.31386861313868614,0.25,0.25,0,0,0
A0AA87YQ47,Q004B5,0.35036496350364965,0.1125,0.1125,0,0,0
A0AA87YQ47,Q01881,0.26277372262773724,0.125,0.125,0,0,0
A0AA87YQ47,Q0DEV5,0.35036496350364965,0.225,0.225,0,0,0
A0AA87YQ47,Q2I6V8,0.20437956204379562,0.125,0.075,0,0,0
A0AA87YQ47,Q39453,0.17518248175182483,0.0625,0.0625,0,0,0
A0AA87YQ47,Q39649,0.16058394160583941,0.075,0.075,0,0,0
A0AA87YQ47,Q41115,0.32116788321167883,0.15,0.075,0,0,0
A0AA87YQ47,Q41258,0.24242424242424243,0.1375,0.1375,0,0,0
A0AA87YQ47,Q45W87,0.21897810218978103,0.1625,0.1625,0,0,0
A0AA87YQ47,Q647G3,0.1897810218978102,0.25,0.25,0,0,0
A0AA87YQ47,Q647G5,0.21897810218978103,0.1375,0.125,0,0,0
A0AA87YQ47,Q647G9,0.20437956204379562,0.1,0.075,0,0,0
A0AA87YQ47,Q6TPK4,0.22413793103448276,0.2125,0.2125,0,0,0
A0AA87YQ47,Q6VT83,0.24817518248175183,0.1375,0.1375,0,0,0
A0AA87YQ47,Q7X8H9,0.22627737226277372,0.1375,0.1375,0,0,0
A0AA87YQ47,Q84T21,0.22627737226277372,0.1375,0.1375,0,0,0
A0AA87YQ47,Q84T91,0.23357664233576642,0.225,0.125,0,0,0
A0AA87YQ47,Q8GT39,0.1450381679389313,0.075,0.075,0,0,0
A0AA87YQ47,Q8H4L8,0.2116788321167883,0.1125,0.0875,0,0,0
A0AA87YQ47,Q8L5E0,0.1897810218978102,0.0625,0.0625,0,0,0
A0AA87YQ47,Q8S4P9,0.27007299270072993,0.15,0.1,0,0,0
A0AA87YQ47,Q8SAE7,0.24087591240875914,0.0625,0.05,0,0,0
A0AA87YQ47,Q90YK9,0.29357798165137616,0.15,0.075,0,0,0
A0AA87YQ47,Q91482,0.2018348623853211,0.1,0.0875,0,0,0
A0AA87YQ47,Q93YG7,0.183206106870229,0.075,0.075,0,0,0
A0AA87YQ47,Q948T6,0.27007299270072993,0.0625,0.0625,0,0,0
A0AA87YQ47,Q94JN3,0.1984732824427481,0.075,0.075,0,0,0
A0AA87YQ47,Q9ATH2,0.28695652173913044,0.175,0.125,0,0,0
A0AA87YQ47,Q9AVK8,0.2846715328467153,0.1125,0.05,0,0,0
A0AA87YQ47,Q9AXI0,0.22627737226277372,0.1875,0.1875,0,0,0
A0AA87YQ47,Q9FSG7,0.32116788321167883,0.125,0.125,0,0,0
A0AA87YQ47,Q9FSY7,0.39416058394160586,0.1375,0.1125,0,0,0
A0AA87YQ47,Q9FUJ9,0.23357664233576642,0.2125,0.2125,0,0,0
A0AA87YQ47,Q9M5X7,0.30434782608695654,0.2875,0.2625,0,0,0
A0AA87YQ47,Q9M5X8,0.28205128205128205,0.25,0.25,0,0,0
A0AA87YQ47,Q9M7R0,0.1897810218978102,0.0625,0.0625,0,0,0
A0AA87YQ47,Q9SQI9,0.16793893129770993,0.1125,0.1125,0,0,0
A0AA87YQ47,Q9XF39,0.16793893129770993,0.125,0.075,0,0,0
A0AA87YQ47,Q9XHP0,0.34306569343065696,0.075,0.075,0,0,0
A0AA87YQ47,Q9XHP1,0.16058394160583941,0.075,0.075,0,0,0
A0AA87YQ47,Q9XHP2,0.22627737226277372,0.1625,0.1625,0,0,0
A0AA87YQ47,T2DN75,0.27007299270072993,0.15,0.125,0,0,0
A0AA87YQ47,V5XVK5,0.24087591240875914,0.1375,0.1375,0,0,0
A0AA87YQ47,V7AEY9,0.29927007299270075,0.1,0.0875,0,0,0
A0AA87YQ47,V7B793,0.25806451612903225,0.1625,0.1625,0,0,0
A0AA87YQ47,V7CAE0,0.21897810218978103,0.1125,0.1125,0,0,0
A0AA87YQ47,V7CE49,0.17518248175182483,0.175,0.0875,0,0,0
A0AA87YQ47,V7CEG9,0.6390977443609023,0.725,0.725,1,10,4
A0AA87YQ47,W5X2N3,0.22627737226277372,0.1,0.0875,0,0,0
A0AA87YQ47,W8PPL3,0.27007299270072993,0.1,0.1,0,0,0
A0AA87Z5N0,A0AA87ZVW7,0.29838709677419356,0.1,0.0625,0,0,0
A0AA87Z5N0,A0AA87ZZH8,0.2972972972972973,0.3,0.3,0,0,0
A0AA87Z5N0,A0AA88A2P2,0.19036697247706422,0.125,0.05,0,0,0
A0AA87Z5N0,A0AA88A7B3,0.32413793103448274,0.05,0.05,0,0,0
A0AA87Z5N0,A0AA88AGZ7,0.2028397565922921,0.1875,0.1875,0,0,0
A0AA87Z5N0,A0AA88D362,0.3741935483870968,0.15,0.15,0,0,0
A0AA87Z5N0,A0AA88D3F8,0.2028397565922921,0.2,0.175,0,0,0
A0AA87Z5N0,A0AA88DB57,0.2755905511811024,0.1375,0.0875,0,0,0
A0AA87Z5N0,A0AA88DB90,0.34394904458598724,0.2625,0.2625,0,0,0
A0AA87Z5N0,A0AA88DF49,0.2336182336182336,0.175,0.175,0,0,0
A0AA87Z5N0,A0AA88DXA8,0.35,0.1375,0.1,0,0,0
A0AA87Z5N0,A0ACI6NPV3,0.17849898580121704,0.225,0.1875,0,0,0
A0AA87Z5N0,A0ACI6Q4D5,0.24647887323943662,0.2375,0.25,0,0,0
A0AA87Z5N0,A0ACI6Q9Z7,0.3181818181818182,0.1,0.0875,0,0,0
A0AA87Z5N0,A0ACM5K329,0.2059447983014862,0.2625,0.2375,0,0,0
A0AA87Z5N0,A0ACM5KKC3,0.3076923076923077,0.125,0.125,0,0,0
A0AA87Z5N0,A1KYZ2,0.23591549295774647,0.2,0.1875,0,0,0
A0AA87Z5N0,A5HII1,0.23684210526315788,0.1625,0.125,0,0,0
A0AA87Z5N0,B3EWP3,0.39436619718309857,0.1125,0.0875,0,0,0
A0AA87Z5N0,B4X640,0.18864097363083165,0.2625,0.25,0,0,0
A0AA87Z5N0,B4XID4,0.3780487804878049,0.2375,0.2375,0,0,0
A0AA87Z5N0,B5DGM7,0.21763085399449036,0.175,0.0875,0,0,0
A0AA87Z5N0,B5DGQ7,0.17050691244239632,0.175,0.175,0,0,0
A0AA87Z5N0,B7P072,0.348993288590604,0.1875,0.125,0,0,0
A0AA87Z5N0,B7P074,0.4682203389830508,0.6,0.5875,1,7,1
A0AA87Z5N0,B7SLJ1,0.5539112050739958,0.675,0.65,1,19,8
A0AA87Z5N0,B7SNI3,0.2937853107344633,0.1375,0.1375,0,0,0
A0AA87Z5N0,B8AL97,0.24468085106382978,0.2625,0.275,0,2,0
A0AA87Z5N0,C0HJZ1,0.3888888888888889,0.15,0.15,0,0,0
A0AA87Z5N0,C0HL99,0.3486238532110092,0.1,0.0625,0,0,0
A0AA87Z5N0,C0HM28,0.3254437869822485,0.175,0.175,0,0,0
A0AA87Z5N0,C7A639,0.27979274611398963,0.125,0.2125,0,0,0
A0AA87Z5N0,C7E3T4,0.21629213483146068,0.2,0.2,0,0,0
A0AA87Z5N0,D0E0C7,0.27672955974842767,0.1125,0.1,0,0,0
A0AA87Z5N0,D2TE73,0.2524752475247525,0.15,0.15,0,0,0
A0AA87Z5N0,E3SU11,0.3008849557522124,0.2,0.2,0,0,0
A0AA87Z5N0,I0J1J1,0.18518518518518517,0.1375,0.1375,0,0,0
A0AA87Z5N0,O22317,0.23823529411764705,0.1125,0.1125,0,0,0
A0AA87Z5N0,O44119,0.22183098591549297,0.1625,0.2125,0,0,0
A0AA87Z5N0,O64458,0.22955145118733508,0.1875,0.1875,0,0,0
A0AA87Z5N0,O65810,0.3282442748091603,0.0875,0.05,0,0,0
A0AA87Z5N0,P00698,0.35374149659863946,0.1,0.075,0,0,0
A0AA87Z5N0,P00711,0.30985915492957744,0.1,0.025,0,0,0
A0AA87Z5N0,P00940,0.2661290322580645,0.2,0.0625,0,0,0
A0AA87Z5N0,P01005,0.26666666666666666,0.125,0.125,0,0,0
A0AA87Z5N0,P01012,0.20984455958549222,0.2,0.2,0,0,0
A0AA87Z5N0,P01085,0.3467741935483871,0.175,0.175,0,0,0
A0AA87Z5N0,P02197,0.2922077922077922,0.1,0.1,0,0,0
A0AA87Z5N0,P02622,0.3274336283185841,0.1,0.0875,0,0,0
A0AA87Z5N0,P02662,0.3037383177570093,0.15,0.15,0,0,0
A0AA87Z5N0,P02754,0.29213483146067415,0.0875,0.0875,0,0,0
A0AA87Z5N0,P02769,0.20081135902636918,0.125,0.075,0,0,0
A0AA87Z5N0,P02789,0.20689655172413793,0.175,0.175,0,0,0
A0AA87Z5N0,P04722,0.21649484536082475,0.1375,0.1375,0,0,0
A0AA87Z5N0,P07322,0.1935483870967742,0.1875,0.1625,0,0,0
A0AA87Z5N0,P08819,0.19369369369369369,0.2125,0.2,0,0,0
A0AA87Z5N0,P0C0Y3,0.3053435114503817,0.075,0.0625,0,0,0
A0AA87Z5N0,P10184,0.1845841784989858,0.1375,0.075,0,0,0
A0AA87Z5N0,P11828,0.4594594594594595,0.65,0.6375,1,10,2
A0AA87Z5N0,P12670,0.2631578947368421,0.1375,0.05,0,0,0
A0AA87Z5N0,P13744,0.42916666666666664,0.65,0.65,1,2,0
A0AA87Z5N0,P16348,0.32978723404255317,0.2,0.2,0,0,0
A0AA87Z5N0,P19121,0.20081135902636918,0.1375,0.1375,0,0,0
A0AA87Z5N0,P24337,0.3625,0.0625,0.0375,0,0,0
A0AA87Z5N0,P25974,0.214123006833713,0.3,0.2625,0,0,0
A0AA87Z5N0,P26987,0.31645569620253167,0.1125,0.1,0,0,0
A0AA87Z5N0,P29835,0.2956989247311828,0.1625,0.1625,0,0,0
A0AA87Z5N0,P30941,0.2669683257918552,0.1625,0.075,0,0,0
A0AA87Z5N0,P43211,0.3018867924528302,0.1,0.075,0,0,0
A0AA87Z5N0,P43237,0.23732251521298176,0.2625,0.2625,0,0,0
A0AA87Z5N0,P49231,0.3282442748091603,0.075,0.05,0,0,0
A0AA87Z5N0,P50694,0.2530612244897959,0.1375,0.0875,0,0,0
A0AA87Z5N0,P80026,0.29357798165137616,0.1,0.075,0,0,0
A0AA87Z5N0,P81370,0.28888888888888886,0.1875,0.175,0,0,0
A0AA87Z5N0,P81402,0.32967032967032966,0.125,0.125,0,0,0
A0AA87Z5N0,P84177,0.31297709923664124,0.1,0.0625,0,0,0
A0AA87Z5N0,P84527,0.3192488262910798,0.1125,0.1125,0,0,0
A0AA87Z5N0,P85524,0.26666666666666666,0.1125,0.0625,0,0,0
A0AA87Z5N0,P85894,0.34065934065934067,0.1,0.0625,0,0,0
A0AA87Z5N0,P86137,0.33695652173913043,0.075,0.05,0,0,0
A0AA87Z5N0,P86888,0.36507936507936506,0.075,0.075,0,0,0
A0AA87Z5N0,P87498,0.34685598377281945,0.275,0.2,0,0,0
A0AA87Z5N0,P93594,0.21095334685598377,0.1625,0.1,0,0,0
A0AA87Z5N0,Q004B5,0.21629213483146068,0.2,0.2,0,0,0
A0AA87Z5N0,Q01881,0.275,0.1125,0.0625,0,0,0
A0AA87Z5N0,Q0DEV5,0.2129817444219067,0.2,0.2,0,0,0
A0AA87Z5N0,Q2I6V8,0.3125,0.15,0.15,0,0,0
A0AA87Z5N0,Q39453,0.2875,0.125,0.125,0,0,0
A0AA87Z5N0,Q39649,0.3475177304964539,0.1875,0.25,0,0,0
A0AA87Z5N0,Q41115,0.2302325581395349,0.3,0.275,0,0,0
A0AA87Z5N0,Q41258,0.3484848484848485,0.125,0.075,0,0,0
A0AA87Z5N0,Q45W87,0.35036496350364965,0.15,0.1125,0,0,0
A0AA87Z5N0,Q647G3,0.3373493975903614,0.075,0.05,0,0,0
A0AA87Z5N0,Q647G5,0.3136094674556213,0.125,0.125,0,0,0
A0AA87Z5N0,Q647G9,0.3448275862068966,0.2375,0.225,0,0,0
A0AA87Z5N0,Q6TPK4,0.3448275862068966,0.0875,0.0875,0,0,0
A0AA87Z5N0,Q6VT83,0.31210191082802546,0.2,0.2,0,0,0
A0AA87Z5N0,Q7X8H9,0.3270440251572327,0.1375,0.1375,0,0,0
A0AA87Z5N0,Q84T21,0.3018867924528302,0.175,0.175,0,0,0
A0AA87Z5N0,Q84T91,0.30714285714285716,0.1375,0.1375,0,0,0
A0AA87Z5N0,Q8GT39,0.31297709923664124,0.075,0.05,0,0,0
A0AA87Z5N0,Q8H4L8,0.33121019108280253,0.1375,0.1375,0,0,0
A0AA87Z5N0,Q8L5E0,0.24342105263157895,0.1,0.075,0,0,0
A0AA87Z5N0,Q8S4P9,0.20758928571428573,0.2625,0.2375,0,0,0
A0AA87Z5N0,Q8SAE7,0.3116883116883117,0.1,0.1,0,0,0
A0AA87Z5N0,Q90YK9,0.3119266055045872,0.075,0.0625,0,0,0
A0AA87Z5N0,Q91482,0.3211009174311927,0.0875,0.075,0,0,0
A0AA87Z5N0,Q93YG7,0.29770992366412213,0.1,0.0625,0,0,0
A0AA87Z5N0,Q948T6,0.23367697594501718,0.1375,0.1375,0,0,0
A0AA87Z5N0,Q94JN3,0.33587786259541985,0.1,0.05,0,0,0
A0AA87Z5N0,Q9ATH2,0.3217391304347826,0.0875,0.075,0,0,0
A0AA87Z5N0,Q9AVK8,0.23739495798319327,0.3,0.275,0,0,0
A0AA87Z5N0,Q9AXI0,0.3181818181818182,0.1375,0.1375,0,0,0
A0AA87Z5N0,Q9FSG7,0.25203252032520324,0.1875,0.1875,0,0,0
A0AA87Z5N0,Q9FSY7,0.19675456389452334,0.2125,0.2125,0,0,0
A0AA87Z5N0,Q9FUJ9,0.3674698795180723,0.15,0.075,0,0,0
A0AA87Z5N0,Q9M5X7,0.41739130434782606,0.1125,0.1125,0,0,0
A0AA87Z5N0,Q9M5X8,0.4017094017094017,0.1125,0.1,0,0,0
A0AA87Z5N0,Q9M7R0,0.2982456140350877,0.125,0.0875,0,0,0
A0AA87Z5N0,Q9SQI9,0.3282442748091603,0.1625,0.1375,0,0,0
A0AA87Z5N0,Q9XF39,0.3511450381679389,0.1,0.0625,0,0,0
A0AA87Z5N0,Q9XHP0,0.4226579520697168,0.5125,0.5125,1,1,0
A0AA87Z5N0,Q9XHP1,0.34459459459459457,0.1875,0.275,0,0,0
A0AA87Z5N0,Q9XHP2,0.33793103448275863,0.15,0.125,0,0,0
A0AA87Z5N0,T2DN75,0.27165354330708663,0.2125,0.2125,0,0,0
A0AA87Z5N0,V5XVK5,0.2857142857142857,0.175,0.15,0,0,0
A0AA87Z5N0,V7AEY9,0.28651685393258425,0.375,0.3625,1,0,0
A0AA87Z5N0,V7B793,0.3467741935483871,0.1125,0.0875,0,0,0
A0AA87Z5N0,V7CAE0,0.29375,0.1125,0.1,0,0,0
A0AA87Z5N0,V7CE49,0.35,0.075,0.075,0,0,0
A0AA87Z5N0,V7CEG9,0.39097744360902253,0.1125,0.05,0,0,0
A0AA87Z5N0,W5X2N3,0.22797927461139897,0.1,0.0625,0,0,0
A0AA87Z5N0,W8PPL3,0.18997361477572558,0.1625,0.15,0,0,0
A0AA87ZVW7,A0AA87ZZH8,0.18548387096774194,0.0875,0.0875,0,0,0
A0AA87ZVW7,A0AA88A2P2,0.3629032258064516,0.3375,0.3375,1,0,0
A0AA87ZVW7,A0AA88A7B3,0.18548387096774194,0.0875,0.05,0,0,0
A0AA87ZVW7,A0AA88AGZ7,0.3548387096774194,0.075,0.075,0,0,0
A0AA87ZVW7,A0AA88D362,0.20967741935483872,0.0625,0.0625,0,0,0
A0AA87ZVW7,A0AA88D3F8,0.29838709677419356,0.275,0.275,1,0,0
A0AA87ZVW7,A0AA88DB57,0.3225806451612903,0.2375,0.2375,0,0,0
A0AA87ZVW7,A0AA88DB90,0.2661290322580645,0.0875,0.0875,0,0,0
A0AA87ZVW7,A0AA88DF49,0.31451612903225806,0.1,0.1,0,0,0
A0AA87ZVW7,A0AA88DXA8,0.16129032258064516,0.075,0.075,0,0,0
A0AA87ZVW7,A0ACI6NPV3,0.29838709677419356,0.1,0.1,0,0,0
A0AA87ZVW7,A0ACI6Q4D5,0.24193548387096775,0.1,0.1,0,0,0
A0AA87ZVW7,A0ACI6Q9Z7,0.17272727272727273,0.075,0.0375,0,0,0
A0AA87ZVW7,A0ACM5K329,0.3225806451612903,0.1125,0.1125,0,0,0
A0AA87ZVW7,A0ACM5KKC3,0.1935483870967742,0.25,0.25,0,0,0
A0AA87ZVW7,A1KYZ2,0.22580645161290322,0.1,0.1,0,0,0
A0AA87ZVW7,A5HII1,0.2903225806451613,0.1,0.1,0,0,0
A0AA87ZVW7,B3EWP3,0.22535211267605634,0.0625,0.0625,0,0,0
A0AA87ZVW7,B4X640,0.29838709677419356,0.1125,0.0875,0,0,0
A0AA87ZVW7,B4XID4,0.23387096774193547,0.075,0.075,0,0,0
A0AA87ZVW7,B5DGM7,0.2903225806451613,0.15,0.15,0,0,0
A0AA87ZVW7,B5DGQ7,0.33064516129032256,0.1,0.1,0,0,0
A0AA87ZVW7,B7P072,0.25,0.1,0.1,0,0,0
A0AA87ZVW7,B7P074,0.3387096774193548,0.1875,0.1875,0,0,0
A0AA87ZVW7,B7SLJ1,0.3870967741935484,0.075,0.075,0,0,0
A0AA87ZVW7,B7SNI3,0.1935483870967742,0.1125,0.0375,0,0,0
A0AA87ZVW7,B8AL97,0.3709677419354839,0.0875,0.075,0,0,0
A0AA87ZVW7,C0HJZ1,0.2222222222222222,0.0625,0.0625,0,0,0
A0AA87ZVW7,C0HL99,0.22018348623853212,0.0875,0.0875,0,0,0
A0AA87ZVW7,C0HM28,0.1935483870967742,0.225,0.225,0,0,0
A0AA87ZVW7,C7A639,0.24193548387096775,0.05,0.05,0,0,0
A0AA87ZVW7,C7E3T4,0.29838709677419356,0.075,0.05,0,0,0
A0AA87ZVW7,D0E0C7,0.1935483870967742,0.05,0.0375,0,0,0
A0AA87ZVW7,D2TE73,0.2661290322580645,0.1375,0.1375,0,0,0
A0AA87ZVW7,E3SU11,0.3064516129032258,0.0875,0.0875,0,0,0
A0AA87ZVW7,I0J1J1,0.3467741935483871,0.1125,0.1,0,0,0
A0AA87ZVW7,O22317,0.31451612903225806,0.075,0.0625,0,0,0
A0AA87ZVW7,O44119,0.25,0.125,0.125,0,0,0
A0AA87ZVW7,O64458,0.33064516129032256,0.1625,0.1625,0,0,0
A0AA87ZVW7,O65810,0.18548387096774194,0.0875,0.0625,0,0,0
A0AA87ZVW7,P00698,0.21774193548387097,0.15,0.0625,0,0,0
A0AA87ZVW7,P00711,0.21774193548387097,0.15,0.1,0,0,0
A0AA87ZVW7,P00940,0.25806451612903225,0.1125,0.1125,0,0,0
A0AA87ZVW7,P01005,0.2903225806451613,0.125,0.0625,0,0,0
A0AA87ZVW7,P01012,0.3467741935483871,0.15,0.15,0,0,0
A0AA87ZVW7,P01085,0.1774193548387097,0.125,0.125,0,0,0
A0AA87ZVW7,P02197,0.21774193548387097,0.1125,0.1125,0,0,0
A0AA87ZVW7,P02622,0.19469026548672566,0.05,0.05,0,0,0
A0AA87ZVW7,P02662,0.2661290322580645,0.05,0.05,0,0,0
A0AA87ZVW7,P02754,0.21774193548387097,0.075,0.075,0,0,0
A0AA87ZVW7,P02769,0.3387096774193548,0.1125,0.1125,0,0,0
A0AA87ZVW7,P02789,0.4112903225806452,0.2,0.225,0,0,0
A0AA87ZVW7,P04722,0.21774193548387097,0.1125,0.1125,0,0,0
A0AA87ZVW7,P07322,0.29838709677419356,0.0875,0.0875,0,0,0
A0AA87ZVW7,P08819,0.3467741935483871,0.1,0.0875,0,0,0
A0AA87ZVW7,P0C0Y3,0.20161290322580644,0.075,0.075,0,0,0
A0AA87ZVW7,P10184,0.3951612903225806,0.2625,0.125,0,0,0
A0AA87ZVW7,P11828,0.3064516129032258,0.125,0.125,0,0,0
A0AA87ZVW7,P12670,0.25,0.2,0.2,0,0,0
A0AA87ZVW7,P13744,0.25,0.05,0.05,0,0,0
A0AA87ZVW7,P16348,0.20967741935483872,0.0875,0.05,0,0,0
A0AA87ZVW7,P19121,0.3548387096774194,0.1,0.1,0,0,0
A0AA87ZVW7,P24337,0.3125,0.2625,0.2625,0,0,0
A0AA87ZVW7,P25974,0.25806451612903225,0.1,0.1,0,0,0
A0AA87ZVW7,P26987,0.20161290322580644,0.125,0.125,0,0,0
A0AA87ZVW7,P29835,0.25,0.1,0.1,0,0,0
A0AA87ZVW7,P30941,0.25806451612903225,0.0875,0.0875,0,0,0
A0AA87ZVW7,P43211,0.20161290322580644,0.075,0.0625,0,0,0
A0AA87ZVW7,P43237,0.3387096774193548,0.15,0.15,0,0,0
A0AA87ZVW7,P49231,0.1693548387096774,0.0875,0.0875,0,0,0
A0AA87ZVW7,P50694,0.3064516129032258,0.1625,0.1625,0,0,0
A0AA87ZVW7,P80026,0.1743119266055046,0.0625,0.05,0,0,0
A0AA87ZVW7,P81370,0.22580645161290322,0.1,0.1,0,0,0
A0AA87ZVW7,P81402,0.5714285714285714,0.6,0.6,1,5,0
A0AA87ZVW7,P84177,0.1693548387096774,0.0875,0.0875,0,0,0
A0AA87ZVW7,P84527,0.25,0.0875,0.0875,0,0,0
A0AA87ZVW7,P85524,0.20161290322580644,0.0625,0.0625,0,0,0
A0AA87ZVW7,P85894,0.6593406593406593,0.6875,0.6875,1,10,5
A0AA87ZVW7,P86137,0.4782608695652174,0.475,0.475,1,1,0
A0AA87ZVW7,P86888,0.2698412698412698,0.125,0.125,0,0,0
A0AA87ZVW7,P87498,0.4274193548387097,0.1625,0.1625,0,0,0
A0AA87ZVW7,P93594,0.3064516129032258,0.0875,0.0875,0,0,0
A0AA87ZVW7,Q004B5,0.3064516129032258,0.075,0.05,0,0,0
A0AA87ZVW7,Q01881,0.27419354838709675,0.0875,0.0875,0,0,0
A0AA87ZVW7,Q0DEV5,0.3709677419354839,0.075,0.075,0,0,0
A0AA87ZVW7,Q2I6V8,0.1935483870967742,0.075,0.05,0,0,0
A0AA87ZVW7,Q39453,0.22580645161290322,0.075,0.075,0,0,0
A0AA87ZVW7,Q39649,0.23387096774193547,0.1625,0.1625,0,0,0
A0AA87ZVW7,Q41115,0.29838709677419356,0.075,0.075,0,0,0
A0AA87ZVW7,Q41258,0.22580645161290322,0.2625,0.2625,1,0,0
A0AA87ZVW7,Q45W87,0.20161290322580644,0.0875,0.0875,0,0,0
A0AA87ZVW7,Q647G3,0.25806451612903225,0.15,0.15,0,0,0
A0AA87ZVW7,Q647G5,0.1935483870967742,0.2,0.2,0,0,0
A0AA87ZVW7,Q647G9,0.21774193548387097,0.0875,0.05,0,0,0
A0AA87ZVW7,Q6TPK4,0.16379310344827586,0.05,0.0375,0,0,0
A0AA87ZVW7,Q6VT83,0.18548387096774194,0.0875,0.0875,0,0,0
A0AA87ZVW7,Q7X8H9,0.2661290322580645,0.1875,0.1,0,0,0
A0AA87ZVW7,Q84T21,0.1935483870967742,0.25,0.25,0,0,0
A0AA87ZVW7,Q84T91,0.18548387096774194,0.1125,0.05,0,0,0
A0AA87ZVW7,Q8GT39,0.1935483870967742,0.075,0.075,0,0,0
A0AA87ZVW7,Q8H4L8,0.2903225806451613,0.1,0.0875,0,0,0
A0AA87ZVW7,Q8L5E0,0.1774193548387097,0.0875,0.0875,0,0,0
A0AA87ZVW7,Q8S4P9,0.31451612903225806,0.1125,0.1125,0,0,0
A0AA87ZVW7,Q8SAE7,0.20161290322580644,0.0625,0.0625,0,0,0
A0AA87ZVW7,Q90YK9,0.1926605504587156,0.075,0.075,0,0,0
A0AA87ZVW7,Q91482,0.21100917431192662,0.125,0.125,0,0,0
A0AA87ZVW7,Q93YG7,0.21774193548387097,0.1,0.1,0,0,0
A0AA87ZVW7,Q948T6,0.25,0.05,0.05,0,0,0
A0AA87ZVW7,Q94JN3,0.23387096774193547,0.1125,0.1125,0,0,0
A0AA87ZVW7,Q9ATH2,0.5043478260869565,0.5625,0.5625,1,14,12
A0AA87ZVW7,Q9AVK8,0.3387096774193548,0.075,0.075,0,0,0
A0AA87ZVW7,Q9AXI0,0.20161290322580644,0.3125,0.3125,0,0,0
A0AA87ZVW7,Q9FSG7,0.25,0.1375,0.1375,0,0,0
A0AA87ZVW7,Q9FSY7,0.3629032258064516,0.125,0.1,0,0,0
A0AA87ZVW7,Q9FUJ9,0.1774193548387097,0.2125,0.2125,0,0,0
A0AA87ZVW7,Q9M5X7,0.6086956521739131,0.6875,0.6875,1,8,4
A0AA87ZVW7,Q9M5X8,0.5897435897435898,0.6375,0.6375,1,8,2
A0AA87ZVW7,Q9M7R0,0.18548387096774194,0.0625,0.0625,0,0,0
A0AA87ZVW7,Q9SQI9,0.20161290322580644,0.1,0.1,0,0,0
A0AA87ZVW7,Q9XF39,0.1693548387096774,0.0875,0.0875,0,0,0
A0AA87ZVW7,Q9XHP0,0.3790322580645161,0.1,0.1,0,0,0
A0AA87ZVW7,Q9XHP1,0.23387096774193547,0.175,0.175,0,0,0
A0AA87ZVW7,Q9XHP2,0.21774193548387097,0.075,0.05,0,0,0
A0AA87ZVW7,T2DN75,0.28225806451612906,0.075,0.05,0,0,0
A0AA87ZVW7,V5XVK5,0.22580645161290322,0.15,0.15,0,0,0
A0AA87ZVW7,V7AEY9,0.2903225806451613,0.1,0.1,0,0,0
A0AA87ZVW7,V7B793,0.24193548387096775,0.2625,0.2625,1,0,0
A0AA87ZVW7,V7CAE0,0.18548387096774194,0.0375,0.0375,0,0,0
A0AA87ZVW7,V7CE49,0.24193548387096775,0.1125,0.0875,0,0,0
A0AA87ZVW7,V7CEG9,0.1935483870967742,0.175,0.175,0,0,0
A0AA87ZVW7,W5X2N3,0.20967741935483872,0.075,0.0625,0,0,0
A0AA87ZVW7,W8PPL3,0.2661290322580645,0.175,0.175,0,0,0
A0AA87ZZH8,A0AA88A2P2,0.2702702702702703,0.075,0.075,0,0,0
A0AA87ZZH8,A0AA88A7B3,0.2,0.05,0.05,0,0,0
A0AA87ZZH8,A0AA88AGZ7,0.2918918918918919,0.175,0.175,0,0,0
A0AA87ZZH8,A0AA88D362,0.1870967741935484,0.1,0.1,0,0,0
A0AA87ZZH8,A0AA88D3F8,0.35135135135135137,0.1625,0.1625,0,0,0
A0AA87ZZH8,A0AA88DB57,0.20540540540540542,0.0625,0.0625,0,0,0
A0AA87ZZH8,A0AA88DB90,0.16560509554140126,0.1125,0.1125,0,0,0
A0AA87ZZH8,A0AA88DF49,0.2594594594594595,0.075,0.075,0,0,0
A0AA87ZZH8,A0AA88DXA8,0.175,0.0875,0.0875,0,0,0
A0AA87ZZH8,A0ACI6NPV3,0.2918918918918919,0.2375,0.1,0,0,0
A0AA87ZZH8,A0ACI6Q4D5,0.22702702702702704,0.1125,0.1,0,0,0
A0AA87ZZH8,A0ACI6Q9Z7,0.20909090909090908,0.0625,0.0625,0,0,0
A0AA87ZZH8,A0ACM5K329,0.4594594594594595,0.5875,0.5875,0,9,4
A0AA87ZZH8,A0ACM5KKC3,0.1834319526627219,0.1,0.1,0,0,0
A0AA87ZZH8,A1KYZ2,0.23243243243243245,0.1375,0.0875,0,0,0
A0AA87ZZH8,A5HII1,0.2702702702702703,0.1875,0.1875,0,0,0
A0AA87ZZH8,B3EWP3,0.30985915492957744,0.1,0.1,0,0,0
A0AA87ZZH8,B4X640,0.3837837837837838,0.5125,0.525,1,5,1
A0AA87ZZH8,B4XID4,0.22560975609756098,0.1625,0.1625,0,0,0
A0AA87ZZH8,B5DGM7,0.2756756756756757,0.125,0.125,0,0,0
A0AA87ZZH8,B5DGQ7,0.3081081081081081,0.175,0.175,0,0,0
A0AA87ZZH8,B7P072,0.22818791946308725,0.1875,0.1875,0,0,0
A0AA87ZZH8,B7P074,0.33513513513513515,0.3125,0.3125,0,0,0
A0AA87ZZH8,B7SLJ1,0.2918918918918919,0.3,0.275,0,0,0
A0AA87ZZH8,B7SNI3,0.1638418079096045,0.075,0.075,0,0,0
A0AA87ZZH8,B8AL97,0.3837837837837838,0.5375,0.4625,1,1,0
A0AA87ZZH8,C0HJZ1,0.25,0.075,0.05,0,0,0
A0AA87ZZH8,C0HL99,0.2018348623853211,0.125,0.05,0,0,0
A0AA87ZZH8,C0HM28,0.1834319526627219,0.1,0.1,0,0,0
A0AA87ZZH8,C7A639,0.2,0.1375,0.1375,0,0,0
A0AA87ZZH8,C7E3T4,0.2594594594594595,0.125,0.125,0,0,0
A0AA87ZZH8,D0E0C7,0.20125786163522014,0.15,0.15,0,0,0
A0AA87ZZH8,D2TE73,0.1891891891891892,0.1375,0.1375,0,0,0
A0AA87ZZH8,E3SU11,0.1783783783783784,0.0875,0.0875,0,0,0
A0AA87ZZH8,I0J1J1,0.2702702702702703,0.2,0.175,0,0,0
A0AA87ZZH8,O22317,0.24324324324324326,0.175,0.075,0,0,0
A0AA87ZZH8,O44119,0.24324324324324326,0.125,0.0875,0,0,0
A0AA87ZZH8,O64458,0.24864864864864866,0.0875,0.075,0,0,0
A0AA87ZZH8,O65810,0.21374045801526717,0.125,0.05,0,0,0
A0AA87ZZH8,P00698,0.17006802721088435,0.125,0.125,0,0,0
A0AA87ZZH8,P00711,0.18309859154929578,0.0625,0.0625,0,0,0
A0AA87ZZH8,P00940,0.2,0.0625,0.05,0,0,0
A0AA87ZZH8,P01005,0.21081081081081082,0.0625,0.0625,0,0,0
A0AA87ZZH8,P01012,0.25405405405405407,0.075,0.05,0,0,0
A0AA87ZZH8,P01085,0.21774193548387097,0.15,0.15,0,0,0
A0AA87ZZH8,P02197,0.19480519480519481,0.0625,0.0375,0,0,0
A0AA87ZZH8,P02622,0.20353982300884957,0.0875,0.0875,0,0,0
A0AA87ZZH8,P02662,0.1837837837837838,0.1625,0.1625,0,0,0
A0AA87ZZH8,P02754,0.19662921348314608,0.1,0.1,0,0,0
A0AA87ZZH8,P02769,0.31351351351351353,0.1,0.0875,0,0,0
A0AA87ZZH8,P02789,0.2972972972972973,0.15,0.1,0,0,0
A0AA87ZZH8,P04722,0.2,0.1125,0.0875,0,0,0
A0AA87ZZH8,P07322,0.25405405405405407,0.1625,0.1625,0,0,0
A0AA87ZZH8,P08819,0.22162162162162163,0.1625,0.0875,0,0,0
A0AA87ZZH8,P0C0Y3,0.1984732824427481,0.1375,0.05,0,0,0
A0AA87ZZH8,P10184,0.32432432432432434,0.15,0.15,0,0,0
A0AA87ZZH8,P11828,0.33513513513513515,0.3,0.2875,0,1,0
A0AA87ZZH8,P12670,0.22702702702702704,0.0875,0.0625,0,0,0
A0AA87ZZH8,P13744,0.31351351351351353,0.2375,0.2375,0,0,0
A0AA87ZZH8,P16348,0.16756756756756758,0.0875,0.05,0,0,0
A0AA87ZZH8,P19121,0.3081081081081081,0.1,0.1,0,0,0
A0AA87ZZH8,P24337,0.275,0.05,0.05,0,0,0
A0AA87ZZH8,P25974,0.3567567567567568,0.4875,0.4625,1,0,0
A0AA87ZZH8,P26987,0.16455696202531644,0.0625,0.05,0,0,0
A0AA87ZZH8,P29835,0.15675675675675677,0.1375,0.125,0,0,0
A0AA87ZZH8,P30941,0.1783783783783784,0.1,0.1,0,0,0
A0AA87ZZH8,P43211,0.16981132075471697,0.125,0.0875,0,0,0
A0AA87ZZH8,P43237,0.43783783783783786,0.55,0.55,1,0,0
A0AA87ZZH8,P49231,0.20610687022900764,0.1375,0.1375,0,0,0
A0AA87ZZH8,P50694,0.21081081081081082,0.0875,0.0625,0,0,0
A0AA87ZZH8,P80026,0.1743119266055046,0.0625,0.05,0,0,0
A0AA87ZZH8,P81370,0.1783783783783784,0.1,0.075,0,0,0
A0AA87ZZH8,P81402,0.3076923076923077,0.075,0.075,0,0,0
A0AA87ZZH8,P84177,0.22137404580152673,0.0875,0.05,0,0,0
A0AA87ZZH8,P84527,0.1891891891891892,0.0625,0.0625,0,0,0
A0AA87ZZH8,P85524,0.14666666666666667,0.0875,0.075,0,0,0
A0AA87ZZH8,P85894,0.25274725274725274,0.15,0.15,0,0,0
A0AA87ZZH8,P86137,0.25,0.0875,0.0875,0,0,0
A0AA87ZZH8,P86888,0.30158730158730157,0.0375,0.0375,0,0,0
A0AA87ZZH8,P87498,0.3891891891891892,0.1875,0.1125,0,0,0
A0AA87ZZH8,P93594,0.2864864864864865,0.125,0.1125,0,0,0
A0AA87ZZH8,Q004B5,0.2702702702702703,0.125,0.125,0,0,0
A0AA87ZZH8,Q01881,0.2,0.0875,0.0875,0,0,0
A0AA87ZZH8,Q0DEV5,0.3027027027027027,0.1,0.1,0,0,0
A0AA87ZZH8,Q2I6V8,0.1875,0.1,0.1,0,0,0
A0AA87ZZH8,Q39453,0.16875,0.075,0.075,0,0,0
A0AA87ZZH8,Q39649,0.24822695035460993,0.1375,0.125,0,0,0
A0AA87ZZH8,Q41115,0.3621621621621622,0.475,0.45,1,0,0
A0AA87ZZH8,Q41258,0.25757575757575757,0.05,0.0375,0,0,0
A0AA87ZZH8,Q45W87,0.22627737226277372,0.125,0.1,0,0,0
A0AA87ZZH8,Q647G3,0.1927710843373494,0.075,0.05,0,0,0
A0AA87ZZH8,Q647G5,0.15384615384615385,0.075,0.075,0,0,0
A0AA87ZZH8,Q647G9,0.19310344827586207,0.1,0.0625,0,0,0
A0AA87ZZH8,Q6TPK4,0.2672413793103448,0.0875,0.0875,0,0,0
A0AA87ZZH8,Q6VT83,0.17834394904458598,0.1375,0.1375,0,0,0
A0AA87ZZH8,Q7X8H9,0.2138364779874214,0.0875,0.0875,0,0,0
A0AA87ZZH8,Q84T21,0.2138364779874214,0.1125,0.1125,0,0,0
A0AA87ZZH8,Q84T91,0.20714285714285716,0.125,0.125,0,0,0
A0AA87ZZH8,Q8GT39,0.1984732824427481,0.1375,0.1375,0,0,0
A0AA87ZZH8,Q8H4L8,0.18471337579617833,0.0875,0.0875,0,0,0
A0AA87ZZH8,Q8L5E0,0.21710526315789475,0.125,0.0375,0,0,0
A0AA87ZZH8,Q8S4P9,0.4540540540540541,0.575,0.575,1,6,1
A0AA87ZZH8,Q8SAE7,0.23376623376623376,0.075,0.05,0,0,0
A0AA87ZZH8,Q90YK9,0.1926605504587156,0.0625,0.0625,0,0,0
A0AA87ZZH8,Q91482,0.22018348623853212,0.0875,0.0625,0,0,0
A0AA87ZZH8,Q93YG7,0.24427480916030533,0.1125,0.0625,0,0,0
A0AA87ZZH8,Q948T6,0.2,0.05,0.05,0,0,0
A0AA87ZZH8,Q94JN3,0.24427480916030533,0.125,0.05,0,0,0
A0AA87ZZH8,Q9ATH2,0.23478260869565218,0.1375,0.075,0,0,0
A0AA87ZZH8,Q9AVK8,0.2972972972972973,0.325,0.325,0,0,0
A0AA87ZZH8,Q9AXI0,0.18181818181818182,0.1125,0.1125,0,0,0
A0AA87ZZH8,Q9FSG7,0.23243243243243245,0.175,0.175,0,0,0
A0AA87ZZH8,Q9FSY7,0.2972972972972973,0.2625,0.125,0,0,0
A0AA87ZZH8,Q9FUJ9,0.18072289156626506,0.0875,0.0875,0,0,0
A0AA87ZZH8,Q9M5X7,0.25217391304347825,0.075,0.075,0,0,0
A0AA87ZZH8,Q9M5X8,0.2564102564102564,0.0875,0.0875,0,0,0
A0AA87ZZH8,Q9M7R0,0.16374269005847952,0.0875,0.0875,0,0,0
A0AA87ZZH8,Q9SQI9,0.25190839694656486,0.0625,0.05,0,0,0
A0AA87ZZH8,Q9XF39,0.21374045801526717,0.1,0.1,0,0,0
A0AA87ZZH8,Q9XHP0,0.2918918918918919,0.325,0.3125,0,0,0
A0AA87ZZH8,Q9XHP1,0.20270270270270271,0.2125,0.2125,0,0,0
A0AA87ZZH8,Q9XHP2,0.27586206896551724,0.3125,0.3125,0,0,0
A0AA87ZZH8,T2DN75,0.22162162162162163,0.0875,0.0875,0,0,0
A0AA87ZZH8,V5XVK5,0.21081081081081082,0.1375,0.075,0,0,0
A0AA87ZZH8,V7AEY9,0.21621621621621623,0.275,0.2625,0,0,0
A0AA87ZZH8,V7B793,0.24193548387096775,0.0875,0.0875,0,0,0
A0AA87ZZH8,V7CAE0,0.18125,0.15,0.15,0,0,0
A0AA87ZZH8,V7CE49,0.175,0.05,0.05,0,0,0
A0AA87ZZH8,V7CEG9,0.20300751879699247,0.0625,0.0625,0,0,0
A0AA87ZZH8,W5X2N3,0.20540540540540542,0.075,0.075,0,0,0
A0AA87ZZH8,W8PPL3,0.2594594594594595,0.075,0.075,0,0,0
A0AA88A2P2,A0AA88A7B3,0.3310344827586207,0.125,0.125,0,0,0
A0AA88A2P2,A0AA88AGZ7,0.2018348623853211,0.125,0.1,0,0,0
A0AA88A2P2,A0AA88D362,0.3096774193548387,0.1375,0.05,0,0,0
A0AA88A2P2,A0AA88D3F8,0.23394495412844038,0.2375,0.2375,1,0,0
A0AA88A2P2,A0AA88DB57,0.25984251968503935,0.1125,0.1,0,0,0
A0AA88A2P2,A0AA88DB90,0.2484076433121019,0.1,0.1,0,0,0
A0AA88A2P2,A0AA88DF49,0.21937321937321938,0.15,0.1,0,0,0
A0AA88A2P2,A0AA88DXA8,0.25625,0.1125,0.05,0,0,0
A0AA88A2P2,A0ACI6NPV3,0.19954128440366972,0.1125,0.0625,0,0,0
A0AA88A2P2,A0ACI6Q4D5,0.1936619718309859,0.1125,0.1125,0,0,0
A0AA88A2P2,A0ACI6Q9Z7,0.32727272727272727,0.075,0.075,0,0,0
A0AA88A2P2,A0ACM5K329,0.20642201834862386,0.125,0.125,0,0,0
A0AA88A2P2,A0ACM5KKC3,0.2485207100591716,0.1375,0.1375,0,0,0
A0AA88A2P2,A1KYZ2,0.16901408450704225,0.1,0.075,0,0,0
A0AA88A2P2,A5HII1,0.19473684210526315,0.1125,0.075,0,0,0
A0AA88A2P2,B3EWP3,0.352112676056338,0.1,0.0875,0,0,0
A0AA88A2P2,B4X640,0.1834862385321101,0.1,0.075,0,0,0
A0AA88A2P2,B4XID4,0.23170731707317074,0.1625,0.1625,0,0,0
A0AA88A2P2,B5DGM7,0.18732782369146006,0.1,0.0875,0,0,0
A0AA88A2P2,B5DGQ7,0.1912442396313364,0.15,0.075,0,0,0
A0AA88A2P2,B7P072,0.26174496644295303,0.0875,0.05,0,0,0
A0AA88A2P2,B7P074,0.19495412844036697,0.1375,0.1375,0,0,0
A0AA88A2P2,B7SLJ1,0.18807339449541285,0.0875,0.0625,0,0,0
A0AA88A2P2,B7SNI3,0.2655367231638418,0.1125,0.075,0,0,0
A0AA88A2P2,B8AL97,0.1811926605504587,0.0875,0.0625,0,0,0
A0AA88A2P2,C0HJZ1,0.3472222222222222,0.1125,0.1125,0,0,0
A0AA88A2P2,C0HL99,0.27522935779816515,0.1125,0.1125,0,0,0
A0AA88A2P2,C0HM28,0.2485207100591716,0.1375,0.1375,0,0,0
A0AA88A2P2,C7A639,0.27461139896373055,0.125,0.05,0,0,0
A0AA88A2P2,C7E3T4,0.199438202247191,0.15,0.1,0,0,0
A0AA88A2P2,D0E0C7,0.22641509433962265,0.1,0.075,0,0,0
A0AA88A2P2,D2TE73,0.28217821782178215,0.1875,0.05,0,0,0
A0AA88A2P2,E3SU11,0.24778761061946902,0.0875,0.0875,0,0,0
A0AA88A2P2,I0J1J1,0.18518518518518517,0.2,0.0875,0,0,0
A0AA88A2P2,O22317,0.22941176470588234,0.175,0.175,0,0,0
A0AA88A2P2,O44119,0.176056338028169,0.1,0.075,0,0,0
A0AA88A2P2,O64458,0.18997361477572558,0.0875,0.0875,0,0,0
A0AA88A2P2,O65810,0.3053435114503817,0.1125,0.1125,0,0,0
A0AA88A2P2,P00698,0.2857142857142857,0.1375,0.075,0,0,0
A0AA88A2P2,P00711,0.28169014084507044,0.1375,0.1375,0,0,0
A0AA88A2P2,P00940,0.22580645161290322,0.125,0.0875,0,0,0
A0AA88A2P2,P01005,0.22380952380952382,0.1875,0.05,0,0,0
A0AA88A2P2,P01012,0.19170984455958548,0.1125,0.0875,0,0,0
A0AA88A2P2,P01085,0.29838709677419356,0.125,0.075,0,0,0
A0AA88A2P2,P02197,0.2987012987012987,0.1,0.0625,0,0,0
A0AA88A2P2,P02622,0.30973451327433627,0.1,0.05,0,0,0
A0AA88A2P2,P02662,0.2336448598130841,0.125,0.125,0,0,0
A0AA88A2P2,P02754,0.2752808988764045,0.075,0.0375,0,0,0
A0AA88A2P2,P02769,0.22018348623853212,0.15,0.15,0,0,0
A0AA88A2P2,P02789,0.231651376146789,0.1125,0.1125,0,0,0
A0AA88A2P2,P04722,0.1958762886597938,0.075,0.075,0,0,0
A0AA88A2P2,P07322,0.1889400921658986,0.15,0.15,0,0,0
A0AA88A2P2,P08819,0.1720183486238532,0.1125,0.1125,0,0,0
A0AA88A2P2,P0C0Y3,0.3282442748091603,0.1,0.1,0,0,0
A0AA88A2P2,P10184,0.21330275229357798,0.1875,0.1125,0,0,0
A0AA88A2P2,P11828,0.1926605504587156,0.2,0.1875,0,0,0
A0AA88A2P2,P12670,0.2550607287449393,0.175,0.1125,0,0,0
A0AA88A2P2,P13744,0.1720183486238532,0.1125,0.075,0,0,0
A0AA88A2P2,P16348,0.26595744680851063,0.1125,0.0875,0,0,0
A0AA88A2P2,P19121,0.22935779816513763,0.2625,0.25,0,0,0
A0AA88A2P2,P24337,0.375,0.125,0.0875,0,0,0
A0AA88A2P2,P25974,0.19954128440366972,0.1125,0.0875,0,0,0
A0AA88A2P2,P26987,0.2468354430379747,0.1125,0.075,0,0,0
A0AA88A2P2,P29835,0.24731182795698925,0.075,0.0625,0,0,0
A0AA88A2P2,P30941,0.248868778280543,0.1625,0.0875,0,0,0
A0AA88A2P2,P43211,0.2641509433962264,0.1125,0.1,0,0,0
A0AA88A2P2,P43237,0.19954128440366972,0.1,0.0875,0,0,0
A0AA88A2P2,P49231,0.29770992366412213,0.1,0.1,0,0,0
A0AA88A2P2,P50694,0.22857142857142856,0.1125,0.075,0,0,0
A0AA88A2P2,P80026,0.3302752293577982,0.1,0.05,0,0,0
A0AA88A2P2,P81370,0.29777777777777775,0.15,0.15,0,0,0
A0AA88A2P2,P81402,0.3626373626373626,0.325,0.3125,1,0,0
A0AA88A2P2,P84177,0.31297709923664124,0.1,0.075,0,0,0
A0AA88A2P2,P84527,0.2347417840375587,0.2125,0.1125,0,0,0
A0AA88A2P2,P85524,0.2866666666666667,0.2,0.0625,0,0,0
A0AA88A2P2,P85894,0.43956043956043955,0.3625,0.35,1,0,0
A0AA88A2P2,P86137,0.29347826086956524,0.3125,0.3125,1,0,0
A0AA88A2P2,P86888,0.3968253968253968,0.15,0.075,0,0,0
A0AA88A2P2,P87498,0.33256880733944955,0.1625,0.1625,0,0,0
A0AA88A2P2,P93594,0.19495412844036697,0.1,0.0625,0,0,0
A0AA88A2P2,Q004B5,0.20786516853932585,0.1875,0.1,0,0,0
A0AA88A2P2,Q01881,0.275,0.1125,0.1,0,0,0
A0AA88A2P2,Q0DEV5,0.2408256880733945,0.2125,0.2125,0,0,0
A0AA88A2P2,Q2I6V8,0.29375,0.1,0.075,0,0,0
A0AA88A2P2,Q39453,0.25625,0.1,0.05,0,0,0
A0AA88A2P2,Q39649,0.2978723404255319,0.1,0.075,0,0,0
A0AA88A2P2,Q41115,0.2,0.1875,0.1875,0,0,0
A0AA88A2P2,Q41258,0.32575757575757575,0.3125,0.3125,1,0,0
A0AA88A2P2,Q45W87,0.34306569343065696,0.2125,0.2125,0,0,0
A0AA88A2P2,Q647G3,0.3132530120481928,0.175,0.0875,0,0,0
A0AA88A2P2,Q647G5,0.27218934911242604,0.225,0.0875,0,0,0
A0AA88A2P2,Q647G9,0.296551724137931,0.1,0.075,0,0,0
A0AA88A2P2,Q6TPK4,0.33620689655172414,0.0875,0.075,0,0,0
A0AA88A2P2,Q6VT83,0.2929936305732484,0.15,0.1,0,0,0
A0AA88A2P2,Q7X8H9,0.3270440251572327,0.1375,0.1,0,0,0
A0AA88A2P2,Q84T21,0.27044025157232704,0.2375,0.05,0,0,0
A0AA88A2P2,Q84T91,0.29285714285714287,0.175,0.175,0,0,0
A0AA88A2P2,Q8GT39,0.3511450381679389,0.1125,0.1,0,0,0
A0AA88A2P2,Q8H4L8,0.3184713375796178,0.1125,0.1,0,0,0
A0AA88A2P2,Q8L5E0,0.26973684210526316,0.125,0.0875,0,0,0
A0AA88A2P2,Q8S4P9,0.20642201834862386,0.15,0.125,0,0,0
A0AA88A2P2,Q8SAE7,0.22077922077922077,0.175,0.175,0,0,0
A0AA88A2P2,Q90YK9,0.3119266055045872,0.0875,0.0875,0,0,0
A0AA88A2P2,Q91482,0.25688073394495414,0.0875,0.0875,0,0,0
A0AA88A2P2,Q93YG7,0.31297709923664124,0.0875,0.0375,0,0,0
A0AA88A2P2,Q948T6,0.2508591065292096,0.1375,0.1375,0,0,0
A0AA88A2P2,Q94JN3,0.2900763358778626,0.1,0.075,0,0,0
A0AA88A2P2,Q9ATH2,0.3652173913043478,0.2875,0.3125,1,0,0
A0AA88A2P2,Q9AVK8,0.19954128440366972,0.2,0.2,0,0,0
A0AA88A2P2,Q9AXI0,0.2840909090909091,0.15,0.125,0,0,0
A0AA88A2P2,Q9FSG7,0.23983739837398374,0.125,0.0625,0,0,0
A0AA88A2P2,Q9FSY7,0.22477064220183487,0.125,0.125,0,0,0
A0AA88A2P2,Q9FUJ9,0.27710843373493976,0.2125,0.1625,0,0,0
A0AA88A2P2,Q9M5X7,0.3826086956521739,0.3125,0.3125,1,0,0
A0AA88A2P2,Q9M5X8,0.3333333333333333,0.35,0.3375,1,0,0
A0AA88A2P2,Q9M7R0,0.30409356725146197,0.125,0.0875,0,0,0
A0AA88A2P2,Q9SQI9,0.3053435114503817,0.1125,0.0375,0,0,0
A0AA88A2P2,Q9XF39,0.3053435114503817,0.0875,0.075,0,0,0
A0AA88A2P2,Q9XHP0,0.22247706422018348,0.1125,0.1125,0,0,0
A0AA88A2P2,Q9XHP1,0.2635135135135135,0.175,0.175,0,0,0
A0AA88A2P2,Q9XHP2,0.2827586206896552,0.2375,0.225,0,0,0
A0AA88A2P2,T2DN75,0.24803149606299213,0.2,0.1125,0,0,0
A0AA88A2P2,V5XVK5,0.2813852813852814,0.1375,0.0875,0,0,0
A0AA88A2P2,V7AEY9,0.2443820224719101,0.25,0.25,0,0,0
A0AA88A2P2,V7B793,0.3709677419354839,0.2875,0.2875,1,0,0
A0AA88A2P2,V7CAE0,0.275,0.075,0.0625,0,0,0
A0AA88A2P2,V7CE49,0.29375,0.275,0.275,0,0,0
A0AA88A2P2,V7CEG9,0.3233082706766917,0.1625,0.1625,0,0,0
A0AA88A2P2,W5X2N3,0.29533678756476683,0.1125,0.0875,0,0,0
A0AA88A2P2,W8PPL3,0.23482849604221637,0.125,0.1125,0,0,0
A0AA88A7B3,A0AA88AGZ7,0.3103448275862069,0.1875,0.15,0,0,0
A0AA88A7B3,A0AA88D362,0.18620689655172415,0.125,0.125,0,0,0
A0AA88A7B3,A0AA88D3F8,0.32413793103448274,0.1,0.1,0,0,0
A0AA88A7B3,A0AA88DB57,0.2689655172413793,0.125,0.0875,0,0,0
A0AA88A7B3,A0AA88DB90,0.1793103448275862,0.05,0.05,0,0,0
A0AA88A7B3,A0AA88DF49,0.27586206896551724,0.075,0.075,0,0,0
A0AA88A7B3,A0AA88DXA8,0.21379310344827587,0.1375,0.1125,0,0,0
A0AA88A7B3,A0ACI6NPV3,0.2620689655172414,0.0625,0.05,0,0,0
A0AA88A7B3,A0ACI6Q4D5,0.2413793103448276,0.0375,0.0375,0,0,0
A0AA88A7B3,A0ACI6Q9Z7,0.18181818181818182,0.125,0.125,0,0,0
A0AA88A7B3,A0ACM5K329,0.32413793103448274,0.1375,0.1375,0,0,0
A0AA88A7B3,A0ACM5KKC3,0.1793103448275862,0.15,0.15,0,0,0
A0AA88A7B3,A1KYZ2,0.20689655172413793,0.075,0.0625,0,0,0
A0AA88A7B3,A5HII1,0.27586206896551724,0.075,0.075,0,0,0
A0AA88A7B3,B3EWP3,0.16901408450704225,0.05,0.05,0,0,0
A0AA88A7B3,B4X640,0.30344827586206896,0.0875,0.0875,0,0,0
A0AA88A7B3,B4XID4,0.2206896551724138,0.05,0.05,0,0,0
A0AA88A7B3,B5DGM7,0.3103448275862069,0.075,0.0625,0,0,0
A0AA88A7B3,B5DGQ7,0.32413793103448274,0.1375,0.1,0,0,0
A0AA88A7B3,B7P072,0.15172413793103448,0.075,0.075,0,0,0
A0AA88A7B3,B7P074,0.3310344827586207,0.125,0.125,0,0,0
A0AA88A7B3,B7SLJ1,0.2827586206896552,0.125,0.0875,0,0,0
A0AA88A7B3,B7SNI3,0.2,0.075,0.075,0,0,0
A0AA88A7B3,B8AL97,0.27586206896551724,0.1625,0.1625,0,0,0
A0AA88A7B3,C0HJZ1,0.2222222222222222,0.0875,0.0875,0,0,0
A0AA88A7B3,C0HL99,0.8899082568807339,0.875,0.875,1,38,23
A0AA88A7B3,C0HM28,0.1724137931034483,0.15,0.15,0,0,0
A0AA88A7B3,C7A639,0.23448275862068965,0.1,0.1,0,0,0
A0AA88A7B3,C7E3T4,0.2689655172413793,0.1125,0.1125,0,0,0
A0AA88A7B3,D0E0C7,0.19310344827586207,0.125,0.125,0,0,0
A0AA88A7B3,D2TE73,0.20689655172413793,0.0875,0.0875,0,0,0
A0AA88A7B3,E3SU11,0.20689655172413793,0.0875,0.0875,0,0,0
A0AA88A7B3,I0J1J1,0.3310344827586207,0.1,0.0875,0,0,0
A0AA88A7B3,O22317,0.25517241379310346,0.1,0.1,0,0,0
A0AA88A7B3,O44119,0.21379310344827587,0.15,0.15,0,0,0
A0AA88A7B3,O64458,0.3103448275862069,0.075,0.0625,0,0,0
A0AA88A7B3,O65810,0.8931297709923665,0.8875,0.8875,1,67,54
A0AA88A7B3,P00698,0.15862068965517243,0.0625,0.0625,0,0,0
A0AA88A7B3,P00711,0.176056338028169,0.0875,0.0875,0,0,0
A0AA88A7B3,P00940,0.2689655172413793,0.1375,0.1375,0,0,0
A0AA88A7B3,P01005,0.21379310344827587,0.15,0.15,0,0,0
A0AA88A7B3,P01012,0.3103448275862069,0.125,0.075,0,0,0
A0AA88A7B3,P01085,0.25806451612903225,0.05,0.05,0,0,0
A0AA88A7B3,P02197,0.16551724137931034,0.0625,0.05,0,0,0
A0AA88A7B3,P02622,0.19469026548672566,0.075,0.075,0,0,0
A0AA88A7B3,P02662,0.27586206896551724,0.0625,0.0625,0,0,0
A0AA88A7B3,P02754,0.19310344827586207,0.0875,0.0625,0,0,0
A0AA88A7B3,P02769,0.3310344827586207,0.1,0.1,0,0,0
A0AA88A7B3,P02789,0.4206896551724138,0.1125,0.1125,0,0,0
A0AA88A7B3,P04722,0.20689655172413793,0.175,0.05,0,0,0
A0AA88A7B3,P07322,0.296551724137931,0.0875,0.0625,0,0,0
A0AA88A7B3,P08819,0.2827586206896552,0.1125,0.1,0,0,0
A0AA88A7B3,P0C0Y3,0.8702290076335878,0.875,0.875,1,53,38
A0AA88A7B3,P10184,0.32413793103448274,0.1625,0.1625,0,0,0
A0AA88A7B3,P11828,0.31724137931034485,0.1875,0.15,0,0,0
A0AA88A7B3,P12670,0.296551724137931,0.2375,0.2375,0,0,0
A0AA88A7B3,P13744,0.32413793103448274,0.1125,0.1125,0,0,0
A0AA88A7B3,P16348,0.22758620689655173,0.125,0.125,0,0,0
A0AA88A7B3,P19121,0.3103448275862069,0.1125,0.075,0,0,0
A0AA88A7B3,P24337,0.275,0.0625,0.0625,0,0,0
A0AA88A7B3,P25974,0.3103448275862069,0.1125,0.1125,0,0,0
A0AA88A7B3,P26987,0.2,0.25,0.25,0,0,0
A0AA88A7B3,P29835,0.20689655172413793,0.2,0.2,0,0,0
A0AA88A7B3,P30941,0.20689655172413793,0.0625,0.0625,0,0,0
A0AA88A7B3,P43211,0.21379310344827587,0.15,0.15,0,0,0
A0AA88A7B3,P43237,0.3103448275862069,0.15,0.15,0,0,0
A0AA88A7B3,P49231,0.8702290076335878,0.8625,0.8625,1,45,27
A0AA88A7B3,P50694,0.2413793103448276,0.0875,0.075,0,0,0
A0AA88A7B3,P80026,0.1743119266055046,0.0625,0.0625,0,0,0
A0AA88A7B3,P81370,0.2413793103448276,0.0625,0.0625,0,0,0
A0AA88A7B3,P81402,0.25274725274725274,0.075,0.075,0,0,0
A0AA88A7B3,P84177,0.7862595419847328,0.7375,0.7375,1,29,17
A0AA88A7B3,P84527,0.2482758620689655,0.1875,0.1875,0,0,0
A0AA88A7B3,P85524,0.18620689655172415,0.0625,0.05,0,0,0
A0AA88A7B3,P85894,0.2087912087912088,0.075,0.0625,0,0,0
A0AA88A7B3,P86137,0.1956521739130435,0.0875,0.0875,0,0,0
A0AA88A7B3,P86888,0.2857142857142857,0.05,0.0375,0,0,0
A0AA88A7B3,P87498,0.4689655172413793,0.125,0.1125,0,0,0
A0AA88A7B3,P93594,0.25517241379310346,0.175,0.175,0,0,0
A0AA88A7B3,Q004B5,0.27586206896551724,0.1125,0.1125,0,0,0
A0AA88A7B3,Q01881,0.23448275862068965,0.0875,0.075,0,0,0
A0AA88A7B3,Q0DEV5,0.32413793103448274,0.1375,0.0625,0,0,0
A0AA88A7B3,Q2I6V8,0.2482758620689655,0.2625,0.225,0,0,0
A0AA88A7B3,Q39453,0.23448275862068965,0.2125,0.2125,0,0,0
A0AA88A7B3,Q39649,0.16312056737588654,0.05,0.0375,0,0,0
A0AA88A7B3,Q41115,0.31724137931034485,0.1375,0.0875,0,0,0
A0AA88A7B3,Q41258,0.20454545454545456,0.05,0.05,0,0,0
A0AA88A7B3,Q45W87,0.22627737226277372,0.1125,0.0875,0,0,0
A0AA88A7B3,Q647G3,0.2206896551724138,0.1125,0.1125,0,0,0
A0AA88A7B3,Q647G5,0.2,0.075,0.075,0,0,0
A0AA88A7B3,Q647G9,0.15172413793103448,0.075,0.05,0,0,0
A0AA88A7B3,Q6TPK4,0.2413793103448276,0.15,0.15,0,0,0
A0AA88A7B3,Q6VT83,0.19310344827586207,0.0875,0.075,0,0,0
A0AA88A7B3,Q7X8H9,0.19310344827586207,0.1,0.075,0,0,0
A0AA88A7B3,Q84T21,0.2206896551724138,0.125,0.1,0,0,0
A0AA88A7B3,Q84T91,0.2,0.125,0.125,0,0,0
A0AA88A7B3,Q8GT39,0.9083969465648855,0.9375,0.9375,1,73,57
A0AA88A7B3,Q8H4L8,0.21379310344827587,0.1,0.075,0,0,0
A0AA88A7B3,Q8L5E0,0.2,0.1125,0.1125,0,0,0
A0AA88A7B3,Q8S4P9,0.32413793103448274,0.1375,0.1375,0,0,0
A0AA88A7B3,Q8SAE7,0.21379310344827587,0.1125,0.075,0,0,0
A0AA88A7B3,Q90YK9,0.1743119266055046,0.075,0.075,0,0,0
A0AA88A7B3,Q91482,0.1743119266055046,0.05,0.05,0,0,0
A0AA88A7B3,Q93YG7,0.8473282442748091,0.8375,0.8375,1,38,27
A0AA88A7B3,Q948T6,0.27586206896551724,0.2375,0.2375,0,0,0
A0AA88A7B3,Q94JN3,0.8244274809160306,0.825,0.825,1,49,37
A0AA88A7B3,Q9ATH2,0.26956521739130435,0.075,0.075,0,0,0
A0AA88A7B3,Q9AVK8,0.2827586206896552,0.2,0.2,0,0,0
A0AA88A7B3,Q9AXI0,0.22758620689655173,0.2125,0.2125,0,0,0
A0AA88A7B3,Q9FSG7,0.2689655172413793,0.0875,0.0875,0,0,0
A0AA88A7B3,Q9FSY7,0.38620689655172413,0.125,0.1125,0,0,0
A0AA88A7B3,Q9FUJ9,0.20689655172413793,0.075,0.075,0,0,0
A0AA88A7B3,Q9M5X7,0.25217391304347825,0.0625,0.0625,0,0,0
A0AA88A7B3,Q9M5X8,0.23076923076923078,0.1,0.0625,0,0,0
A0AA88A7B3,Q9M7R0,0.20689655172413793,0.1,0.1,0,0,0
A0AA88A7B3,Q9SQI9,0.8549618320610687,0.8625,0.8625,1,43,28
A0AA88A7B3,Q9XF39,0.8015267175572519,0.75,0.75,1,29,17
A0AA88A7B3,Q9XHP0,0.25517241379310346,0.0625,0.0625,0,0,0
A0AA88A7B3,Q9XHP1,0.15862068965517243,0.0625,0.05,0,0,0
A0AA88A7B3,Q9XHP2,0.2206896551724138,0.2125,0.2125,0,0,0
A0AA88A7B3,T2DN75,0.2206896551724138,0.2375,0.2375,0,0,0
A0AA88A7B3,V5XVK5,0.23448275862068965,0.0875,0.0875,0,0,0
A0AA88A7B3,V7AEY9,0.2827586206896552,0.125,0.125,0,0,0
A0AA88A7B3,V7B793,0.1935483870967742,0.1125,0.075,0,0,0
A0AA88A7B3,V7CAE0,0.2413793103448276,0.0625,0.0625,0,0,0
A0AA88A7B3,V7CE49,0.2206896551724138,0.075,0.075,0,0,0
A0AA88A7B3,V7CEG9,0.23308270676691728,0.075,0.075,0,0,0
A0AA88A7B3,W5X2N3,0.25517241379310346,0.0875,0.0875,0,0,0
A0AA88A7B3,W8PPL3,0.296551724137931,0.1375,0.0875,0,0,0
A0AA88AGZ7,A0AA88D362,0.2838709677419355,0.175,0.125,0,0,0
A0AA88AGZ7,A0AA88D3F8,0.2028397565922921,0.125,0.1125,0,0,0
A0AA88AGZ7,A0AA88DB57,0.32677165354330706,0.425,0.3875,1,0,0
A0AA88AGZ7,A0AA88DB90,0.2929936305732484,0.15,0.075,0,0,0
A0AA88AGZ7,A0AA88DF49,0.6125356125356125,0.875,0.875,1,85,65
A0AA88AGZ7,A0AA88DXA8,0.28125,0.1375,0.1375,0,0,0
A0AA88AGZ7,A0ACI6NPV3,0.1643002028397566,0.2,0.2,0,0,0
A0AA88AGZ7,A0ACI6Q4D5,0.2007042253521127,0.075,0.075,0,0,0
A0AA88AGZ7,A0ACI6Q9Z7,0.35454545454545455,0.125,0.125,0,0,0
A0AA88AGZ7,A0ACM5K329,0.1592356687898089,0.2375,0.1375,0,0,0
A0AA88AGZ7,A0ACM5KKC3,0.28994082840236685,0.1625,0.1625,0,0,0
A0AA88AGZ7,A1KYZ2,0.19718309859154928,0.1,0.075,0,0,0
A0AA88AGZ7,A5HII1,0.20526315789473684,0.25,0.25,0,0,0
A0AA88AGZ7,B3EWP3,0.29577464788732394,0.1625,0.0875,0,0,0
A0AA88AGZ7,B4X640,0.1845841784989858,0.1,0.075,0,0,0
A0AA88AGZ7,B4XID4,0.3353658536585366,0.1,0.075,0,0,0
A0AA88AGZ7,B5DGM7,0.21763085399449036,0.225,0.1,0,0,0
A0AA88AGZ7,B5DGQ7,0.22350230414746544,0.15,0.15,0,0,0
A0AA88AGZ7,B7P072,0.3087248322147651,0.125,0.0875,0,0,0
A0AA88AGZ7,B7P074,0.19279661016949154,0.1875,0.1875,0,0,0
A0AA88AGZ7,B7SLJ1,0.18816067653276955,0.2,0.2,0,0,0
A0AA88AGZ7,B7SNI3,0.3163841807909605,0.1,0.075,0,0,0
A0AA88AGZ7,B8AL97,0.19787234042553192,0.2,0.075,0,0,0
A0AA88AGZ7,C0HJZ1,0.3472222222222222,0.1,0.1,0,0,0
A0AA88AGZ7,C0HL99,0.3853211009174312,0.125,0.075,0,0,0
A0AA88AGZ7,C0HM28,0.2958579881656805,0.1625,0.1625,0,0,0
A0AA88AGZ7,C7A639,0.29015544041450775,0.15,0.15,0,0,0
A0AA88AGZ7,C7E3T4,0.22191011235955055,0.125,0.075,0,0,0
A0AA88AGZ7,D0E0C7,0.31446540880503143,0.075,0.0625,0,0,0
A0AA88AGZ7,D2TE73,0.26732673267326734,0.1125,0.1125,0,0,0
A0AA88AGZ7,E3SU11,0.5088495575221239,0.6125,0.6,1,9,4
A0AA88AGZ7,I0J1J1,0.2152777777777778,0.15,0.075,0,0,0
A0AA88AGZ7,O22317,0.21470588235294116,0.2375,0.1625,0,0,0
A0AA88AGZ7,O44119,0.20774647887323944,0.1,0.05,0,0,0
A0AA88AGZ7,O64458,0.21899736147757257,0.175,0.1125,0,0,0
A0AA88AGZ7,O65810,0.3511450381679389,0.1125,0.075,0,0,0
A0AA88AGZ7,P00698,0.3673469387755102,0.25,0.25,0,0,0
A0AA88AGZ7,P00711,0.38028169014084506,0.175,0.15,0,0,0
A0AA88AGZ7,P00940,0.2661290322580645,0.2125,0.1,0,0,0
A0AA88AGZ7,P01005,0.30952380952380953,0.175,0.15,0,0,0
A0AA88AGZ7,P01012,0.22797927461139897,0.1375,0.1125,0,0,0
A0AA88AGZ7,P01085,0.3467741935483871,0.2625,0.2625,0,0,0
A0AA88AGZ7,P02197,0.2792207792207792,0.1,0.05,0,0,0
A0AA88AGZ7,P02622,0.3893805309734513,0.1625,0.1625,0,0,0
A0AA88AGZ7,P02662,0.27102803738317754,0.15,0.1125,0,0,0
A0AA88AGZ7,P02754,0.3146067415730337,0.1125,0.1125,0,0,0
A0AA88AGZ7,P02769,0.2028397565922921,0.15,0.125,0,0,0
A0AA88AGZ7,P02789,0.2413793103448276,0.2125,0.125,0,0,0
A0AA88AGZ7,P04722,0.20962199312714777,0.1,0.0875,0,0,0
A0AA88AGZ7,P07322,0.19815668202764977,0.15,0.1375,0,0,0
A0AA88AGZ7,P08819,0.1891891891891892,0.1875,0.1875,0,1,0
A0AA88AGZ7,P0C0Y3,0.3282442748091603,0.1125,0.075,0,0,0
A0AA88AGZ7,P10184,0.20892494929006086,0.225,0.225,0,0,0
A0AA88AGZ7,P11828,0.17671517671517672,0.2,0.175,0,0,0
A0AA88AGZ7,P12670,0.4898785425101215,0.575,0.55,1,5,0
A0AA88AGZ7,P13744,0.18541666666666667,0.175,0.1125,0,0,0
A0AA88AGZ7,P16348,0.32978723404255317,0.125,0.05,0,0,0
A0AA88AGZ7,P19121,0.19675456389452334,0.225,0.0875,0,0,0
A0AA88AGZ7,P24337,0.375,0.125,0.1125,0,0,0
A0AA88AGZ7,P25974,0.20501138952164008,0.1375,0.1375,0,0,0
A0AA88AGZ7,P26987,0.2974683544303797,0.25,0.1125,0,0,0
A0AA88AGZ7,P29835,0.3225806451612903,0.1,0.1,0,0,0
A0AA88AGZ7,P30941,0.334841628959276,0.125,0.0875,0,0,0
A0AA88AGZ7,P43211,0.3522012578616352,0.15,0.0625,0,0,0
A0AA88AGZ7,P43237,0.20892494929006086,0.175,0.175,0,0,0
A0AA88AGZ7,P49231,0.366412213740458,0.125,0.075,0,0,0
A0AA88AGZ7,P50694,0.33877551020408164,0.425,0.3875,1,0,0
A0AA88AGZ7,P80026,0.3302752293577982,0.125,0.125,0,0,0
A0AA88AGZ7,P81370,0.5288888888888889,0.625,0.6125,1,8,2
A0AA88AGZ7,P81402,0.32967032967032966,0.15,0.15,0,0,0
A0AA88AGZ7,P84177,0.32061068702290074,0.2,0.2,0,0,0
A0AA88AGZ7,P84527,0.3427230046948357,0.2375,0.1,0,0,0
A0AA88AGZ7,P85524,0.2866666666666667,0.125,0.0625,0,0,0
A0AA88AGZ7,P85894,0.32967032967032966,0.1625,0.1625,0,0,0
A0AA88AGZ7,P86137,0.33695652173913043,0.1,0.0625,0,0,0
A0AA88AGZ7,P86888,0.3492063492063492,0.1625,0.1625,0,0,0
A0AA88AGZ7,P87498,0.332657200811359,0.1625,0.1625,0,2,0
A0AA88AGZ7,P93594,0.18864097363083165,0.1375,0.1125,0,0,0
A0AA88AGZ7,Q004B5,0.22191011235955055,0.175,0.175,0,0,0
A0AA88AGZ7,Q01881,0.3,0.1375,0.1375,0,0,0
A0AA88AGZ7,Q0DEV5,0.21095334685598377,0.1375,0.075,0,0,0
A0AA88AGZ7,Q2I6V8,0.3125,0.0875,0.0875,0,0,0
A0AA88AGZ7,Q39453,0.28125,0.1375,0.1375,0,0,0
A0AA88AGZ7,Q39649,0.2907801418439716,0.0875,0.0625,0,0,0
A0AA88AGZ7,Q41115,0.19069767441860466,0.1375,0.1375,0,0,0
A0AA88AGZ7,Q41258,0.3409090909090909,0.1125,0.1125,0,0,0
A0AA88AGZ7,Q45W87,0.27007299270072993,0.15,0.0625,0,0,0
A0AA88AGZ7,Q647G3,0.2891566265060241,0.125,0.125,0,0,0
A0AA88AGZ7,Q647G5,0.28402366863905326,0.1875,0.1875,0,0,0
A0AA88AGZ7,Q647G9,0.2827586206896552,0.1,0.0625,0,0,0
A0AA88AGZ7,Q6TPK4,0.3275862068965517,0.1125,0.1125,0,0,0
A0AA88AGZ7,Q6VT83,0.3503184713375796,0.125,0.1125,0,0,0
A0AA88AGZ7,Q7X8H9,0.3522012578616352,0.1375,0.125,0,0,0
A0AA88AGZ7,Q84T21,0.3018867924528302,0.1625,0.1625,0,0,0
A0AA88AGZ7,Q84T91,0.2714285714285714,0.15,0.0625,0,0,0
A0AA88AGZ7,Q8GT39,0.3282442748091603,0.15,0.075,0,0,0
A0AA88AGZ7,Q8H4L8,0.35668789808917195,0.15,0.0625,0,0,0
A0AA88AGZ7,Q8L5E0,0.3618421052631579,0.2,0.1875,0,0,0
A0AA88AGZ7,Q8S4P9,0.19419642857142858,0.2375,0.1375,0,0,0
A0AA88AGZ7,Q8SAE7,0.2857142857142857,0.0875,0.05,0,0,0
A0AA88AGZ7,Q90YK9,0.3853211009174312,0.15,0.1,0,0,0
A0AA88AGZ7,Q91482,0.3486238532110092,0.15,0.1,0,0,0
A0AA88AGZ7,Q93YG7,0.31297709923664124,0.1375,0.1375,0,0,0
A0AA88AGZ7,Q948T6,0.2508591065292096,0.2375,0.225,0,0,0
A0AA88AGZ7,Q94JN3,0.3282442748091603,0.125,0.125,0,0,0
A0AA88AGZ7,Q9ATH2,0.30434782608695654,0.1375,0.1125,0,0,0
A0AA88AGZ7,Q9AVK8,0.17647058823529413,0.225,0.2125,0,0,0
A0AA88AGZ7,Q9AXI0,0.3409090909090909,0.15,0.125,0,0,0
A0AA88AGZ7,Q9FSG7,0.32926829268292684,0.4125,0.3625,1,0,0
A0AA88AGZ7,Q9FSY7,0.20892494929006086,0.1875,0.125,0,0,0
A0AA88AGZ7,Q9FUJ9,0.2891566265060241,0.1625,0.1625,0,0,0
A0AA88AGZ7,Q9M5X7,0.3652173913043478,0.2,0.125,0,0,0
A0AA88AGZ7,Q9M5X8,0.2905982905982906,0.15,0.125,0,0,0
A0AA88AGZ7,Q9M7R0,0.3216374269005848,0.15,0.0875,0,0,0
A0AA88AGZ7,Q9SQI9,0.31297709923664124,0.1625,0.0625,0,0,0
A0AA88AGZ7,Q9XF39,0.33587786259541985,0.1875,0.1875,0,0,0
A0AA88AGZ7,Q9XHP0,0.19607843137254902,0.1875,0.0875,0,0,0
A0AA88AGZ7,Q9XHP1,0.28378378378378377,0.125,0.125,0,0,0
A0AA88AGZ7,Q9XHP2,0.25517241379310346,0.1625,0.1625,0,0,0
A0AA88AGZ7,T2DN75,0.33858267716535434,0.4875,0.4625,1,1,0
A0AA88AGZ7,V5XVK5,0.5411255411255411,0.6125,0.6,1,7,1
A0AA88AGZ7,V7AEY9,0.24719101123595505,0.3,0.1125,0,0,0
A0AA88AGZ7,V7B793,0.3709677419354839,0.175,0.175,0,0,0
A0AA88AGZ7,V7CAE0,0.29375,0.15,0.075,0,0,0
A0AA88AGZ7,V7CE49,0.33125,0.0875,0.0625,0,0,0
A0AA88AGZ7,V7CEG9,0.38345864661654133,0.175,0.1125,0,0,0
A0AA88AGZ7,W5X2N3,0.32642487046632124,0.1625,0.1625,0,0,0
A0AA88AGZ7,W8PPL3,0.19788918205804748,0.1625,0.1875,0,0,0
A0AA88D362,A0AA88D3F8,0.33548387096774196,0.125,0.075,0,0,0
A0AA88D362,A0AA88DB57,0.22580645161290322,0.1625,0.1625,0,0,0
A0AA88D362,A0AA88DB90,0.12258064516129032,0.15,0.15,0,0,0
A0AA88D362,A0AA88DF49,0.3032258064516129,0.075,0.075,0,0,0
A0AA88D362,A0AA88DXA8,0.16774193548387098,0.0875,0.0875,0,0,0
A0AA88D362,A0ACI6NPV3,0.2709677419354839,0.1,0.0875,0,0,0
A0AA88D362,A0ACI6Q4D5,0.22580645161290322,0.125,0.125,0,0,0
A0AA88D362,A0ACI6Q9Z7,0.16363636363636364,0.0375,0.0375,0,0,0
A0AA88D362,A0ACM5K329,0.2967741935483871,0.0875,0.0625,0,0,0
A0AA88D362,A0ACM5KKC3,0.6387096774193548,0.7875,0.7875,1,11,5
A0AA88D362,A1KYZ2,0.25161290322580643,0.0875,0.0875,0,0,0
A0AA88D362,A5HII1,0.27741935483870966,0.1125,0.0625,0,0,0
A0AA88D362,B3EWP3,0.22535211267605634,0.05,0.05,0,0,0
A0AA88D362,B4X640,0.36774193548387096,0.0875,0.0625,0,0,0
A0AA88D362,B4XID4,0.1870967741935484,0.0875,0.0625,0,0,0
A0AA88D362,B5DGM7,0.3032258064516129,0.15,0.15,0,0,0
A0AA88D362,B5DGQ7,0.3225806451612903,0.1,0.1,0,0,0
A0AA88D362,B7P072,0.14093959731543623,0.1,0.075,0,0,0
A0AA88D362,B7P074,0.2838709677419355,0.1625,0.075,0,0,0
A0AA88D362,B7SLJ1,0.36129032258064514,0.1,0.0625,0,0,0
A0AA88D362,B7SNI3,0.16129032258064516,0.1,0.1,0,0,0
A0AA88D362,B8AL97,0.2967741935483871,0.1375,0.1125,0,0,0
A0AA88D362,C0HJZ1,0.2222222222222222,0.0625,0.0625,0,0,0
A0AA88D362,C0HL99,0.2018348623853211,0.1125,0.0875,0,0,0
A0AA88D362,C0HM28,0.6451612903225806,0.8,0.8,1,13,7
A0AA88D362,C7A639,0.2,0.1,0.05,0,0,0
A0AA88D362,C7E3T4,0.2838709677419355,0.15,0.15,0,0,0
A0AA88D362,D0E0C7,0.16129032258064516,0.1125,0.1125,0,0,0
A0AA88D362,D2TE73,0.2064516129032258,0.075,0.075,0,0,0
A0AA88D362,E3SU11,0.23870967741935484,0.125,0.125,0,0,0
A0AA88D362,I0J1J1,0.3096774193548387,0.1125,0.1125,0,0,0
A0AA88D362,O22317,0.24516129032258063,0.1625,0.1625,0,0,0
A0AA88D362,O44119,0.25161290322580643,0.0875,0.0875,0,0,0
A0AA88D362,O64458,0.25161290322580643,0.275,0.275,0,0,0
A0AA88D362,O65810,0.19083969465648856,0.1375,0.075,0,0,0
A0AA88D362,P00698,0.19047619047619047,0.05,0.05,0,0,0
A0AA88D362,P00711,0.14788732394366197,0.0875,0.075,0,0,0
A0AA88D362,P00940,0.25161290322580643,0.075,0.075,0,0,0
A0AA88D362,P01005,0.25806451612903225,0.15,0.15,0,0,0
A0AA88D362,P01012,0.23225806451612904,0.0875,0.0875,0,0,0
A0AA88D362,P01085,0.20161290322580644,0.0625,0.0375,0,0,0
A0AA88D362,P02197,0.23376623376623376,0.125,0.125,0,0,0
A0AA88D362,P02622,0.20353982300884957,0.0875,0.0875,0,0,0
A0AA88D362,P02662,0.2129032258064516,0.0625,0.0625,0,0,0
A0AA88D362,P02754,0.2,0.0875,0.0875,0,0,0
A0AA88D362,P02769,0.3096774193548387,0.05,0.0375,0,0,0
A0AA88D362,P02789,0.36129032258064514,0.1625,0.1625,0,0,0
A0AA88D362,P04722,0.17419354838709677,0.125,0.125,0,0,0
A0AA88D362,P07322,0.3161290322580645,0.1125,0.1125,0,0,0
A0AA88D362,P08819,0.3419354838709677,0.075,0.075,0,0,0
A0AA88D362,P0C0Y3,0.22137404580152673,0.15,0.0875,0,0,0
A0AA88D362,P10184,0.3161290322580645,0.1125,0.1125,0,0,0
A0AA88D362,P11828,0.34838709677419355,0.1875,0.1875,0,0,0
A0AA88D362,P12670,0.25806451612903225,0.1375,0.1375,0,0,0
A0AA88D362,P13744,0.33548387096774196,0.0875,0.0875,0,0,0
A0AA88D362,P16348,0.2129032258064516,0.1375,0.0625,0,0,0
A0AA88D362,P19121,0.3225806451612903,0.1125,0.1125,0,0,0
A0AA88D362,P24337,0.2625,0.0875,0.0875,0,0,0
A0AA88D362,P25974,0.3032258064516129,0.1875,0.1875,0,0,0
A0AA88D362,P26987,0.1935483870967742,0.1125,0.1125,0,0,0
A0AA88D362,P29835,0.17419354838709677,0.0875,0.0875,0,0,0
A0AA88D362,P30941,0.23870967741935484,0.1,0.1,0,0,0
A0AA88D362,P43211,0.16774193548387098,0.0875,0.0875,0,0,0
A0AA88D362,P43237,0.2967741935483871,0.15,0.0875,0,0,0
A0AA88D362,P49231,0.25190839694656486,0.125,0.125,0,0,0
A0AA88D362,P50694,0.2,0.0625,0.0625,0,0,0
A0AA88D362,P80026,0.2018348623853211,0.075,0.075,0,0,0
A0AA88D362,P81370,0.25806451612903225,0.125,0.125,0,0,0
A0AA88D362,P81402,0.2087912087912088,0.075,0.05,0,0,0
A0AA88D362,P84177,0.22900763358778625,0.1125,0.1,0,0,0
A0AA88D362,P84527,0.23225806451612904,0.1125,0.0625,0,0,0
A0AA88D362,P85524,0.16666666666666666,0.0625,0.0625,0,0,0
A0AA88D362,P85894,0.2087912087912088,0.075,0.075,0,0,0
A0AA88D362,P86137,0.2717391304347826,0.175,0.175,0,0,0
A0AA88D362,P86888,0.23809523809523808,0.0625,0.0375,0,0,0
A0AA88D362,P87498,0.4129032258064516,0.2,0.2,0,0,0
A0AA88D362,P93594,0.27741935483870966,0.1,0.1,0,0,0
A0AA88D362,Q004B5,0.2709677419354839,0.1375,0.1375,0,0,0
A0AA88D362,Q01881,0.13548387096774195,0.0875,0.0625,0,0,0
A0AA88D362,Q0DEV5,0.3548387096774194,0.0625,0.0625,0,0,0
A0AA88D362,Q2I6V8,0.1935483870967742,0.1,0.1,0,0,0
A0AA88D362,Q39453,0.1870967741935484,0.0875,0.05,0,0,0
A0AA88D362,Q39649,0.14893617021276595,0.0875,0.0625,0,0,0
A0AA88D362,Q41115,0.32903225806451614,0.125,0.075,0,0,0
A0AA88D362,Q41258,0.17424242424242425,0.1,0.1,0,0,0
A0AA88D362,Q45W87,0.40145985401459855,0.525,0.5125,1,0,0
A0AA88D362,Q647G3,0.38064516129032255,0.525,0.525,1,6,4
A0AA88D362,Q647G5,0.5935483870967742,0.675,0.6625,1,3,0
A0AA88D362,Q647G9,0.14482758620689656,0.0875,0.0875,0,0,0
A0AA88D362,Q6TPK4,0.1810344827586207,0.1,0.1,0,0,0
A0AA88D362,Q6VT83,0.18064516129032257,0.1125,0.05,0,0,0
A0AA88D362,Q7X8H9,0.1870967741935484,0.225,0.225,0,0,0
A0AA88D362,Q84T21,0.6258064516129033,0.6875,0.6875,1,9,3
A0AA88D362,Q84T91,0.39285714285714285,0.5375,0.525,1,0,0
A0AA88D362,Q8GT39,0.22900763358778625,0.1625,0.1625,0,0,0
A0AA88D362,Q8H4L8,0.14838709677419354,0.0875,0.0625,0,0,0
A0AA88D362,Q8L5E0,0.19736842105263158,0.1125,0.05,0,0,0
A0AA88D362,Q8S4P9,0.3032258064516129,0.0875,0.0625,0,0,0
A0AA88D362,Q8SAE7,0.2012987012987013,0.1,0.075,0,0,0
A0AA88D362,Q90YK9,0.25688073394495414,0.1,0.075,0,0,0
A0AA88D362,Q91482,0.25688073394495414,0.075,0.05,0,0,0
A0AA88D362,Q93YG7,0.20610687022900764,0.125,0.0875,0,0,0
A0AA88D362,Q948T6,0.27741935483870966,0.125,0.125,0,0,0
A0AA88D362,Q94JN3,0.1984732824427481,0.15,0.15,0,0,0
A0AA88D362,Q9ATH2,0.1826086956521739,0.0625,0.0625,0,0,0
A0AA88D362,Q9AVK8,0.27741935483870966,0.1125,0.1125,0,0,0
A0AA88D362,Q9AXI0,0.5741935483870968,0.65,0.625,1,1,0
A0AA88D362,Q9FSG7,0.18064516129032257,0.0625,0.0625,0,0,0
A0AA88D362,Q9FSY7,0.32903225806451614,0.175,0.175,0,0,0
A0AA88D362,Q9FUJ9,0.6064516129032258,0.725,0.725,1,13,4
A0AA88D362,Q9M5X7,0.20869565217391303,0.0875,0.075,0,0,0
A0AA88D362,Q9M5X8,0.20512820512820512,0.0875,0.0625,0,0,0
A0AA88D362,Q9M7R0,0.21935483870967742,0.0625,0.05,0,0,0
A0AA88D362,Q9SQI9,0.21374045801526717,0.125,0.1125,0,0,0
A0AA88D362,Q9XF39,0.2366412213740458,0.1375,0.1375,0,0,0
A0AA88D362,Q9XHP0,0.3161290322580645,0.1375,0.0875,0,0,0
A0AA88D362,Q9XHP1,0.14864864864864866,0.0625,0.0625,0,0,0
A0AA88D362,Q9XHP2,0.4,0.55,0.5375,1,0,0
A0AA88D362,T2DN75,0.22580645161290322,0.1125,0.1125,0,0,0
A0AA88D362,V5XVK5,0.2,0.0625,0.0625,0,0,0
A0AA88D362,V7AEY9,0.3032258064516129,0.125,0.1,0,0,0
A0AA88D362,V7B793,0.16129032258064516,0.075,0.0625,0,0,0
A0AA88D362,V7CAE0,0.15483870967741936,0.2,0.2,0,0,0
A0AA88D362,V7CE49,0.36129032258064514,0.425,0.4125,1,0,0
A0AA88D362,V7CEG9,0.18796992481203006,0.1625,0.1625,0,0,0
A0AA88D362,W5X2N3,0.1935483870967742,0.075,0.075,0,0,0
A0AA88D362,W8PPL3,0.27741935483870966,0.0875,0.0875,0,0,0
A0AA88D3F8,A0AA88DB57,0.2677165354330709,0.15,0.1,0,0,0
A0AA88D3F8,A0AA88DB90,0.2802547770700637,0.15,0.15,0,0,0
A0AA88D3F8,A0AA88DF49,0.24216524216524216,0.15,0.15,0,0,0
A0AA88D3F8,A0AA88DXA8,0.36875,0.175,0.175,0,0,0
A0AA88D3F8,A0ACI6NPV3,0.20958083832335328,0.3,0.25,0,0,0
A0AA88D3F8,A0ACI6Q4D5,0.2746478873239437,0.3,0.275,0,0,0
A0AA88D3F8,A0ACI6Q9Z7,0.35454545454545455,0.2125,0.1,0,0,0
A0AA88D3F8,A0ACM5K329,0.23142250530785563,0.2125,0.225,0,0,0
A0AA88D3F8,A0ACM5KKC3,0.28994082840236685,0.1,0.0625,0,0,0
A0AA88D3F8,A1KYZ2,0.2746478873239437,0.325,0.25,0,0,0
A0AA88D3F8,A5HII1,0.25,0.2125,0.1625,0,0,0
A0AA88D3F8,B3EWP3,0.4788732394366197,0.125,0.125,0,0,0
A0AA88D3F8,B4X640,0.20917431192660552,0.225,0.1875,0,0,0
A0AA88D3F8,B4XID4,0.2926829268292683,0.225,0.225,0,0,0
A0AA88D3F8,B5DGM7,0.24793388429752067,0.1625,0.0875,0,0,0
A0AA88D3F8,B5DGQ7,0.20506912442396313,0.2375,0.2375,0,0,0
A0AA88D3F8,B7P072,0.3221476510067114,0.175,0.1625,0,0,0
A0AA88D3F8,B7P074,0.20127118644067796,0.1875,0.1875,0,0,0
A0AA88D3F8,B7SLJ1,0.22410147991543342,0.225,0.225,0,0,0
A0AA88D3F8,B7SNI3,0.3502824858757062,0.1625,0.0875,0,0,0
A0AA88D3F8,B8AL97,0.22127659574468084,0.1625,0.1125,0,0,0
A0AA88D3F8,C0HJZ1,0.5138888888888888,0.0875,0.075,0,0,0
A0AA88D3F8,C0HL99,0.3761467889908257,0.15,0.1125,0,0,0
A0AA88D3F8,C0HM28,0.28402366863905326,0.1,0.0625,0,0,0
A0AA88D3F8,C7A639,0.32124352331606215,0.175,0.1125,0,0,0
A0AA88D3F8,C7E3T4,0.25280898876404495,0.1625,0.225,0,0,0
A0AA88D3F8,D0E0C7,0.3584905660377358,0.225,0.225,0,0,0
A0AA88D3F8,D2TE73,0.25742574257425743,0.125,0.0875,0,0,0
A0AA88D3F8,E3SU11,0.3008849557522124,0.175,0.175,0,0,0
A0AA88D3F8,I0J1J1,0.2222222222222222,0.2375,0.2375,0,0,0
A0AA88D3F8,O22317,0.2676470588235294,0.1625,0.1625,0,0,0
A0AA88D3F8,O44119,0.2887323943661972,0.325,0.25,0,0,0
A0AA88D3F8,O64458,0.21899736147757257,0.1875,0.125,0,0,0
A0AA88D3F8,O65810,0.3816793893129771,0.2,0.1,0,0,0
A0AA88D3F8,P00698,0.32653061224489793,0.1,0.1,0,0,0
A0AA88D3F8,P00711,0.39436619718309857,0.1875,0.2125,0,0,0
A0AA88D3F8,P00940,0.3024193548387097,0.1375,0.075,0,0,0
A0AA88D3F8,P01005,0.3,0.175,0.275,0,0,0
A0AA88D3F8,P01012,0.23056994818652848,0.2375,0.0875,0,0,0
A0AA88D3F8,P01085,0.4112903225806452,0.15,0.0375,0,0,0
A0AA88D3F8,P02197,0.33116883116883117,0.2625,0.2625,0,0,0
A0AA88D3F8,P02622,0.3805309734513274,0.2625,0.2625,0,0,0
A0AA88D3F8,P02662,0.2803738317757009,0.2625,0.225,0,0,0
A0AA88D3F8,P02754,0.29775280898876405,0.1625,0.075,0,0,0
A0AA88D3F8,P02769,0.19439868204283361,0.175,0.1125,0,0,0
A0AA88D3F8,P02789,0.19448698315467075,0.175,0.175,0,0,0
A0AA88D3F8,P04722,0.21649484536082475,0.1875,0.1875,0,0,0
A0AA88D3F8,P07322,0.21889400921658986,0.225,0.225,0,0,0
A0AA88D3F8,P08819,0.22297297297297297,0.2625,0.2625,0,0,0
A0AA88D3F8,P0C0Y3,0.3511450381679389,0.125,0.1125,0,0,0
A0AA88D3F8,P10184,0.21470019342359767,0.15,0.125,0,0,0
A0AA88D3F8,P11828,0.20166320166320167,0.1625,0.1625,0,0,0
A0AA88D3F8,P12670,0.291497975708502,0.0875,0.0625,0,0,0
A0AA88D3F8,P13744,0.21875,0.3125,0.2125,0,0,0
A0AA88D3F8,P16348,0.32978723404255317,0.1375,0.1375,0,0,0
A0AA88D3F8,P19121,0.17398373983739837,0.2875,0.2,0,1,0
A0AA88D3F8,P24337,0.3875,0.2875,0.2875,0,0,0
A0AA88D3F8,P25974,0.23917995444191345,0.2,0.2,0,0,0
A0AA88D3F8,P26987,0.35443037974683544,0.1875,0.1375,0,0,0
A0AA88D3F8,P29835,0.26344086021505375,0.1375,0.0875,0,0,0
A0AA88D3F8,P30941,0.3167420814479638,0.1875,0.1875,0,0,0
A0AA88D3F8,P43211,0.3333333333333333,0.2,0.2,0,0,0
A0AA88D3F8,P43237,0.18078175895765472,0.325,0.325,0,0,0
A0AA88D3F8,P49231,0.3511450381679389,0.1875,0.0875,0,0,0
A0AA88D3F8,P50694,0.3306122448979592,0.2125,0.2125,0,0,0
A0AA88D3F8,P80026,0.3669724770642202,0.175,0.1375,0,0,0
A0AA88D3F8,P81370,0.29333333333333333,0.0875,0.0625,0,0,0
A0AA88D3F8,P81402,0.31868131868131866,0.3125,0.325,1,0,0
A0AA88D3F8,P84177,0.35877862595419846,0.1875,0.15,0,0,0
A0AA88D3F8,P84527,0.3051643192488263,0.15,0.125,0,0,0
A0AA88D3F8,P85524,0.3466666666666667,0.3,0.2875,0,0,0
A0AA88D3F8,P85894,0.32967032967032966,0.325,0.325,1,0,0
A0AA88D3F8,P86137,0.42391304347826086,0.4,0.3875,1,0,0
A0AA88D3F8,P86888,0.3492063492063492,0.075,0.075,0,0,0
A0AA88D3F8,P87498,0.31546707503828486,0.25,0.2375,0,0,0
A0AA88D3F8,P93594,0.21868787276341947,0.2,0.2,0,0,0
A0AA88D3F8,Q004B5,0.24157303370786518,0.1375,0.0875,0,0,0
A0AA88D3F8,Q01881,0.31875,0.2375,0.225,0,0,0
A0AA88D3F8,Q0DEV5,0.20689655172413793,0.1375,0.1375,0,0,0
A0AA88D3F8,Q2I6V8,0.325,0.1875,0.1875,0,0,0
A0AA88D3F8,Q39453,0.39375,0.1,0.05,0,0,0
A0AA88D3F8,Q39649,0.2978723404255319,0.2375,0.1875,0,0,0
A0AA88D3F8,Q41115,0.2302325581395349,0.3125,0.25,0,0,0
A0AA88D3F8,Q41258,0.3484848484848485,0.225,0.2375,1,0,0
A0AA88D3F8,Q45W87,0.2846715328467153,0.2,0.2,0,0,0
A0AA88D3F8,Q647G3,0.3493975903614458,0.175,0.175,0,0,0
A0AA88D3F8,Q647G5,0.33727810650887574,0.2,0.15,0,0,0
A0AA88D3F8,Q647G9,0.296551724137931,0.1625,0.0875,0,0,0
A0AA88D3F8,Q6TPK4,0.39655172413793105,0.1,0.1,0,0,0
A0AA88D3F8,Q6VT83,0.3503184713375796,0.15,0.075,0,0,0
A0AA88D3F8,Q7X8H9,0.3333333333333333,0.2125,0.2125,0,0,0
A0AA88D3F8,Q84T21,0.3584905660377358,0.175,0.075,0,0,0
A0AA88D3F8,Q84T91,0.32142857142857145,0.1125,0.1125,0,0,0
A0AA88D3F8,Q8GT39,0.3511450381679389,0.2125,0.125,0,0,0
A0AA88D3F8,Q8H4L8,0.3248407643312102,0.1375,0.2125,0,0,0
A0AA88D3F8,Q8L5E0,0.32894736842105265,0.125,0.0625,0,0,0
A0AA88D3F8,Q8S4P9,0.23883928571428573,0.2125,0.225,0,0,0
A0AA88D3F8,Q8SAE7,0.3051948051948052,0.1125,0.1125,0,0,0
A0AA88D3F8,Q90YK9,0.3944954128440367,0.1375,0.0875,0,0,0
A0AA88D3F8,Q91482,0.3944954128440367,0.1125,0.1125,0,0,0
A0AA88D3F8,Q93YG7,0.37404580152671757,0.1625,0.1625,0,0,0
A0AA88D3F8,Q948T6,0.27835051546391754,0.2375,0.2375,0,1,0
A0AA88D3F8,Q94JN3,0.37404580152671757,0.15,0.075,0,0,0
A0AA88D3F8,Q9ATH2,0.4260869565217391,0.375,0.375,1,0,0
A0AA88D3F8,Q9AVK8,0.2415966386554622,0.1875,0.1,0,0,0
A0AA88D3F8,Q9AXI0,0.32954545454545453,0.1,0.1,0,0,0
A0AA88D3F8,Q9FSG7,0.2804878048780488,0.1625,0.1625,0,0,0
A0AA88D3F8,Q9FSY7,0.19142419601837674,0.2875,0.2875,0,0,0
A0AA88D3F8,Q9FUJ9,0.3493975903614458,0.175,0.15,0,0,0
A0AA88D3F8,Q9M5X7,0.34782608695652173,0.275,0.2875,1,0,0
A0AA88D3F8,Q9M5X8,0.358974358974359,0.275,0.2875,1,0,0
A0AA88D3F8,Q9M7R0,0.30409356725146197,0.15,0.125,0,0,0
A0AA88D3F8,Q9SQI9,0.3893129770992366,0.1375,0.1375,0,0,0
A0AA88D3F8,Q9XF39,0.37404580152671757,0.1,0.0875,0,0,0
A0AA88D3F8,Q9XHP0,0.19825708061002179,0.1875,0.1875,0,0,0
A0AA88D3F8,Q9XHP1,0.3310810810810811,0.1625,0.1875,0,0,0
A0AA88D3F8,Q9XHP2,0.33793103448275863,0.1,0.0875,0,0,0
A0AA88D3F8,T2DN75,0.2677165354330709,0.1,0.1,0,0,0
A0AA88D3F8,V5XVK5,0.26406926406926406,0.175,0.175,0,0,0
A0AA88D3F8,V7AEY9,0.25842696629213485,0.1625,0.1625,0,0,0
A0AA88D3F8,V7B793,0.31451612903225806,0.35,0.35,1,0,0
A0AA88D3F8,V7CAE0,0.3875,0.225,0.225,0,0,0
A0AA88D3F8,V7CE49,0.35625,0.15,0.1,0,0,0
A0AA88D3F8,V7CEG9,0.39097744360902253,0.3,0.3,0,0,0
A0AA88D3F8,W5X2N3,0.33678756476683935,0.2,0.2,0,0,0
A0AA88D3F8,W8PPL3,0.2559366754617414,0.25,0.2375,0,0,0
A0AA88DB57,A0AA88DB90,0.2611464968152866,0.075,0.075,0,0,0
A0AA88DB57,A0AA88DF49,0.37401574803149606,0.425,0.425,1,0,0
A0AA88DB57,A0AA88DXA8,0.275,0.1875,0.1875,0,0,0
A0AA88DB57,A0ACI6NPV3,0.2559055118110236,0.1125,0.1125,0,0,0
A0AA88DB57,A0ACI6Q4D5,0.16929133858267717,0.0875,0.075,0,0,0
A0AA88DB57,A0ACI6Q9Z7,0.3181818181818182,0.1,0.1,0,0,0
A0AA88DB57,A0ACM5K329,0.2559055118110236,0.075,0.075,0,0,0
A0AA88DB57,A0ACM5KKC3,0.1952662721893491,0.1875,0.1875,0,0,0
A0AA88DB57,A1KYZ2,0.16141732283464566,0.075,0.05,0,0,0
A0AA88DB57,A5HII1,0.25984251968503935,0.1375,0.075,0,0,0
A0AA88DB57,B3EWP3,0.3380281690140845,0.1,0.1,0,0,0
A0AA88DB57,B4X640,0.25984251968503935,0.125,0.075,0,0,0
A0AA88DB57,B4XID4,0.2621951219512195,0.15,0.15,0,0,0
A0AA88DB57,B5DGM7,0.2204724409448819,0.1625,0.1625,0,0,0
A0AA88DB57,B5DGQ7,0.23228346456692914,0.1625,0.0875,0,0,0
A0AA88DB57,B7P072,0.2214765100671141,0.1125,0.05,0,0,0
A0AA88DB57,B7P074,0.23228346456692914,0.1125,0.1125,0,0,0
A0AA88DB57,B7SLJ1,0.2795275590551181,0.1,0.1,0,0,0
A0AA88DB57,B7SNI3,0.24293785310734464,0.2,0.2,0,0,0
A0AA88DB57,B8AL97,0.2952755905511811,0.1875,0.1,0,0,0
A0AA88DB57,C0HJZ1,0.3472222222222222,0.1125,0.1125,0,0,0
A0AA88DB57,C0HL99,0.26605504587155965,0.1,0.1,0,0,0
A0AA88DB57,C0HM28,0.20710059171597633,0.1875,0.1875,0,0,0
A0AA88DB57,C7A639,0.24352331606217617,0.075,0.075,0,0,0
A0AA88DB57,C7E3T4,0.22440944881889763,0.1125,0.1125,0,0,0
A0AA88DB57,D0E0C7,0.22641509433962265,0.15,0.15,0,0,0
A0AA88DB57,D2TE73,0.2079207920792079,0.175,0.075,0,0,0
A0AA88DB57,E3SU11,0.4247787610619469,0.4875,0.475,1,0,0
A0AA88DB57,I0J1J1,0.25984251968503935,0.1125,0.0875,0,0,0
A0AA88DB57,O22317,0.24803149606299213,0.0875,0.0875,0,0,0
A0AA88DB57,O44119,0.18110236220472442,0.075,0.075,0,0,0
A0AA88DB57,O64458,0.22440944881889763,0.1375,0.125,0,0,0
A0AA88DB57,O65810,0.2824427480916031,0.1625,0.15,0,0,0
A0AA88DB57,P00698,0.2585034013605442,0.125,0.0875,0,0,0
A0AA88DB57,P00711,0.2535211267605634,0.15,0.15,0,0,0
A0AA88DB57,P00940,0.1774193548387097,0.1,0.1,0,0,0
A0AA88DB57,P01005,0.24761904761904763,0.2375,0.2,0,0,0
A0AA88DB57,P01012,0.2125984251968504,0.15,0.05,0,0,0
A0AA88DB57,P01085,0.2661290322580645,0.1625,0.1625,0,0,0
A0AA88DB57,P02197,0.22727272727272727,0.075,0.075,0,0,0
A0AA88DB57,P02622,0.26548672566371684,0.1,0.0875,0,0,0
A0AA88DB57,P02662,0.1822429906542056,0.1125,0.075,0,0,0
A0AA88DB57,P02754,0.2303370786516854,0.075,0.0625,0,0,0
A0AA88DB57,P02769,0.31496062992125984,0.1125,0.1125,0,0,0
A0AA88DB57,P02789,0.2992125984251969,0.2125,0.1375,0,0,0
A0AA88DB57,P04722,0.1141732283464567,0.0625,0.0375,0,0,0
A0AA88DB57,P07322,0.2559055118110236,0.15,0.1,0,0,0
A0AA88DB57,P08819,0.25984251968503935,0.125,0.125,0,0,0
A0AA88DB57,P0C0Y3,0.25190839694656486,0.1,0.0625,0,0,0
A0AA88DB57,P10184,0.33070866141732286,0.175,0.175,0,0,0
A0AA88DB57,P11828,0.2677165354330709,0.1375,0.075,0,0,0
A0AA88DB57,P12670,0.4008097165991903,0.5125,0.5125,1,0,0
A0AA88DB57,P13744,0.30708661417322836,0.175,0.0875,0,0,0
A0AA88DB57,P16348,0.21808510638297873,0.225,0.225,0,0,0
A0AA88DB57,P19121,0.2637795275590551,0.15,0.15,0,0,0
A0AA88DB57,P24337,0.3125,0.0625,0.0625,0,0,0
A0AA88DB57,P25974,0.22440944881889763,0.1125,0.1,0,0,0
A0AA88DB57,P26987,0.25949367088607594,0.1375,0.1125,0,0,0
A0AA88DB57,P29835,0.1881720430107527,0.0875,0.0875,0,0,0
A0AA88DB57,P30941,0.2081447963800905,0.125,0.05,0,0,0
A0AA88DB57,P43211,0.22641509433962265,0.1125,0.1125,0,0,0
A0AA88DB57,P43237,0.27165354330708663,0.125,0.075,0,0,0
A0AA88DB57,P49231,0.2748091603053435,0.1625,0.1625,0,0,0
A0AA88DB57,P50694,0.5183673469387755,0.625,0.625,1,11,5
A0AA88DB57,P80026,0.3119266055045872,0.0875,0.0625,0,0,0
A0AA88DB57,P81370,0.4266666666666667,0.4875,0.4875,1,0,0
A0AA88DB57,P81402,0.3626373626373626,0.1375,0.1375,0,0,0
A0AA88DB57,P84177,0.25190839694656486,0.1125,0.1125,0,0,0
A0AA88DB57,P84527,0.24413145539906103,0.1625,0.15,0,0,0
A0AA88DB57,P85524,0.23333333333333334,0.0625,0.05,0,0,0
A0AA88DB57,P85894,0.3076923076923077,0.2,0.2,0,0,0
A0AA88DB57,P86137,0.2826086956521739,0.0625,0.0625,0,0,0
A0AA88DB57,P86888,0.2857142857142857,0.1125,0.1125,0,0,0
A0AA88DB57,P87498,0.3779527559055118,0.175,0.175,0,0,0
A0AA88DB57,P93594,0.2559055118110236,0.1375,0.1375,0,0,0
A0AA88DB57,Q004B5,0.25196850393700787,0.1125,0.1125,0,0,0
A0AA88DB57,Q01881,0.26875,0.1625,0.1625,0,0,0
A0AA88DB57,Q0DEV5,0.2795275590551181,0.2375,0.2375,0,0,0
A0AA88DB57,Q2I6V8,0.2625,0.125,0.125,0,0,0
A0AA88DB57,Q39453,0.2375,0.1,0.0625,0,0,0
A0AA88DB57,Q39649,0.2765957446808511,0.1125,0.0625,0,0,0
A0AA88DB57,Q41115,0.22440944881889763,0.1,0.0875,0,0,0
A0AA88DB57,Q41258,0.29545454545454547,0.125,0.125,0,0,0
A0AA88DB57,Q45W87,0.24817518248175183,0.1125,0.0625,0,0,0
A0AA88DB57,Q647G3,0.25301204819277107,0.1125,0.075,0,0,0
A0AA88DB57,Q647G5,0.23076923076923078,0.15,0.125,0,0,0
A0AA88DB57,Q647G9,0.25517241379310346,0.1,0.1,0,0,0
A0AA88DB57,Q6TPK4,0.27586206896551724,0.1125,0.1125,0,0,0
A0AA88DB57,Q6VT83,0.25477707006369427,0.15,0.1125,0,0,0
A0AA88DB57,Q7X8H9,0.2578616352201258,0.1,0.0875,0,0,0
A0AA88DB57,Q84T21,0.2138364779874214,0.1375,0.1375,0,0,0
A0AA88DB57,Q84T91,0.21428571428571427,0.1,0.0625,0,0,0
A0AA88DB57,Q8GT39,0.25190839694656486,0.1125,0.1125,0,0,0
A0AA88DB57,Q8H4L8,0.267515923566879,0.1125,0.1125,0,0,0
A0AA88DB57,Q8L5E0,0.2894736842105263,0.0875,0.0875,0,0,0
A0AA88DB57,Q8S4P9,0.2440944881889764,0.075,0.075,0,0,0
A0AA88DB57,Q8SAE7,0.23376623376623376,0.1125,0.1125,0,0,0
A0AA88DB57,Q90YK9,0.30275229357798167,0.1125,0.1125,0,0,0
A0AA88DB57,Q91482,0.29357798165137616,0.1375,0.1125,0,0,0
A0AA88DB57,Q93YG7,0.2824427480916031,0.125,0.125,0,0,0
A0AA88DB57,Q948T6,0.2125984251968504,0.125,0.1125,0,0,0
A0AA88DB57,Q94JN3,0.26717557251908397,0.125,0.125,0,0,0
A0AA88DB57,Q9ATH2,0.2782608695652174,0.15,0.0625,0,0,0
A0AA88DB57,Q9AVK8,0.29133858267716534,0.1375,0.0875,0,0,0
A0AA88DB57,Q9AXI0,0.2556818181818182,0.1375,0.075,0,0,0
A0AA88DB57,Q9FSG7,0.524390243902439,0.6375,0.6375,1,9,3
A0AA88DB57,Q9FSY7,0.27165354330708663,0.125,0.075,0,0,0
A0AA88DB57,Q9FUJ9,0.21084337349397592,0.1625,0.1625,0,0,0
A0AA88DB57,Q9M5X7,0.3565217391304348,0.1875,0.1875,0,0,0
A0AA88DB57,Q9M5X8,0.3418803418803419,0.15,0.15,0,0,0
A0AA88DB57,Q9M7R0,0.22807017543859648,0.075,0.075,0,0,0
A0AA88DB57,Q9SQI9,0.24427480916030533,0.1125,0.1,0,0,0
A0AA88DB57,Q9XF39,0.25190839694656486,0.1125,0.1125,0,0,0
A0AA88DB57,Q9XHP0,0.2874015748031496,0.2125,0.2125,0,0,0
A0AA88DB57,Q9XHP1,0.22297297297297297,0.1375,0.1375,0,0,0
A0AA88DB57,Q9XHP2,0.20689655172413793,0.125,0.125,0,0,0
A0AA88DB57,T2DN75,0.3700787401574803,0.5125,0.5125,1,2,0
A0AA88DB57,V5XVK5,0.4329004329004329,0.5125,0.5125,1,0,0
A0AA88DB57,V7AEY9,0.2559055118110236,0.225,0.1,0,0,0
A0AA88DB57,V7B793,0.25,0.1,0.1,0,0,0
A0AA88DB57,V7CAE0,0.225,0.1,0.075,0,0,0
A0AA88DB57,V7CE49,0.28125,0.1125,0.1125,0,0,0
A0AA88DB57,V7CEG9,0.3308270676691729,0.175,0.1625,0,0,0
A0AA88DB57,W5X2N3,0.22279792746113988,0.1,0.05,0,0,0
A0AA88DB57,W8PPL3,0.23228346456692914,0.125,0.125,0,0,0
A0AA88DB90,A0AA88DF49,0.24203821656050956,0.1,0.1,0,0,0
A0AA88DB90,A0AA88DXA8,0.12101910828025478,0.0625,0.0625,0,0,0
A0AA88DB90,A0ACI6NPV3,0.3057324840764331,0.1125,0.1125,0,0,0
A0AA88DB90,A0ACI6Q4D5,0.2229299363057325,0.175,0.175,0,0,0
A0AA88DB90,A0ACI6Q9Z7,0.16363636363636364,0.075,0.075,0,0,0
A0AA88DB90,A0ACM5K329,0.33121019108280253,0.15,0.1375,0,0,0
A0AA88DB90,A0ACM5KKC3,0.12738853503184713,0.0875,0.075,0,0,0
A0AA88DB90,A1KYZ2,0.21656050955414013,0.1625,0.1625,0,0,0
A0AA88DB90,A5HII1,0.2929936305732484,0.0875,0.05,0,0,0
A0AA88DB90,B3EWP3,0.23943661971830985,0.05,0.05,0,0,0
A0AA88DB90,B4X640,0.3184713375796178,0.1625,0.125,0,0,0
A0AA88DB90,B4XID4,0.2929936305732484,0.35,0.3125,1,0,0
A0AA88DB90,B5DGM7,0.28662420382165604,0.1375,0.0875,0,0,0
A0AA88DB90,B5DGQ7,0.21019108280254778,0.2,0.2,0,0,0
A0AA88DB90,B7P072,0.33557046979865773,0.4125,0.375,1,0,0
A0AA88DB90,B7P074,0.3375796178343949,0.2125,0.2375,0,0,0
A0AA88DB90,B7SLJ1,0.36942675159235666,0.175,0.125,0,0,0
A0AA88DB90,B7SNI3,0.18471337579617833,0.175,0.175,0,0,0
A0AA88DB90,B8AL97,0.3248407643312102,0.275,0.2125,0,1,0
A0AA88DB90,C0HJZ1,0.25,0.0875,0.075,0,0,0
A0AA88DB90,C0HL99,0.1834862385321101,0.0375,0.0375,0,0,0
A0AA88DB90,C0HM28,0.12738853503184713,0.0875,0.075,0,0,0
A0AA88DB90,C7A639,0.1910828025477707,0.1125,0.075,0,0,0
A0AA88DB90,C7E3T4,0.28662420382165604,0.1625,0.1625,0,0,0
A0AA88DB90,D0E0C7,0.14012738853503184,0.05,0.0375,0,0,0
A0AA88DB90,D2TE73,0.17197452229299362,0.1,0.1,0,0,0
A0AA88DB90,E3SU11,0.2611464968152866,0.1125,0.05,0,0,0
A0AA88DB90,I0J1J1,0.2356687898089172,0.075,0.05,0,0,0
A0AA88DB90,O22317,0.267515923566879,0.1375,0.075,0,0,0
A0AA88DB90,O44119,0.2229299363057325,0.175,0.175,0,0,0
A0AA88DB90,O64458,0.24203821656050956,0.1,0.1,0,0,0
A0AA88DB90,O65810,0.20610687022900764,0.05,0.05,0,0,0
A0AA88DB90,P00698,0.19047619047619047,0.1,0.1,0,0,0
A0AA88DB90,P00711,0.176056338028169,0.05,0.05,0,0,0
A0AA88DB90,P00940,0.17834394904458598,0.075,0.0625,0,0,0
A0AA88DB90,P01005,0.18471337579617833,0.2,0.2,0,0,0
A0AA88DB90,P01012,0.2229299363057325,0.075,0.075,0,0,0
A0AA88DB90,P01085,0.25,0.2375,0.2375,0,0,0
A0AA88DB90,P02197,0.12337662337662338,0.075,0.075,0,0,0
A0AA88DB90,P02622,0.17699115044247787,0.075,0.0625,0,0,0
A0AA88DB90,P02662,0.19745222929936307,0.125,0.125,0,0,0
A0AA88DB90,P02754,0.17834394904458598,0.0875,0.0875,0,0,0
A0AA88DB90,P02769,0.3503184713375796,0.15,0.15,0,0,0
A0AA88DB90,P02789,0.29936305732484075,0.075,0.075,0,0,0
A0AA88DB90,P04722,0.2484076433121019,0.2375,0.2375,0,0,0
A0AA88DB90,P07322,0.31210191082802546,0.1375,0.1375,0,0,0
A0AA88DB90,P08819,0.29936305732484075,0.0625,0.0625,0,0,0
A0AA88DB90,P0C0Y3,0.183206106870229,0.05,0.05,0,0,0
A0AA88DB90,P10184,0.29936305732484075,0.15,0.1375,0,0,0
A0AA88DB90,P11828,0.3057324840764331,0.1,0.0625,0,0,0
A0AA88DB90,P12670,0.27388535031847133,0.1125,0.0625,0,0,0
A0AA88DB90,P13744,0.2802547770700637,0.1,0.1,0,0,0
A0AA88DB90,P16348,0.1910828025477707,0.0875,0.075,0,0,0
A0AA88DB90,P19121,0.29936305732484075,0.0875,0.0875,0,0,0
A0AA88DB90,P24337,0.225,0.1,0.05,0,0,0
A0AA88DB90,P25974,0.31210191082802546,0.1375,0.1375,0,0,0
A0AA88DB90,P26987,0.14012738853503184,0.1,0.1,0,0,0
A0AA88DB90,P29835,0.29936305732484075,0.275,0.275,1,0,0
A0AA88DB90,P30941,0.2229299363057325,0.05,0.05,0,0,0
A0AA88DB90,P43211,0.1464968152866242,0.05,0.05,0,0,0
A0AA88DB90,P43237,0.3885350318471338,0.1125,0.1125,0,1,0
A0AA88DB90,P49231,0.183206106870229,0.05,0.05,0,0,0
A0AA88DB90,P50694,0.21019108280254778,0.0625,0.0625,0,0,0
A0AA88DB90,P80026,0.14678899082568808,0.0625,0.0625,0,0,0
A0AA88DB90,P81370,0.2611464968152866,0.125,0.1,0,0,0
A0AA88DB90,P81402,0.24175824175824176,0.125,0.125,0,0,0
A0AA88DB90,P84177,0.12213740458015267,0.05,0.05,0,0,0
A0AA88DB90,P84527,0.19745222929936307,0.125,0.1,0,0,0
A0AA88DB90,P85524,0.18666666666666668,0.0875,0.0875,0,0,0
A0AA88DB90,P85894,0.23076923076923078,0.0875,0.0875,0,0,0
A0AA88DB90,P86137,0.2608695652173913,0.1875,0.1875,0,0,0
A0AA88DB90,P86888,0.3333333333333333,0.0875,0.0875,0,0,0
A0AA88DB90,P87498,0.39490445859872614,0.2,0.2,0,0,0
A0AA88DB90,P93594,0.3057324840764331,0.125,0.0625,0,0,0
A0AA88DB90,Q004B5,0.2929936305732484,0.1625,0.1625,0,0,0
A0AA88DB90,Q01881,0.22929936305732485,0.1,0.1,0,0,0
A0AA88DB90,Q0DEV5,0.34394904458598724,0.05,0.05,0,0,0
A0AA88DB90,Q2I6V8,0.17834394904458598,0.05,0.05,0,0,0
A0AA88DB90,Q39453,0.14012738853503184,0.05,0.05,0,0,0
A0AA88DB90,Q39649,0.375886524822695,0.3625,0.3625,1,0,0
A0AA88DB90,Q41115,0.2229299363057325,0.125,0.125,0,0,0
A0AA88DB90,Q41258,0.2196969696969697,0.1125,0.1125,0,0,0
A0AA88DB90,Q45W87,0.19708029197080293,0.0625,0.0625,0,0,0
A0AA88DB90,Q647G3,0.15286624203821655,0.0875,0.0875,0,0,0
A0AA88DB90,Q647G5,0.16560509554140126,0.0625,0.0625,0,0,0
A0AA88DB90,Q647G9,0.3103448275862069,0.3375,0.325,1,0,0
A0AA88DB90,Q6TPK4,0.1724137931034483,0.125,0.125,0,0,0
A0AA88DB90,Q6VT83,0.16560509554140126,0.0625,0.0625,0,0,0
A0AA88DB90,Q7X8H9,0.21019108280254778,0.125,0.1,0,0,0
A0AA88DB90,Q84T21,0.16560509554140126,0.125,0.125,0,0,0
A0AA88DB90,Q84T91,0.19285714285714287,0.0875,0.0875,0,0,0
A0AA88DB90,Q8GT39,0.19083969465648856,0.05,0.05,0,0,0
A0AA88DB90,Q8H4L8,0.22929936305732485,0.175,0.1,0,0,0
A0AA88DB90,Q8L5E0,0.17763157894736842,0.0625,0.0625,0,0,0
A0AA88DB90,Q8S4P9,0.25477707006369427,0.1875,0.1875,0,0,0
A0AA88DB90,Q8SAE7,0.13636363636363635,0.075,0.0625,0,0,0
A0AA88DB90,Q90YK9,0.22018348623853212,0.05,0.0375,0,0,0
A0AA88DB90,Q91482,0.22935779816513763,0.075,0.075,0,0,0
A0AA88DB90,Q93YG7,0.15267175572519084,0.1,0.05,0,0,0
A0AA88DB90,Q948T6,0.21019108280254778,0.075,0.075,0,0,0
A0AA88DB90,Q94JN3,0.183206106870229,0.0625,0.05,0,0,0
A0AA88DB90,Q9ATH2,0.2782608695652174,0.1,0.05,0,0,0
A0AA88DB90,Q9AVK8,0.2802547770700637,0.1625,0.1625,0,0,0
A0AA88DB90,Q9AXI0,0.1592356687898089,0.15,0.075,0,0,0
A0AA88DB90,Q9FSG7,0.19745222929936307,0.1,0.1,0,0,0
A0AA88DB90,Q9FSY7,0.3248407643312102,0.1625,0.1625,0,0,0
A0AA88DB90,Q9FUJ9,0.15286624203821655,0.1,0.1,0,0,0
A0AA88DB90,Q9M5X7,0.24347826086956523,0.1,0.1,0,0,0
A0AA88DB90,Q9M5X8,0.27350427350427353,0.2375,0.2375,0,0,0
A0AA88DB90,Q9M7R0,0.2356687898089172,0.075,0.05,0,0,0
A0AA88DB90,Q9SQI9,0.16793893129770993,0.05,0.05,0,0,0
A0AA88DB90,Q9XF39,0.11450381679389313,0.05,0.05,0,0,0
A0AA88DB90,Q9XHP0,0.35668789808917195,0.175,0.175,0,0,0
A0AA88DB90,Q9XHP1,0.3716216216216216,0.3875,0.3875,1,1,0
A0AA88DB90,Q9XHP2,0.19310344827586207,0.1125,0.1125,0,0,0
A0AA88DB90,T2DN75,0.21656050955414013,0.1125,0.1125,0,0,0
A0AA88DB90,V5XVK5,0.267515923566879,0.325,0.275,0,0,0
A0AA88DB90,V7AEY9,0.2611464968152866,0.0625,0.05,0,0,0
A0AA88DB90,V7B793,0.21774193548387097,0.125,0.125,0,0,0
A0AA88DB90,V7CAE0,0.1464968152866242,0.0625,0.05,0,0,0
A0AA88DB90,V7CE49,0.1464968152866242,0.075,0.075,0,1,0
A0AA88DB90,V7CEG9,0.21804511278195488,0.1125,0.1125,0,0,0
A0AA88DB90,W5X2N3,0.19745222929936307,0.0875,0.05,0,0,0
A0AA88DB90,W8PPL3,0.22929936305732485,0.075,0.075,0,0,0
A0AA88DF49,A0AA88DXA8,0.30625,0.075,0.05,0,0,0
A0AA88DF49,A0ACI6NPV3,0.18518518518518517,0.1,0.0625,0,0,0
A0AA88DF49,A0ACI6Q4D5,0.1795774647887324,0.075,0.075,0,0,0
A0AA88DF49,A0ACI6Q9Z7,0.2818181818181818,0.125,0.125,0,0,0
A0AA88DF49,A0ACM5K329,0.19943019943019943,0.1375,0.125,0,0,0
A0AA88DF49,A0ACM5KKC3,0.24260355029585798,0.1125,0.0875,0,0,0
A0AA88DF49,A1KYZ2,0.18309859154929578,0.1,0.075,0,0,0
A0AA88DF49,A5HII1,0.23076923076923078,0.1125,0.0875,0,0,0
A0AA88DF49,B3EWP3,0.28169014084507044,0.0875,0.0875,0,0,0
A0AA88DF49,B4X640,0.22507122507122507,0.1875,0.075,0,0,0
A0AA88DF49,B4XID4,0.2621951219512195,0.125,0.0875,0,0,0
A0AA88DF49,B5DGM7,0.1908831908831909,0.1375,0.075,0,0,0
A0AA88DF49,B5DGQ7,0.2022792022792023,0.15,0.15,0,0,0
A0AA88DF49,B7P072,0.2348993288590604,0.1,0.0875,0,0,0
A0AA88DF49,B7P074,0.21937321937321938,0.1375,0.1,0,0,0
A0AA88DF49,B7SLJ1,0.245014245014245,0.1625,0.1125,0,0,0
A0AA88DF49,B7SNI3,0.2542372881355932,0.1125,0.0875,0,0,0
A0AA88DF49,B8AL97,0.23646723646723647,0.25,0.2375,0,0,0
A0AA88DF49,C0HJZ1,0.3472222222222222,0.0875,0.0875,0,0,0
A0AA88DF49,C0HL99,0.29357798165137616,0.0875,0.0875,0,0,0
A0AA88DF49,C0HM28,0.28994082840236685,0.1125,0.0875,0,0,0
A0AA88DF49,C7A639,0.27461139896373055,0.125,0.075,0,0,0
A0AA88DF49,C7E3T4,0.19373219373219372,0.3125,0.2625,0,0,0
A0AA88DF49,D0E0C7,0.22641509433962265,0.075,0.05,0,0,0
A0AA88DF49,D2TE73,0.2079207920792079,0.1,0.05,0,0,0
A0AA88DF49,E3SU11,0.5176991150442478,0.6125,0.6,1,11,5
A0AA88DF49,I0J1J1,0.21652421652421652,0.1375,0.1375,0,0,0
A0AA88DF49,O22317,0.18235294117647058,0.1375,0.125,0,0,0
A0AA88DF49,O44119,0.15140845070422534,0.15,0.075,0,0,0
A0AA88DF49,O64458,0.1908831908831909,0.1,0.1,0,0,0
A0AA88DF49,O65810,0.2900763358778626,0.1,0.05,0,0,0
A0AA88DF49,P00698,0.272108843537415,0.2,0.275,0,0,0
A0AA88DF49,P00711,0.323943661971831,0.2,0.2,0,0,0
A0AA88DF49,P00940,0.1975806451612903,0.075,0.0625,0,0,0
A0AA88DF49,P01005,0.2904761904761905,0.1375,0.1,0,0,0
A0AA88DF49,P01012,0.1794871794871795,0.1875,0.1875,0,0,0
A0AA88DF49,P01085,0.2903225806451613,0.1375,0.1375,0,0,0
A0AA88DF49,P02197,0.2532467532467532,0.1125,0.0875,0,0,0
A0AA88DF49,P02622,0.36283185840707965,0.0875,0.0875,0,0,0
A0AA88DF49,P02662,0.21495327102803738,0.1,0.0625,0,0,0
A0AA88DF49,P02754,0.2696629213483146,0.125,0.05,0,0,0
A0AA88DF49,P02769,0.2564102564102564,0.2875,0.3375,0,0,0
A0AA88DF49,P02789,0.2621082621082621,0.1375,0.1375,0,0,0
A0AA88DF49,P04722,0.17525773195876287,0.075,0.075,0,0,0
A0AA88DF49,P07322,0.23076923076923078,0.1125,0.1125,0,0,0
A0AA88DF49,P08819,0.2022792022792023,0.175,0.175,0,0,0
A0AA88DF49,P0C0Y3,0.25190839694656486,0.0625,0.05,0,0,0
A0AA88DF49,P10184,0.24216524216524216,0.25,0.2625,0,0,0
A0AA88DF49,P11828,0.21937321937321938,0.2375,0.125,0,0,0
A0AA88DF49,P12670,0.4817813765182186,0.5875,0.575,1,9,2
A0AA88DF49,P13744,0.22792022792022792,0.175,0.0875,0,0,0
A0AA88DF49,P16348,0.2712765957446808,0.2125,0.2125,0,0,0
A0AA88DF49,P19121,0.27350427350427353,0.2375,0.15,0,0,0
A0AA88DF49,P24337,0.3125,0.125,0.0875,0,0,0
A0AA88DF49,P25974,0.20512820512820512,0.1,0.1,0,0,0
A0AA88DF49,P26987,0.2974683544303797,0.1625,0.1625,0,0,0
A0AA88DF49,P29835,0.25806451612903225,0.1125,0.1125,0,0,0
A0AA88DF49,P30941,0.25339366515837103,0.1875,0.0625,0,0,0
A0AA88DF49,P43211,0.2389937106918239,0.125,0.125,0,0,0
A0AA88DF49,P43237,0.2678062678062678,0.1375,0.1375,0,0,0
A0AA88DF49,P49231,0.2595419847328244,0.075,0.0625,0,0,0
A0AA88DF49,P50694,0.3469387755102041,0.475,0.4125,1,0,0
A0AA88DF49,P80026,0.3577981651376147,0.1,0.075,0,0,0
A0AA88DF49,P81370,0.5422222222222223,0.675,0.6625,1,11,4
A0AA88DF49,P81402,0.34065934065934067,0.125,0.125,0,0,0
A0AA88DF49,P84177,0.2748091603053435,0.1125,0.05,0,0,0
A0AA88DF49,P84527,0.28169014084507044,0.225,0.1,0,0,0
A0AA88DF49,P85524,0.26,0.075,0.075,0,0,0
A0AA88DF49,P85894,0.38461538461538464,0.1625,0.075,0,0,0
A0AA88DF49,P86137,0.391304347826087,0.1125,0.0875,0,0,0
A0AA88DF49,P86888,0.36507936507936506,0.175,0.175,0,0,0
A0AA88DF49,P87498,0.3504273504273504,0.175,0.175,0,0,0
A0AA88DF49,P93594,0.23931623931623933,0.225,0.1375,0,0,0
A0AA88DF49,Q004B5,0.1908831908831909,0.15,0.15,0,0,0
A0AA88DF49,Q01881,0.25625,0.1375,0.1375,0,0,0
A0AA88DF49,Q0DEV5,0.23931623931623933,0.175,0.175,0,0,0
A0AA88DF49,Q2I6V8,0.2625,0.0875,0.075,0,0,0
A0AA88DF49,Q39453,0.2625,0.0875,0.075,0,0,0
A0AA88DF49,Q39649,0.2695035460992908,0.0875,0.075,0,0,0
A0AA88DF49,Q41115,0.2222222222222222,0.1,0.1,0,0,0
A0AA88DF49,Q41258,0.32575757575757575,0.075,0.0625,0,0,0
A0AA88DF49,Q45W87,0.27007299270072993,0.1375,0.05,0,0,0
A0AA88DF49,Q647G3,0.25301204819277107,0.125,0.075,0,0,0
A0AA88DF49,Q647G5,0.31952662721893493,0.1875,0.15,0,0,0
A0AA88DF49,Q647G9,0.2206896551724138,0.0625,0.05,0,0,0
A0AA88DF49,Q6TPK4,0.3103448275862069,0.1125,0.1125,0,0,0
A0AA88DF49,Q6VT83,0.3375796178343949,0.175,0.175,0,0,0
A0AA88DF49,Q7X8H9,0.27672955974842767,0.1625,0.125,0,0,0
A0AA88DF49,Q84T21,0.27044025157232704,0.1625,0.1625,0,0,0
A0AA88DF49,Q84T91,0.22142857142857142,0.0875,0.0875,0,0,0
A0AA88DF49,Q8GT39,0.29770992366412213,0.1,0.075,0,0,0
A0AA88DF49,Q8H4L8,0.2611464968152866,0.125,0.0625,0,0,0
A0AA88DF49,Q8L5E0,0.26973684210526316,0.2,0.0875,0,0,0
A0AA88DF49,Q8S4P9,0.19943019943019943,0.15,0.125,0,0,0
A0AA88DF49,Q8SAE7,0.24675324675324675,0.1375,0.1375,0,0,0
A0AA88DF49,Q90YK9,0.3944954128440367,0.15,0.15,0,0,0
A0AA88DF49,Q91482,0.3302752293577982,0.1125,0.1125,0,0,0
A0AA88DF49,Q93YG7,0.2900763358778626,0.0875,0.0625,0,0,0
A0AA88DF49,Q948T6,0.2027491408934708,0.225,0.225,0,0,0
A0AA88DF49,Q94JN3,0.2900763358778626,0.1375,0.1375,0,0,0
A0AA88DF49,Q9ATH2,0.3217391304347826,0.1625,0.0875,0,0,0
A0AA88DF49,Q9AVK8,0.23646723646723647,0.2,0.2,0,0,0
A0AA88DF49,Q9AXI0,0.23295454545454544,0.15,0.15,0,0,0
A0AA88DF49,Q9FSG7,0.32926829268292684,0.45,0.4,1,0,0
A0AA88DF49,Q9FSY7,0.28774928774928776,0.125,0.0875,0,0,0
A0AA88DF49,Q9FUJ9,0.2891566265060241,0.125,0.075,0,0,0
A0AA88DF49,Q9M5X7,0.3391304347826087,0.2875,0.0625,0,0,0
A0AA88DF49,Q9M5X8,0.3418803418803419,0.1375,0.075,0,0,0
A0AA88DF49,Q9M7R0,0.24561403508771928,0.1875,0.1875,0,0,0
A0AA88DF49,Q9SQI9,0.31297709923664124,0.0875,0.05,0,0,0
A0AA88DF49,Q9XF39,0.3053435114503817,0.125,0.05,0,0,0
A0AA88DF49,Q9XHP0,0.19373219373219372,0.1875,0.1875,0,0,0
A0AA88DF49,Q9XHP1,0.28378378378378377,0.1,0.05,0,0,0
A0AA88DF49,Q9XHP2,0.2206896551724138,0.0875,0.075,0,0,0
A0AA88DF49,T2DN75,0.36220472440944884,0.4625,0.425,1,0,0
A0AA88DF49,V5XVK5,0.5324675324675324,0.6,0.6,1,9,2
A0AA88DF49,V7AEY9,0.19658119658119658,0.125,0.075,0,0,0
A0AA88DF49,V7B793,0.29838709677419356,0.1625,0.1125,0,0,0
A0AA88DF49,V7CAE0,0.25625,0.075,0.075,0,0,0
A0AA88DF49,V7CE49,0.25625,0.1375,0.1375,0,0,0
A0AA88DF49,V7CEG9,0.2932330827067669,0.1875,0.125,0,0,0
A0AA88DF49,W5X2N3,0.27461139896373055,0.1,0.0875,0,0,0
A0AA88DF49,W8PPL3,0.20512820512820512,0.175,0.2,0,0,0
A0AA88DXA8,A0ACI6NPV3,0.3,0.125,0.125,0,0,0
A0AA88DXA8,A0ACI6Q4D5,0.2375,0.225,0.225,0,0,0
A0AA88DXA8,A0ACI6Q9Z7,0.2818181818181818,0.1375,0.0875,0,0,0
A0AA88DXA8,A0ACM5K329,0.3375,0.1125,0.1125,0,0,0
A0AA88DXA8,A0ACM5KKC3,0.2125,0.1,0.1,0,0,0
A0AA88DXA8,A1KYZ2,0.2125,0.1,0.1,0,0,0
A0AA88DXA8,A5HII1,0.25,0.0625,0.0625,0,0,0
A0AA88DXA8,B3EWP3,0.30985915492957744,0.0625,0.0625,0,0,0
A0AA88DXA8,B4X640,0.3125,0.1375,0.1375,0,0,0
A0AA88DXA8,B4XID4,0.11875,0.0625,0.0625,0,0,0
A0AA88DXA8,B5DGM7,0.3125,0.15,0.1125,0,0,0
A0AA88DXA8,B5DGQ7,0.34375,0.2375,0.2375,0,0,0
A0AA88DXA8,B7P072,0.19463087248322147,0.125,0.125,0,0,0
A0AA88DXA8,B7P074,0.30625,0.125,0.075,0,0,0
A0AA88DXA8,B7SLJ1,0.3,0.1125,0.1125,0,0,0
A0AA88DXA8,B7SNI3,0.175,0.1375,0.1375,0,0,0
A0AA88DXA8,B8AL97,0.33125,0.1125,0.1,0,0,0
A0AA88DXA8,C0HJZ1,0.2777777777777778,0.0625,0.0625,0,0,0
A0AA88DXA8,C0HL99,0.24770642201834864,0.1125,0.1125,0,0,0
A0AA88DXA8,C0HM28,0.2125,0.1,0.1,0,0,0
A0AA88DXA8,C7A639,0.19375,0.0875,0.0875,0,0,0
A0AA88DXA8,C7E3T4,0.28125,0.2125,0.225,0,0,0
A0AA88DXA8,D0E0C7,0.5974842767295597,0.625,0.625,1,5,0
A0AA88DXA8,D2TE73,0.2125,0.1,0.1,0,0,0
A0AA88DXA8,E3SU11,0.19375,0.1125,0.05,0,0,0
A0AA88DXA8,I0J1J1,0.275,0.175,0.175,0,0,0
A0AA88DXA8,O22317,0.275,0.1625,0.1625,0,0,0
A0AA88DXA8,O44119,0.20625,0.0875,0.0875,0,0,0
A0AA88DXA8,O64458,0.275,0.15,0.15,0,0,0
A0AA88DXA8,O65810,0.22137404580152673,0.1125,0.1125,0,0,0
A0AA88DXA8,P00698,0.12244897959183673,0.05,0.05,0,0,0
A0AA88DXA8,P00711,0.19014084507042253,0.0875,0.0875,0,0,0
A0AA88DXA8,P00940,0.26875,0.0875,0.0875,0,0,0
A0AA88DXA8,P01005,0.25,0.1875,0.1875,0,0,0
A0AA88DXA8,P01012,0.25,0.0875,0.0875,0,0,0
A0AA88DXA8,P01085,0.20967741935483872,0.0625,0.0625,0,0,0
A0AA88DXA8,P02197,0.2077922077922078,0.1,0.1,0,0,0
A0AA88DXA8,P02622,0.2920353982300885,0.1125,0.0875,0,0,0
A0AA88DXA8,P02662,0.175,0.175,0.175,0,0,0
A0AA88DXA8,P02754,0.19375,0.2375,0.2375,0,0,0
A0AA88DXA8,P02769,0.375,0.1125,0.0625,0,0,0
A0AA88DXA8,P02789,0.425,0.1375,0.1375,0,0,0
A0AA88DXA8,P04722,0.175,0.0625,0.0625,0,0,0
A0AA88DXA8,P07322,0.325,0.2125,0.2125,0,0,0
A0AA88DXA8,P08819,0.24375,0.1875,0.075,0,0,0
A0AA88DXA8,P0C0Y3,0.25190839694656486,0.125,0.125,0,0,0
A0AA88DXA8,P10184,0.35,0.1125,0.1125,0,0,0
A0AA88DXA8,P11828,0.30625,0.2375,0.15,0,0,0
A0AA88DXA8,P12670,0.2375,0.05,0.05,0,0,0
A0AA88DXA8,P13744,0.34375,0.225,0.125,0,0,0
A0AA88DXA8,P16348,0.1875,0.1375,0.1375,0,0,0
A0AA88DXA8,P19121,0.3125,0.1375,0.125,0,0,0
A0AA88DXA8,P24337,0.1875,0.0625,0.05,0,0,0
A0AA88DXA8,P25974,0.2875,0.125,0.1,0,0,0
A0AA88DXA8,P26987,0.4873417721518987,0.4875,0.4875,1,0,0
A0AA88DXA8,P29835,0.15625,0.0875,0.0875,0,0,0
A0AA88DXA8,P30941,0.24375,0.125,0.075,0,0,0
A0AA88DXA8,P43211,0.6163522012578616,0.6375,0.6375,1,11,6
A0AA88DXA8,P43237,0.3625,0.1625,0.1625,0,0,0
A0AA88DXA8,P49231,0.2366412213740458,0.1125,0.1125,0,0,0
A0AA88DXA8,P50694,0.25625,0.1625,0.075,0,0,0
A0AA88DXA8,P80026,0.3119266055045872,0.1,0.075,0,0,0
A0AA88DXA8,P81370,0.21875,0.05,0.05,0,0,0
A0AA88DXA8,P81402,0.16483516483516483,0.05,0.05,0,0,0
A0AA88DXA8,P84177,0.2366412213740458,0.1,0.0875,0,0,0
A0AA88DXA8,P84527,0.225,0.1,0.1,0,0,0
A0AA88DXA8,P85524,0.22,0.2,0.2,0,0,0
A0AA88DXA8,P85894,0.24175824175824176,0.0875,0.0875,0,0,0
A0AA88DXA8,P86137,0.1956521739130435,0.0625,0.0625,0,0,0
A0AA88DXA8,P86888,0.25396825396825395,0.0375,0.0375,0,0,0
A0AA88DXA8,P87498,0.44375,0.175,0.175,0,0,0
A0AA88DXA8,P93594,0.35,0.1625,0.1625,0,0,0
A0AA88DXA8,Q004B5,0.2875,0.2125,0.225,0,0,0
A0AA88DXA8,Q01881,0.20625,0.125,0.05,0,0,0
A0AA88DXA8,Q0DEV5,0.3625,0.175,0.175,0,0,0
A0AA88DXA8,Q2I6V8,0.63125,0.65,0.65,1,12,4
A0AA88DXA8,Q39453,0.56875,0.6375,0.6375,1,5,2
A0AA88DXA8,Q39649,0.20567375886524822,0.1,0.075,0,0,0
A0AA88DXA8,Q41115,0.325,0.175,0.175,0,0,0
A0AA88DXA8,Q41258,0.1590909090909091,0.05,0.05,0,0,0
A0AA88DXA8,Q45W87,0.20437956204379562,0.1375,0.075,0,0,0
A0AA88DXA8,Q647G3,0.2125,0.075,0.075,0,0,0
A0AA88DXA8,Q647G5,0.16875,0.0875,0.075,0,0,0
A0AA88DXA8,Q647G9,0.1103448275862069,0.1,0.1,0,0,0
A0AA88DXA8,Q6TPK4,0.2672413793103448,0.0875,0.075,0,0,0
A0AA88DXA8,Q6VT83,0.4713375796178344,0.475,0.475,1,2,0
A0AA88DXA8,Q7X8H9,0.16352201257861634,0.1125,0.1125,0,0,0
A0AA88DXA8,Q84T21,0.16981132075471697,0.0625,0.0625,0,0,0
A0AA88DXA8,Q84T91,0.2,0.075,0.05,0,0,0
A0AA88DXA8,Q8GT39,0.22137404580152673,0.125,0.125,0,0,0
A0AA88DXA8,Q8H4L8,0.20382165605095542,0.1625,0.1625,0,0,0
A0AA88DXA8,Q8L5E0,0.21052631578947367,0.1625,0.1625,0,0,0
A0AA88DXA8,Q8S4P9,0.33125,0.0875,0.0875,0,0,0
A0AA88DXA8,Q8SAE7,0.45454545454545453,0.45,0.45,1,1,0
A0AA88DXA8,Q90YK9,0.22935779816513763,0.1125,0.1125,0,0,0
A0AA88DXA8,Q91482,0.25688073394495414,0.075,0.0625,0,0,0
A0AA88DXA8,Q93YG7,0.25190839694656486,0.175,0.175,0,0,0
A0AA88DXA8,Q948T6,0.28125,0.1875,0.1875,0,0,0
A0AA88DXA8,Q94JN3,0.22137404580152673,0.0875,0.0875,0,0,0
A0AA88DXA8,Q9ATH2,0.16521739130434782,0.05,0.0375,0,0,0
A0AA88DXA8,Q9AVK8,0.31875,0.125,0.05,0,0,0
A0AA88DXA8,Q9AXI0,0.1875,0.1,0.1,0,0,0
A0AA88DXA8,Q9FSG7,0.25625,0.275,0.2625,0,0,0
A0AA88DXA8,Q9FSY7,0.36875,0.1625,0.15,0,0,0
A0AA88DXA8,Q9FUJ9,0.19375,0.1125,0.0625,0,0,0
A0AA88DXA8,Q9M5X7,0.17391304347826086,0.0625,0.05,0,0,0
A0AA88DXA8,Q9M5X8,0.17094017094017094,0.05,0.05,0,0,0
A0AA88DXA8,Q9M7R0,0.19375,0.1125,0.1125,0,0,0
A0AA88DXA8,Q9SQI9,0.22900763358778625,0.15,0.15,0,0,0
A0AA88DXA8,Q9XF39,0.2366412213740458,0.1,0.1,0,0,0
A0AA88DXA8,Q9XHP0,0.2625,0.2625,0.2625,0,0,0
A0AA88DXA8,Q9XHP1,0.14189189189189189,0.075,0.075,0,0,0
A0AA88DXA8,Q9XHP2,0.19310344827586207,0.0875,0.075,0,0,0
A0AA88DXA8,T2DN75,0.20625,0.15,0.15,0,0,0
A0AA88DXA8,V5XVK5,0.2,0.075,0.05,0,0,0
A0AA88DXA8,V7AEY9,0.3125,0.175,0.1,0,0,0
A0AA88DXA8,V7B793,0.23387096774193547,0.075,0.075,0,0,0
A0AA88DXA8,V7CAE0,0.4125,0.4625,0.4625,1,0,0
A0AA88DXA8,V7CE49,0.2,0.05,0.05,0,0,0
A0AA88DXA8,V7CEG9,0.18045112781954886,0.075,0.075,0,0,0
A0AA88DXA8,W5X2N3,0.25625,0.1125,0.1125,0,0,0
A0AA88DXA8,W8PPL3,0.34375,0.25,0.25,0,0,0
A0ACI6NPV3,A0ACI6Q4D5,0.6549295774647887,0.9625,0.9625,1,87,74
A0ACI6NPV3,A0ACI6Q9Z7,0.43636363636363634,0.2,0.125,0,0,0
A0ACI6NPV3,A0ACM5K329,0.1910828025477707,0.2375,0.2375,0,0,0
A0ACI6NPV3,A0ACM5KKC3,0.3431952662721893,0.125,0.1,0,0,0
A0ACI6NPV3,A1KYZ2,0.49295774647887325,0.6875,0.6875,1,13,3
A0ACI6NPV3,A5HII1,0.16842105263157894,0.2125,0.0625,0,0,0
A0ACI6NPV3,B3EWP3,0.323943661971831,0.0875,0.0375,0,0,0
A0ACI6NPV3,B4X640,0.18762475049900199,0.2125,0.1625,0,0,0
A0ACI6NPV3,B4XID4,0.2926829268292683,0.225,0.2125,0,0,0
A0ACI6NPV3,B5DGM7,0.22865013774104684,0.2375,0.2375,0,0,0
A0ACI6NPV3,B5DGQ7,0.1912442396313364,0.1375,0.075,0,0,0
A0ACI6NPV3,B7P072,0.26174496644295303,0.2,0.2,0,0,0
A0ACI6NPV3,B7P074,0.19279661016949154,0.1875,0.1875,0,0,0
A0ACI6NPV3,B7SLJ1,0.19661733615221988,0.2625,0.2375,0,0,0
A0ACI6NPV3,B7SNI3,0.3050847457627119,0.2375,0.2375,0,0,0
A0ACI6NPV3,B8AL97,0.1851063829787234,0.2125,0.25,0,0,0
A0ACI6NPV3,C0HJZ1,0.3194444444444444,0.1,0.1,0,0,0
A0ACI6NPV3,C0HL99,0.3119266055045872,0.075,0.0375,0,0,0
A0ACI6NPV3,C0HM28,0.3431952662721893,0.125,0.1,0,0,0
A0ACI6NPV3,C7A639,0.27461139896373055,0.1875,0.0875,0,0,0
A0ACI6NPV3,C7E3T4,0.24157303370786518,0.225,0.175,0,0,0
A0ACI6NPV3,D0E0C7,0.2893081761006289,0.15,0.15,0,0,0
A0ACI6NPV3,D2TE73,0.24257425742574257,0.075,0.0625,0,0,0
A0ACI6NPV3,E3SU11,0.2168141592920354,0.1125,0.05,0,0,0
A0ACI6NPV3,I0J1J1,0.20601851851851852,0.15,0.1,0,0,0
A0ACI6NPV3,O22317,0.21470588235294116,0.1,0.1,0,0,0
A0ACI6NPV3,O44119,0.4753521126760563,0.6875,0.6875,1,13,3
A0ACI6NPV3,O64458,0.20844327176781002,0.2125,0.2125,0,0,0
A0ACI6NPV3,O65810,0.2824427480916031,0.0875,0.075,0,0,0
A0ACI6NPV3,P00698,0.2925170068027211,0.1375,0.1375,0,0,0
A0ACI6NPV3,P00711,0.3380281690140845,0.15,0.15,0,0,0
A0ACI6NPV3,P00940,0.2620967741935484,0.1875,0.1125,0,0,0
A0ACI6NPV3,P01005,0.23333333333333334,0.175,0.1125,0,0,0
A0ACI6NPV3,P01012,0.20984455958549222,0.175,0.125,0,0,0
A0ACI6NPV3,P01085,0.28225806451612906,0.1125,0.1125,0,0,0
A0ACI6NPV3,P02197,0.3181818181818182,0.2,0.2,0,0,0
A0ACI6NPV3,P02622,0.40707964601769914,0.3125,0.1375,0,0,0
A0ACI6NPV3,P02662,0.2383177570093458,0.2625,0.25,0,0,0
A0ACI6NPV3,P02754,0.24719101123595505,0.225,0.25,0,0,0
A0ACI6NPV3,P02769,0.21756487025948104,0.3,0.2,0,0,0
A0ACI6NPV3,P02789,0.23552894211576847,0.2125,0.1375,0,0,0
A0ACI6NPV3,P04722,0.19243986254295534,0.1375,0.0875,0,0,0
A0ACI6NPV3,P07322,0.1935483870967742,0.1375,0.1,0,0,0
A0ACI6NPV3,P08819,0.18243243243243243,0.1,0.075,0,0,0
A0ACI6NPV3,P0C0Y3,0.29770992366412213,0.1125,0.075,0,0,0
A0ACI6NPV3,P10184,0.16167664670658682,0.15,0.1,0,0,0
A0ACI6NPV3,P11828,0.17255717255717257,0.2375,0.2375,0,0,0
A0ACI6NPV3,P12670,0.23076923076923078,0.075,0.0625,0,0,0
A0ACI6NPV3,P13744,0.17708333333333334,0.275,0.225,0,0,0
A0ACI6NPV3,P16348,0.25,0.15,0.0625,0,0,0
A0ACI6NPV3,P19121,0.21157684630738524,0.2625,0.2375,0,0,0
A0ACI6NPV3,P24337,0.325,0.125,0.1,0,0,0
A0ACI6NPV3,P25974,0.19817767653758542,0.2,0.2125,0,0,0
A0ACI6NPV3,P26987,0.34810126582278483,0.2,0.2,0,0,0
A0ACI6NPV3,P29835,0.26344086021505375,0.125,0.125,0,0,0
A0ACI6NPV3,P30941,0.21266968325791855,0.0875,0.0625,0,0,0
A0ACI6NPV3,P43211,0.2893081761006289,0.1875,0.0875,0,0,0
A0ACI6NPV3,P43237,0.21956087824351297,0.2625,0.2,0,1,0
A0ACI6NPV3,P49231,0.2900763358778626,0.1,0.1,0,0,0
A0ACI6NPV3,P50694,0.23265306122448978,0.125,0.125,0,0,0
A0ACI6NPV3,P80026,0.3944954128440367,0.3,0.1375,0,0,0
A0ACI6NPV3,P81370,0.2222222222222222,0.075,0.075,0,0,0
A0ACI6NPV3,P81402,0.27472527472527475,0.0875,0.0875,0,0,0
A0ACI6NPV3,P84177,0.3511450381679389,0.075,0.0625,0,0,0
A0ACI6NPV3,P84527,0.27230046948356806,0.125,0.125,0,0,0
A0ACI6NPV3,P85524,0.3333333333333333,0.1625,0.1625,0,0,0
A0ACI6NPV3,P85894,0.3076923076923077,0.1125,0.1125,0,0,0
A0ACI6NPV3,P86137,0.33695652173913043,0.175,0.175,0,0,0
A0ACI6NPV3,P86888,0.3333333333333333,0.05,0.05,0,0,0
A0ACI6NPV3,P87498,0.35728542914171657,0.225,0.2,0,0,0
A0ACI6NPV3,P93594,0.1996007984031936,0.1625,0.1625,0,0,0
A0ACI6NPV3,Q004B5,0.25280898876404495,0.225,0.1625,0,0,0
A0ACI6NPV3,Q01881,0.26875,0.1125,0.075,0,0,0
A0ACI6NPV3,Q0DEV5,0.19560878243512975,0.275,0.125,0,0,0
A0ACI6NPV3,Q2I6V8,0.275,0.15,0.1,0,0,0
A0ACI6NPV3,Q39453,0.30625,0.15,0.225,0,0,0
A0ACI6NPV3,Q39649,0.2978723404255319,0.2625,0.25,0,0,0
A0ACI6NPV3,Q41115,0.1883720930232558,0.275,0.275,0,0,0
A0ACI6NPV3,Q41258,0.3333333333333333,0.0875,0.05,0,0,0
A0ACI6NPV3,Q45W87,0.291970802919708,0.1,0.1,0,0,0
A0ACI6NPV3,Q647G3,0.25903614457831325,0.1625,0.075,0,0,0
A0ACI6NPV3,Q647G5,0.33136094674556216,0.175,0.075,0,0,0
A0ACI6NPV3,Q647G9,0.2620689655172414,0.1375,0.1125,0,0,0
A0ACI6NPV3,Q6TPK4,0.3448275862068966,0.1125,0.1125,0,0,0
A0ACI6NPV3,Q6VT83,0.27388535031847133,0.175,0.1125,0,0,0
A0ACI6NPV3,Q7X8H9,0.27672955974842767,0.1875,0.1125,0,0,0
A0ACI6NPV3,Q84T21,0.32075471698113206,0.1625,0.15,0,0,0
A0ACI6NPV3,Q84T91,0.38571428571428573,0.2375,0.1,0,0,0
A0ACI6NPV3,Q8GT39,0.31297709923664124,0.1125,0.1125,0,0,0
A0ACI6NPV3,Q8H4L8,0.25477707006369427,0.075,0.0625,0,0,0
A0ACI6NPV3,Q8L5E0,0.2631578947368421,0.15,0.0625,0,0,0
A0ACI6NPV3,Q8S4P9,0.18303571428571427,0.275,0.2,0,0,0
A0ACI6NPV3,Q8SAE7,0.2987012987012987,0.15,0.15,0,0,0
A0ACI6NPV3,Q90YK9,0.41284403669724773,0.225,0.225,0,0,0
A0ACI6NPV3,Q91482,0.3761467889908257,0.2125,0.1375,0,0,0
A0ACI6NPV3,Q93YG7,0.29770992366412213,0.0875,0.075,0,0,0
A0ACI6NPV3,Q948T6,0.22336769759450173,0.125,0.125,0,0,0
A0ACI6NPV3,Q94JN3,0.29770992366412213,0.075,0.075,0,0,0
A0ACI6NPV3,Q9ATH2,0.3217391304347826,0.0875,0.075,0,0,0
A0ACI6NPV3,Q9AVK8,0.18277310924369747,0.25,0.225,0,0,0
A0ACI6NPV3,Q9AXI0,0.32386363636363635,0.125,0.1,0,0,0
A0ACI6NPV3,Q9FSG7,0.24390243902439024,0.125,0.125,0,0,0
A0ACI6NPV3,Q9FSY7,0.20958083832335328,0.25,0.2375,0,0,0
A0ACI6NPV3,Q9FUJ9,0.3072289156626506,0.1,0.1,0,0,0
A0ACI6NPV3,Q9M5X7,0.2608695652173913,0.1125,0.075,0,0,0
A0ACI6NPV3,Q9M5X8,0.2564102564102564,0.0875,0.0875,0,0,0
A0ACI6NPV3,Q9M7R0,0.29239766081871343,0.2125,0.1,0,0,0
A0ACI6NPV3,Q9SQI9,0.2595419847328244,0.1625,0.1625,0,0,0
A0ACI6NPV3,Q9XF39,0.3511450381679389,0.075,0.0625,0,0,0
A0ACI6NPV3,Q9XHP0,0.1895424836601307,0.275,0.275,0,0,0
A0ACI6NPV3,Q9XHP1,0.2635135135135135,0.2375,0.2,0,0,0
A0ACI6NPV3,Q9XHP2,0.35172413793103446,0.15,0.15,0,0,0
A0ACI6NPV3,T2DN75,0.24015748031496062,0.1375,0.1375,0,0,0
A0ACI6NPV3,V5XVK5,0.23376623376623376,0.0875,0.05,0,0,0
A0ACI6NPV3,V7AEY9,0.22752808988764045,0.1875,0.175,0,0,0
A0ACI6NPV3,V7B793,0.3629032258064516,0.15,0.15,0,0,0
A0ACI6NPV3,V7CAE0,0.2875,0.2,0.1625,0,0,0
A0ACI6NPV3,V7CE49,0.25625,0.1625,0.0625,0,0,0
A0ACI6NPV3,V7CEG9,0.3007518796992481,0.1375,0.075,0,0,0
A0ACI6NPV3,W5X2N3,0.23316062176165803,0.2125,0.1,0,0,0
A0ACI6NPV3,W8PPL3,0.20316622691292877,0.1125,0.1,0,0,0
A0ACI6Q4D5,A0ACI6Q9Z7,0.3,0.2875,0.1,0,0,0
A0ACI6Q4D5,A0ACM5K329,0.22535211267605634,0.2375,0.2125,0,0,0
A0ACI6Q4D5,A0ACM5KKC3,0.21893491124260356,0.1875,0.125,0,0,0
A0ACI6Q4D5,A1KYZ2,0.5528169014084507,0.675,0.675,1,21,6
A0ACI6Q4D5,A5HII1,0.2007042253521127,0.1625,0.15,0,0,0
A0ACI6Q4D5,B3EWP3,0.29577464788732394,0.125,0.125,0,0,0
A0ACI6Q4D5,B4X640,0.25,0.2125,0.1875,0,0,0
A0ACI6Q4D5,B4XID4,0.21341463414634146,0.2,0.2,0,0,0
A0ACI6Q4D5,B5DGM7,0.22535211267605634,0.125,0.0875,0,0,0
A0ACI6Q4D5,B5DGQ7,0.27816901408450706,0.2375,0.15,0,0,0
A0ACI6Q4D5,B7P072,0.2483221476510067,0.225,0.2,0,0,0
A0ACI6Q4D5,B7P074,0.2112676056338028,0.175,0.1625,0,0,0
A0ACI6Q4D5,B7SLJ1,0.24295774647887325,0.225,0.2,0,0,0
A0ACI6Q4D5,B7SNI3,0.2542372881355932,0.275,0.225,0,0,0
A0ACI6Q4D5,B8AL97,0.22183098591549297,0.2125,0.2625,0,0,0
A0ACI6Q4D5,C0HJZ1,0.3333333333333333,0.0625,0.05,0,0,0
A0ACI6Q4D5,C0HL99,0.27522935779816515,0.075,0.0375,0,0,0
A0ACI6Q4D5,C0HM28,0.23076923076923078,0.1875,0.125,0,0,0
A0ACI6Q4D5,C7A639,0.20725388601036268,0.1625,0.1375,0,0,0
A0ACI6Q4D5,C7E3T4,0.22887323943661972,0.2125,0.2125,0,0,0
A0ACI6Q4D5,D0E0C7,0.24528301886792453,0.2125,0.25,0,0,0
A0ACI6Q4D5,D2TE73,0.24257425742574257,0.0875,0.0875,0,0,0
A0ACI6Q4D5,E3SU11,0.17256637168141592,0.075,0.075,0,0,0
A0ACI6Q4D5,I0J1J1,0.25,0.275,0.225,0,0,0
A0ACI6Q4D5,O22317,0.1619718309859155,0.1,0.1,0,0,0
A0ACI6Q4D5,O44119,0.5598591549295775,0.675,0.675,1,21,6
A0ACI6Q4D5,O64458,0.16549295774647887,0.0875,0.0875,0,0,0
A0ACI6Q4D5,O65810,0.25190839694656486,0.0625,0.0625,0,0,0
A0ACI6Q4D5,P00698,0.23129251700680273,0.0625,0.0625,0,0,0
A0ACI6Q4D5,P00711,0.2605633802816901,0.1,0.0875,0,0,0
A0ACI6Q4D5,P00940,0.20967741935483872,0.25,0.2375,0,0,0
A0ACI6Q4D5,P01005,0.2,0.1625,0.0875,0,0,0
A0ACI6Q4D5,P01012,0.21830985915492956,0.2875,0.2875,0,0,0
A0ACI6Q4D5,P01085,0.1774193548387097,0.0875,0.0875,0,0,0
A0ACI6Q4D5,P02197,0.2727272727272727,0.325,0.2875,0,0,0
A0ACI6Q4D5,P02622,0.3805309734513274,0.3125,0.125,0,0,0
A0ACI6Q4D5,P02662,0.16355140186915887,0.325,0.2625,0,0,0
A0ACI6Q4D5,P02754,0.2752808988764045,0.25,0.2625,0,0,0
A0ACI6Q4D5,P02769,0.2746478873239437,0.2375,0.25,0,0,0
A0ACI6Q4D5,P02789,0.30985915492957744,0.175,0.175,0,0,0
A0ACI6Q4D5,P04722,0.1267605633802817,0.1125,0.1125,0,0,0
A0ACI6Q4D5,P07322,0.2535211267605634,0.1375,0.1,0,0,0
A0ACI6Q4D5,P08819,0.1936619718309859,0.1125,0.1,0,0,0
A0ACI6Q4D5,P0C0Y3,0.22137404580152673,0.075,0.0375,0,0,0
A0ACI6Q4D5,P10184,0.2147887323943662,0.1125,0.0875,0,0,0
A0ACI6Q4D5,P11828,0.2112676056338028,0.3125,0.3125,0,0,0
A0ACI6Q4D5,P12670,0.1417004048582996,0.0625,0.0625,0,0,0
A0ACI6Q4D5,P13744,0.24647887323943662,0.275,0.3,0,0,0
A0ACI6Q4D5,P16348,0.18617021276595744,0.075,0.075,0,0,0
A0ACI6Q4D5,P19121,0.2676056338028169,0.3,0.25,0,0,0
A0ACI6Q4D5,P24337,0.275,0.1,0.1,0,0,0
A0ACI6Q4D5,P25974,0.23591549295774647,0.1875,0.1875,0,0,0
A0ACI6Q4D5,P26987,0.22784810126582278,0.1625,0.1625,0,0,0
A0ACI6Q4D5,P29835,0.1935483870967742,0.175,0.175,0,0,0
A0ACI6Q4D5,P30941,0.167420814479638,0.125,0.0625,0,0,0
A0ACI6Q4D5,P43211,0.27672955974842767,0.225,0.2125,0,0,0
A0ACI6Q4D5,P43237,0.29225352112676056,0.225,0.2125,0,0,0
A0ACI6Q4D5,P49231,0.2366412213740458,0.075,0.0375,0,0,0
A0ACI6Q4D5,P50694,0.1673469387755102,0.0875,0.0875,0,0,0
A0ACI6Q4D5,P80026,0.3394495412844037,0.3125,0.15,0,0,0
A0ACI6Q4D5,P81370,0.15555555555555556,0.075,0.05,0,0,0
A0ACI6Q4D5,P81402,0.23076923076923078,0.0625,0.0625,0,0,0
A0ACI6Q4D5,P84177,0.2366412213740458,0.05,0.0375,0,0,0
A0ACI6Q4D5,P84527,0.17370892018779344,0.075,0.0625,0,0,0
A0ACI6Q4D5,P85524,0.23333333333333334,0.1625,0.15,0,0,0
A0ACI6Q4D5,P85894,0.26373626373626374,0.0875,0.0625,0,0,0
A0ACI6Q4D5,P86137,0.21739130434782608,0.075,0.0625,0,0,0
A0ACI6Q4D5,P86888,0.2698412698412698,0.075,0.075,0,0,0
A0ACI6Q4D5,P87498,0.38028169014084506,0.2125,0.2,0,0,0
A0ACI6Q4D5,P93594,0.2711267605633803,0.15,0.1125,0,0,0
A0ACI6Q4D5,Q004B5,0.2323943661971831,0.225,0.225,0,0,0
A0ACI6Q4D5,Q01881,0.175,0.075,0.0625,0,0,0
A0ACI6Q4D5,Q0DEV5,0.2535211267605634,0.325,0.25,0,0,0
A0ACI6Q4D5,Q2I6V8,0.24375,0.2375,0.2,0,0,0
A0ACI6Q4D5,Q39453,0.25,0.2125,0.125,0,0,0
A0ACI6Q4D5,Q39649,0.2695035460992908,0.25,0.1125,0,0,0
A0ACI6Q4D5,Q41115,0.2535211267605634,0.3,0.3,0,0,0
A0ACI6Q4D5,Q41258,0.21212121212121213,0.0875,0.0875,0,0,0
A0ACI6Q4D5,Q45W87,0.27007299270072993,0.1,0.05,0,0,0
A0ACI6Q4D5,Q647G3,0.1746987951807229,0.1625,0.075,0,0,0
A0ACI6Q4D5,Q647G5,0.1893491124260355,0.1375,0.1375,0,0,0
A0ACI6Q4D5,Q647G9,0.22758620689655173,0.1875,0.1625,0,0,0
A0ACI6Q4D5,Q6TPK4,0.2672413793103448,0.15,0.125,0,0,0
A0ACI6Q4D5,Q6VT83,0.24203821656050956,0.175,0.075,0,0,0
A0ACI6Q4D5,Q7X8H9,0.20125786163522014,0.0625,0.05,0,0,0
A0ACI6Q4D5,Q84T21,0.2578616352201258,0.1625,0.0625,0,0,0
A0ACI6Q4D5,Q84T91,0.2714285714285714,0.1,0.1,0,0,0
A0ACI6Q4D5,Q8GT39,0.24427480916030533,0.1125,0.0375,0,0,0
A0ACI6Q4D5,Q8H4L8,0.18471337579617833,0.05,0.05,0,0,0
A0ACI6Q4D5,Q8L5E0,0.21710526315789475,0.0875,0.0625,0,0,0
A0ACI6Q4D5,Q8S4P9,0.24647887323943662,0.225,0.2125,0,0,0
A0ACI6Q4D5,Q8SAE7,0.2987012987012987,0.1,0.1,0,0,0
A0ACI6Q4D5,Q90YK9,0.29357798165137616,0.1875,0.1875,0,0,0
A0ACI6Q4D5,Q91482,0.3302752293577982,0.1375,0.1375,0,0,0
A0ACI6Q4D5,Q93YG7,0.24427480916030533,0.0625,0.05,0,0,0
A0ACI6Q4D5,Q948T6,0.2112676056338028,0.1625,0.1625,0,0,0
A0ACI6Q4D5,Q94JN3,0.25190839694656486,0.125,0.125,0,0,0
A0ACI6Q4D5,Q9ATH2,0.24347826086956523,0.1,0.1,0,0,0
A0ACI6Q4D5,Q9AVK8,0.24647887323943662,0.2,0.2,0,0,0
A0ACI6Q4D5,Q9AXI0,0.20454545454545456,0.125,0.1,0,0,0
A0ACI6Q4D5,Q9FSG7,0.1910569105691057,0.0625,0.05,0,0,0
A0ACI6Q4D5,Q9FSY7,0.30633802816901406,0.3,0.2625,0,0,0
A0ACI6Q4D5,Q9FUJ9,0.25301204819277107,0.1375,0.1,0,0,0
A0ACI6Q4D5,Q9M5X7,0.20869565217391303,0.0625,0.0625,0,0,0
A0ACI6Q4D5,Q9M5X8,0.24786324786324787,0.0625,0.05,0,0,0
A0ACI6Q4D5,Q9M7R0,0.23976608187134502,0.2375,0.225,0,0,0
A0ACI6Q4D5,Q9SQI9,0.24427480916030533,0.0625,0.0625,0,0,0
A0ACI6Q4D5,Q9XF39,0.25190839694656486,0.0625,0.0375,0,0,0
A0ACI6Q4D5,Q9XHP0,0.19014084507042253,0.325,0.275,0,0,0
A0ACI6Q4D5,Q9XHP1,0.19594594594594594,0.175,0.1,0,0,0
A0ACI6Q4D5,Q9XHP2,0.2827586206896552,0.15,0.15,0,0,0
A0ACI6Q4D5,T2DN75,0.14960629921259844,0.125,0.125,0,0,0
A0ACI6Q4D5,V5XVK5,0.15584415584415584,0.075,0.0625,0,0,0
A0ACI6Q4D5,V7AEY9,0.22183098591549297,0.2625,0.2625,0,0,0
A0ACI6Q4D5,V7B793,0.27419354838709675,0.1,0.0875,0,0,0
A0ACI6Q4D5,V7CAE0,0.2375,0.2,0.075,0,0,0
A0ACI6Q4D5,V7CE49,0.20625,0.075,0.05,0,0,0
A0ACI6Q4D5,V7CEG9,0.19548872180451127,0.0625,0.0625,0,0,0
A0ACI6Q4D5,W5X2N3,0.22279792746113988,0.2375,0.2375,0,0,0
A0ACI6Q4D5,W8PPL3,0.176056338028169,0.125,0.1,0,0,0
A0ACI6Q9Z7,A0ACM5K329,0.33636363636363636,0.125,0.125,0,0,0
A0ACI6Q9Z7,A0ACM5KKC3,0.2636363636363636,0.0625,0.0625,0,0,0
A0ACI6Q9Z7,A1KYZ2,0.2727272727272727,0.1875,0.0875,0,0,0
A0ACI6Q9Z7,A5HII1,0.33636363636363636,0.075,0.075,0,0,0
A0ACI6Q9Z7,B3EWP3,0.19718309859154928,0.05,0.05,0,0,0
A0ACI6Q9Z7,B4X640,0.3090909090909091,0.1125,0.0875,0,0,0
A0ACI6Q9Z7,B4XID4,0.21818181818181817,0.05,0.05,0,0,0
A0ACI6Q9Z7,B5DGM7,0.36363636363636365,0.1125,0.1125,0,0,0
A0ACI6Q9Z7,B5DGQ7,0.43636363636363634,0.2125,0.2125,0,0,0
A0ACI6Q9Z7,B7P072,0.2,0.0875,0.0875,0,0,0
A0ACI6Q9Z7,B7P074,0.33636363636363636,0.0875,0.0875,0,0,0
A0ACI6Q9Z7,B7SLJ1,0.33636363636363636,0.0625,0.0625,0,0,0
A0ACI6Q9Z7,B7SNI3,0.2636363636363636,0.1625,0.1625,0,0,0
A0ACI6Q9Z7,B8AL97,0.32727272727272727,0.05,0.05,0,0,0
A0ACI6Q9Z7,C0HJZ1,0.20833333333333334,0.0875,0.0875,0,0,0
A0ACI6Q9Z7,C0HL99,0.1834862385321101,0.1125,0.1125,0,0,0
A0ACI6Q9Z7,C0HM28,0.2636363636363636,0.1125,0.1125,0,0,0
A0ACI6Q9Z7,C7A639,0.23636363636363636,0.2125,0.1,0,0,0
A0ACI6Q9Z7,C7E3T4,0.2727272727272727,0.1625,0.15,0,0,0
A0ACI6Q9Z7,D0E0C7,0.2727272727272727,0.125,0.125,0,0,0
A0ACI6Q9Z7,D2TE73,0.23636363636363636,0.0625,0.0625,0,0,0
A0ACI6Q9Z7,E3SU11,0.23636363636363636,0.0625,0.05,0,0,0
A0ACI6Q9Z7,I0J1J1,0.37272727272727274,0.225,0.225,0,0,0
A0ACI6Q9Z7,O22317,0.2545454545454545,0.0625,0.05,0,0,0
A0ACI6Q9Z7,O44119,0.2636363636363636,0.1375,0.0875,0,0,0
A0ACI6Q9Z7,O64458,0.35454545454545455,0.1125,0.1125,0,0,0
A0ACI6Q9Z7,O65810,0.17272727272727273,0.1125,0.1125,0,0,0
A0ACI6Q9Z7,P00698,0.2,0.05,0.05,0,0,0
A0ACI6Q9Z7,P00711,0.23636363636363636,0.075,0.075,0,0,0
A0ACI6Q9Z7,P00940,0.32727272727272727,0.05,0.05,0,0,0
A0ACI6Q9Z7,P01005,0.2545454545454545,0.1375,0.1375,0,0,0
A0ACI6Q9Z7,P01012,0.3090909090909091,0.1,0.1,0,0,0
A0ACI6Q9Z7,P01085,0.2,0.0875,0.05,0,0,0
A0ACI6Q9Z7,P02197,0.24545454545454545,0.1375,0.125,0,0,0
A0ACI6Q9Z7,P02622,0.4818181818181818,0.55,0.55,1,2,0
A0ACI6Q9Z7,P02662,0.2636363636363636,0.1125,0.1125,0,0,0
A0ACI6Q9Z7,P02754,0.21818181818181817,0.0625,0.0625,0,0,0
A0ACI6Q9Z7,P02769,0.39090909090909093,0.2125,0.2125,0,0,0
A0ACI6Q9Z7,P02789,0.33636363636363636,0.2125,0.2125,0,0,0
A0ACI6Q9Z7,P04722,0.21818181818181817,0.0625,0.0625,0,0,0
A0ACI6Q9Z7,P07322,0.4,0.1125,0.1125,0,0,0
A0ACI6Q9Z7,P08819,0.3,0.1,0.1,0,0,0
A0ACI6Q9Z7,P0C0Y3,0.23636363636363636,0.1125,0.1125,0,0,0
A0ACI6Q9Z7,P10184,0.34545454545454546,0.075,0.075,0,0,0
A0ACI6Q9Z7,P11828,0.33636363636363636,0.1125,0.1125,0,0,0
A0ACI6Q9Z7,P12670,0.22727272727272727,0.075,0.05,0,0,0
A0ACI6Q9Z7,P13744,0.34545454545454546,0.075,0.075,0,0,0
A0ACI6Q9Z7,P16348,0.22727272727272727,0.0625,0.05,0,0,0
A0ACI6Q9Z7,P19121,0.38181818181818183,0.0875,0.075,0,0,0
A0ACI6Q9Z7,P24337,0.1875,0.05,0.05,0,0,0
A0ACI6Q9Z7,P25974,0.32727272727272727,0.1125,0.1125,0,0,0
A0ACI6Q9Z7,P26987,0.2818181818181818,0.3,0.2375,0,0,0
A0ACI6Q9Z7,P29835,0.20909090909090908,0.075,0.075,0,0,0
A0ACI6Q9Z7,P30941,0.2909090909090909,0.075,0.075,0,0,0
A0ACI6Q9Z7,P43211,0.23636363636363636,0.1375,0.0875,0,0,0
A0ACI6Q9Z7,P43237,0.33636363636363636,0.0625,0.0625,0,0,0
A0ACI6Q9Z7,P49231,0.18181818181818182,0.1125,0.1125,0,0,0
A0ACI6Q9Z7,P50694,0.2727272727272727,0.0625,0.0625,0,0,0
A0ACI6Q9Z7,P80026,0.8256880733944955,0.875,0.875,1,40,32
A0ACI6Q9Z7,P81370,0.24545454545454545,0.075,0.0625,0,0,0
A0ACI6Q9Z7,P81402,0.18681318681318682,0.0375,0.0375,0,0,0
A0ACI6Q9Z7,P84177,0.21818181818181817,0.1125,0.1125,0,0,0
A0ACI6Q9Z7,P84527,0.21818181818181817,0.075,0.075,0,0,0
A0ACI6Q9Z7,P85524,0.19090909090909092,0.1125,0.075,0,0,0
A0ACI6Q9Z7,P85894,0.2087912087912088,0.1,0.075,0,0,0
A0ACI6Q9Z7,P86137,0.1956521739130435,0.05,0.05,0,0,0
A0ACI6Q9Z7,P86888,0.2857142857142857,0.0375,0.0375,0,0,0
A0ACI6Q9Z7,P87498,0.4090909090909091,0.1875,0.1875,0,0,0
A0ACI6Q9Z7,P93594,0.3181818181818182,0.1,0.0875,0,0,0
A0ACI6Q9Z7,Q004B5,0.2727272727272727,0.1625,0.1625,0,0,0
A0ACI6Q9Z7,Q01881,0.18181818181818182,0.05,0.05,0,0,0
A0ACI6Q9Z7,Q0DEV5,0.41818181818181815,0.1,0.1,0,0,0
A0ACI6Q9Z7,Q2I6V8,0.2545454545454545,0.2375,0.2375,0,0,0
A0ACI6Q9Z7,Q39453,0.22727272727272727,0.1125,0.1125,0,0,0
A0ACI6Q9Z7,Q39649,0.12727272727272726,0.05,0.05,0,0,0
A0ACI6Q9Z7,Q41115,0.35454545454545455,0.1625,0.1625,0,0,0
A0ACI6Q9Z7,Q41258,0.17272727272727273,0.0375,0.0375,0,0,0
A0ACI6Q9Z7,Q45W87,0.23636363636363636,0.05,0.05,0,0,0
A0ACI6Q9Z7,Q647G3,0.23636363636363636,0.1,0.05,0,0,0
A0ACI6Q9Z7,Q647G5,0.2,0.0625,0.0625,0,0,0
A0ACI6Q9Z7,Q647G9,0.16363636363636364,0.05,0.05,0,0,0
A0ACI6Q9Z7,Q6TPK4,0.20909090909090908,0.075,0.075,0,0,0
A0ACI6Q9Z7,Q6VT83,0.22727272727272727,0.2125,0.1875,0,0,0
A0ACI6Q9Z7,Q7X8H9,0.22727272727272727,0.0625,0.0625,0,0,0
A0ACI6Q9Z7,Q84T21,0.2,0.1,0.1,0,0,0
A0ACI6Q9Z7,Q84T91,0.2727272727272727,0.05,0.05,0,0,0
A0ACI6Q9Z7,Q8GT39,0.20909090909090908,0.1,0.1,0,0,0
A0ACI6Q9Z7,Q8H4L8,0.16363636363636364,0.0625,0.0625,0,0,0
A0ACI6Q9Z7,Q8L5E0,0.22727272727272727,0.0625,0.0625,0,0,0
A0ACI6Q9Z7,Q8S4P9,0.2818181818181818,0.075,0.075,0,0,0
A0ACI6Q9Z7,Q8SAE7,0.23636363636363636,0.075,0.075,0,0,0
A0ACI6Q9Z7,Q90YK9,0.5412844036697247,0.65,0.65,1,2,0
A0ACI6Q9Z7,Q91482,0.5045871559633027,0.5625,0.5625,1,0,0
A0ACI6Q9Z7,Q93YG7,0.19090909090909092,0.0625,0.0625,0,0,0
A0ACI6Q9Z7,Q948T6,0.32727272727272727,0.1375,0.1375,0,0,0
A0ACI6Q9Z7,Q94JN3,0.17272727272727273,0.0875,0.0875,0,0,0
A0ACI6Q9Z7,Q9ATH2,0.20909090909090908,0.05,0.05,0,0,0
A0ACI6Q9Z7,Q9AVK8,0.32727272727272727,0.1125,0.1125,0,0,0
A0ACI6Q9Z7,Q9AXI0,0.19090909090909092,0.05,0.0375,0,0,0
A0ACI6Q9Z7,Q9FSG7,0.24545454545454545,0.05,0.05,0,0,0
A0ACI6Q9Z7,Q9FSY7,0.4090909090909091,0.2,0.2,0,0,0
A0ACI6Q9Z7,Q9FUJ9,0.21818181818181817,0.0875,0.0875,0,0,0
A0ACI6Q9Z7,Q9M5X7,0.11818181818181818,0.0375,0.0375,0,0,0
A0ACI6Q9Z7,Q9M5X8,0.17272727272727273,0.05,0.05,0,0,0
A0ACI6Q9Z7,Q9M7R0,0.2909090909090909,0.2625,0.2625,0,0,0
A0ACI6Q9Z7,Q9SQI9,0.16363636363636364,0.05,0.05,0,0,0
A0ACI6Q9Z7,Q9XF39,0.21818181818181817,0.1125,0.1125,0,0,0
A0ACI6Q9Z7,Q9XHP0,0.35454545454545455,0.075,0.075,0,0,0
A0ACI6Q9Z7,Q9XHP1,0.14545454545454545,0.05,0.0375,0,0,0
A0ACI6Q9Z7,Q9XHP2,0.3,0.125,0.125,0,0,0
A0ACI6Q9Z7,T2DN75,0.2636363636363636,0.0375,0.0375,0,0,0
A0ACI6Q9Z7,V5XVK5,0.20909090909090908,0.0625,0.0625,0,0,0
A0ACI6Q9Z7,V7AEY9,0.35454545454545455,0.1625,0.1625,0,0,0
A0ACI6Q9Z7,V7B793,0.22727272727272727,0.05,0.05,0,0,0
A0ACI6Q9Z7,V7CAE0,0.2545454545454545,0.175,0.175,0,0,0
A0ACI6Q9Z7,V7CE49,0.22727272727272727,0.125,0.0375,0,0,0
A0ACI6Q9Z7,V7CEG9,0.13636363636363635,0.0625,0.0625,0,0,0
A0ACI6Q9Z7,W5X2N3,0.24545454545454545,0.1625,0.1625,0,0,0
A0ACI6Q9Z7,W8PPL3,0.3181818181818182,0.0625,0.0625,0,0,0
A0ACM5K329,A0ACM5KKC3,0.3136094674556213,0.1875,0.1625,0,0,0
A0ACM5K329,A1KYZ2,0.28169014084507044,0.2375,0.2375,0,0,0
A0ACM5K329,A5HII1,0.22105263157894736,0.1625,0.1125,0,0,0
A0ACM5K329,B3EWP3,0.36619718309859156,0.075,0.0375,0,0,0
A0ACM5K329,B4X640,0.5966029723991507,0.7375,0.7375,0,20,5
A0ACM5K329,B4XID4,0.2804878048780488,0.2875,0.2875,0,0,0
A0ACM5K329,B5DGM7,0.22865013774104684,0.2,0.2125,0,0,0
A0ACM5K329,B5DGQ7,0.18433179723502305,0.225,0.225,0,0,0
A0ACM5K329,B7P072,0.3087248322147651,0.25,0.2375,0,0,0
A0ACM5K329,B7P074,0.18895966029723993,0.2875,0.225,0,0,0
A0ACM5K329,B7SLJ1,0.20382165605095542,0.3375,0.2375,0,0,0
A0ACM5K329,B7SNI3,0.2711864406779661,0.1125,0.0875,0,0,0
A0ACM5K329,B8AL97,0.39148936170212767,0.55,0.525,0,2,0
A0ACM5K329,C0HJZ1,0.3611111111111111,0.075,0.075,0,0,0
A0ACM5K329,C0HL99,0.28440366972477066,0.1,0.0375,0,0,0
A0ACM5K329,C0HM28,0.31952662721893493,0.1875,0.1625,0,0,0
A0ACM5K329,C7A639,0.23316062176165803,0.1375,0.1375,0,0,0
A0ACM5K329,C7E3T4,0.23595505617977527,0.1625,0.1375,0,0,0
A0ACM5K329,D0E0C7,0.3018867924528302,0.225,0.225,0,0,0
A0ACM5K329,D2TE73,0.297029702970297,0.1625,0.1625,0,0,0
A0ACM5K329,E3SU11,0.252212389380531,0.1,0.1,0,0,0
A0ACM5K329,I0J1J1,0.18518518518518517,0.1,0.1,0,0,0
A0ACM5K329,O22317,0.25588235294117645,0.2,0.0875,0,0,0
A0ACM5K329,O44119,0.28169014084507044,0.2375,0.2375,0,0,0
A0ACM5K329,O64458,0.21635883905013192,0.2625,0.075,0,2,0
A0ACM5K329,O65810,0.31297709923664124,0.1,0.05,0,0,0
A0ACM5K329,P00698,0.3333333333333333,0.125,0.125,0,0,0
A0ACM5K329,P00711,0.323943661971831,0.1625,0.0625,0,0,0
A0ACM5K329,P00940,0.25,0.1625,0.1625,0,0,0
A0ACM5K329,P01005,0.2523809523809524,0.1625,0.0875,0,0,0
A0ACM5K329,P01012,0.21243523316062177,0.2375,0.2375,0,0,0
A0ACM5K329,P01085,0.29838709677419356,0.2125,0.125,0,0,0
A0ACM5K329,P02197,0.2987012987012987,0.2,0.125,0,0,0
A0ACM5K329,P02622,0.35398230088495575,0.225,0.225,0,0,0
A0ACM5K329,P02662,0.29439252336448596,0.2375,0.175,0,0,0
A0ACM5K329,P02754,0.2640449438202247,0.1875,0.1875,0,0,0
A0ACM5K329,P02769,0.20169851380042464,0.2625,0.1375,0,0,0
A0ACM5K329,P02789,0.23779193205944799,0.1875,0.125,0,0,0
A0ACM5K329,P04722,0.24742268041237114,0.125,0.0875,0,0,0
A0ACM5K329,P07322,0.18433179723502305,0.2125,0.2,0,0,0
A0ACM5K329,P08819,0.18693693693693694,0.2125,0.075,0,0,0
A0ACM5K329,P0C0Y3,0.26717557251908397,0.0875,0.075,0,0,0
A0ACM5K329,P10184,0.18683651804670912,0.175,0.1125,0,0,0
A0ACM5K329,P11828,0.2484076433121019,0.3125,0.275,0,0,0
A0ACM5K329,P12670,0.26720647773279355,0.15,0.15,0,0,0
A0ACM5K329,P13744,0.1740976645435244,0.3375,0.2375,0,0,0
A0ACM5K329,P16348,0.30319148936170215,0.0875,0.075,0,0,0
A0ACM5K329,P19121,0.21231422505307856,0.175,0.175,0,0,0
A0ACM5K329,P24337,0.3875,0.1,0.1,0,0,0
A0ACM5K329,P25974,0.3416856492027335,0.4375,0.4375,0,1,0
A0ACM5K329,P26987,0.2848101265822785,0.15,0.1,0,0,0
A0ACM5K329,P29835,0.3118279569892473,0.2,0.2,0,0,0
A0ACM5K329,P30941,0.28054298642533937,0.0875,0.0875,0,0,0
A0ACM5K329,P43211,0.3270440251572327,0.1375,0.0625,0,0,0
A0ACM5K329,P43237,0.3821656050955414,0.4625,0.4625,0,1,0
A0ACM5K329,P49231,0.29770992366412213,0.1,0.0375,0,0,0
A0ACM5K329,P50694,0.23673469387755103,0.1125,0.1125,0,0,0
A0ACM5K329,P80026,0.3302752293577982,0.1375,0.125,0,0,0
A0ACM5K329,P81370,0.29333333333333333,0.15,0.15,0,0,0
A0ACM5K329,P81402,0.2967032967032967,0.0625,0.0625,0,0,0
A0ACM5K329,P84177,0.32061068702290074,0.1625,0.05,0,0,0
A0ACM5K329,P84527,0.2863849765258216,0.1875,0.1875,0,0,0
A0ACM5K329,P85524,0.26666666666666666,0.075,0.075,0,0,0
A0ACM5K329,P85894,0.2857142857142857,0.0875,0.0875,0,0,0
A0ACM5K329,P86137,0.31521739130434784,0.075,0.075,0,0,0
A0ACM5K329,P86888,0.3333333333333333,0.0875,0.0875,0,0,0
A0ACM5K329,P87498,0.3354564755838641,0.25,0.225,0,1,0
A0ACM5K329,P93594,0.19532908704883228,0.15,0.15,0,0,0
A0ACM5K329,Q004B5,0.2247191011235955,0.1625,0.1375,0,0,0
A0ACM5K329,Q01881,0.3625,0.1375,0.075,0,0,0
A0ACM5K329,Q0DEV5,0.22505307855626328,0.1875,0.1875,0,0,0
A0ACM5K329,Q2I6V8,0.33125,0.15,0.15,0,0,0
A0ACM5K329,Q39453,0.29375,0.2,0.075,0,0,0
A0ACM5K329,Q39649,0.3262411347517731,0.225,0.1375,0,0,0
A0ACM5K329,Q41115,0.3302325581395349,0.4,0.4,0,0,0
A0ACM5K329,Q41258,0.3106060606060606,0.15,0.15,0,0,0
A0ACM5K329,Q45W87,0.29927007299270075,0.0875,0.0875,0,0,0
A0ACM5K329,Q647G3,0.2891566265060241,0.1125,0.0875,0,0,0
A0ACM5K329,Q647G5,0.28402366863905326,0.15,0.1375,0,0,0
A0ACM5K329,Q647G9,0.30344827586206896,0.2375,0.2375,0,0,0
A0ACM5K329,Q6TPK4,0.39655172413793105,0.2,0.125,0,0,0
A0ACM5K329,Q6VT83,0.2929936305732484,0.175,0.1375,0,0,0
A0ACM5K329,Q7X8H9,0.3081761006289308,0.125,0.125,0,0,0
A0ACM5K329,Q84T21,0.3018867924528302,0.15,0.15,0,0,0
A0ACM5K329,Q84T91,0.32142857142857145,0.125,0.0625,0,0,0
A0ACM5K329,Q8GT39,0.2748091603053435,0.1,0.05,0,0,0
A0ACM5K329,Q8H4L8,0.3184713375796178,0.175,0.1,0,0,0
A0ACM5K329,Q8L5E0,0.3618421052631579,0.125,0.125,0,0,0
A0ACM5K329,Q8S4P9,0.9910714285714286,1.0,1.0,0,418,408
A0ACM5K329,Q8SAE7,0.2922077922077922,0.1375,0.05,0,0,0
A0ACM5K329,Q90YK9,0.3853211009174312,0.175,0.1125,0,0,0
A0ACM5K329,Q91482,0.3211009174311927,0.1125,0.1125,0,0,0
A0ACM5K329,Q93YG7,0.3053435114503817,0.075,0.075,0,0,0
A0ACM5K329,Q948T6,0.21305841924398625,0.1375,0.125,0,0,0
A0ACM5K329,Q94JN3,0.3053435114503817,0.125,0.0875,0,0,0
A0ACM5K329,Q9ATH2,0.3652173913043478,0.1125,0.0875,0,0,0
A0ACM5K329,Q9AVK8,0.23354564755838642,0.3,0.3,0,0,0
A0ACM5K329,Q9AXI0,0.29545454545454547,0.15,0.1,0,0,0
A0ACM5K329,Q9FSG7,0.2804878048780488,0.125,0.125,0,0,0
A0ACM5K329,Q9FSY7,0.2484076433121019,0.2125,0.2625,0,0,0
A0ACM5K329,Q9FUJ9,0.35542168674698793,0.175,0.075,0,0,0
A0ACM5K329,Q9M5X7,0.3391304347826087,0.1125,0.1125,0,0,0
A0ACM5K329,Q9M5X8,0.3247863247863248,0.1,0.0875,0,0,0
A0ACM5K329,Q9M7R0,0.30409356725146197,0.1625,0.1625,0,0,0
A0ACM5K329,Q9SQI9,0.2900763358778626,0.1375,0.0625,0,0,0
A0ACM5K329,Q9XF39,0.32061068702290074,0.125,0.05,0,0,0
A0ACM5K329,Q9XHP0,0.23529411764705882,0.3625,0.325,0,0,0
A0ACM5K329,Q9XHP1,0.2635135135135135,0.175,0.1625,0,0,0
A0ACM5K329,Q9XHP2,0.35172413793103446,0.275,0.1125,0,0,0
A0ACM5K329,T2DN75,0.2755905511811024,0.1125,0.075,0,0,0
A0ACM5K329,V5XVK5,0.2554112554112554,0.125,0.125,0,0,0
A0ACM5K329,V7AEY9,0.23595505617977527,0.275,0.2625,0,0,0
A0ACM5K329,V7B793,0.28225806451612906,0.1125,0.075,0,0,0
A0ACM5K329,V7CAE0,0.275,0.1375,0.1125,0,0,0
A0ACM5K329,V7CE49,0.3,0.15,0.075,0,0,0
A0ACM5K329,V7CEG9,0.3233082706766917,0.125,0.125,0,0,0
A0ACM5K329,W5X2N3,0.27979274611398963,0.2125,0.0875,0,0,0
A0ACM5K329,W8PPL3,0.20580474934036938,0.1375,0.1,0,0,0
A0ACM5KKC3,A1KYZ2,0.21301775147928995,0.1125,0.1125,0,0,0
A0ACM5KKC3,A5HII1,0.28402366863905326,0.1875,0.1875,0,0,0
A0ACM5KKC3,B3EWP3,0.2112676056338028,0.0625,0.0375,0,0,0
A0ACM5KKC3,B4X640,0.30177514792899407,0.1125,0.0875,0,0,0
A0ACM5KKC3,B4XID4,0.17073170731707318,0.1125,0.1125,0,0,0
A0ACM5KKC3,B5DGM7,0.3136094674556213,0.1125,0.0625,0,0,0
A0ACM5KKC3,B5DGQ7,0.3254437869822485,0.125,0.1,0,0,0
A0ACM5KKC3,B7P072,0.18120805369127516,0.0875,0.0875,0,0,0
A0ACM5KKC3,B7P074,0.3136094674556213,0.1625,0.1125,0,0,0
A0ACM5KKC3,B7SLJ1,0.31952662721893493,0.2375,0.1125,0,0,0
A0ACM5KKC3,B7SNI3,0.1834319526627219,0.0625,0.0625,0,0,0
A0ACM5KKC3,B8AL97,0.30177514792899407,0.1125,0.1125,0,0,0
A0ACM5KKC3,C0HJZ1,0.2361111111111111,0.05,0.05,0,0,0
A0ACM5KKC3,C0HL99,0.22935779816513763,0.1125,0.075,0,0,0
A0ACM5KKC3,C0HM28,0.9881656804733728,1.0,1.0,1,152,146
A0ACM5KKC3,C7A639,0.15976331360946747,0.1125,0.075,0,0,0
A0ACM5KKC3,C7E3T4,0.28994082840236685,0.1,0.1,0,0,0
A0ACM5KKC3,D0E0C7,0.18867924528301888,0.1875,0.1875,0,0,0
A0ACM5KKC3,D2TE73,0.17159763313609466,0.0625,0.0625,0,0,0
A0ACM5KKC3,E3SU11,0.20118343195266272,0.0625,0.0625,0,0,0
A0ACM5KKC3,I0J1J1,0.27218934911242604,0.1,0.1,0,0,0
A0ACM5KKC3,O22317,0.2603550295857988,0.175,0.175,0,0,0
A0ACM5KKC3,O44119,0.20710059171597633,0.15,0.15,0,0,0
A0ACM5KKC3,O64458,0.26627218934911245,0.1125,0.1125,0,0,0
A0ACM5KKC3,O65810,0.2366412213740458,0.125,0.075,0,0,0
A0ACM5KKC3,P00698,0.2108843537414966,0.075,0.075,0,0,0
A0ACM5KKC3,P00711,0.1619718309859155,0.075,0.075,0,0,0
A0ACM5KKC3,P00940,0.23076923076923078,0.0875,0.075,0,0,0
A0ACM5KKC3,P01005,0.20118343195266272,0.075,0.075,0,0,0
A0ACM5KKC3,P01012,0.28402366863905326,0.2375,0.0875,0,0,0
A0ACM5KKC3,P01085,0.22580645161290322,0.15,0.15,0,0,0
A0ACM5KKC3,P02197,0.23376623376623376,0.15,0.1125,0,0,0
A0ACM5KKC3,P02622,0.23008849557522124,0.0875,0.05,0,0,0
A0ACM5KKC3,P02662,0.20710059171597633,0.1,0.05,0,0,0
A0ACM5KKC3,P02754,0.17751479289940827,0.0625,0.0625,0,0,0
A0ACM5KKC3,P02769,0.34911242603550297,0.0875,0.0875,0,0,0
A0ACM5KKC3,P02789,0.35502958579881655,0.125,0.0625,0,0,0
A0ACM5KKC3,P04722,0.20118343195266272,0.125,0.1125,0,0,0
A0ACM5KKC3,P07322,0.3668639053254438,0.1125,0.1,0,0,0
A0ACM5KKC3,P08819,0.31952662721893493,0.1,0.0625,0,0,0
A0ACM5KKC3,P0C0Y3,0.22900763358778625,0.075,0.075,0,0,0
A0ACM5KKC3,P10184,0.27218934911242604,0.1125,0.0625,0,0,0
A0ACM5KKC3,P11828,0.3136094674556213,0.15,0.15,0,0,0
A0ACM5KKC3,P12670,0.21893491124260356,0.075,0.075,0,0,0
A0ACM5KKC3,P13744,0.33727810650887574,0.1375,0.1375,0,0,0
A0ACM5KKC3,P16348,0.17159763313609466,0.1375,0.1375,0,0,0
A0ACM5KKC3,P19121,0.34911242603550297,0.1125,0.0625,0,0,0
A0ACM5KKC3,P24337,0.225,0.075,0.05,0,0,0
A0ACM5KKC3,P25974,0.3076923076923077,0.1125,0.1125,0,0,0
A0ACM5KKC3,P26987,0.1962025316455696,0.1375,0.125,0,0,0
A0ACM5KKC3,P29835,0.1893491124260355,0.075,0.05,0,0,0
A0ACM5KKC3,P30941,0.21893491124260356,0.0875,0.0875,0,0,0
A0ACM5KKC3,P43211,0.16981132075471697,0.075,0.0625,0,0,0
A0ACM5KKC3,P43237,0.27218934911242604,0.1375,0.1375,0,0,0
A0ACM5KKC3,P49231,0.22137404580152673,0.075,0.075,0,0,0
A0ACM5KKC3,P50694,0.20118343195266272,0.075,0.075,0,0,0
A0ACM5KKC3,P80026,0.22018348623853212,0.0875,0.0875,0,0,0
A0ACM5KKC3,P81370,0.15976331360946747,0.075,0.075,0,0,0
A0ACM5KKC3,P81402,0.16483516483516483,0.0625,0.0625,0,0,0
A0ACM5KKC3,P84177,0.21374045801526717,0.1,0.0625,0,0,0
A0ACM5KKC3,P84527,0.20710059171597633,0.1,0.1,0,0,0
A0ACM5KKC3,P85524,0.18,0.05,0.0375,0,0,0
A0ACM5KKC3,P85894,0.1978021978021978,0.1375,0.1375,0,0,0
A0ACM5KKC3,P86137,0.2608695652173913,0.2375,0.2375,0,0,0
A0ACM5KKC3,P86888,0.23809523809523808,0.05,0.0375,0,0,0
A0ACM5KKC3,P87498,0.4260355029585799,0.1625,0.1125,0,0,0
A0ACM5KKC3,P93594,0.26627218934911245,0.2375,0.225,0,0,0
A0ACM5KKC3,Q004B5,0.28402366863905326,0.1,0.1,0,0,0
A0ACM5KKC3,Q01881,0.175,0.0875,0.075,0,0,0
A0ACM5KKC3,Q0DEV5,0.30177514792899407,0.1,0.1,0,0,0
A0ACM5KKC3,Q2I6V8,0.18125,0.0875,0.0625,0,0,0
A0ACM5KKC3,Q39453,0.16875,0.1,0.0625,0,0,0
A0ACM5KKC3,Q39649,0.1702127659574468,0.1875,0.1875,0,0,0
A0ACM5KKC3,Q41115,0.28402366863905326,0.0875,0.0875,0,0,0
A0ACM5KKC3,Q41258,0.20454545454545456,0.1,0.0875,0,0,0
A0ACM5KKC3,Q45W87,0.4306569343065693,0.525,0.525,1,2,0
A0ACM5KKC3,Q647G3,0.3132530120481928,0.4625,0.4625,1,1,0
A0ACM5KKC3,Q647G5,0.514792899408284,0.7,0.7,1,3,0
A0ACM5KKC3,Q647G9,0.18620689655172415,0.1,0.0875,0,0,0
A0ACM5KKC3,Q6TPK4,0.20689655172413793,0.0875,0.0875,0,0,0
A0ACM5KKC3,Q6VT83,0.21019108280254778,0.1625,0.1625,0,0,0
A0ACM5KKC3,Q7X8H9,0.2138364779874214,0.175,0.1625,0,0,0
A0ACM5KKC3,Q84T21,0.5534591194968553,0.675,0.675,1,5,3
A0ACM5KKC3,Q84T91,0.4142857142857143,0.525,0.5,1,2,0
A0ACM5KKC3,Q8GT39,0.24427480916030533,0.1375,0.075,0,0,0
A0ACM5KKC3,Q8H4L8,0.17834394904458598,0.075,0.075,0,0,0
A0ACM5KKC3,Q8L5E0,0.18421052631578946,0.1875,0.175,0,0,0
A0ACM5KKC3,Q8S4P9,0.3076923076923077,0.15,0.15,0,0,0
A0ACM5KKC3,Q8SAE7,0.18181818181818182,0.075,0.075,0,0,0
A0ACM5KKC3,Q90YK9,0.24770642201834864,0.0875,0.075,0,0,0
A0ACM5KKC3,Q91482,0.23853211009174313,0.1375,0.1375,0,0,0
A0ACM5KKC3,Q93YG7,0.2366412213740458,0.1,0.0625,0,0,0
A0ACM5KKC3,Q948T6,0.20118343195266272,0.0875,0.075,0,0,0
A0ACM5KKC3,Q94JN3,0.22137404580152673,0.075,0.075,0,0,0
A0ACM5KKC3,Q9ATH2,0.21739130434782608,0.0625,0.0625,0,0,0
A0ACM5KKC3,Q9AVK8,0.25443786982248523,0.15,0.1125,0,0,0
A0ACM5KKC3,Q9AXI0,0.4260355029585799,0.5875,0.5875,1,0,0
A0ACM5KKC3,Q9FSG7,0.1952662721893491,0.075,0.0625,0,0,0
A0ACM5KKC3,Q9FSY7,0.35502958579881655,0.25,0.2125,0,0,0
A0ACM5KKC3,Q9FUJ9,0.463855421686747,0.6625,0.6625,1,9,3
A0ACM5KKC3,Q9M5X7,0.21739130434782608,0.2,0.2,0,0,0
A0ACM5KKC3,Q9M5X8,0.24786324786324787,0.125,0.125,0,0,0
A0ACM5KKC3,Q9M7R0,0.1834319526627219,0.1125,0.0875,0,0,0
A0ACM5KKC3,Q9SQI9,0.21374045801526717,0.0875,0.0875,0,0,0
A0ACM5KKC3,Q9XF39,0.2366412213740458,0.15,0.075,0,0,0
A0ACM5KKC3,Q9XHP0,0.25443786982248523,0.075,0.0625,0,0,0
A0ACM5KKC3,Q9XHP1,0.17567567567567569,0.0875,0.075,0,0,0
A0ACM5KKC3,Q9XHP2,0.42758620689655175,0.5625,0.55,1,2,0
A0ACM5KKC3,T2DN75,0.20118343195266272,0.1,0.0625,0,0,0
A0ACM5KKC3,V5XVK5,0.16568047337278108,0.0625,0.0625,0,0,0
A0ACM5KKC3,V7AEY9,0.2958579881656805,0.1875,0.1125,0,0,0
A0ACM5KKC3,V7B793,0.25,0.1,0.0625,0,0,0
A0ACM5KKC3,V7CAE0,0.1875,0.0625,0.0375,0,0,0
A0ACM5KKC3,V7CE49,0.35,0.425,0.4,1,2,0
A0ACM5KKC3,V7CEG9,0.21052631578947367,0.0625,0.0375,0,0,0
A0ACM5KKC3,W5X2N3,0.20118343195266272,0.075,0.075,0,0,0
A0ACM5KKC3,W8PPL3,0.33136094674556216,0.1125,0.1125,0,0,0
A1KYZ2,A5HII1,0.19718309859154928,0.175,0.175,0,0,0
A1KYZ2,B3EWP3,0.2676056338028169,0.0625,0.05,0,0,0
A1KYZ2,B4X640,0.2605633802816901,0.1875,0.2125,0,0,0
A1KYZ2,B4XID4,0.21951219512195122,0.25,0.2125,0,0,0
A1KYZ2,B5DGM7,0.1936619718309859,0.1625,0.15,0,0,0
A1KYZ2,B5DGQ7,0.21830985915492956,0.15,0.1375,0,0,0
A1KYZ2,B7P072,0.18791946308724833,0.225,0.2125,0,0,0
A1KYZ2,B7P074,0.21830985915492956,0.2625,0.225,0,0,0
A1KYZ2,B7SLJ1,0.22183098591549297,0.275,0.225,0,0,0
A1KYZ2,B7SNI3,0.23728813559322035,0.2125,0.0875,0,0,0
A1KYZ2,B8AL97,0.2676056338028169,0.2375,0.25,0,0,0
A1KYZ2,C0HJZ1,0.2222222222222222,0.05,0.05,0,0,0
A1KYZ2,C0HL99,0.23853211009174313,0.075,0.075,0,0,0
A1KYZ2,C0HM28,0.21301775147928995,0.15,0.1125,0,0,0
A1KYZ2,C7A639,0.23834196891191708,0.1625,0.1625,0,0,0
A1KYZ2,C7E3T4,0.18661971830985916,0.1875,0.2375,0,0,0
A1KYZ2,D0E0C7,0.20754716981132076,0.1875,0.1875,0,0,0
A1KYZ2,D2TE73,0.22277227722772278,0.0875,0.075,0,0,0
A1KYZ2,E3SU11,0.17699115044247787,0.05,0.05,0,0,0
A1KYZ2,I0J1J1,0.20422535211267606,0.1375,0.125,0,0,0
A1KYZ2,O22317,0.21830985915492956,0.1375,0.075,0,0,0
A1KYZ2,O44119,0.9330985915492958,1.0,1.0,1,223,216
A1KYZ2,O64458,0.176056338028169,0.15,0.15,0,0,0
A1KYZ2,O65810,0.2366412213740458,0.075,0.0625,0,0,0
A1KYZ2,P00698,0.21768707482993196,0.1,0.1,0,0,0
A1KYZ2,P00711,0.2112676056338028,0.1125,0.075,0,0,0
A1KYZ2,P00940,0.1814516129032258,0.225,0.15,0,0,0
A1KYZ2,P01005,0.21428571428571427,0.125,0.125,0,0,0
A1KYZ2,P01012,0.22535211267605634,0.2125,0.2625,0,0,0
A1KYZ2,P01085,0.25806451612903225,0.075,0.0625,0,0,0
A1KYZ2,P02197,0.24025974025974026,0.225,0.225,0,0,0
A1KYZ2,P02622,0.3185840707964602,0.3375,0.3125,0,0,0
A1KYZ2,P02662,0.2102803738317757,0.275,0.225,0,0,0
A1KYZ2,P02754,0.23595505617977527,0.225,0.1625,0,0,0
A1KYZ2,P02769,0.2711267605633803,0.15,0.1125,0,0,0
A1KYZ2,P02789,0.2640845070422535,0.1625,0.1625,0,0,0
A1KYZ2,P04722,0.09859154929577464,0.0875,0.0875,0,0,0
A1KYZ2,P07322,0.23591549295774647,0.1875,0.1375,0,0,0
A1KYZ2,P08819,0.1936619718309859,0.1125,0.1,0,0,0
A1KYZ2,P0C0Y3,0.22900763358778625,0.075,0.075,0,0,0
A1KYZ2,P10184,0.19718309859154928,0.1125,0.1,0,0,0
A1KYZ2,P11828,0.20774647887323944,0.25,0.1,0,0,0
A1KYZ2,P12670,0.14979757085020243,0.075,0.075,0,0,0
A1KYZ2,P13744,0.24295774647887325,0.225,0.2125,0,0,0
A1KYZ2,P16348,0.2393617021276596,0.075,0.0625,0,0,0
A1KYZ2,P19121,0.29577464788732394,0.2125,0.2375,0,0,0
A1KYZ2,P24337,0.25,0.0875,0.0875,0,0,0
A1KYZ2,P25974,0.2323943661971831,0.25,0.2625,0,0,0
A1KYZ2,P26987,0.27848101265822783,0.125,0.0625,0,0,0
A1KYZ2,P29835,0.25268817204301075,0.25,0.2625,0,0,0
A1KYZ2,P30941,0.167420814479638,0.1,0.0625,0,0,0
A1KYZ2,P43211,0.20754716981132076,0.0875,0.075,0,0,0
A1KYZ2,P43237,0.2887323943661972,0.2375,0.1625,0,0,0
A1KYZ2,P49231,0.2366412213740458,0.0625,0.0625,0,0,0
A1KYZ2,P50694,0.1469387755102041,0.0875,0.0875,0,0,0
A1KYZ2,P80026,0.3211009174311927,0.2125,0.1125,0,0,0
A1KYZ2,P81370,0.18666666666666668,0.0625,0.05,0,0,0
A1KYZ2,P81402,0.24175824175824176,0.0875,0.0875,0,0,0
A1KYZ2,P84177,0.2595419847328244,0.075,0.0625,0,0,0
A1KYZ2,P84527,0.15492957746478872,0.1,0.1,0,0,0
A1KYZ2,P85524,0.22,0.2375,0.2375,0,0,0
A1KYZ2,P85894,0.3076923076923077,0.1,0.1,0,0,0
A1KYZ2,P86137,0.2717391304347826,0.15,0.075,0,0,0
A1KYZ2,P86888,0.2222222222222222,0.05,0.0375,0,0,0
A1KYZ2,P87498,0.352112676056338,0.2625,0.2625,0,0,0
A1KYZ2,P93594,0.24647887323943662,0.225,0.225,0,0,0
A1KYZ2,Q004B5,0.2112676056338028,0.1875,0.2375,0,0,0
A1KYZ2,Q01881,0.20625,0.15,0.15,0,0,0
A1KYZ2,Q0DEV5,0.2323943661971831,0.25,0.2625,0,0,0
A1KYZ2,Q2I6V8,0.23125,0.0875,0.0875,0,0,0
A1KYZ2,Q39453,0.19375,0.15,0.15,0,0,0
A1KYZ2,Q39649,0.24113475177304963,0.275,0.225,0,0,0
A1KYZ2,Q41115,0.23943661971830985,0.225,0.2375,0,0,0
A1KYZ2,Q41258,0.24242424242424243,0.05,0.05,0,0,0
A1KYZ2,Q45W87,0.24087591240875914,0.1125,0.0875,0,0,0
A1KYZ2,Q647G3,0.20481927710843373,0.125,0.1125,0,0,0
A1KYZ2,Q647G5,0.23076923076923078,0.075,0.075,0,0,0
A1KYZ2,Q647G9,0.21379310344827587,0.1875,0.1875,0,0,0
A1KYZ2,Q6TPK4,0.3017241379310345,0.1375,0.05,0,0,0
A1KYZ2,Q6VT83,0.28662420382165604,0.1375,0.1375,0,0,0
A1KYZ2,Q7X8H9,0.22641509433962265,0.1,0.1,0,0,0
A1KYZ2,Q84T21,0.24528301886792453,0.1125,0.075,0,0,0
A1KYZ2,Q84T91,0.2642857142857143,0.1,0.1,0,0,0
A1KYZ2,Q8GT39,0.25190839694656486,0.075,0.075,0,0,0
A1KYZ2,Q8H4L8,0.2229299363057325,0.15,0.15,0,0,0
A1KYZ2,Q8L5E0,0.15789473684210525,0.0875,0.0875,0,0,0
A1KYZ2,Q8S4P9,0.2711267605633803,0.25,0.25,0,0,0
A1KYZ2,Q8SAE7,0.22727272727272727,0.1625,0.1625,0,0,0
A1KYZ2,Q90YK9,0.28440366972477066,0.2,0.2,0,0,0
A1KYZ2,Q91482,0.28440366972477066,0.2375,0.225,0,0,0
A1KYZ2,Q93YG7,0.20610687022900764,0.0625,0.0625,0,0,0
A1KYZ2,Q948T6,0.19014084507042253,0.15,0.15,0,0,0
A1KYZ2,Q94JN3,0.22137404580152673,0.0625,0.0625,0,0,0
A1KYZ2,Q9ATH2,0.3130434782608696,0.0875,0.0625,0,0,0
A1KYZ2,Q9AVK8,0.20422535211267606,0.275,0.275,0,0,0
A1KYZ2,Q9AXI0,0.2215909090909091,0.125,0.1,0,0,0
A1KYZ2,Q9FSG7,0.1951219512195122,0.0875,0.0625,0,0,0
A1KYZ2,Q9FSY7,0.3485915492957746,0.325,0.2625,0,0,0
A1KYZ2,Q9FUJ9,0.21686746987951808,0.0875,0.0875,0,0,0
A1KYZ2,Q9M5X7,0.26956521739130435,0.0875,0.05,0,0,0
A1KYZ2,Q9M5X8,0.23931623931623933,0.1125,0.0875,0,0,0
A1KYZ2,Q9M7R0,0.23391812865497075,0.2625,0.1375,0,0,0
A1KYZ2,Q9SQI9,0.2595419847328244,0.075,0.0625,0,0,0
A1KYZ2,Q9XF39,0.26717557251908397,0.175,0.175,0,0,0
A1KYZ2,Q9XHP0,0.25,0.2125,0.2,0,0,0
A1KYZ2,Q9XHP1,0.22972972972972974,0.1875,0.125,0,0,0
A1KYZ2,Q9XHP2,0.2689655172413793,0.1375,0.1125,0,0,0
A1KYZ2,T2DN75,0.16141732283464566,0.15,0.15,0,0,0
A1KYZ2,V5XVK5,0.19047619047619047,0.0625,0.0375,0,0,0
A1KYZ2,V7AEY9,0.20422535211267606,0.1125,0.1,0,0,0
A1KYZ2,V7B793,0.2661290322580645,0.1125,0.05,0,0,0
A1KYZ2,V7CAE0,0.225,0.15,0.15,0,0,0
A1KYZ2,V7CE49,0.18125,0.15,0.1,0,0,0
A1KYZ2,V7CEG9,0.22556390977443608,0.0625,0.0625,0,0,0
A1KYZ2,W5X2N3,0.20725388601036268,0.225,0.1875,0,0,0
A1KYZ2,W8PPL3,0.16549295774647887,0.1125,0.075,0,0,0
A5HII1,B3EWP3,0.38028169014084506,0.0875,0.05,0,0,0
A5HII1,B4X640,0.23157894736842105,0.1625,0.1625,0,0,0
A5HII1,B4XID4,0.25609756097560976,0.0875,0.0375,0,0,0
A5HII1,B5DGM7,0.21763085399449036,0.15,0.0625,0,0,0
A5HII1,B5DGQ7,0.20526315789473684,0.15,0.125,0,0,0
A5HII1,B7P072,0.2483221476510067,0.0875,0.0875,0,0,0
A5HII1,B7P074,0.20789473684210527,0.1375,0.0875,0,0,0
A5HII1,B7SLJ1,0.22894736842105262,0.15,0.1,0,0,0
A5HII1,B7SNI3,0.2994350282485876,0.1,0.0875,0,0,0
A5HII1,B8AL97,0.2578947368421053,0.325,0.175,0,0,0
A5HII1,C0HJZ1,0.4027777777777778,0.1,0.1,0,0,0
A5HII1,C0HL99,0.3761467889908257,0.1125,0.075,0,0,0
A5HII1,C0HM28,0.28994082840236685,0.1875,0.1875,0,0,0
A5HII1,C7A639,0.2694300518134715,0.1625,0.2,0,0,0
A5HII1,C7E3T4,0.18820224719101122,0.1375,0.075,0,0,0
A5HII1,D0E0C7,0.2641509433962264,0.1,0.1,0,0,0
A5HII1,D2TE73,0.2623762376237624,0.2,0.1125,0,0,0
A5HII1,E3SU11,0.24778761061946902,0.15,0.125,0,0,0
A5HII1,I0J1J1,0.20526315789473684,0.1375,0.0625,0,0,0
A5HII1,O22317,0.21176470588235294,0.125,0.125,0,0,0
A5HII1,O44119,0.18309859154929578,0.125,0.125,0,0,0
A5HII1,O64458,0.37467018469656993,0.5,0.4875,1,2,0
A5HII1,O65810,0.2900763358778626,0.15,0.0875,0,0,0
A5HII1,P00698,0.3129251700680272,0.2,0.2,0,0,0
A5HII1,P00711,0.323943661971831,0.2,0.2,0,0,0
A5HII1,P00940,0.22580645161290322,0.1125,0.0875,0,0,0
A5HII1,P01005,0.2619047619047619,0.1625,0.1625,0,0,0
A5HII1,P01012,0.16052631578947368,0.175,0.175,0,0,0
A5HII1,P01085,0.2661290322580645,0.1125,0.1125,0,0,0
A5HII1,P02197,0.2727272727272727,0.0875,0.0875,0,0,0
A5HII1,P02622,0.3274336283185841,0.1125,0.1125,0,0,0
A5HII1,P02662,0.21962616822429906,0.1,0.075,0,0,0
A5HII1,P02754,0.2303370786516854,0.1,0.075,0,0,0
A5HII1,P02769,0.2236842105263158,0.1375,0.1125,0,0,0
A5HII1,P02789,0.24473684210526317,0.2375,0.225,0,0,0
A5HII1,P04722,0.17869415807560138,0.0875,0.0625,0,0,0
A5HII1,P07322,0.20526315789473684,0.1625,0.1625,0,0,0
A5HII1,P08819,0.21578947368421053,0.2375,0.0875,0,0,0
A5HII1,P0C0Y3,0.32061068702290074,0.1125,0.1125,0,0,0
A5HII1,P10184,0.25263157894736843,0.2,0.1625,0,0,0
A5HII1,P11828,0.22631578947368422,0.1625,0.1125,0,0,0
A5HII1,P12670,0.2834008097165992,0.125,0.1,0,0,0
A5HII1,P13744,0.21052631578947367,0.125,0.1125,0,0,0
A5HII1,P16348,0.2712765957446808,0.15,0.15,0,0,0
A5HII1,P19121,0.24736842105263157,0.15,0.15,0,0,0
A5HII1,P24337,0.325,0.1,0.1,0,0,0
A5HII1,P25974,0.19736842105263158,0.125,0.1125,0,0,0
A5HII1,P26987,0.310126582278481,0.25,0.2625,0,0,0
A5HII1,P29835,0.26881720430107525,0.1,0.0625,0,0,0
A5HII1,P30941,0.27601809954751133,0.1375,0.1375,0,0,0
A5HII1,P43211,0.27672955974842767,0.175,0.15,0,0,0
A5HII1,P43237,0.20789473684210527,0.175,0.175,0,0,0
A5HII1,P49231,0.32061068702290074,0.1125,0.075,0,0,0
A5HII1,P50694,0.2857142857142857,0.175,0.075,0,0,0
A5HII1,P80026,0.3211009174311927,0.075,0.075,0,0,0
A5HII1,P81370,0.28,0.2375,0.2375,0,0,0
A5HII1,P81402,0.31868131868131866,0.0875,0.075,0,0,0
A5HII1,P84177,0.31297709923664124,0.1375,0.1375,0,0,0
A5HII1,P84527,0.2676056338028169,0.175,0.175,0,0,0
A5HII1,P85524,0.28,0.0875,0.0875,0,0,0
A5HII1,P85894,0.3076923076923077,0.15,0.1125,0,0,0
A5HII1,P86137,0.2826086956521739,0.1125,0.0625,0,0,0
A5HII1,P86888,0.3333333333333333,0.125,0.0625,0,0,0
A5HII1,P87498,0.35,0.225,0.0875,0,0,0
A5HII1,P93594,0.23421052631578948,0.2,0.0875,0,0,0
A5HII1,Q004B5,0.19662921348314608,0.1375,0.0875,0,0,0
A5HII1,Q01881,0.25,0.0875,0.05,0,0,0
A5HII1,Q0DEV5,0.21578947368421053,0.15,0.0625,0,0,0
A5HII1,Q2I6V8,0.26875,0.175,0.15,0,0,0
A5HII1,Q39453,0.31875,0.1,0.0625,0,0,0
A5HII1,Q39649,0.3049645390070922,0.1,0.0625,0,0,0
A5HII1,Q41115,0.21578947368421053,0.15,0.1,0,0,0
A5HII1,Q41258,0.25757575757575757,0.125,0.125,0,0,0
A5HII1,Q45W87,0.31386861313868614,0.1,0.1,0,0,0
A5HII1,Q647G3,0.30120481927710846,0.1625,0.1125,0,0,0
A5HII1,Q647G5,0.2603550295857988,0.15,0.0875,0,0,0
A5HII1,Q647G9,0.2827586206896552,0.1875,0.1875,0,0,0
A5HII1,Q6TPK4,0.3275862068965517,0.225,0.225,0,0,0
A5HII1,Q6VT83,0.28662420382165604,0.175,0.175,0,0,0
A5HII1,Q7X8H9,0.2641509433962264,0.125,0.125,0,0,0
A5HII1,Q84T21,0.2830188679245283,0.175,0.175,0,0,0
A5HII1,Q84T91,0.25,0.1,0.1,0,0,0
A5HII1,Q8GT39,0.3282442748091603,0.1875,0.1875,0,0,0
A5HII1,Q8H4L8,0.27388535031847133,0.0875,0.05,0,0,0
A5HII1,Q8L5E0,0.2894736842105263,0.275,0.25,0,0,0
A5HII1,Q8S4P9,0.19473684210526315,0.15,0.1125,0,0,0
A5HII1,Q8SAE7,0.2922077922077922,0.2625,0.225,0,0,0
A5HII1,Q90YK9,0.3761467889908257,0.1875,0.0625,0,0,0
A5HII1,Q91482,0.3302752293577982,0.1125,0.0875,0,0,0
A5HII1,Q93YG7,0.29770992366412213,0.15,0.075,0,0,0
A5HII1,Q948T6,0.2268041237113402,0.175,0.0625,0,0,0
A5HII1,Q94JN3,0.33587786259541985,0.1125,0.1125,0,0,0
A5HII1,Q9ATH2,0.3739130434782609,0.075,0.05,0,0,0
A5HII1,Q9AVK8,0.2,0.15,0.125,0,0,0
A5HII1,Q9AXI0,0.2159090909090909,0.1,0.075,0,0,0
A5HII1,Q9FSG7,0.24390243902439024,0.175,0.15,0,0,0
A5HII1,Q9FSY7,0.24473684210526317,0.2625,0.0875,0,0,0
A5HII1,Q9FUJ9,0.25903614457831325,0.125,0.075,0,0,0
A5HII1,Q9M5X7,0.33043478260869563,0.1125,0.1,0,0,0
A5HII1,Q9M5X8,0.29914529914529914,0.1125,0.1125,0,0,0
A5HII1,Q9M7R0,0.25146198830409355,0.175,0.175,0,0,0
A5HII1,Q9SQI9,0.32061068702290074,0.125,0.075,0,0,0
A5HII1,Q9XF39,0.29770992366412213,0.1125,0.1125,0,0,0
A5HII1,Q9XHP0,0.20789473684210527,0.1375,0.075,0,0,0
A5HII1,Q9XHP1,0.28378378378378377,0.1375,0.1125,0,0,0
A5HII1,Q9XHP2,0.2620689655172414,0.1375,0.0875,0,0,0
A5HII1,T2DN75,0.25196850393700787,0.125,0.05,0,0,0
A5HII1,V5XVK5,0.26406926406926406,0.1375,0.1375,0,0,0
A5HII1,V7AEY9,0.21067415730337077,0.25,0.2125,0,0,0
A5HII1,V7B793,0.31451612903225806,0.0875,0.0875,0,0,0
A5HII1,V7CAE0,0.30625,0.125,0.1125,0,0,0
A5HII1,V7CE49,0.26875,0.125,0.1,0,0,0
A5HII1,V7CEG9,0.3533834586466165,0.1,0.0625,0,0,0
A5HII1,W5X2N3,0.23316062176165803,0.175,0.175,0,0,0
A5HII1,W8PPL3,0.18733509234828497,0.125,0.05,0,0,0
B3EWP3,B4X640,0.38028169014084506,0.1625,0.1625,0,0,0
B3EWP3,B4XID4,0.2535211267605634,0.05,0.05,0,0,0
B3EWP3,B5DGM7,0.352112676056338,0.0625,0.0625,0,0,0
B3EWP3,B5DGQ7,0.28169014084507044,0.075,0.075,0,0,0
B3EWP3,B7P072,0.23943661971830985,0.05,0.05,0,0,0
B3EWP3,B7P074,0.29577464788732394,0.0875,0.0875,0,0,0
B3EWP3,B7SLJ1,0.323943661971831,0.0625,0.0625,0,0,0
B3EWP3,B7SNI3,0.29577464788732394,0.075,0.075,0,0,0
B3EWP3,B8AL97,0.352112676056338,0.05,0.05,0,0,0
B3EWP3,C0HJZ1,0.5492957746478874,0.4875,0.4875,1,10,8
B3EWP3,C0HL99,0.18309859154929578,0.05,0.05,0,0,0
B3EWP3,C0HM28,0.2112676056338028,0.0375,0.0375,0,0,0
B3EWP3,C7A639,0.29577464788732394,0.0625,0.0625,0,0,0
B3EWP3,C7E3T4,0.4084507042253521,0.1625,0.1625,0,0,0
B3EWP3,D0E0C7,0.2535211267605634,0.0375,0.0375,0,0,0
B3EWP3,D2TE73,0.28169014084507044,0.0625,0.0625,0,0,0
B3EWP3,E3SU11,0.3380281690140845,0.0875,0.0875,0,0,0
B3EWP3,I0J1J1,0.323943661971831,0.0875,0.0875,0,0,0
B3EWP3,O22317,0.2535211267605634,0.0625,0.0625,0,0,0
B3EWP3,O44119,0.29577464788732394,0.05,0.05,0,0,0
B3EWP3,O64458,0.36619718309859156,0.2375,0.2375,0,0,0
B3EWP3,O65810,0.2112676056338028,0.05,0.05,0,0,0
B3EWP3,P00698,0.28169014084507044,0.1125,0.1125,0,0,0
B3EWP3,P00711,0.22535211267605634,0.075,0.075,0,0,0
B3EWP3,P00940,0.2676056338028169,0.1625,0.1625,0,0,0
B3EWP3,P01005,0.43661971830985913,0.1,0.1,0,0,0
B3EWP3,P01012,0.38028169014084506,0.075,0.075,0,0,0
B3EWP3,P01085,0.2535211267605634,0.075,0.075,0,0,0
B3EWP3,P02197,0.23943661971830985,0.05,0.05,0,0,0
B3EWP3,P02622,0.16901408450704225,0.05,0.05,0,0,0
B3EWP3,P02662,0.28169014084507044,0.0375,0.0375,0,0,0
B3EWP3,P02754,0.28169014084507044,0.0375,0.0375,0,0,0
B3EWP3,P02769,0.4507042253521127,0.0625,0.0625,0,0,0
B3EWP3,P02789,0.43661971830985913,0.075,0.075,0,0,0
B3EWP3,P04722,0.19718309859154928,0.0625,0.0625,0,0,0
B3EWP3,P07322,0.3380281690140845,0.1375,0.1375,0,0,0
B3EWP3,P08819,0.39436619718309857,0.0875,0.0875,0,0,0
B3EWP3,P0C0Y3,0.18309859154929578,0.0375,0.0375,0,0,0
B3EWP3,P10184,0.4507042253521127,0.1125,0.1125,0,0,0
B3EWP3,P11828,0.352112676056338,0.075,0.075,0,0,0
B3EWP3,P12670,0.3380281690140845,0.0875,0.0875,0,0,0
B3EWP3,P13744,0.323943661971831,0.0875,0.0875,0,0,0
B3EWP3,P16348,0.19718309859154928,0.075,0.075,0,0,0
B3EWP3,P19121,0.352112676056338,0.075,0.075,0,0,0
B3EWP3,P24337,0.16901408450704225,0.05,0.05,0,0,0
B3EWP3,P25974,0.352112676056338,0.05,0.05,0,0,0
B3EWP3,P26987,0.2535211267605634,0.05,0.05,0,0,0
B3EWP3,P29835,0.19718309859154928,0.0625,0.0625,0,0,0
B3EWP3,P30941,0.2676056338028169,0.0625,0.0625,0,0,0
B3EWP3,P43211,0.2676056338028169,0.05,0.05,0,0,0
B3EWP3,P43237,0.39436619718309857,0.0375,0.0375,0,0,0
B3EWP3,P49231,0.19718309859154928,0.0375,0.0375,0,0,0
B3EWP3,P50694,0.30985915492957744,0.1,0.1,0,0,0
B3EWP3,P80026,0.23943661971830985,0.05,0.05,0,0,0
B3EWP3,P81370,0.28169014084507044,0.15,0.15,0,0,0
B3EWP3,P81402,0.2112676056338028,0.05,0.05,0,0,0
B3EWP3,P84177,0.16901408450704225,0.05,0.05,0,0,0
B3EWP3,P84527,0.352112676056338,0.1625,0.1625,0,0,0
B3EWP3,P85524,0.22535211267605634,0.05,0.05,0,0,0
B3EWP3,P85894,0.22535211267605634,0.0875,0.0875,0,0,0
B3EWP3,P86137,0.18309859154929578,0.0625,0.0625,0,0,0
B3EWP3,P86888,0.1746031746031746,0.1,0.1,0,0,0
B3EWP3,P87498,0.43661971830985913,0.0625,0.0625,0,0,0
B3EWP3,P93594,0.4084507042253521,0.075,0.075,0,0,0
B3EWP3,Q004B5,0.352112676056338,0.1375,0.1375,0,0,0
B3EWP3,Q01881,0.3380281690140845,0.0875,0.0875,0,0,0
B3EWP3,Q0DEV5,0.43661971830985913,0.0375,0.0375,0,0,0
B3EWP3,Q2I6V8,0.30985915492957744,0.05,0.05,0,0,0
B3EWP3,Q39453,0.2676056338028169,0.0625,0.0625,0,0,0
B3EWP3,Q39649,0.2112676056338028,0.0375,0.0375,0,0,0
B3EWP3,Q41115,0.3380281690140845,0.05,0.05,0,0,0
B3EWP3,Q41258,0.22535211267605634,0.0875,0.0875,0,0,0
B3EWP3,Q45W87,0.2535211267605634,0.0625,0.0625,0,0,0
B3EWP3,Q647G3,0.2676056338028169,0.075,0.075,0,0,0
B3EWP3,Q647G5,0.2535211267605634,0.05,0.05,0,0,0
B3EWP3,Q647G9,0.2535211267605634,0.05,0.05,0,0,0
B3EWP3,Q6TPK4,0.2112676056338028,0.05,0.05,0,0,0
B3EWP3,Q6VT83,0.22535211267605634,0.075,0.075,0,0,0
B3EWP3,Q7X8H9,0.29577464788732394,0.05,0.05,0,0,0
B3EWP3,Q84T21,0.23943661971830985,0.075,0.075,0,0,0
B3EWP3,Q84T91,0.2535211267605634,0.0375,0.0375,0,0,0
B3EWP3,Q8GT39,0.18309859154929578,0.05,0.05,0,0,0
B3EWP3,Q8H4L8,0.3380281690140845,0.225,0.225,0,0,0
B3EWP3,Q8L5E0,0.22535211267605634,0.0375,0.0375,0,0,0
B3EWP3,Q8S4P9,0.3380281690140845,0.0375,0.0375,0,0,0
B3EWP3,Q8SAE7,0.2535211267605634,0.0625,0.0625,0,0,0
B3EWP3,Q90YK9,0.22535211267605634,0.05,0.05,0,0,0
B3EWP3,Q91482,0.2535211267605634,0.1,0.1,0,0,0
B3EWP3,Q93YG7,0.16901408450704225,0.075,0.075,0,0,0
B3EWP3,Q948T6,0.38028169014084506,0.075,0.075,0,0,0
B3EWP3,Q94JN3,0.15492957746478872,0.1,0.1,0,0,0
B3EWP3,Q9ATH2,0.2535211267605634,0.075,0.075,0,0,0
B3EWP3,Q9AVK8,0.39436619718309857,0.0625,0.0625,0,0,0
B3EWP3,Q9AXI0,0.29577464788732394,0.0375,0.0375,0,0,0
B3EWP3,Q9FSG7,0.23943661971830985,0.0375,0.0375,0,0,0
B3EWP3,Q9FSY7,0.4084507042253521,0.1,0.1,0,0,0
B3EWP3,Q9FUJ9,0.2112676056338028,0.05,0.05,0,0,0
B3EWP3,Q9M5X7,0.2676056338028169,0.1375,0.1375,0,0,0
B3EWP3,Q9M5X8,0.22535211267605634,0.1,0.1,0,0,0
B3EWP3,Q9M7R0,0.2535211267605634,0.0375,0.0375,0,0,0
B3EWP3,Q9SQI9,0.19718309859154928,0.0625,0.0625,0,0,0
B3EWP3,Q9XF39,0.16901408450704225,0.05,0.05,0,0,0
B3EWP3,Q9XHP0,0.28169014084507044,0.0625,0.0625,0,0,0
B3EWP3,Q9XHP1,0.2676056338028169,0.075,0.075,0,0,0
B3EWP3,Q9XHP2,0.2676056338028169,0.05,0.05,0,0,0
B3EWP3,T2DN75,0.352112676056338,0.0875,0.0875,0,0,0
B3EWP3,V5XVK5,0.28169014084507044,0.05,0.05,0,0,0
B3EWP3,V7AEY9,0.352112676056338,0.05,0.05,0,0,0
B3EWP3,V7B793,0.23943661971830985,0.15,0.15,0,0,0
B3EWP3,V7CAE0,0.19718309859154928,0.0375,0.0375,0,0,0
B3EWP3,V7CE49,0.28169014084507044,0.0625,0.0625,0,0,0
B3EWP3,V7CEG9,0.23943661971830985,0.0625,0.0625,0,0,0
B3EWP3,W5X2N3,0.23943661971830985,0.0625,0.0625,0,0,0
B3EWP3,W8PPL3,0.3380281690140845,0.15,0.15,0,0,0
B4X640,B4XID4,0.32926829268292684,0.275,0.2625,0,0,0
B4X640,B5DGM7,0.21763085399449036,0.125,0.125,0,0,0
B4X640,B5DGQ7,0.22119815668202766,0.1625,0.1375,0,0,0
B4X640,B7P072,0.35570469798657717,0.3,0.2625,0,0,0
B4X640,B7P074,0.21822033898305085,0.3,0.2625,0,0,0
B4X640,B7SLJ1,0.23678646934460887,0.3375,0.3,0,0,0
B4X640,B7SNI3,0.2711864406779661,0.1875,0.1125,0,0,0
B4X640,B8AL97,0.37446808510638296,0.55,0.525,1,0,0
B4X640,C0HJZ1,0.4027777777777778,0.1625,0.1625,0,0,0
B4X640,C0HL99,0.3486238532110092,0.1,0.05,0,0,0
B4X640,C0HM28,0.3076923076923077,0.1125,0.0875,0,0,0
B4X640,C7A639,0.26424870466321243,0.175,0.175,0,0,0
B4X640,C7E3T4,0.2050561797752809,0.2,0.0875,0,0,0
B4X640,D0E0C7,0.34591194968553457,0.1375,0.1375,0,0,0
B4X640,D2TE73,0.2722772277227723,0.1375,0.0875,0,0,0
B4X640,E3SU11,0.27876106194690264,0.15,0.15,0,0,0
B4X640,I0J1J1,0.2361111111111111,0.2375,0.1625,0,0,0
B4X640,O22317,0.25,0.1625,0.0625,0,0,0
B4X640,O44119,0.2711267605633803,0.2875,0.275,0,0,0
B4X640,O64458,0.22955145118733508,0.1125,0.1125,0,0,0
B4X640,O65810,0.2748091603053435,0.075,0.0625,0,0,0
B4X640,P00698,0.32653061224489793,0.1875,0.1875,0,0,0
B4X640,P00711,0.352112676056338,0.1125,0.0625,0,0,0
B4X640,P00940,0.25806451612903225,0.2375,0.2375,0,0,0
B4X640,P01005,0.3,0.1,0.075,0,0,0
B4X640,P01012,0.25129533678756477,0.1875,0.0875,0,0,0
B4X640,P01085,0.33064516129032256,0.1375,0.0625,0,0,0
B4X640,P02197,0.37662337662337664,0.2,0.2,0,0,0
B4X640,P02622,0.3185840707964602,0.1375,0.1375,0,0,0
B4X640,P02662,0.3364485981308411,0.225,0.25,0,0,0
B4X640,P02754,0.29213483146067415,0.1625,0.1625,0,0,0
B4X640,P02769,0.20733944954128442,0.3125,0.1375,0,0,0
B4X640,P02789,0.21284403669724772,0.225,0.225,0,0,0
B4X640,P04722,0.22336769759450173,0.125,0.075,0,0,0
B4X640,P07322,0.22119815668202766,0.1375,0.125,0,0,0
B4X640,P08819,0.19369369369369369,0.2,0.075,0,0,0
B4X640,P0C0Y3,0.2595419847328244,0.1,0.1,0,0,0
B4X640,P10184,0.18568665377176016,0.1125,0.1125,0,0,0
B4X640,P11828,0.22661122661122662,0.3,0.2875,0,0,0
B4X640,P12670,0.27530364372469635,0.125,0.125,0,0,0
B4X640,P13744,0.20208333333333334,0.325,0.225,0,0,0
B4X640,P16348,0.2712765957446808,0.2625,0.2375,0,0,0
B4X640,P19121,0.1981651376146789,0.2125,0.1,0,0,0
B4X640,P24337,0.4,0.075,0.0625,0,0,0
B4X640,P25974,0.3348519362186788,0.425,0.425,1,1,0
B4X640,P26987,0.310126582278481,0.2375,0.0875,0,0,0
B4X640,P29835,0.2956989247311828,0.2375,0.225,0,0,0
B4X640,P30941,0.2895927601809955,0.1125,0.1,0,0,0
B4X640,P43211,0.37735849056603776,0.1875,0.075,0,0,0
B4X640,P43237,0.3137614678899083,0.45,0.45,1,0,0
B4X640,P49231,0.25190839694656486,0.0875,0.0875,0,0,0
B4X640,P50694,0.24081632653061225,0.125,0.125,0,0,0
B4X640,P80026,0.3211009174311927,0.225,0.225,0,0,0
B4X640,P81370,0.27111111111111114,0.1375,0.0625,0,0,0
B4X640,P81402,0.37362637362637363,0.0875,0.0875,0,0,0
B4X640,P84177,0.3435114503816794,0.15,0.1,0,0,0
B4X640,P84527,0.3004694835680751,0.2375,0.15,0,0,0
B4X640,P85524,0.32,0.275,0.1375,0,0,0
B4X640,P85894,0.3626373626373626,0.075,0.075,0,0,0
B4X640,P86137,0.2826086956521739,0.0625,0.0625,0,0,0
B4X640,P86888,0.4126984126984127,0.1375,0.1375,0,0,0
B4X640,P87498,0.30825688073394497,0.2125,0.25,0,0,0
B4X640,P93594,0.20278330019880716,0.1875,0.15,0,0,0
B4X640,Q004B5,0.22191011235955055,0.2,0.0875,0,0,0
B4X640,Q01881,0.325,0.1375,0.1,0,0,0
B4X640,Q0DEV5,0.2,0.1625,0.1625,0,0,0
B4X640,Q2I6V8,0.3,0.2625,0.1375,0,0,0
B4X640,Q39453,0.3375,0.275,0.2625,0,0,0
B4X640,Q39649,0.3191489361702128,0.2625,0.2375,0,0,0
B4X640,Q41115,0.3186046511627907,0.4125,0.3875,1,0,0
B4X640,Q41258,0.29545454545454547,0.15,0.15,0,0,0
B4X640,Q45W87,0.35766423357664234,0.125,0.0875,0,0,0
B4X640,Q647G3,0.30120481927710846,0.125,0.0625,0,0,0
B4X640,Q647G5,0.31952662721893493,0.1125,0.1125,0,1,0
B4X640,Q647G9,0.35172413793103446,0.275,0.2375,0,0,0
B4X640,Q6TPK4,0.3620689655172414,0.1375,0.0875,0,0,0
B4X640,Q6VT83,0.35668789808917195,0.1375,0.125,0,0,0
B4X640,Q7X8H9,0.32075471698113206,0.125,0.0875,0,0,0
B4X640,Q84T21,0.31446540880503143,0.1375,0.1375,0,0,0
B4X640,Q84T91,0.3142857142857143,0.1125,0.05,0,0,0
B4X640,Q8GT39,0.2595419847328244,0.1,0.1,0,0,0
B4X640,Q8H4L8,0.33121019108280253,0.0875,0.075,0,0,0
B4X640,Q8L5E0,0.3092105263157895,0.1,0.0875,0,0,0
B4X640,Q8S4P9,0.6004464285714286,0.7375,0.7375,1,19,5
B4X640,Q8SAE7,0.33116883116883117,0.1375,0.075,0,0,0
B4X640,Q90YK9,0.3211009174311927,0.15,0.15,0,0,0
B4X640,Q91482,0.3394495412844037,0.125,0.05,0,0,0
B4X640,Q93YG7,0.32061068702290074,0.0875,0.0875,0,0,0
B4X640,Q948T6,0.27835051546391754,0.225,0.0875,0,0,0
B4X640,Q94JN3,0.3282442748091603,0.1375,0.1375,0,0,0
B4X640,Q9ATH2,0.30434782608695654,0.1875,0.1875,0,0,0
B4X640,Q9AVK8,0.2605042016806723,0.3625,0.3625,0,0,0
B4X640,Q9AXI0,0.2840909090909091,0.125,0.0625,0,0,0
B4X640,Q9FSG7,0.23577235772357724,0.1375,0.075,0,0,0
B4X640,Q9FSY7,0.1963302752293578,0.225,0.225,0,0,0
B4X640,Q9FUJ9,0.35542168674698793,0.2375,0.1125,0,0,0
B4X640,Q9M5X7,0.2956521739130435,0.0875,0.075,0,0,0
B4X640,Q9M5X8,0.3076923076923077,0.15,0.075,0,0,0
B4X640,Q9M7R0,0.2982456140350877,0.225,0.225,0,0,0
B4X640,Q9SQI9,0.32061068702290074,0.1,0.1,0,0,0
B4X640,Q9XF39,0.3053435114503817,0.1125,0.1125,0,0,0
B4X640,Q9XHP0,0.2178649237472767,0.3125,0.275,0,0,0
B4X640,Q9XHP1,0.31756756756756754,0.1625,0.1,0,0,0
B4X640,Q9XHP2,0.30344827586206896,0.15,0.1125,0,0,0
B4X640,T2DN75,0.2637795275590551,0.1125,0.0875,0,0,0
B4X640,V5XVK5,0.26406926406926406,0.1625,0.1,0,0,0
B4X640,V7AEY9,0.19662921348314608,0.2,0.1875,0,0,0
B4X640,V7B793,0.3467741935483871,0.0875,0.05,0,0,0
B4X640,V7CAE0,0.29375,0.2,0.1875,0,0,0
B4X640,V7CE49,0.3125,0.125,0.125,0,0,0
B4X640,V7CEG9,0.3233082706766917,0.1125,0.0625,0,0,0
B4X640,W5X2N3,0.32124352331606215,0.2,0.1,0,0,0
B4X640,W8PPL3,0.21108179419525067,0.2125,0.2125,0,0,0
B4XID4,B5DGM7,0.25,0.0875,0.0625,0,0,0
B4XID4,B5DGQ7,0.23170731707317074,0.075,0.075,0,0,0
B4XID4,B7P072,0.2483221476510067,0.3,0.25,1,0,0
B4XID4,B7P074,0.36585365853658536,0.1625,0.225,0,0,0
B4XID4,B7SLJ1,0.3353658536585366,0.2625,0.2625,0,0,0
B4XID4,B7SNI3,0.17073170731707318,0.0625,0.0625,0,0,0
B4XID4,B8AL97,0.3231707317073171,0.1375,0.1375,0,0,0
B4XID4,C0HJZ1,0.25,0.0375,0.0375,0,0,0
B4XID4,C0HL99,0.1834862385321101,0.0875,0.0875,0,0,0
B4XID4,C0HM28,0.17073170731707318,0.1125,0.1125,0,0,0
B4XID4,C7A639,0.17682926829268292,0.0875,0.0875,0,0,0
B4XID4,C7E3T4,0.2073170731707317,0.075,0.075,0,0,0
B4XID4,D0E0C7,0.13836477987421383,0.0625,0.0625,0,0,0
B4XID4,D2TE73,0.17682926829268292,0.0875,0.0875,0,0,0
B4XID4,E3SU11,0.21341463414634146,0.0875,0.0625,0,0,0
B4XID4,I0J1J1,0.21951219512195122,0.1125,0.075,0,0,0
B4XID4,O22317,0.25,0.075,0.075,0,0,0
B4XID4,O44119,0.22560975609756098,0.2,0.225,0,0,0
B4XID4,O64458,0.25609756097560976,0.0875,0.0875,0,0,0
B4XID4,O65810,0.20610687022900764,0.0875,0.05,0,0,0
B4XID4,P00698,0.23809523809523808,0.1,0.1,0,0,0
B4XID4,P00711,0.15492957746478872,0.0625,0.0625,0,0,0
B4XID4,P00940,0.20121951219512196,0.0875,0.0875,0,0,0
B4XID4,P01005,0.2073170731707317,0.075,0.075,0,0,0
B4XID4,P01012,0.24390243902439024,0.075,0.075,0,0,0
B4XID4,P01085,0.20967741935483872,0.1,0.1,0,0,0
B4XID4,P02197,0.12987012987012986,0.05,0.05,0,0,0
B4XID4,P02622,0.21238938053097345,0.0625,0.05,0,0,0
B4XID4,P02662,0.18902439024390244,0.0875,0.0875,0,0,0
B4XID4,P02754,0.21341463414634146,0.15,0.125,0,0,0
B4XID4,P02769,0.3048780487804878,0.125,0.125,0,0,0
B4XID4,P02789,0.29878048780487804,0.1,0.1,0,0,0
B4XID4,P04722,0.31097560975609756,0.325,0.275,0,1,0
B4XID4,P07322,0.2682926829268293,0.1125,0.075,0,0,0
B4XID4,P08819,0.25609756097560976,0.0875,0.075,0,0,0
B4XID4,P0C0Y3,0.1984732824427481,0.0875,0.0625,0,0,0
B4XID4,P10184,0.3353658536585366,0.2,0.1125,0,0,0
B4XID4,P11828,0.2865853658536585,0.15,0.15,0,0,0
B4XID4,P12670,0.2073170731707317,0.075,0.075,0,0,0
B4XID4,P13744,0.3170731707317073,0.1875,0.1625,0,0,0
B4XID4,P16348,0.18292682926829268,0.05,0.05,0,0,0
B4XID4,P19121,0.3170731707317073,0.125,0.1125,0,0,0
B4XID4,P24337,0.2875,0.075,0.075,0,0,0
B4XID4,P25974,0.3353658536585366,0.125,0.1,0,0,0
B4XID4,P26987,0.13924050632911392,0.05,0.05,0,0,0
B4XID4,P29835,0.24390243902439024,0.275,0.275,1,0,0
B4XID4,P30941,0.23780487804878048,0.0625,0.0625,0,0,0
B4XID4,P43211,0.1069182389937107,0.075,0.075,0,0,0
B4XID4,P43237,0.3475609756097561,0.2375,0.225,0,0,0
B4XID4,P49231,0.20610687022900764,0.0875,0.05,0,0,0
B4XID4,P50694,0.17682926829268292,0.075,0.0625,0,0,0
B4XID4,P80026,0.1834862385321101,0.15,0.0375,0,0,0
B4XID4,P81370,0.23780487804878048,0.1125,0.0625,0,0,0
B4XID4,P81402,0.2967032967032967,0.0875,0.0875,0,0,0
B4XID4,P84177,0.19083969465648856,0.0625,0.05,0,0,0
B4XID4,P84527,0.21341463414634146,0.1125,0.1125,0,0,0
B4XID4,P85524,0.15333333333333332,0.05,0.0375,0,0,0
B4XID4,P85894,0.21978021978021978,0.05,0.05,0,0,0
B4XID4,P86137,0.2391304347826087,0.0625,0.0625,0,0,0
B4XID4,P86888,0.30158730158730157,0.0875,0.075,0,0,0
B4XID4,P87498,0.4024390243902439,0.1625,0.1625,0,0,0
B4XID4,P93594,0.2682926829268293,0.175,0.175,0,0,0
B4XID4,Q004B5,0.23780487804878048,0.075,0.075,0,0,0
B4XID4,Q01881,0.23125,0.125,0.125,0,0,0
B4XID4,Q0DEV5,0.3231707317073171,0.0875,0.0875,0,0,0
B4XID4,Q2I6V8,0.1125,0.0625,0.0625,0,0,0
B4XID4,Q39453,0.1625,0.1625,0.1625,0,0,0
B4XID4,Q39649,0.3333333333333333,0.3125,0.35,1,0,0
B4XID4,Q41115,0.23780487804878048,0.2125,0.2125,0,0,0
B4XID4,Q41258,0.25757575757575757,0.1875,0.1875,0,0,0
B4XID4,Q45W87,0.15328467153284672,0.0875,0.0875,0,0,0
B4XID4,Q647G3,0.1524390243902439,0.075,0.0625,0,0,0
B4XID4,Q647G5,0.15853658536585366,0.0875,0.0875,0,0,0
B4XID4,Q647G9,0.5517241379310345,0.5375,0.55,1,1,0
B4XID4,Q6TPK4,0.2672413793103448,0.15,0.0875,0,0,0
B4XID4,Q6VT83,0.19745222929936307,0.0375,0.0375,0,0,0
B4XID4,Q7X8H9,0.22012578616352202,0.1125,0.1,0,0,0
B4XID4,Q84T21,0.22012578616352202,0.125,0.125,0,0,0
B4XID4,Q84T91,0.14285714285714285,0.0625,0.0375,0,0,0
B4XID4,Q8GT39,0.1984732824427481,0.0875,0.075,0,0,0
B4XID4,Q8H4L8,0.2484076433121019,0.1875,0.15,0,0,0
B4XID4,Q8L5E0,0.18421052631578946,0.1375,0.1375,0,0,0
B4XID4,Q8S4P9,0.2621951219512195,0.2125,0.2125,0,0,0
B4XID4,Q8SAE7,0.12987012987012986,0.0375,0.0375,0,0,0
B4XID4,Q90YK9,0.21100917431192662,0.15,0.15,0,0,0
B4XID4,Q91482,0.1559633027522936,0.1,0.1,0,0,0
B4XID4,Q93YG7,0.1984732824427481,0.0875,0.0875,0,0,0
B4XID4,Q948T6,0.24390243902439024,0.175,0.0875,0,0,0
B4XID4,Q94JN3,0.1984732824427481,0.125,0.125,0,0,0
B4XID4,Q9ATH2,0.24347826086956523,0.0875,0.0625,0,0,0
B4XID4,Q9AVK8,0.3231707317073171,0.0625,0.0375,0,0,0
B4XID4,Q9AXI0,0.1524390243902439,0.1,0.075,0,0,0
B4XID4,Q9FSG7,0.21951219512195122,0.075,0.075,0,0,0
B4XID4,Q9FSY7,0.2682926829268293,0.1125,0.1,0,0,0
B4XID4,Q9FUJ9,0.14634146341463414,0.075,0.075,0,0,0
B4XID4,Q9M5X7,0.2782608695652174,0.1,0.1,0,0,0
B4XID4,Q9M5X8,0.26495726495726496,0.0875,0.0875,0,0,0
B4XID4,Q9M7R0,0.1951219512195122,0.15,0.15,0,0,0
B4XID4,Q9SQI9,0.16793893129770993,0.0875,0.025,0,0,0
B4XID4,Q9XF39,0.19083969465648856,0.0625,0.05,0,0,0
B4XID4,Q9XHP0,0.34146341463414637,0.1875,0.225,0,0,0
B4XID4,Q9XHP1,0.27702702702702703,0.3375,0.2875,1,0,0
B4XID4,Q9XHP2,0.15862068965517243,0.1,0.0875,0,0,0
B4XID4,T2DN75,0.23170731707317074,0.1125,0.05,0,0,0
B4XID4,V5XVK5,0.22560975609756098,0.0875,0.0625,0,0,0
B4XID4,V7AEY9,0.2682926829268293,0.1125,0.1125,0,0,0
B4XID4,V7B793,0.21774193548387097,0.1625,0.1625,0,0,0
B4XID4,V7CAE0,0.13125,0.075,0.05,0,0,0
B4XID4,V7CE49,0.1375,0.1,0.1,0,0,0
B4XID4,V7CEG9,0.23308270676691728,0.0875,0.0875,0,0,0
B4XID4,W5X2N3,0.22560975609756098,0.1,0.075,0,0,0
B4XID4,W8PPL3,0.18902439024390244,0.1,0.1,0,0,0
B5DGM7,B5DGQ7,0.20385674931129477,0.125,0.1,0,0,0
B5DGM7,B7P072,0.24161073825503357,0.1625,0.1375,0,0,0
B5DGM7,B7P074,0.2231404958677686,0.15,0.15,0,0,0
B5DGM7,B7SLJ1,0.1928374655647383,0.2,0.075,0,0,0
B5DGM7,B7SNI3,0.2768361581920904,0.15,0.15,0,0,0
B5DGM7,B8AL97,0.22038567493112948,0.1,0.1,0,0,0
B5DGM7,C0HJZ1,0.3194444444444444,0.0625,0.0625,0,0,0
B5DGM7,C0HL99,0.3302752293577982,0.1125,0.1125,0,0,0
B5DGM7,C0HM28,0.3254437869822485,0.1875,0.1875,0,0,0
B5DGM7,C7A639,0.25906735751295334,0.1875,0.1875,0,0,0
B5DGM7,C7E3T4,0.19101123595505617,0.15,0.15,0,0,0
B5DGM7,D0E0C7,0.2830188679245283,0.1125,0.0875,0,0,0
B5DGM7,D2TE73,0.26732673267326734,0.1,0.0625,0,0,0
B5DGM7,E3SU11,0.2345132743362832,0.1375,0.1,0,0,0
B5DGM7,I0J1J1,0.18457300275482094,0.1125,0.1,0,0,0
B5DGM7,O22317,0.19705882352941176,0.225,0.225,0,0,0
B5DGM7,O44119,0.19718309859154928,0.15,0.15,0,0,0
B5DGM7,O64458,0.19559228650137742,0.225,0.075,0,0,0
B5DGM7,O65810,0.33587786259541985,0.1625,0.15,0,0,0
B5DGM7,P00698,0.2857142857142857,0.125,0.125,0,0,0
B5DGM7,P00711,0.24647887323943662,0.15,0.15,0,0,0
B5DGM7,P00940,0.23790322580645162,0.1,0.1,0,0,0
B5DGM7,P01005,0.2761904761904762,0.1375,0.1375,0,0,0
B5DGM7,P01012,0.22038567493112948,0.0875,0.05,0,0,0
B5DGM7,P01085,0.31451612903225806,0.175,0.175,0,0,0
B5DGM7,P02197,0.3246753246753247,0.175,0.175,0,0,0
B5DGM7,P02622,0.336283185840708,0.1375,0.1375,0,0,0
B5DGM7,P02662,0.2616822429906542,0.075,0.075,0,0,0
B5DGM7,P02754,0.24157303370786518,0.15,0.2375,0,0,0
B5DGM7,P02769,0.2644628099173554,0.175,0.0875,0,0,0
B5DGM7,P02789,0.2865013774104683,0.125,0.125,0,0,0
B5DGM7,P04722,0.16494845360824742,0.125,0.125,0,0,0
B5DGM7,P07322,0.22038567493112948,0.15,0.0625,0,0,0
B5DGM7,P08819,0.21212121212121213,0.1375,0.0625,0,0,0
B5DGM7,P0C0Y3,0.2824427480916031,0.125,0.05,0,0,0
B5DGM7,P10184,0.2369146005509642,0.2125,0.15,0,0,0
B5DGM7,P11828,0.21487603305785125,0.125,0.0875,0,0,0
B5DGM7,P12670,0.2388663967611336,0.1,0.1,0,0,0
B5DGM7,P13744,0.22589531680440772,0.25,0.25,0,0,0
B5DGM7,P16348,0.2925531914893617,0.2375,0.1125,0,0,0
B5DGM7,P19121,0.24517906336088155,0.225,0.1,0,0,0
B5DGM7,P24337,0.3125,0.175,0.175,0,0,0
B5DGM7,P25974,0.18457300275482094,0.1125,0.05,0,0,0
B5DGM7,P26987,0.33544303797468356,0.1625,0.0625,0,0,0
B5DGM7,P29835,0.23118279569892472,0.0875,0.075,0,0,0
B5DGM7,P30941,0.23076923076923078,0.125,0.125,0,0,0
B5DGM7,P43211,0.27672955974842767,0.1625,0.1625,0,0,0
B5DGM7,P43237,0.2396694214876033,0.125,0.0875,0,0,0
B5DGM7,P49231,0.2824427480916031,0.1375,0.1375,0,0,0
B5DGM7,P50694,0.23673469387755103,0.15,0.0875,0,0,0
B5DGM7,P80026,0.3302752293577982,0.175,0.125,0,0,0
B5DGM7,P81370,0.2577777777777778,0.1375,0.1375,0,0,0
B5DGM7,P81402,0.42857142857142855,0.1875,0.1875,0,0,0
B5DGM7,P84177,0.26717557251908397,0.125,0.0875,0,0,0
B5DGM7,P84527,0.24413145539906103,0.175,0.0875,0,0,0
B5DGM7,P85524,0.25333333333333335,0.15,0.15,0,0,0
B5DGM7,P85894,0.32967032967032966,0.1,0.075,0,0,0
B5DGM7,P86137,0.3804347826086957,0.1625,0.1625,0,0,0
B5DGM7,P86888,0.38095238095238093,0.1125,0.1125,0,0,0
B5DGM7,P87498,0.349862258953168,0.2375,0.225,0,0,0
B5DGM7,P93594,0.25068870523415976,0.15,0.0625,0,0,0
B5DGM7,Q004B5,0.19101123595505617,0.1625,0.15,0,0,0
B5DGM7,Q01881,0.28125,0.1375,0.1,0,0,0
B5DGM7,Q0DEV5,0.2699724517906336,0.1625,0.1625,0,0,0
B5DGM7,Q2I6V8,0.30625,0.175,0.175,0,0,0
B5DGM7,Q39453,0.34375,0.125,0.125,0,0,0
B5DGM7,Q39649,0.3475177304964539,0.1625,0.075,0,0,0
B5DGM7,Q41115,0.2231404958677686,0.225,0.225,0,0,0
B5DGM7,Q41258,0.25,0.05,0.05,0,0,0
B5DGM7,Q45W87,0.30656934306569344,0.125,0.125,0,0,0
B5DGM7,Q647G3,0.25903614457831325,0.1625,0.075,0,0,0
B5DGM7,Q647G5,0.27218934911242604,0.125,0.075,0,0,0
B5DGM7,Q647G9,0.296551724137931,0.0875,0.0625,0,0,0
B5DGM7,Q6TPK4,0.2672413793103448,0.1,0.075,0,0,0
B5DGM7,Q6VT83,0.3184713375796178,0.125,0.075,0,0,0
B5DGM7,Q7X8H9,0.3081761006289308,0.1625,0.1125,0,0,0
B5DGM7,Q84T21,0.27672955974842767,0.1,0.075,0,0,0
B5DGM7,Q84T91,0.3,0.1625,0.0875,0,0,0
B5DGM7,Q8GT39,0.29770992366412213,0.1375,0.1375,0,0,0
B5DGM7,Q8H4L8,0.31210191082802546,0.1625,0.1625,0,0,0
B5DGM7,Q8L5E0,0.32894736842105265,0.175,0.175,0,0,0
B5DGM7,Q8S4P9,0.22589531680440772,0.2125,0.2125,0,0,0
B5DGM7,Q8SAE7,0.34415584415584416,0.15,0.1125,0,0,0
B5DGM7,Q90YK9,0.3577981651376147,0.1625,0.1625,0,0,0
B5DGM7,Q91482,0.3486238532110092,0.2125,0.2125,0,0,0
B5DGM7,Q93YG7,0.2824427480916031,0.0875,0.0625,0,0,0
B5DGM7,Q948T6,0.1958762886597938,0.175,0.175,0,0,0
B5DGM7,Q94JN3,0.3053435114503817,0.175,0.175,0,0,0
B5DGM7,Q9ATH2,0.33043478260869563,0.1875,0.0625,0,0,0
B5DGM7,Q9AVK8,0.2066115702479339,0.125,0.1,0,0,0
B5DGM7,Q9AXI0,0.2727272727272727,0.125,0.125,0,0,0
B5DGM7,Q9FSG7,0.26422764227642276,0.1125,0.1,0,0,0
B5DGM7,Q9FSY7,0.2644628099173554,0.2,0.2,0,0,0
B5DGM7,Q9FUJ9,0.26506024096385544,0.1125,0.0875,0,0,0
B5DGM7,Q9M5X7,0.34782608695652173,0.2375,0.2375,0,0,0
B5DGM7,Q9M5X8,0.3504273504273504,0.1875,0.1875,0,0,0
B5DGM7,Q9M7R0,0.2631578947368421,0.1875,0.1875,0,0,0
B5DGM7,Q9SQI9,0.2748091603053435,0.125,0.0875,0,0,0
B5DGM7,Q9XF39,0.26717557251908397,0.125,0.1125,0,0,0
B5DGM7,Q9XHP0,0.209366391184573,0.15,0.0625,0,0,0
B5DGM7,Q9XHP1,0.2635135135135135,0.0875,0.075,0,0,0
B5DGM7,Q9XHP2,0.27586206896551724,0.1,0.075,0,0,0
B5DGM7,T2DN75,0.24015748031496062,0.1625,0.1625,0,0,0
B5DGM7,V5XVK5,0.20346320346320346,0.1625,0.1625,0,0,0
B5DGM7,V7AEY9,0.18258426966292135,0.2125,0.2125,0,0,0
B5DGM7,V7B793,0.33064516129032256,0.0875,0.0875,0,0,0
B5DGM7,V7CAE0,0.2875,0.125,0.125,0,0,0
B5DGM7,V7CE49,0.3125,0.075,0.05,0,0,0
B5DGM7,V7CEG9,0.3007518796992481,0.125,0.075,0,0,0
B5DGM7,W5X2N3,0.2538860103626943,0.1125,0.1125,0,0,0
B5DGM7,W8PPL3,0.17355371900826447,0.2125,0.2125,0,0,0
B5DGQ7,B7P072,0.22818791946308725,0.1,0.1,0,0,0
B5DGQ7,B7P074,0.19815668202764977,0.1625,0.1,0,0,0
B5DGQ7,B7SLJ1,0.20046082949308755,0.1625,0.1625,0,0,0
B5DGQ7,B7SNI3,0.3050847457627119,0.1375,0.125,0,0,0
B5DGQ7,B8AL97,0.18433179723502305,0.1875,0.1,0,0,0
B5DGQ7,C0HJZ1,0.4305555555555556,0.1375,0.1375,0,0,0
B5DGQ7,C0HL99,0.3669724770642202,0.1375,0.0625,0,0,0
B5DGQ7,C0HM28,0.3136094674556213,0.125,0.1,0,0,0
B5DGQ7,C7A639,0.32642487046632124,0.15,0.275,0,0,0
B5DGQ7,C7E3T4,0.24719101123595505,0.225,0.1,0,0,0
B5DGQ7,D0E0C7,0.33962264150943394,0.2,0.1875,0,0,0
B5DGQ7,D2TE73,0.27722772277227725,0.1875,0.1375,0,0,0
B5DGQ7,E3SU11,0.26548672566371684,0.1,0.05,0,0,0
B5DGQ7,I0J1J1,0.8194444444444444,0.925,0.925,1,194,163
B5DGQ7,O22317,0.21176470588235294,0.1375,0.125,0,0,0
B5DGQ7,O44119,0.2323943661971831,0.1375,0.1125,0,0,0
B5DGQ7,O64458,0.17941952506596306,0.1875,0.1875,0,0,0
B5DGQ7,O65810,0.3282442748091603,0.1375,0.1375,0,0,0
B5DGQ7,P00698,0.3129251700680272,0.125,0.075,0,0,0
B5DGQ7,P00711,0.28169014084507044,0.2125,0.1125,0,0,0
B5DGQ7,P00940,0.2903225806451613,0.1375,0.1375,0,0,0
B5DGQ7,P01005,0.28095238095238095,0.1875,0.1,0,0,0
B5DGQ7,P01012,0.19170984455958548,0.1375,0.2,0,0,0
B5DGQ7,P01085,0.3064516129032258,0.1125,0.1125,0,0,0
B5DGQ7,P02197,0.35714285714285715,0.1875,0.075,0,0,0
B5DGQ7,P02622,0.37168141592920356,0.15,0.15,0,0,0
B5DGQ7,P02662,0.2616822429906542,0.125,0.125,0,0,0
B5DGQ7,P02754,0.2808988764044944,0.1125,0.05,0,0,0
B5DGQ7,P02769,0.22811059907834103,0.1125,0.1,0,0,0
B5DGQ7,P02789,0.21428571428571427,0.2625,0.125,0,0,0
B5DGQ7,P04722,0.16494845360824742,0.1125,0.0875,0,0,0
B5DGQ7,P07322,0.8110599078341014,0.975,0.975,1,176,144
B5DGQ7,P08819,0.20967741935483872,0.1375,0.0625,0,0,0
B5DGQ7,P0C0Y3,0.37404580152671757,0.1375,0.1125,0,0,0
B5DGQ7,P10184,0.195852534562212,0.2,0.075,0,0,0
B5DGQ7,P11828,0.18663594470046083,0.1375,0.125,0,0,0
B5DGQ7,P12670,0.25101214574898784,0.1,0.0625,0,0,0
B5DGQ7,P13744,0.1889400921658986,0.15,0.225,0,0,0
B5DGQ7,P16348,0.26063829787234044,0.1625,0.1125,0,0,0
B5DGQ7,P19121,0.22119815668202766,0.2375,0.2,0,0,0
B5DGQ7,P24337,0.3125,0.1,0.0625,0,0,0
B5DGQ7,P25974,0.1543778801843318,0.25,0.175,0,0,0
B5DGQ7,P26987,0.3037974683544304,0.225,0.2125,0,0,0
B5DGQ7,P29835,0.25268817204301075,0.1125,0.0875,0,0,0
B5DGQ7,P30941,0.2850678733031674,0.225,0.25,0,0,0
B5DGQ7,P43211,0.3710691823899371,0.1875,0.225,0,0,0
B5DGQ7,P43237,0.2350230414746544,0.2125,0.1,0,0,0
B5DGQ7,P49231,0.3511450381679389,0.125,0.05,0,0,0
B5DGQ7,P50694,0.22857142857142856,0.1875,0.15,0,0,0
B5DGQ7,P80026,0.3853211009174312,0.15,0.075,0,0,0
B5DGQ7,P81370,0.2577777777777778,0.15,0.0625,0,0,0
B5DGQ7,P81402,0.2967032967032967,0.1625,0.1125,0,0,0
B5DGQ7,P84177,0.35877862595419846,0.1375,0.125,0,0,0
B5DGQ7,P84527,0.2676056338028169,0.2125,0.1375,0,0,0
B5DGQ7,P85524,0.28,0.1625,0.1,0,0,0
B5DGQ7,P85894,0.32967032967032966,0.15,0.1125,0,0,0
B5DGQ7,P86137,0.3695652173913043,0.1625,0.1625,0,0,0
B5DGQ7,P86888,0.31746031746031744,0.1,0.0625,0,0,0
B5DGQ7,P87498,0.29493087557603687,0.2,0.1375,0,0,0
B5DGQ7,P93594,0.20967741935483872,0.1625,0.1625,0,0,0
B5DGQ7,Q004B5,0.21348314606741572,0.2,0.1,0,0,0
B5DGQ7,Q01881,0.275,0.15,0.15,0,0,0
B5DGQ7,Q0DEV5,0.2465437788018433,0.2625,0.2,0,0,0
B5DGQ7,Q2I6V8,0.3125,0.2875,0.1875,0,0,0
B5DGQ7,Q39453,0.28125,0.15,0.15,0,0,0
B5DGQ7,Q39649,0.3191489361702128,0.075,0.075,0,0,0
B5DGQ7,Q41115,0.1744186046511628,0.225,0.2,0,0,0
B5DGQ7,Q41258,0.2878787878787879,0.125,0.125,0,0,0
B5DGQ7,Q45W87,0.3357664233576642,0.1125,0.05,0,0,0
B5DGQ7,Q647G3,0.30120481927710846,0.1125,0.075,0,0,0
B5DGQ7,Q647G5,0.378698224852071,0.1625,0.1125,0,0,0
B5DGQ7,Q647G9,0.2827586206896552,0.15,0.15,0,0,0
B5DGQ7,Q6TPK4,0.31896551724137934,0.175,0.1,0,0,0
B5DGQ7,Q6VT83,0.3057324840764331,0.2,0.125,0,0,0
B5DGQ7,Q7X8H9,0.29559748427672955,0.1125,0.1,0,0,0
B5DGQ7,Q84T21,0.3270440251572327,0.1,0.1,0,0,0
B5DGQ7,Q84T91,0.3357142857142857,0.0875,0.075,0,0,0
B5DGQ7,Q8GT39,0.3816793893129771,0.1375,0.1125,0,0,0
B5DGQ7,Q8H4L8,0.2802547770700637,0.1125,0.0625,0,0,0
B5DGQ7,Q8L5E0,0.35526315789473684,0.1125,0.075,0,0,0
B5DGQ7,Q8S4P9,0.17972350230414746,0.225,0.225,0,0,0
B5DGQ7,Q8SAE7,0.2532467532467532,0.1625,0.1625,0,0,0
B5DGQ7,Q90YK9,0.3669724770642202,0.1125,0.0875,0,0,0
B5DGQ7,Q91482,0.3577981651376147,0.1125,0.0625,0,0,0
B5DGQ7,Q93YG7,0.4122137404580153,0.1375,0.1375,0,0,0
B5DGQ7,Q948T6,0.2542955326460481,0.1875,0.1875,0,0,0
B5DGQ7,Q94JN3,0.35877862595419846,0.1375,0.05,0,0,0
B5DGQ7,Q9ATH2,0.3130434782608696,0.0875,0.0875,0,0,0
B5DGQ7,Q9AVK8,0.1889400921658986,0.2,0.2,0,0,0
B5DGQ7,Q9AXI0,0.32954545454545453,0.1125,0.0875,0,0,0
B5DGQ7,Q9FSG7,0.22357723577235772,0.1,0.05,0,0,0
B5DGQ7,Q9FSY7,0.26497695852534564,0.3,0.3,0,0,0
B5DGQ7,Q9FUJ9,0.3132530120481928,0.1875,0.1875,0,0,0
B5DGQ7,Q9M5X7,0.3217391304347826,0.1375,0.1125,0,0,0
B5DGQ7,Q9M5X8,0.2905982905982906,0.1625,0.1625,0,0,0
B5DGQ7,Q9M7R0,0.29239766081871343,0.15,0.1,0,0,0
B5DGQ7,Q9SQI9,0.366412213740458,0.1375,0.1,0,0,0
B5DGQ7,Q9XF39,0.3893129770992366,0.1375,0.125,0,0,0
B5DGQ7,Q9XHP0,0.1774193548387097,0.2125,0.2125,0,0,0
B5DGQ7,Q9XHP1,0.22297297297297297,0.1625,0.1625,0,0,0
B5DGQ7,Q9XHP2,0.3103448275862069,0.125,0.05,0,0,0
B5DGQ7,T2DN75,0.24803149606299213,0.1125,0.0875,0,0,0
B5DGQ7,V5XVK5,0.26406926406926406,0.1,0.075,0,0,0
B5DGQ7,V7AEY9,0.2443820224719101,0.1875,0.1,0,0,0
B5DGQ7,V7B793,0.3064516129032258,0.1625,0.1625,0,0,0
B5DGQ7,V7CAE0,0.4125,0.15,0.15,0,0,0
B5DGQ7,V7CE49,0.33125,0.1375,0.1,0,0,0
B5DGQ7,V7CEG9,0.2706766917293233,0.0875,0.0875,0,0,0
B5DGQ7,W5X2N3,0.23834196891191708,0.1375,0.1375,0,0,0
B5DGQ7,W8PPL3,0.23218997361477572,0.2125,0.2,0,0,0
B7P072,B7P074,0.3087248322147651,0.2125,0.1375,0,0,0
B7P072,B7SLJ1,0.348993288590604,0.2125,0.2125,0,1,0
B7P072,B7SNI3,0.1610738255033557,0.2625,0.075,0,0,0
B7P072,B8AL97,0.35570469798657717,0.1875,0.1875,0,0,0
B7P072,C0HJZ1,0.3333333333333333,0.075,0.075,0,0,0
B7P072,C0HL99,0.1651376146788991,0.075,0.075,0,0,0
B7P072,C0HM28,0.18120805369127516,0.0875,0.0875,0,0,0
B7P072,C7A639,0.21476510067114093,0.1125,0.05,0,0,0
B7P072,C7E3T4,0.22818791946308725,0.0625,0.05,0,0,0
B7P072,D0E0C7,0.12751677852348994,0.1,0.1,0,0,0
B7P072,D2TE73,0.2550335570469799,0.0625,0.0625,0,0,0
B7P072,E3SU11,0.2483221476510067,0.0875,0.075,0,0,0
B7P072,I0J1J1,0.26174496644295303,0.0875,0.075,0,0,0
B7P072,O22317,0.28187919463087246,0.1,0.1,0,0,0
B7P072,O44119,0.2214765100671141,0.225,0.2375,0,0,0
B7P072,O64458,0.2953020134228188,0.2125,0.2125,0,0,0
B7P072,O65810,0.17557251908396945,0.075,0.075,0,0,0
B7P072,P00698,0.20408163265306123,0.0875,0.0875,0,0,0
B7P072,P00711,0.16901408450704225,0.0625,0.0625,0,0,0
B7P072,P00940,0.2214765100671141,0.075,0.075,0,0,0
B7P072,P01005,0.2348993288590604,0.0625,0.0625,0,0,0
B7P072,P01012,0.28859060402684567,0.1625,0.1625,0,0,0
B7P072,P01085,0.20967741935483872,0.2,0.2,0,0,0
B7P072,P02197,0.19463087248322147,0.1375,0.1375,0,0,0
B7P072,P02622,0.17699115044247787,0.125,0.0625,0,0,0
B7P072,P02662,0.22818791946308725,0.1125,0.175,0,0,0
B7P072,P02754,0.21476510067114093,0.0625,0.0625,0,0,0
B7P072,P02769,0.3624161073825503,0.175,0.175,0,0,0
B7P072,P02789,0.33557046979865773,0.1125,0.1,0,0,0
B7P072,P04722,0.30201342281879195,0.325,0.2625,0,0,0
B7P072,P07322,0.2751677852348993,0.1,0.0625,0,0,0
B7P072,P08819,0.28187919463087246,0.15,0.15,0,0,0
B7P072,P0C0Y3,0.1450381679389313,0.075,0.0625,0,0,0
B7P072,P10184,0.35570469798657717,0.1125,0.1125,0,0,0
B7P072,P11828,0.3288590604026846,0.1125,0.1125,0,1,0
B7P072,P12670,0.2214765100671141,0.1125,0.1125,0,0,0
B7P072,P13744,0.28859060402684567,0.125,0.1,0,0,0
B7P072,P16348,0.16778523489932887,0.0625,0.0625,0,0,0
B7P072,P19121,0.35570469798657717,0.175,0.175,0,0,0
B7P072,P24337,0.175,0.1125,0.1125,0,0,0
B7P072,P25974,0.348993288590604,0.2125,0.0875,0,0,0
B7P072,P26987,0.1476510067114094,0.0625,0.0625,0,0,0
B7P072,P29835,0.28187919463087246,0.35,0.3,1,0,0
B7P072,P30941,0.1610738255033557,0.0625,0.0625,0,0,0
B7P072,P43211,0.2080536912751678,0.05,0.0375,0,0,0
B7P072,P43237,0.3422818791946309,0.125,0.125,0,0,0
B7P072,P49231,0.1450381679389313,0.075,0.05,0,0,0
B7P072,P50694,0.2214765100671141,0.15,0.15,0,0,0
B7P072,P80026,0.1926605504587156,0.175,0.175,0,0,0
B7P072,P81370,0.2483221476510067,0.1125,0.075,0,0,0
B7P072,P81402,0.24175824175824176,0.0875,0.0875,0,0,0
B7P072,P84177,0.1450381679389313,0.1,0.1,0,0,0
B7P072,P84527,0.26174496644295303,0.1375,0.1375,0,0,0
B7P072,P85524,0.21476510067114093,0.1,0.1,0,0,0
B7P072,P85894,0.27472527472527475,0.1125,0.1125,0,0,0
B7P072,P86137,0.2608695652173913,0.1125,0.1125,0,0,0
B7P072,P86888,0.2857142857142857,0.1,0.1,0,0,0
B7P072,P87498,0.4228187919463087,0.275,0.275,0,0,0
B7P072,P93594,0.22818791946308725,0.1375,0.1375,0,0,0
B7P072,Q004B5,0.26174496644295303,0.0625,0.05,0,0,0
B7P072,Q01881,0.2751677852348993,0.2625,0.2625,0,0,0
B7P072,Q0DEV5,0.30201342281879195,0.075,0.075,0,0,0
B7P072,Q2I6V8,0.1476510067114094,0.075,0.05,0,0,0
B7P072,Q39453,0.2080536912751678,0.15,0.15,0,0,0
B7P072,Q39649,0.3333333333333333,0.325,0.325,1,0,0
B7P072,Q41115,0.22818791946308725,0.1875,0.1375,0,0,0
B7P072,Q41258,0.20454545454545456,0.2,0.0875,0,0,0
B7P072,Q45W87,0.13138686131386862,0.0625,0.05,0,0,0
B7P072,Q647G3,0.1342281879194631,0.075,0.075,0,0,0
B7P072,Q647G5,0.1342281879194631,0.1375,0.1125,0,0,0
B7P072,Q647G9,0.2827586206896552,0.3,0.275,1,0,0
B7P072,Q6TPK4,0.22413793103448276,0.1,0.0875,0,0,0
B7P072,Q6VT83,0.16778523489932887,0.05,0.05,0,0,0
B7P072,Q7X8H9,0.2483221476510067,0.25,0.25,0,0,0
B7P072,Q84T21,0.174496644295302,0.125,0.125,0,0,0
B7P072,Q84T91,0.16428571428571428,0.0625,0.0625,0,0,0
B7P072,Q8GT39,0.15267175572519084,0.075,0.0625,0,0,0
B7P072,Q8H4L8,0.24161073825503357,0.2375,0.2375,0,0,0
B7P072,Q8L5E0,0.19463087248322147,0.0625,0.0375,0,0,0
B7P072,Q8S4P9,0.26174496644295303,0.225,0.225,0,0,0
B7P072,Q8SAE7,0.174496644295302,0.0625,0.0625,0,0,0
B7P072,Q90YK9,0.2018348623853211,0.0875,0.0875,0,0,0
B7P072,Q91482,0.1926605504587156,0.1375,0.1375,0,0,0
B7P072,Q93YG7,0.1297709923664122,0.075,0.075,0,0,0
B7P072,Q948T6,0.2080536912751678,0.0875,0.0375,0,0,0
B7P072,Q94JN3,0.183206106870229,0.1,0.1,0,0,0
B7P072,Q9ATH2,0.2608695652173913,0.1125,0.1125,0,0,0
B7P072,Q9AVK8,0.33557046979865773,0.1625,0.1625,0,0,0
B7P072,Q9AXI0,0.174496644295302,0.1,0.1,0,0,0
B7P072,Q9FSG7,0.2348993288590604,0.1125,0.1125,0,0,0
B7P072,Q9FSY7,0.348993288590604,0.2125,0.2,0,0,0
B7P072,Q9FUJ9,0.14093959731543623,0.1,0.1,0,0,0
B7P072,Q9M5X7,0.24347826086956523,0.075,0.05,0,0,0
B7P072,Q9M5X8,0.24786324786324787,0.1125,0.1125,0,0,0
B7P072,Q9M7R0,0.20134228187919462,0.075,0.075,0,0,0
B7P072,Q9SQI9,0.16793893129770993,0.075,0.075,0,0,0
B7P072,Q9XF39,0.17557251908396945,0.1,0.1,0,0,0
B7P072,Q9XHP0,0.2953020134228188,0.1875,0.1375,0,0,0
B7P072,Q9XHP1,0.2905405405405405,0.3375,0.3375,1,0,0
B7P072,Q9XHP2,0.13793103448275862,0.0875,0.0875,0,0,0
B7P072,T2DN75,0.2550335570469799,0.1125,0.05,0,0,0
B7P072,V5XVK5,0.2080536912751678,0.075,0.075,0,0,0
B7P072,V7AEY9,0.2684563758389262,0.1,0.075,0,0,0
B7P072,V7B793,0.2661290322580645,0.225,0.225,0,0,0
B7P072,V7CAE0,0.174496644295302,0.1625,0.0875,0,0,0
B7P072,V7CE49,0.18120805369127516,0.1,0.1,0,0,0
B7P072,V7CEG9,0.20300751879699247,0.075,0.075,0,0,0
B7P072,W5X2N3,0.18120805369127516,0.1375,0.1375,0,0,0
B7P072,W8PPL3,0.2348993288590604,0.1375,0.1375,0,0,0
B7P074,B7SLJ1,0.5508474576271186,0.7125,0.7,1,20,9
B7P074,B7SNI3,0.2711864406779661,0.1375,0.1,0,0,0
B7P074,B8AL97,0.2127659574468085,0.375,0.25,0,0,0
B7P074,C0HJZ1,0.3194444444444444,0.075,0.0625,0,0,0
B7P074,C0HL99,0.3211009174311927,0.2375,0.1125,0,0,0
B7P074,C0HM28,0.2958579881656805,0.1625,0.125,0,0,0
B7P074,C7A639,0.3160621761658031,0.1375,0.1,0,0,0
B7P074,C7E3T4,0.2303370786516854,0.2875,0.275,0,0,0
B7P074,D0E0C7,0.2641509433962264,0.1125,0.0625,0,0,0
B7P074,D2TE73,0.26732673267326734,0.1625,0.1125,0,0,0
B7P074,E3SU11,0.27876106194690264,0.1,0.0625,0,0,0
B7P074,I0J1J1,0.1736111111111111,0.1625,0.1625,0,0,0
B7P074,O22317,0.21764705882352942,0.225,0.1375,0,0,0
B7P074,O44119,0.22183098591549297,0.2625,0.175,0,0,0
B7P074,O64458,0.19788918205804748,0.175,0.175,0,0,0
B7P074,O65810,0.31297709923664124,0.175,0.075,0,0,0
B7P074,P00698,0.36054421768707484,0.15,0.125,0,0,0
B7P074,P00711,0.323943661971831,0.1375,0.1,0,0,0
B7P074,P00940,0.23790322580645162,0.125,0.075,0,0,0
B7P074,P01005,0.2904761904761905,0.1,0.0625,0,0,0
B7P074,P01012,0.20466321243523317,0.15,0.1,0,0,0
B7P074,P01085,0.3387096774193548,0.1,0.1,0,0,0
B7P074,P02197,0.33116883116883117,0.225,0.225,0,0,0
B7P074,P02622,0.30973451327433627,0.2125,0.125,0,0,0
B7P074,P02662,0.308411214953271,0.2375,0.125,0,0,0
B7P074,P02754,0.24157303370786518,0.1,0.0875,0,0,0
B7P074,P02769,0.2076271186440678,0.2375,0.2375,0,0,0
B7P074,P02789,0.24152542372881355,0.25,0.0875,0,0,0
B7P074,P04722,0.2542955326460481,0.25,0.15,0,0,0
B7P074,P07322,0.20276497695852536,0.2,0.15,0,0,0
B7P074,P08819,0.14864864864864866,0.175,0.175,0,0,0
B7P074,P0C0Y3,0.3435114503816794,0.275,0.1125,0,0,0
B7P074,P10184,0.1906779661016949,0.2625,0.2625,0,0,0
B7P074,P11828,0.451271186440678,0.5625,0.5625,1,3,0
B7P074,P12670,0.25101214574898784,0.15,0.15,0,0,0
B7P074,P13744,0.5021186440677966,0.6125,0.6125,1,3,0
B7P074,P16348,0.30319148936170215,0.1125,0.1125,0,0,0
B7P074,P19121,0.1864406779661017,0.1375,0.1375,0,0,0
B7P074,P24337,0.35,0.0875,0.0375,0,0,0
B7P074,P25974,0.23006833712984054,0.275,0.2875,0,0,0
B7P074,P26987,0.3037974683544304,0.1375,0.1375,0,0,0
B7P074,P29835,0.24193548387096775,0.1125,0.075,0,0,0
B7P074,P30941,0.29411764705882354,0.125,0.125,0,0,0
B7P074,P43211,0.31446540880503143,0.225,0.225,0,0,0
B7P074,P43237,0.25,0.325,0.2875,0,0,0
B7P074,P49231,0.31297709923664124,0.1,0.1,0,0,0
B7P074,P50694,0.22448979591836735,0.1,0.0875,0,0,0
B7P074,P80026,0.3302752293577982,0.1,0.0875,0,0,0
B7P074,P81370,0.27555555555555555,0.125,0.1,0,0,0
B7P074,P81402,0.3956043956043956,0.125,0.125,0,0,0
B7P074,P84177,0.2824427480916031,0.15,0.15,0,0,0
B7P074,P84527,0.29107981220657275,0.15,0.075,0,0,0
B7P074,P85524,0.30666666666666664,0.1125,0.1,0,0,0
B7P074,P85894,0.3076923076923077,0.175,0.175,0,0,0
B7P074,P86137,0.3695652173913043,0.125,0.1,0,0,0
B7P074,P86888,0.3333333333333333,0.0875,0.0375,0,0,0
B7P074,P87498,0.3347457627118644,0.225,0.175,0,0,0
B7P074,P93594,0.1694915254237288,0.1625,0.1625,0,0,0
B7P074,Q004B5,0.22191011235955055,0.2875,0.275,0,0,0
B7P074,Q01881,0.30625,0.175,0.1375,0,0,0
B7P074,Q0DEV5,0.19279661016949154,0.2375,0.2375,0,0,0
B7P074,Q2I6V8,0.31875,0.2875,0.175,0,0,0
B7P074,Q39453,0.3,0.2125,0.25,0,0,0
B7P074,Q39649,0.3333333333333333,0.1625,0.1125,0,0,0
B7P074,Q41115,0.2534883720930233,0.3125,0.3,0,0,0
B7P074,Q41258,0.30303030303030304,0.0875,0.05,0,0,0
B7P074,Q45W87,0.35766423357664234,0.1125,0.1125,0,0,0
B7P074,Q647G3,0.3072289156626506,0.1,0.0875,0,0,0
B7P074,Q647G5,0.31952662721893493,0.175,0.1,0,0,0
B7P074,Q647G9,0.2689655172413793,0.15,0.0875,0,0,0
B7P074,Q6TPK4,0.35344827586206895,0.2375,0.2125,0,0,0
B7P074,Q6VT83,0.2929936305732484,0.15,0.1125,0,0,0
B7P074,Q7X8H9,0.27044025157232704,0.1,0.1,0,0,0
B7P074,Q84T21,0.3333333333333333,0.175,0.175,0,0,0
B7P074,Q84T91,0.2571428571428571,0.1,0.1,0,0,0
B7P074,Q8GT39,0.3282442748091603,0.275,0.1125,0,0,0
B7P074,Q8H4L8,0.25477707006369427,0.15,0.15,0,0,0
B7P074,Q8L5E0,0.3026315789473684,0.0875,0.0875,0,0,0
B7P074,Q8S4P9,0.19196428571428573,0.225,0.225,0,0,0
B7P074,Q8SAE7,0.3181818181818182,0.1625,0.1375,0,0,0
B7P074,Q90YK9,0.3302752293577982,0.1125,0.1125,0,0,0
B7P074,Q91482,0.3119266055045872,0.1,0.1,0,0,0
B7P074,Q93YG7,0.2824427480916031,0.15,0.15,0,0,0
B7P074,Q948T6,0.18900343642611683,0.15,0.15,0,0,0
B7P074,Q94JN3,0.31297709923664124,0.2,0.2,0,0,0
B7P074,Q9ATH2,0.3217391304347826,0.0875,0.0875,0,0,0
B7P074,Q9AVK8,0.2076271186440678,0.3375,0.325,0,0,0
B7P074,Q9AXI0,0.29545454545454547,0.175,0.125,0,0,0
B7P074,Q9FSG7,0.2073170731707317,0.125,0.0875,0,0,0
B7P074,Q9FSY7,0.21398305084745764,0.2875,0.2875,0,0,0
B7P074,Q9FUJ9,0.28313253012048195,0.075,0.0625,0,0,0
B7P074,Q9M5X7,0.3217391304347826,0.125,0.125,0,0,0
B7P074,Q9M5X8,0.358974358974359,0.15,0.15,0,0,0
B7P074,Q9M7R0,0.30994152046783624,0.15,0.0875,0,0,0
B7P074,Q9SQI9,0.2900763358778626,0.2375,0.2375,0,0,0
B7P074,Q9XF39,0.3053435114503817,0.175,0.1,0,0,0
B7P074,Q9XHP0,0.4139433551198257,0.525,0.5,1,6,4
B7P074,Q9XHP1,0.2905405405405405,0.1875,0.0875,0,0,0
B7P074,Q9XHP2,0.30344827586206896,0.1,0.075,0,0,0
B7P074,T2DN75,0.2559055118110236,0.1,0.05,0,0,0
B7P074,V5XVK5,0.24675324675324675,0.1625,0.0625,0,0,0
B7P074,V7AEY9,0.3061797752808989,0.3875,0.3875,1,0,0
B7P074,V7B793,0.27419354838709675,0.0875,0.0875,0,0,0
B7P074,V7CAE0,0.28125,0.15,0.15,0,0,0
B7P074,V7CE49,0.3375,0.125,0.125,0,0,0
B7P074,V7CEG9,0.37593984962406013,0.125,0.125,0,0,0
B7P074,W5X2N3,0.25906735751295334,0.1375,0.0625,0,0,0
B7P074,W8PPL3,0.1820580474934037,0.1125,0.1,0,0,0
B7SLJ1,B7SNI3,0.3333333333333333,0.15,0.15,0,0,0
B7SLJ1,B8AL97,0.20425531914893616,0.275,0.2375,0,0,0
B7SLJ1,C0HJZ1,0.2916666666666667,0.1,0.0625,0,0,0
B7SLJ1,C0HL99,0.3302752293577982,0.1875,0.1875,0,0,0
B7SLJ1,C0HM28,0.3136094674556213,0.225,0.225,0,0,0
B7SLJ1,C7A639,0.3005181347150259,0.2,0.0875,0,0,0
B7SLJ1,C7E3T4,0.21348314606741572,0.1875,0.15,0,0,0
B7SLJ1,D0E0C7,0.2830188679245283,0.125,0.075,0,0,0
B7SLJ1,D2TE73,0.2524752475247525,0.0875,0.0875,0,0,0
B7SLJ1,E3SU11,0.252212389380531,0.25,0.25,0,0,0
B7SLJ1,I0J1J1,0.19675925925925927,0.1,0.1,0,1,0
B7SLJ1,O22317,0.23823529411764705,0.1625,0.1375,0,0,0
B7SLJ1,O44119,0.2323943661971831,0.225,0.225,0,0,0
B7SLJ1,O64458,0.19788918205804748,0.15,0.1375,0,0,0
B7SLJ1,O65810,0.3282442748091603,0.125,0.075,0,0,0
B7SLJ1,P00698,0.2789115646258503,0.1,0.0625,0,0,0
B7SLJ1,P00711,0.3028169014084507,0.1125,0.075,0,0,0
B7SLJ1,P00940,0.2540322580645161,0.1125,0.0875,0,0,0
B7SLJ1,P01005,0.2619047619047619,0.1625,0.1625,0,0,0
B7SLJ1,P01012,0.21502590673575128,0.125,0.075,0,0,0
B7SLJ1,P01085,0.3870967741935484,0.075,0.0625,0,0,0
B7SLJ1,P02197,0.33116883116883117,0.0875,0.0875,0,0,0
B7SLJ1,P02622,0.3185840707964602,0.0875,0.0875,0,0,0
B7SLJ1,P02662,0.29439252336448596,0.15,0.1,0,0,0
B7SLJ1,P02754,0.29775280898876405,0.125,0.1,0,0,0
B7SLJ1,P02769,0.18604651162790697,0.2125,0.2125,0,0,0
B7SLJ1,P02789,0.22832980972515857,0.1375,0.125,0,0,0
B7SLJ1,P04722,0.23024054982817868,0.2375,0.15,0,1,0
B7SLJ1,P07322,0.1912442396313364,0.1,0.075,0,0,0
B7SLJ1,P08819,0.14414414414414414,0.1625,0.1625,0,0,0
B7SLJ1,P0C0Y3,0.32061068702290074,0.1375,0.1375,0,0,0
B7SLJ1,P10184,0.18181818181818182,0.0875,0.0625,0,0,0
B7SLJ1,P11828,0.49682875264270615,0.6,0.6,1,7,0
B7SLJ1,P12670,0.23481781376518218,0.1375,0.1375,0,0,0
B7SLJ1,P13744,0.45665961945031713,0.6375,0.6375,1,11,4
B7SLJ1,P16348,0.26063829787234044,0.15,0.0875,0,0,0
B7SLJ1,P19121,0.17970401691331925,0.15,0.15,0,0,0
B7SLJ1,P24337,0.3875,0.1,0.1,0,0,0
B7SLJ1,P25974,0.20501138952164008,0.2625,0.25,0,0,0
B7SLJ1,P26987,0.2848101265822785,0.175,0.175,0,0,0
B7SLJ1,P29835,0.27956989247311825,0.125,0.075,0,0,0
B7SLJ1,P30941,0.2398190045248869,0.125,0.075,0,0,0
B7SLJ1,P43211,0.2830188679245283,0.1,0.1,0,0,0
B7SLJ1,P43237,0.24947145877378435,0.25,0.275,0,0,0
B7SLJ1,P49231,0.2824427480916031,0.1625,0.1125,0,0,0
B7SLJ1,P50694,0.2530612244897959,0.0875,0.0875,0,0,0
B7SLJ1,P80026,0.3394495412844037,0.075,0.0625,0,0,0
B7SLJ1,P81370,0.28444444444444444,0.175,0.175,0,0,0
B7SLJ1,P81402,0.3956043956043956,0.125,0.125,0,0,0
B7SLJ1,P84177,0.31297709923664124,0.1375,0.1125,0,0,0
B7SLJ1,P84527,0.27230046948356806,0.2125,0.1625,0,0,0
B7SLJ1,P85524,0.29333333333333333,0.1,0.1,0,0,0
B7SLJ1,P85894,0.3626373626373626,0.075,0.05,0,0,0
B7SLJ1,P86137,0.34782608695652173,0.1125,0.1125,0,0,0
B7SLJ1,P86888,0.31746031746031744,0.075,0.05,0,0,0
B7SLJ1,P87498,0.321353065539112,0.225,0.2,0,0,0
B7SLJ1,P93594,0.17758985200845667,0.175,0.1,0,0,0
B7SLJ1,Q004B5,0.2050561797752809,0.1875,0.15,0,0,0
B7SLJ1,Q01881,0.24375,0.125,0.0625,0,0,0
B7SLJ1,Q0DEV5,0.20718816067653276,0.2125,0.15,0,0,0
B7SLJ1,Q2I6V8,0.275,0.125,0.125,0,0,0
B7SLJ1,Q39453,0.26875,0.15,0.075,0,0,0
B7SLJ1,Q39649,0.3404255319148936,0.125,0.125,0,0,0
B7SLJ1,Q41115,0.22790697674418606,0.35,0.3125,0,0,0
B7SLJ1,Q41258,0.3560606060606061,0.1625,0.2125,0,0,0
B7SLJ1,Q45W87,0.3284671532846715,0.1625,0.1625,0,0,0
B7SLJ1,Q647G3,0.26506024096385544,0.075,0.075,0,0,0
B7SLJ1,Q647G5,0.28994082840236685,0.125,0.0875,0,0,0
B7SLJ1,Q647G9,0.2896551724137931,0.225,0.2125,0,0,0
B7SLJ1,Q6TPK4,0.35344827586206895,0.1625,0.075,0,0,0
B7SLJ1,Q6VT83,0.31210191082802546,0.1875,0.0875,0,0,0
B7SLJ1,Q7X8H9,0.2830188679245283,0.1875,0.1875,0,0,0
B7SLJ1,Q84T21,0.2830188679245283,0.1375,0.0875,0,0,0
B7SLJ1,Q84T91,0.2857142857142857,0.1125,0.0875,0,0,0
B7SLJ1,Q8GT39,0.3435114503816794,0.125,0.125,0,0,0
B7SLJ1,Q8H4L8,0.2802547770700637,0.2625,0.2625,0,0,0
B7SLJ1,Q8L5E0,0.28289473684210525,0.1125,0.075,0,0,0
B7SLJ1,Q8S4P9,0.19866071428571427,0.2875,0.225,0,0,0
B7SLJ1,Q8SAE7,0.34415584415584416,0.1625,0.075,0,0,0
B7SLJ1,Q90YK9,0.3577981651376147,0.1125,0.1125,0,0,0
B7SLJ1,Q91482,0.3394495412844037,0.0875,0.0875,0,0,0
B7SLJ1,Q93YG7,0.31297709923664124,0.25,0.0625,0,0,0
B7SLJ1,Q948T6,0.2542955326460481,0.2375,0.2375,0,0,0
B7SLJ1,Q94JN3,0.3511450381679389,0.1625,0.0875,0,0,0
B7SLJ1,Q9ATH2,0.3826086956521739,0.1,0.0875,0,0,0
B7SLJ1,Q9AVK8,0.20930232558139536,0.3,0.3,0,0,0
B7SLJ1,Q9AXI0,0.3181818181818182,0.0875,0.0875,0,0,0
B7SLJ1,Q9FSG7,0.22357723577235772,0.125,0.0875,0,0,0
B7SLJ1,Q9FSY7,0.2029598308668076,0.2625,0.275,0,0,0
B7SLJ1,Q9FUJ9,0.3132530120481928,0.0625,0.05,0,0,0
B7SLJ1,Q9M5X7,0.3826086956521739,0.175,0.175,0,0,0
B7SLJ1,Q9M5X8,0.37606837606837606,0.125,0.125,0,0,0
B7SLJ1,Q9M7R0,0.34502923976608185,0.15,0.15,0,0,0
B7SLJ1,Q9SQI9,0.31297709923664124,0.1375,0.1375,0,0,0
B7SLJ1,Q9XF39,0.31297709923664124,0.1375,0.1125,0,0,0
B7SLJ1,Q9XHP0,0.4095860566448802,0.5125,0.5125,1,4,0
B7SLJ1,Q9XHP1,0.30405405405405406,0.1875,0.1875,0,0,0
B7SLJ1,Q9XHP2,0.3103448275862069,0.1125,0.1125,0,0,0
B7SLJ1,T2DN75,0.2795275590551181,0.15,0.1375,0,0,0
B7SLJ1,V5XVK5,0.2727272727272727,0.175,0.175,0,0,0
B7SLJ1,V7AEY9,0.300561797752809,0.3375,0.3375,1,0,0
B7SLJ1,V7B793,0.3548387096774194,0.0875,0.075,0,0,0
B7SLJ1,V7CAE0,0.2875,0.125,0.125,0,0,0
B7SLJ1,V7CE49,0.29375,0.0875,0.075,0,0,0
B7SLJ1,V7CEG9,0.38345864661654133,0.1375,0.125,0,0,0
B7SLJ1,W5X2N3,0.27979274611398963,0.075,0.075,0,0,0
B7SLJ1,W8PPL3,0.20844327176781002,0.125,0.125,0,0,0
B7SNI3,B8AL97,0.3333333333333333,0.0875,0.075,0,0,0
B7SNI3,C0HJZ1,0.2777777777777778,0.0875,0.0875,0,0,0
B7SNI3,C0HL99,0.23853211009174313,0.0875,0.0875,0,0,0
B7SNI3,C0HM28,0.1834319526627219,0.15,0.15,0,0,0
B7SNI3,C7A639,0.1807909604519774,0.1875,0.1625,0,0,0
B7SNI3,C7E3T4,0.23163841807909605,0.2375,0.2375,0,0,0
B7SNI3,D0E0C7,0.1949685534591195,0.1125,0.0875,0,0,0
B7SNI3,D2TE73,0.1751412429378531,0.075,0.075,0,0,0
B7SNI3,E3SU11,0.1864406779661017,0.15,0.05,0,0,0
B7SNI3,I0J1J1,0.2655367231638418,0.125,0.0875,0,0,0
B7SNI3,O22317,0.2655367231638418,0.1375,0.1125,0,0,0
B7SNI3,O44119,0.22598870056497175,0.1875,0.1875,0,0,0
B7SNI3,O64458,0.288135593220339,0.15,0.225,0,0,0
B7SNI3,O65810,0.1984732824427481,0.075,0.075,0,0,0
B7SNI3,P00698,0.20408163265306123,0.15,0.0875,0,0,0
B7SNI3,P00711,0.20422535211267606,0.1125,0.1125,0,0,0
B7SNI3,P00940,0.24293785310734464,0.175,0.1375,0,0,0
B7SNI3,P01005,0.2033898305084746,0.0875,0.0875,0,0,0
B7SNI3,P01012,0.3050847457627119,0.1375,0.1375,0,0,0
B7SNI3,P01085,0.20967741935483872,0.075,0.0625,0,0,0
B7SNI3,P02197,0.16883116883116883,0.075,0.075,0,0,0
B7SNI3,P02622,0.3274336283185841,0.3125,0.25,0,0,0
B7SNI3,P02662,0.1751412429378531,0.1,0.1,0,0,0
B7SNI3,P02754,0.1638418079096045,0.0625,0.05,0,0,0
B7SNI3,P02769,0.3163841807909605,0.0875,0.0875,0,0,0
B7SNI3,P02789,0.3389830508474576,0.1625,0.15,0,0,0
B7SNI3,P04722,0.14124293785310735,0.0625,0.05,0,0,0
B7SNI3,P07322,0.2711864406779661,0.0875,0.0875,0,0,0
B7SNI3,P08819,0.2711864406779661,0.0875,0.0875,0,0,0
B7SNI3,P0C0Y3,0.21374045801526717,0.0875,0.075,0,0,0
B7SNI3,P10184,0.2711864406779661,0.0875,0.05,0,0,0
B7SNI3,P11828,0.2768361581920904,0.1625,0.1625,0,0,0
B7SNI3,P12670,0.23728813559322035,0.1,0.075,0,0,0
B7SNI3,P13744,0.3333333333333333,0.3,0.3,0,0,0
B7SNI3,P16348,0.22033898305084745,0.1,0.1,0,0,0
B7SNI3,P19121,0.288135593220339,0.15,0.15,0,0,0
B7SNI3,P24337,0.2,0.0375,0.0375,0,0,0
B7SNI3,P25974,0.23728813559322035,0.15,0.075,0,0,0
B7SNI3,P26987,0.1962025316455696,0.1125,0.1125,0,0,0
B7SNI3,P29835,0.14124293785310735,0.1,0.0875,0,0,0
B7SNI3,P30941,0.1807909604519774,0.0875,0.0875,0,0,0
B7SNI3,P43211,0.1761006289308176,0.1375,0.1375,0,0,0
B7SNI3,P43237,0.3220338983050847,0.275,0.2375,0,0,0
B7SNI3,P49231,0.20610687022900764,0.1,0.1,0,0,0
B7SNI3,P50694,0.192090395480226,0.1625,0.1625,0,0,0
B7SNI3,P80026,0.28440366972477066,0.25,0.25,0,0,0
B7SNI3,P81370,0.24293785310734464,0.0875,0.0875,0,0,0
B7SNI3,P81402,0.21978021978021978,0.05,0.0375,0,0,0
B7SNI3,P84177,0.22900763358778625,0.125,0.125,0,0,0
B7SNI3,P84527,0.22033898305084745,0.0625,0.0625,0,0,0
B7SNI3,P85524,0.18,0.0875,0.0875,0,0,0
B7SNI3,P85894,0.23076923076923078,0.0625,0.0625,0,0,0
B7SNI3,P86137,0.1956521739130435,0.1,0.1,0,0,0
B7SNI3,P86888,0.19047619047619047,0.0375,0.0375,0,0,0
B7SNI3,P87498,0.4180790960451977,0.1375,0.1375,0,0,0
B7SNI3,P93594,0.327683615819209,0.15,0.0875,0,0,0
B7SNI3,Q004B5,0.24293785310734464,0.225,0.225,0,0,0
B7SNI3,Q01881,0.20625,0.1125,0.1125,0,0,0
B7SNI3,Q0DEV5,0.3559322033898305,0.1625,0.0875,0,0,0
B7SNI3,Q2I6V8,0.19375,0.15,0.15,0,0,0
B7SNI3,Q39453,0.2125,0.0875,0.075,0,0,0
B7SNI3,Q39649,0.19858156028368795,0.0875,0.0875,0,0,0
B7SNI3,Q41115,0.2937853107344633,0.1125,0.1125,0,0,0
B7SNI3,Q41258,0.23484848484848486,0.05,0.05,0,0,0
B7SNI3,Q45W87,0.23357664233576642,0.0875,0.075,0,0,0
B7SNI3,Q647G3,0.19879518072289157,0.075,0.075,0,0,0
B7SNI3,Q647G5,0.15384615384615385,0.1,0.1,0,0,0
B7SNI3,Q647G9,0.19310344827586207,0.1,0.1,0,0,0
B7SNI3,Q6TPK4,0.1724137931034483,0.1125,0.1125,0,0,0
B7SNI3,Q6VT83,0.21019108280254778,0.1,0.075,0,0,0
B7SNI3,Q7X8H9,0.20754716981132076,0.1,0.0875,0,0,0
B7SNI3,Q84T21,0.18867924528301888,0.075,0.0625,0,0,0
B7SNI3,Q84T91,0.22142857142857142,0.1,0.1,0,0,0
B7SNI3,Q8GT39,0.20610687022900764,0.075,0.075,0,0,0
B7SNI3,Q8H4L8,0.2229299363057325,0.1,0.0625,0,0,0
B7SNI3,Q8L5E0,0.2236842105263158,0.0625,0.0625,0,0,0
B7SNI3,Q8S4P9,0.2768361581920904,0.1125,0.0875,0,0,0
B7SNI3,Q8SAE7,0.16883116883116883,0.2125,0.2125,0,0,0
B7SNI3,Q90YK9,0.24770642201834864,0.2375,0.0875,0,0,0
B7SNI3,Q91482,0.22935779816513763,0.175,0.175,0,0,0
B7SNI3,Q93YG7,0.1984732824427481,0.0625,0.0625,0,0,0
B7SNI3,Q948T6,0.2711864406779661,0.1,0.075,0,0,0
B7SNI3,Q94JN3,0.1984732824427481,0.1125,0.0625,0,0,0
B7SNI3,Q9ATH2,0.17391304347826086,0.075,0.075,0,0,0
B7SNI3,Q9AVK8,0.2824858757062147,0.2,0.2,0,0,0
B7SNI3,Q9AXI0,0.16477272727272727,0.075,0.0625,0,0,0
B7SNI3,Q9FSG7,0.1751412429378531,0.125,0.125,0,0,0
B7SNI3,Q9FSY7,0.3615819209039548,0.2625,0.225,0,0,0
B7SNI3,Q9FUJ9,0.1686746987951807,0.075,0.075,0,0,0
B7SNI3,Q9M5X7,0.23478260869565218,0.0625,0.0625,0,0,0
B7SNI3,Q9M5X8,0.1794871794871795,0.075,0.075,0,0,0
B7SNI3,Q9M7R0,0.1871345029239766,0.25,0.1875,0,0,0
B7SNI3,Q9SQI9,0.22137404580152673,0.075,0.075,0,0,0
B7SNI3,Q9XF39,0.22900763358778625,0.125,0.125,0,0,0
B7SNI3,Q9XHP0,0.288135593220339,0.1375,0.2125,0,0,0
B7SNI3,Q9XHP1,0.14864864864864866,0.225,0.225,0,0,0
B7SNI3,Q9XHP2,0.1793103448275862,0.075,0.075,0,0,0
B7SNI3,T2DN75,0.1751412429378531,0.1,0.1,0,0,0
B7SNI3,V5XVK5,0.1977401129943503,0.2,0.075,0,0,0
B7SNI3,V7AEY9,0.288135593220339,0.1625,0.15,0,0,0
B7SNI3,V7B793,0.20161290322580644,0.0875,0.0875,0,0,0
B7SNI3,V7CAE0,0.1875,0.075,0.075,0,0,0
B7SNI3,V7CE49,0.18125,0.0875,0.0875,0,0,0
B7SNI3,V7CEG9,0.21804511278195488,0.075,0.0625,0,0,0
B7SNI3,W5X2N3,0.192090395480226,0.1375,0.1375,0,0,0
B7SNI3,W8PPL3,0.22033898305084745,0.1,0.1,0,0,0
B8AL97,C0HJZ1,0.3611111111111111,0.1125,0.0375,0,0,0
B8AL97,C0HL99,0.3211009174311927,0.1625,0.1625,0,0,0
B8AL97,C0HM28,0.3076923076923077,0.1375,0.1125,0,0,0
B8AL97,C7A639,0.2538860103626943,0.175,0.0875,0,0,0
B8AL97,C7E3T4,0.22752808988764045,0.1875,0.125,0,0,0
B8AL97,D0E0C7,0.3333333333333333,0.2,0.2,0,0,0
B8AL97,D2TE73,0.297029702970297,0.275,0.275,0,0,0
B8AL97,E3SU11,0.26991150442477874,0.0875,0.0625,0,0,0
B8AL97,I0J1J1,0.17592592592592593,0.25,0.25,0,0,0
B8AL97,O22317,0.22058823529411764,0.1625,0.1625,0,0,0
B8AL97,O44119,0.25,0.2375,0.25,0,0,0
B8AL97,O64458,0.20844327176781002,0.0875,0.0875,0,0,0
B8AL97,O65810,0.3435114503816794,0.15,0.075,0,0,0
B8AL97,P00698,0.3197278911564626,0.2125,0.2125,0,0,0
B8AL97,P00711,0.3028169014084507,0.125,0.125,0,0,0
B8AL97,P00940,0.3064516129032258,0.225,0.1875,0,0,0
B8AL97,P01005,0.2761904761904762,0.125,0.075,0,0,0
B8AL97,P01012,0.22020725388601037,0.275,0.225,0,0,0
B8AL97,P01085,0.31451612903225806,0.225,0.225,0,0,0
B8AL97,P02197,0.2857142857142857,0.275,0.25,0,0,0
B8AL97,P02622,0.336283185840708,0.225,0.2,0,0,0
B8AL97,P02662,0.2850467289719626,0.2,0.0875,0,0,0
B8AL97,P02754,0.2808988764044944,0.2625,0.2625,0,0,0
B8AL97,P02769,0.2,0.125,0.1,0,0,0
B8AL97,P02789,0.21914893617021278,0.1625,0.1375,0,0,0
B8AL97,P04722,0.19931271477663232,0.075,0.075,0,0,0
B8AL97,P07322,0.18433179723502305,0.225,0.15,0,0,0
B8AL97,P08819,0.19594594594594594,0.175,0.1625,0,0,0
B8AL97,P0C0Y3,0.33587786259541985,0.1375,0.1,0,0,0
B8AL97,P10184,0.19148936170212766,0.225,0.225,0,0,0
B8AL97,P11828,0.22340425531914893,0.25,0.2625,0,0,0
B8AL97,P12670,0.2550607287449393,0.1625,0.1125,0,0,0
B8AL97,P13744,0.20851063829787234,0.275,0.225,0,0,0
B8AL97,P16348,0.2872340425531915,0.1875,0.1625,0,0,0
B8AL97,P19121,0.23404255319148937,0.175,0.0875,0,0,0
B8AL97,P24337,0.3625,0.1,0.075,0,0,0
B8AL97,P25974,0.2984054669703872,0.3625,0.35,1,0,0
B8AL97,P26987,0.25316455696202533,0.125,0.1125,0,0,0
B8AL97,P29835,0.2849462365591398,0.175,0.175,0,0,0
B8AL97,P30941,0.26244343891402716,0.15,0.0875,0,0,0
B8AL97,P43211,0.29559748427672955,0.2,0.175,0,0,0
B8AL97,P43237,0.3148936170212766,0.4,0.4,1,1,0
B8AL97,P49231,0.366412213740458,0.275,0.275,0,0,0
B8AL97,P50694,0.2530612244897959,0.0875,0.0875,0,0,0
B8AL97,P80026,0.3211009174311927,0.15,0.075,0,0,0
B8AL97,P81370,0.28,0.1,0.1,0,0,0
B8AL97,P81402,0.31868131868131866,0.175,0.0625,0,0,0
B8AL97,P84177,0.32061068702290074,0.125,0.125,0,0,0
B8AL97,P84527,0.30985915492957744,0.2125,0.15,0,0,0
B8AL97,P85524,0.2866666666666667,0.0875,0.075,0,0,0
B8AL97,P85894,0.3626373626373626,0.1,0.05,0,0,0
B8AL97,P86137,0.30434782608695654,0.0625,0.0625,0,0,0
B8AL97,P86888,0.3333333333333333,0.0875,0.0875,0,0,0
B8AL97,P87498,0.32553191489361705,0.2375,0.2375,0,0,0
B8AL97,P93594,0.21063829787234042,0.1375,0.0875,0,0,0
B8AL97,Q004B5,0.22752808988764045,0.1875,0.125,0,0,0
B8AL97,Q01881,0.325,0.125,0.125,0,0,0
B8AL97,Q0DEV5,0.2404255319148936,0.2,0.1375,0,1,0
B8AL97,Q2I6V8,0.3,0.175,0.075,0,0,0
B8AL97,Q39453,0.28125,0.1125,0.1125,0,0,0
B8AL97,Q39649,0.3191489361702128,0.0875,0.0875,0,0,0
B8AL97,Q41115,0.2813953488372093,0.3375,0.325,1,0,0
B8AL97,Q41258,0.32575757575757575,0.075,0.05,0,0,0
B8AL97,Q45W87,0.291970802919708,0.1125,0.1125,0,0,0
B8AL97,Q647G3,0.3072289156626506,0.1125,0.1,0,0,0
B8AL97,Q647G5,0.30177514792899407,0.125,0.0625,0,0,0
B8AL97,Q647G9,0.27586206896551724,0.1125,0.0875,0,0,0
B8AL97,Q6TPK4,0.3620689655172414,0.1625,0.1625,0,0,0
B8AL97,Q6VT83,0.3630573248407643,0.1,0.0875,0,0,0
B8AL97,Q7X8H9,0.32075471698113206,0.1625,0.1,0,0,0
B8AL97,Q84T21,0.32075471698113206,0.125,0.1,0,0,0
B8AL97,Q84T91,0.36428571428571427,0.1625,0.1625,0,0,0
B8AL97,Q8GT39,0.33587786259541985,0.1,0.1,0,0,0
B8AL97,Q8H4L8,0.29936305732484075,0.125,0.125,0,0,0
B8AL97,Q8L5E0,0.3815789473684211,0.1875,0.1875,0,0,0
B8AL97,Q8S4P9,0.38839285714285715,0.5125,0.5125,1,2,0
B8AL97,Q8SAE7,0.2597402597402597,0.1,0.1,0,0,0
B8AL97,Q90YK9,0.3486238532110092,0.2,0.2,0,0,0
B8AL97,Q91482,0.3302752293577982,0.0875,0.0875,0,0,0
B8AL97,Q93YG7,0.3282442748091603,0.1625,0.0875,0,0,0
B8AL97,Q948T6,0.23711340206185566,0.1125,0.1125,0,0,0
B8AL97,Q94JN3,0.3053435114503817,0.125,0.125,0,0,0
B8AL97,Q9ATH2,0.3652173913043478,0.125,0.1,0,0,0
B8AL97,Q9AVK8,0.2553191489361702,0.35,0.35,0,0,0
B8AL97,Q9AXI0,0.2840909090909091,0.1375,0.125,0,0,0
B8AL97,Q9FSG7,0.2682926829268293,0.125,0.125,0,0,0
B8AL97,Q9FSY7,0.2531914893617021,0.2875,0.25,0,0,0
B8AL97,Q9FUJ9,0.3674698795180723,0.175,0.0875,0,0,0
B8AL97,Q9M5X7,0.3391304347826087,0.0875,0.0625,0,0,0
B8AL97,Q9M5X8,0.3504273504273504,0.1875,0.1875,0,0,0
B8AL97,Q9M7R0,0.2982456140350877,0.225,0.075,0,0,0
B8AL97,Q9SQI9,0.31297709923664124,0.1375,0.125,0,0,0
B8AL97,Q9XF39,0.2824427480916031,0.1625,0.1625,0,0,0
B8AL97,Q9XHP0,0.21568627450980393,0.3125,0.2375,0,0,0
B8AL97,Q9XHP1,0.3310810810810811,0.2375,0.2375,0,0,0
B8AL97,Q9XHP2,0.3586206896551724,0.1375,0.1,0,0,0
B8AL97,T2DN75,0.2559055118110236,0.1,0.1,0,0,0
B8AL97,V5XVK5,0.2727272727272727,0.0875,0.0625,0,0,0
B8AL97,V7AEY9,0.23595505617977527,0.3,0.2875,0,0,0
B8AL97,V7B793,0.33064516129032256,0.0875,0.075,0,0,0
B8AL97,V7CAE0,0.33125,0.225,0.125,0,0,0
B8AL97,V7CE49,0.31875,0.125,0.1,0,0,0
B8AL97,V7CEG9,0.3383458646616541,0.1625,0.1625,0,0,0
B8AL97,W5X2N3,0.25906735751295334,0.15,0.0875,0,0,0
B8AL97,W8PPL3,0.18469656992084432,0.1375,0.225,0,0,0
C0HJZ1,C0HL99,0.19444444444444445,0.0375,0.0375,0,0,0
C0HJZ1,C0HM28,0.2361111111111111,0.05,0.05,0,0,0
C0HJZ1,C7A639,0.2638888888888889,0.175,0.175,0,0,0
C0HJZ1,C7E3T4,0.4722222222222222,0.125,0.125,0,0,0
C0HJZ1,D0E0C7,0.2638888888888889,0.05,0.05,0,0,0
C0HJZ1,D2TE73,0.2638888888888889,0.05,0.05,0,0,0
C0HJZ1,E3SU11,0.3055555555555556,0.05,0.05,0,0,0
C0HJZ1,I0J1J1,0.3888888888888889,0.0875,0.0875,0,0,0
C0HJZ1,O22317,0.3333333333333333,0.0375,0.0375,0,0,0
C0HJZ1,O44119,0.2361111111111111,0.05,0.05,0,0,0
C0HJZ1,O64458,0.3611111111111111,0.0375,0.0375,0,0,0
C0HJZ1,O65810,0.2777777777777778,0.05,0.05,0,0,0
C0HJZ1,P00698,0.2222222222222222,0.0625,0.0625,0,0,0
C0HJZ1,P00711,0.2638888888888889,0.0375,0.0375,0,0,0
C0HJZ1,P00940,0.3194444444444444,0.05,0.05,0,0,0
C0HJZ1,P01005,0.4583333333333333,0.0875,0.0875,0,0,0
C0HJZ1,P01012,0.3472222222222222,0.075,0.075,0,0,0
C0HJZ1,P01085,0.2638888888888889,0.0625,0.0625,0,0,0
C0HJZ1,P02197,0.2361111111111111,0.075,0.075,0,0,0
C0HJZ1,P02622,0.2222222222222222,0.05,0.05,0,0,0
C0HJZ1,P02662,0.3055555555555556,0.05,0.05,0,0,0
C0HJZ1,P02754,0.2777777777777778,0.05,0.05,0,0,0
C0HJZ1,P02769,0.4027777777777778,0.1875,0.1875,0,0,0
C0HJZ1,P02789,0.4861111111111111,0.1,0.1,0,0,0
C0HJZ1,P04722,0.2638888888888889,0.0375,0.0375,0,0,0
C0HJZ1,P07322,0.3611111111111111,0.075,0.075,0,0,0
C0HJZ1,P08819,0.3611111111111111,0.0875,0.0875,0,0,0
C0HJZ1,P0C0Y3,0.2638888888888889,0.0375,0.0375,0,0,0
C0HJZ1,P10184,0.4305555555555556,0.1375,0.1375,0,0,0
C0HJZ1,P11828,0.3194444444444444,0.0625,0.0625,0,0,0
C0HJZ1,P12670,0.3055555555555556,0.15,0.15,0,0,0
C0HJZ1,P13744,0.2916666666666667,0.0875,0.0875,0,0,0
C0HJZ1,P16348,0.3055555555555556,0.0875,0.0875,0,0,0
C0HJZ1,P19121,0.4722222222222222,0.0625,0.0625,0,0,0
C0HJZ1,P24337,0.19444444444444445,0.0875,0.0875,0,0,0
C0HJZ1,P25974,0.375,0.0625,0.0625,0,0,0
C0HJZ1,P26987,0.2777777777777778,0.0625,0.0625,0,0,0
C0HJZ1,P29835,0.25,0.15,0.15,0,0,0
C0HJZ1,P30941,0.2777777777777778,0.0625,0.0625,0,0,0
C0HJZ1,P43211,0.2222222222222222,0.0375,0.0375,0,0,0
C0HJZ1,P43237,0.2916666666666667,0.0625,0.0625,0,0,0
C0HJZ1,P49231,0.2361111111111111,0.1,0.1,0,0,0
C0HJZ1,P50694,0.3472222222222222,0.175,0.175,0,0,0
C0HJZ1,P80026,0.18055555555555555,0.1125,0.1125,0,0,0
C0HJZ1,P81370,0.3472222222222222,0.075,0.075,0,0,0
C0HJZ1,P81402,0.1527777777777778,0.05,0.05,0,0,0
C0HJZ1,P84177,0.25,0.05,0.05,0,0,0
C0HJZ1,P84527,0.2916666666666667,0.125,0.125,0,0,0
C0HJZ1,P85524,0.25,0.0875,0.0875,0,0,0
C0HJZ1,P85894,0.19444444444444445,0.0625,0.0625,0,0,0
C0HJZ1,P86137,0.19444444444444445,0.075,0.075,0,0,0
C0HJZ1,P86888,0.25396825396825395,0.125,0.125,0,0,0
C0HJZ1,P87498,0.5277777777777778,0.0875,0.0875,0,0,0
C0HJZ1,P93594,0.4722222222222222,0.075,0.075,0,0,0
C0HJZ1,Q004B5,0.4722222222222222,0.125,0.125,0,0,0
C0HJZ1,Q01881,0.3194444444444444,0.075,0.075,0,0,0
C0HJZ1,Q0DEV5,0.4305555555555556,0.075,0.075,0,0,0
C0HJZ1,Q2I6V8,0.3055555555555556,0.0375,0.0375,0,0,0
C0HJZ1,Q39453,0.3055555555555556,0.15,0.15,0,0,0
C0HJZ1,Q39649,0.2638888888888889,0.1125,0.1125,0,0,0
C0HJZ1,Q41115,0.3055555555555556,0.0625,0.0625,0,0,0
C0HJZ1,Q41258,0.2916666666666667,0.075,0.075,0,0,0
C0HJZ1,Q45W87,0.3333333333333333,0.05,0.05,0,0,0
C0HJZ1,Q647G3,0.25,0.05,0.05,0,0,0
C0HJZ1,Q647G5,0.20833333333333334,0.05,0.05,0,0,0
C0HJZ1,Q647G9,0.2916666666666667,0.05,0.05,0,0,0
C0HJZ1,Q6TPK4,0.20833333333333334,0.075,0.075,0,0,0
C0HJZ1,Q6VT83,0.3194444444444444,0.075,0.075,0,0,0
C0HJZ1,Q7X8H9,0.25,0.05,0.05,0,0,0
C0HJZ1,Q84T21,0.2638888888888889,0.0625,0.0625,0,0,0
C0HJZ1,Q84T91,0.2638888888888889,0.0625,0.0625,0,0,0
C0HJZ1,Q8GT39,0.2222222222222222,0.0375,0.0375,0,0,0
C0HJZ1,Q8H4L8,0.3472222222222222,0.0625,0.0625,0,0,0
C0HJZ1,Q8L5E0,0.2916666666666667,0.0625,0.0625,0,0,0
C0HJZ1,Q8S4P9,0.4305555555555556,0.075,0.075,0,0,0
C0HJZ1,Q8SAE7,0.2638888888888889,0.05,0.05,0,0,0
C0HJZ1,Q90YK9,0.25,0.0875,0.0875,0,0,0
C0HJZ1,Q91482,0.18055555555555555,0.0375,0.0375,0,0,0
C0HJZ1,Q93YG7,0.2361111111111111,0.05,0.05,0,0,0
C0HJZ1,Q948T6,0.2777777777777778,0.05,0.05,0,0,0
C0HJZ1,Q94JN3,0.2361111111111111,0.075,0.075,0,0,0
C0HJZ1,Q9ATH2,0.18055555555555555,0.0875,0.0875,0,0,0
C0HJZ1,Q9AVK8,0.4305555555555556,0.1125,0.1125,0,0,0
C0HJZ1,Q9AXI0,0.19444444444444445,0.0375,0.0375,0,0,0
C0HJZ1,Q9FSG7,0.3333333333333333,0.1,0.1,0,0,0
C0HJZ1,Q9FSY7,0.3333333333333333,0.0875,0.0875,0,0,0
C0HJZ1,Q9FUJ9,0.2638888888888889,0.0625,0.0625,0,0,0
C0HJZ1,Q9M5X7,0.25,0.0875,0.0875,0,0,0
C0HJZ1,Q9M5X8,0.19444444444444445,0.075,0.075,0,0,0
C0HJZ1,Q9M7R0,0.2222222222222222,0.05,0.05,0,0,0
C0HJZ1,Q9SQI9,0.2222222222222222,0.05,0.05,0,0,0
C0HJZ1,Q9XF39,0.2361111111111111,0.05,0.05,0,0,0
C0HJZ1,Q9XHP0,0.3194444444444444,0.05,0.05,0,0,0
C0HJZ1,Q9XHP1,0.2638888888888889,0.1,0.1,0,0,0
C0HJZ1,Q9XHP2,0.25,0.0375,0.0375,0,0,0
C0HJZ1,T2DN75,0.4305555555555556,0.0375,0.0375,0,0,0
C0HJZ1,V5XVK5,0.2916666666666667,0.05,0.05,0,0,0
C0HJZ1,V7AEY9,0.3611111111111111,0.0875,0.0875,0,0,0
C0HJZ1,V7B793,0.2777777777777778,0.075,0.075,0,0,0
C0HJZ1,V7CAE0,0.2916666666666667,0.0625,0.0625,0,0,0
C0HJZ1,V7CE49,0.16666666666666666,0.05,0.05,0,0,0
C0HJZ1,V7CEG9,0.2916666666666667,0.0875,0.0875,0,0,0
C0HJZ1,W5X2N3,0.2916666666666667,0.0875,0.0875,0,0,0
C0HJZ1,W8PPL3,0.375,0.0625,0.0625,0,0,0
C0HL99,C0HM28,0.22935779816513763,0.075,0.075,0,0,0
C0HL99,C7A639,0.26605504587155965,0.075,0.075,0,0,0
C0HL99,C7E3T4,0.28440366972477066,0.1,0.1,0,0,0
C0HL99,D0E0C7,0.23853211009174313,0.1125,0.1125,0,0,0
C0HL99,D2TE73,0.27522935779816515,0.0625,0.0625,0,0,0
C0HL99,E3SU11,0.22935779816513763,0.0875,0.0875,0,0,0
C0HL99,I0J1J1,0.3669724770642202,0.125,0.05,0,0,0
C0HL99,O22317,0.3119266055045872,0.1375,0.1375,0,0,0
C0HL99,O44119,0.25688073394495414,0.125,0.125,0,0,0
C0HL99,O64458,0.3486238532110092,0.075,0.075,0,0,0
C0HL99,O65810,0.8715596330275229,0.8875,0.8875,1,48,37
C0HL99,P00698,0.24770642201834864,0.0875,0.0875,0,0,0
C0HL99,P00711,0.1559633027522936,0.0625,0.0625,0,0,0
C0HL99,P00940,0.29357798165137616,0.05,0.05,0,0,0
C0HL99,P01005,0.24770642201834864,0.0625,0.0625,0,0,0
C0HL99,P01012,0.28440366972477066,0.075,0.075,0,0,0
C0HL99,P01085,0.14678899082568808,0.075,0.075,0,0,0
C0HL99,P02197,0.22935779816513763,0.0875,0.0875,0,0,0
C0HL99,P02622,0.1743119266055046,0.075,0.075,0,0,0
C0HL99,P02662,0.26605504587155965,0.0875,0.0875,0,0,0
C0HL99,P02754,0.24770642201834864,0.1,0.075,0,0,0
C0HL99,P02769,0.3669724770642202,0.0875,0.0875,0,0,0
C0HL99,P02789,0.43119266055045874,0.1,0.1,0,0,0
C0HL99,P04722,0.23853211009174313,0.1375,0.1375,0,0,0
C0HL99,P07322,0.3211009174311927,0.1125,0.075,0,0,0
C0HL99,P08819,0.24770642201834864,0.075,0.075,0,0,0
C0HL99,P0C0Y3,0.8623853211009175,0.85,0.85,1,50,40
C0HL99,P10184,0.3211009174311927,0.1125,0.1125,0,0,0
C0HL99,P11828,0.3211009174311927,0.2,0.2,0,0,0
C0HL99,P12670,0.3211009174311927,0.2,0.2,0,0,0
C0HL99,P13744,0.3394495412844037,0.175,0.175,0,0,0
C0HL99,P16348,0.23853211009174313,0.05,0.05,0,0,0
C0HL99,P19121,0.3577981651376147,0.075,0.075,0,0,0
C0HL99,P24337,0.225,0.075,0.05,0,0,0
C0HL99,P25974,0.3211009174311927,0.0875,0.0875,0,0,0
C0HL99,P26987,0.28440366972477066,0.1,0.0875,0,0,0
C0HL99,P29835,0.22935779816513763,0.1,0.1,0,0,0
C0HL99,P30941,0.24770642201834864,0.1,0.1,0,0,0
C0HL99,P43211,0.27522935779816515,0.1625,0.0875,0,0,0
C0HL99,P43237,0.3119266055045872,0.125,0.125,0,0,0
C0HL99,P49231,0.8807339449541285,0.8875,0.8875,1,41,28
C0HL99,P50694,0.3119266055045872,0.075,0.075,0,0,0
C0HL99,P80026,0.1834862385321101,0.05,0.05,0,0,0
C0HL99,P81370,0.3119266055045872,0.1,0.1,0,0,0
C0HL99,P81402,0.15384615384615385,0.075,0.075,0,0,0
C0HL99,P84177,0.8073394495412844,0.8125,0.8125,1,35,27
C0HL99,P84527,0.3119266055045872,0.1375,0.1375,0,0,0
C0HL99,P85524,0.22935779816513763,0.0625,0.0625,0,0,0
C0HL99,P85894,0.16483516483516483,0.0625,0.0375,0,0,0
C0HL99,P86137,0.21739130434782608,0.0875,0.0875,0,0,0
C0HL99,P86888,0.25396825396825395,0.0375,0.0375,0,0,0
C0HL99,P87498,0.4954128440366973,0.0625,0.0625,0,0,0
C0HL99,P93594,0.3853211009174312,0.075,0.075,0,0,0
C0HL99,Q004B5,0.30275229357798167,0.1,0.1,0,0,0
C0HL99,Q01881,0.22935779816513763,0.0625,0.0625,0,0,0
C0HL99,Q0DEV5,0.3669724770642202,0.15,0.15,0,0,0
C0HL99,Q2I6V8,0.28440366972477066,0.0875,0.0875,0,0,0
C0HL99,Q39453,0.22018348623853212,0.0875,0.0875,0,0,0
C0HL99,Q39649,0.21100917431192662,0.0625,0.0375,0,0,0
C0HL99,Q41115,0.3486238532110092,0.1625,0.1625,0,0,0
C0HL99,Q41258,0.1743119266055046,0.05,0.05,0,0,0
C0HL99,Q45W87,0.21100917431192662,0.1,0.1,0,0,0
C0HL99,Q647G3,0.24770642201834864,0.0625,0.0625,0,0,0
C0HL99,Q647G5,0.25688073394495414,0.175,0.175,0,0,0
C0HL99,Q647G9,0.14678899082568808,0.05,0.05,0,0,0
C0HL99,Q6TPK4,0.22018348623853212,0.1,0.1,0,0,0
C0HL99,Q6VT83,0.24770642201834864,0.0875,0.0875,0,0,0
C0HL99,Q7X8H9,0.22018348623853212,0.05,0.05,0,0,0
C0HL99,Q84T21,0.22935779816513763,0.1125,0.0875,0,0,0
C0HL99,Q84T91,0.2018348623853211,0.0875,0.0875,0,0,0
C0HL99,Q8GT39,0.8348623853211009,0.8375,0.8375,1,36,28
C0HL99,Q8H4L8,0.22018348623853212,0.1125,0.1125,0,0,0
C0HL99,Q8L5E0,0.22018348623853212,0.1125,0.1125,0,0,0
C0HL99,Q8S4P9,0.30275229357798167,0.0625,0.0375,0,0,0
C0HL99,Q8SAE7,0.21100917431192662,0.2,0.2,0,0,0
C0HL99,Q90YK9,0.2018348623853211,0.1,0.0375,0,0,0
C0HL99,Q91482,0.13761467889908258,0.05,0.05,0,0,0
C0HL99,Q93YG7,0.8715596330275229,0.875,0.875,1,47,35
C0HL99,Q948T6,0.29357798165137616,0.075,0.075,0,0,0
C0HL99,Q94JN3,0.7981651376146789,0.8375,0.8375,1,21,14
C0HL99,Q9ATH2,0.21100917431192662,0.075,0.075,0,0,0
C0HL99,Q9AVK8,0.3302752293577982,0.1875,0.125,0,0,0
C0HL99,Q9AXI0,0.22935779816513763,0.125,0.125,0,0,0
C0HL99,Q9FSG7,0.28440366972477066,0.0625,0.0625,0,0,0
C0HL99,Q9FSY7,0.43119266055045874,0.125,0.125,0,0,0
C0HL99,Q9FUJ9,0.25688073394495414,0.1625,0.1625,0,0,0
C0HL99,Q9M5X7,0.21100917431192662,0.0625,0.0625,0,0,0
C0HL99,Q9M5X8,0.2018348623853211,0.0625,0.0625,0,0,0
C0HL99,Q9M7R0,0.30275229357798167,0.1,0.1,0,0,0
C0HL99,Q9SQI9,0.8348623853211009,0.8625,0.8625,1,39,29
C0HL99,Q9XF39,0.8256880733944955,0.8375,0.8375,1,37,28
C0HL99,Q9XHP0,0.3302752293577982,0.1125,0.0875,0,0,0
C0HL99,Q9XHP1,0.1743119266055046,0.0875,0.05,0,0,0
C0HL99,Q9XHP2,0.21100917431192662,0.075,0.075,0,0,0
C0HL99,T2DN75,0.26605504587155965,0.125,0.125,0,0,0
C0HL99,V5XVK5,0.28440366972477066,0.0875,0.0875,0,0,0
C0HL99,V7AEY9,0.3302752293577982,0.225,0.225,0,0,0
C0HL99,V7B793,0.23853211009174313,0.1,0.1,0,0,0
C0HL99,V7CAE0,0.22935779816513763,0.0625,0.0625,0,0,0
C0HL99,V7CE49,0.22018348623853212,0.1,0.1,0,0,0
C0HL99,V7CEG9,0.1743119266055046,0.05,0.05,0,0,0
C0HL99,W5X2N3,0.23853211009174313,0.1,0.075,0,0,0
C0HL99,W8PPL3,0.3211009174311927,0.15,0.0875,0,0,0
C0HM28,C7A639,0.16568047337278108,0.1125,0.075,0,0,0
C0HM28,C7E3T4,0.28994082840236685,0.1,0.1,0,0,0
C0HM28,D0E0C7,0.1949685534591195,0.1875,0.1875,0,0,0
C0HM28,D2TE73,0.15976331360946747,0.0625,0.0625,0,0,0
C0HM28,E3SU11,0.20118343195266272,0.0625,0.05,0,0,0
C0HM28,I0J1J1,0.26627218934911245,0.1,0.1,0,0,0
C0HM28,O22317,0.26627218934911245,0.175,0.175,0,0,0
C0HM28,O44119,0.20710059171597633,0.15,0.15,0,0,0
C0HM28,O64458,0.26627218934911245,0.1125,0.275,0,0,0
C0HM28,O65810,0.20610687022900764,0.125,0.075,0,0,0
C0HM28,P00698,0.19047619047619047,0.075,0.075,0,0,0
C0HM28,P00711,0.16901408450704225,0.075,0.075,0,0,0
C0HM28,P00940,0.23076923076923078,0.0875,0.075,0,0,0
C0HM28,P01005,0.21893491124260356,0.075,0.075,0,0,0
C0HM28,P01012,0.28994082840236685,0.2375,0.0875,0,0,0
C0HM28,P01085,0.22580645161290322,0.1625,0.1625,0,0,0
C0HM28,P02197,0.23376623376623376,0.15,0.1125,0,0,0
C0HM28,P02622,0.23008849557522124,0.0875,0.05,0,0,0
C0HM28,P02662,0.20710059171597633,0.1,0.05,0,0,0
C0HM28,P02754,0.1952662721893491,0.0875,0.0625,0,0,0
C0HM28,P02769,0.34911242603550297,0.0875,0.0875,0,0,0
C0HM28,P02789,0.35502958579881655,0.125,0.0625,0,0,0
C0HM28,P04722,0.22485207100591717,0.1125,0.1125,0,0,0
C0HM28,P07322,0.33727810650887574,0.1125,0.1,0,0,0
C0HM28,P08819,0.31952662721893493,0.1,0.0625,0,0,0
C0HM28,P0C0Y3,0.25190839694656486,0.075,0.075,0,0,0
C0HM28,P10184,0.30177514792899407,0.1125,0.0625,0,0,0
C0HM28,P11828,0.3136094674556213,0.15,0.15,0,0,0
C0HM28,P12670,0.22485207100591717,0.075,0.075,0,0,0
C0HM28,P13744,0.3431952662721893,0.1375,0.1375,0,0,0
C0HM28,P16348,0.17159763313609466,0.0875,0.0875,0,0,0
C0HM28,P19121,0.33727810650887574,0.1125,0.0625,0,0,0
C0HM28,P24337,0.225,0.075,0.05,0,0,0
C0HM28,P25974,0.30177514792899407,0.1125,0.1125,0,0,0
C0HM28,P26987,0.20253164556962025,0.1375,0.125,0,0,0
C0HM28,P29835,0.20710059171597633,0.05,0.05,0,0,0
C0HM28,P30941,0.21893491124260356,0.1375,0.0875,0,0,0
C0HM28,P43211,0.16981132075471697,0.0875,0.0625,0,0,0
C0HM28,P43237,0.28402366863905326,0.1375,0.1375,0,0,0
C0HM28,P49231,0.22137404580152673,0.075,0.075,0,0,0
C0HM28,P50694,0.20118343195266272,0.075,0.075,0,0,0
C0HM28,P80026,0.22018348623853212,0.0875,0.0875,0,0,0
C0HM28,P81370,0.15976331360946747,0.075,0.075,0,0,0
C0HM28,P81402,0.2087912087912088,0.0625,0.0625,0,0,0
C0HM28,P84177,0.21374045801526717,0.1,0.0625,0,0,0
C0HM28,P84527,0.20710059171597633,0.1,0.0875,0,0,0
C0HM28,P85524,0.18,0.05,0.0375,0,0,0
C0HM28,P85894,0.1978021978021978,0.1375,0.1375,0,0,0
C0HM28,P86137,0.2717391304347826,0.2375,0.2375,0,0,0
C0HM28,P86888,0.23809523809523808,0.05,0.0375,0,0,0
C0HM28,P87498,0.4378698224852071,0.1625,0.1125,0,0,0
C0HM28,P93594,0.27218934911242604,0.2375,0.225,0,0,0
C0HM28,Q004B5,0.28994082840236685,0.1,0.1,0,0,0
C0HM28,Q01881,0.175,0.0875,0.075,0,0,0
C0HM28,Q0DEV5,0.3136094674556213,0.1,0.0875,0,0,0
C0HM28,Q2I6V8,0.18125,0.075,0.0625,0,0,0
C0HM28,Q39453,0.16875,0.1,0.1,0,0,0
C0HM28,Q39649,0.1702127659574468,0.1875,0.1875,0,0,0
C0HM28,Q41115,0.28402366863905326,0.0875,0.0875,0,0,0
C0HM28,Q41258,0.20454545454545456,0.1,0.0875,0,0,0
C0HM28,Q45W87,0.43795620437956206,0.5375,0.5375,1,2,0
C0HM28,Q647G3,0.3373493975903614,0.475,0.475,1,1,0
C0HM28,Q647G5,0.5207100591715976,0.7125,0.7125,1,3,0
C0HM28,Q647G9,0.18620689655172415,0.1125,0.1125,0,0,0
C0HM28,Q6TPK4,0.20689655172413793,0.0875,0.0875,0,0,0
C0HM28,Q6VT83,0.21656050955414013,0.1625,0.1625,0,0,0
C0HM28,Q7X8H9,0.2138364779874214,0.175,0.1625,0,0,0
C0HM28,Q84T21,0.5534591194968553,0.675,0.675,1,5,3
C0HM28,Q84T91,0.42142857142857143,0.5375,0.5125,1,2,0
C0HM28,Q8GT39,0.24427480916030533,0.1375,0.075,0,0,0
C0HM28,Q8H4L8,0.17834394904458598,0.075,0.075,0,0,0
C0HM28,Q8L5E0,0.19736842105263158,0.1875,0.175,0,0,0
C0HM28,Q8S4P9,0.3136094674556213,0.15,0.15,0,0,0
C0HM28,Q8SAE7,0.2012987012987013,0.075,0.075,0,0,0
C0HM28,Q90YK9,0.24770642201834864,0.0875,0.0625,0,0,0
C0HM28,Q91482,0.23853211009174313,0.1375,0.1375,0,0,0
C0HM28,Q93YG7,0.2366412213740458,0.1,0.0625,0,0,0
C0HM28,Q948T6,0.1834319526627219,0.0875,0.075,0,0,0
C0HM28,Q94JN3,0.1984732824427481,0.075,0.075,0,0,0
C0HM28,Q9ATH2,0.21739130434782608,0.0625,0.0625,0,0,0
C0HM28,Q9AVK8,0.2603550295857988,0.15,0.1125,0,0,0
C0HM28,Q9AXI0,0.4319526627218935,0.6,0.6,1,0,0
C0HM28,Q9FSG7,0.20118343195266272,0.075,0.0625,0,0,0
C0HM28,Q9FSY7,0.40828402366863903,0.25,0.2125,0,0,0
C0HM28,Q9FUJ9,0.46987951807228917,0.675,0.675,1,9,3
C0HM28,Q9M5X7,0.21739130434782608,0.2,0.2,0,0,0
C0HM28,Q9M5X8,0.24786324786324787,0.125,0.125,0,0,0
C0HM28,Q9M7R0,0.1952662721893491,0.1125,0.05,0,0,0
C0HM28,Q9SQI9,0.19083969465648856,0.0875,0.0875,0,0,0
C0HM28,Q9XF39,0.2366412213740458,0.15,0.075,0,0,0
C0HM28,Q9XHP0,0.25443786982248523,0.0875,0.0625,0,0,0
C0HM28,Q9XHP1,0.17567567567567569,0.075,0.075,0,0,0
C0HM28,Q9XHP2,0.43448275862068964,0.575,0.5625,1,2,0
C0HM28,T2DN75,0.20118343195266272,0.1,0.0625,0,0,0
C0HM28,V5XVK5,0.17751479289940827,0.0625,0.0625,0,0,0
C0HM28,V7AEY9,0.2958579881656805,0.1125,0.1125,0,0,0
C0HM28,V7B793,0.25,0.075,0.0625,0,0,0
C0HM28,V7CAE0,0.19375,0.0375,0.0375,0,0,0
C0HM28,V7CE49,0.35,0.425,0.4125,1,2,0
C0HM28,V7CEG9,0.21804511278195488,0.1125,0.1125,0,0,0
C0HM28,W5X2N3,0.20118343195266272,0.1,0.075,0,0,0
C0HM28,W8PPL3,0.3254437869822485,0.1125,0.1125,0,0,0
C7A639,C7E3T4,0.20207253886010362,0.275,0.275,0,0,0
C7A639,D0E0C7,0.20125786163522014,0.0625,0.0625,0,0,0
C7A639,D2TE73,0.20207253886010362,0.1,0.1,0,0,0
C7A639,E3SU11,0.2538860103626943,0.125,0.125,0,0,0
C7A639,I0J1J1,0.33678756476683935,0.3125,0.2375,0,0,0
C7A639,O22317,0.27979274611398963,0.25,0.25,0,0,0
C7A639,O44119,0.23316062176165803,0.1375,0.1375,0,0,0
C7A639,O64458,0.3005181347150259,0.1125,0.2125,0,0,0
C7A639,O65810,0.21374045801526717,0.1,0.1,0,0,0
C7A639,P00698,0.19727891156462585,0.1375,0.0625,0,0,0
C7A639,P00711,0.2112676056338028,0.1375,0.075,0,0,0
C7A639,P00940,0.18134715025906736,0.15,0.0875,0,0,0
C7A639,P01005,0.2538860103626943,0.1125,0.0625,0,0,0
C7A639,P01012,0.22279792746113988,0.0875,0.075,0,0,0
C7A639,P01085,0.18548387096774194,0.05,0.05,0,0,0
C7A639,P02197,0.2012987012987013,0.175,0.175,0,0,0
C7A639,P02622,0.26548672566371684,0.2375,0.2375,0,0,0
C7A639,P02662,0.18652849740932642,0.125,0.125,0,0,0
C7A639,P02754,0.20224719101123595,0.1625,0.1625,0,0,0
C7A639,P02769,0.32124352331606215,0.1375,0.0875,0,0,0
C7A639,P02789,0.30569948186528495,0.275,0.2375,0,0,0
C7A639,P04722,0.11917098445595854,0.0625,0.05,0,0,0
C7A639,P07322,0.3005181347150259,0.1125,0.1125,0,0,0
C7A639,P08819,0.26424870466321243,0.1,0.1,0,0,0
C7A639,P0C0Y3,0.22900763358778625,0.0625,0.0625,0,0,0
C7A639,P10184,0.31088082901554404,0.1125,0.1125,0,0,0
C7A639,P11828,0.3160621761658031,0.1,0.1,0,0,0
C7A639,P12670,0.22279792746113988,0.125,0.125,0,0,0
C7A639,P13744,0.32124352331606215,0.25,0.2875,0,0,0
C7A639,P16348,0.19680851063829788,0.1,0.0625,0,0,0
C7A639,P19121,0.3316062176165803,0.125,0.0625,0,0,0
C7A639,P24337,0.275,0.1,0.0625,0,0,0
C7A639,P25974,0.2849740932642487,0.2125,0.0625,0,0,0
C7A639,P26987,0.17721518987341772,0.1375,0.1375,0,0,0
C7A639,P29835,0.16129032258064516,0.075,0.075,0,0,0
C7A639,P30941,0.20207253886010362,0.0625,0.0625,0,0,0
C7A639,P43211,0.20754716981132076,0.15,0.15,0,0,0
C7A639,P43237,0.3316062176165803,0.15,0.15,0,0,0
C7A639,P49231,0.2366412213740458,0.0875,0.0875,0,0,0
C7A639,P50694,0.24352331606217617,0.075,0.075,0,0,0
C7A639,P80026,0.25688073394495414,0.1875,0.1,0,0,0
C7A639,P81370,0.23834196891191708,0.1375,0.0875,0,0,0
C7A639,P81402,0.26373626373626374,0.075,0.075,0,0,0
C7A639,P84177,0.2748091603053435,0.1,0.0625,0,0,0
C7A639,P84527,0.16062176165803108,0.0625,0.05,0,0,0
C7A639,P85524,0.20666666666666667,0.175,0.175,0,0,0
C7A639,P85894,0.26373626373626374,0.0875,0.0875,0,0,0
C7A639,P86137,0.2826086956521739,0.0875,0.0875,0,0,0
C7A639,P86888,0.2698412698412698,0.0875,0.0875,0,0,0
C7A639,P87498,0.40932642487046633,0.2375,0.1375,0,0,0
C7A639,P93594,0.32642487046632124,0.2125,0.2125,0,0,0
C7A639,Q004B5,0.27979274611398963,0.275,0.275,0,0,0
C7A639,Q01881,0.2,0.1625,0.1625,0,0,0
C7A639,Q0DEV5,0.3316062176165803,0.1875,0.1125,0,0,0
C7A639,Q2I6V8,0.2,0.1,0.1,0,0,0
C7A639,Q39453,0.20625,0.2125,0.075,0,0,0
C7A639,Q39649,0.24822695035460993,0.1,0.1,0,0,0
C7A639,Q41115,0.2694300518134715,0.0875,0.0875,0,0,0
C7A639,Q41258,0.2196969696969697,0.075,0.0625,0,0,0
C7A639,Q45W87,0.17518248175182483,0.0625,0.0625,0,0,0
C7A639,Q647G3,0.1566265060240964,0.0875,0.0375,0,0,0
C7A639,Q647G5,0.17159763313609466,0.1125,0.0625,0,0,0
C7A639,Q647G9,0.1793103448275862,0.1,0.1,0,0,0
C7A639,Q6TPK4,0.22413793103448276,0.15,0.15,0,0,0
C7A639,Q6VT83,0.24203821656050956,0.0625,0.05,0,0,0
C7A639,Q7X8H9,0.22641509433962265,0.075,0.075,0,0,0
C7A639,Q84T21,0.18238993710691823,0.1,0.0875,0,0,0
C7A639,Q84T91,0.21428571428571427,0.1,0.0625,0,0,0
C7A639,Q8GT39,0.2595419847328244,0.1,0.1,0,0,0
C7A639,Q8H4L8,0.21656050955414013,0.1375,0.05,0,0,0
C7A639,Q8L5E0,0.23684210526315788,0.05,0.05,0,0,0
C7A639,Q8S4P9,0.23316062176165803,0.1375,0.1375,0,0,0
C7A639,Q8SAE7,0.17532467532467533,0.1,0.1,0,0,0
C7A639,Q90YK9,0.29357798165137616,0.275,0.275,0,0,0
C7A639,Q91482,0.30275229357798167,0.2375,0.2375,0,0,0
C7A639,Q93YG7,0.19083969465648856,0.1,0.1,0,0,0
C7A639,Q948T6,0.26424870466321243,0.175,0.225,0,0,0
C7A639,Q94JN3,0.2900763358778626,0.0875,0.0375,0,0,0
C7A639,Q9ATH2,0.25217391304347825,0.0875,0.0875,0,0,0
C7A639,Q9AVK8,0.23316062176165803,0.1125,0.1125,0,0,0
C7A639,Q9AXI0,0.17045454545454544,0.125,0.125,0,0,0
C7A639,Q9FSG7,0.20725388601036268,0.1,0.1,0,0,0
C7A639,Q9FSY7,0.30569948186528495,0.2375,0.175,0,0,0
C7A639,Q9FUJ9,0.1566265060240964,0.075,0.075,0,0,0
C7A639,Q9M5X7,0.25217391304347825,0.075,0.075,0,0,0
C7A639,Q9M5X8,0.28205128205128205,0.075,0.0375,0,0,0
C7A639,Q9M7R0,0.2222222222222222,0.2,0.225,0,0,0
C7A639,Q9SQI9,0.2748091603053435,0.0625,0.0625,0,0,0
C7A639,Q9XF39,0.25190839694656486,0.1,0.0625,0,0,0
C7A639,Q9XHP0,0.3005181347150259,0.075,0.0625,0,0,0
C7A639,Q9XHP1,0.18243243243243243,0.075,0.05,0,0,0
C7A639,Q9XHP2,0.13793103448275862,0.0625,0.0625,0,0,0
C7A639,T2DN75,0.22279792746113988,0.0625,0.0625,0,0,0
C7A639,V5XVK5,0.23834196891191708,0.1,0.1,0,0,0
C7A639,V7AEY9,0.25906735751295334,0.225,0.2125,0,0,0
C7A639,V7B793,0.21774193548387097,0.0625,0.0625,0,0,0
C7A639,V7CAE0,0.20625,0.125,0.1,0,0,0
C7A639,V7CE49,0.15,0.05,0.05,0,0,0
C7A639,V7CEG9,0.21804511278195488,0.0625,0.05,0,0,0
C7A639,W5X2N3,0.21243523316062177,0.15,0.1125,0,0,0
C7A639,W8PPL3,0.27979274611398963,0.1625,0.0875,0,0,0
C7E3T4,D0E0C7,0.3018867924528302,0.1375,0.1375,0,0,0
C7E3T4,D2TE73,0.22772277227722773,0.15,0.125,0,0,0
C7E3T4,E3SU11,0.2345132743362832,0.1375,0.1375,0,0,0
C7E3T4,I0J1J1,0.23876404494382023,0.225,0.1625,0,0,0
C7E3T4,O22317,0.20588235294117646,0.15,0.1,0,0,0
C7E3T4,O44119,0.18309859154929578,0.1875,0.225,0,0,0
C7E3T4,O64458,0.16853932584269662,0.1875,0.1875,0,0,0
C7E3T4,O65810,0.26717557251908397,0.175,0.1125,0,0,0
C7E3T4,P00698,0.3197278911564626,0.0625,0.0625,0,0,0
C7E3T4,P00711,0.2887323943661972,0.15,0.0625,0,0,0
C7E3T4,P00940,0.2540322580645161,0.175,0.175,0,0,0
C7E3T4,P01005,0.2904761904761905,0.3125,0.3125,0,0,0
C7E3T4,P01012,0.19101123595505617,0.2625,0.25,0,0,0
C7E3T4,P01085,0.2903225806451613,0.1125,0.1125,0,0,0
C7E3T4,P02197,0.2597402597402597,0.1,0.075,0,0,0
C7E3T4,P02622,0.39823008849557523,0.15,0.125,0,0,0
C7E3T4,P02662,0.2803738317757009,0.1625,0.125,0,0,0
C7E3T4,P02754,0.2696629213483146,0.1375,0.0875,0,0,0
C7E3T4,P02769,0.23595505617977527,0.225,0.225,0,0,0
C7E3T4,P02789,0.27247191011235955,0.175,0.15,0,0,0
C7E3T4,P04722,0.19243986254295534,0.125,0.0625,0,0,0
C7E3T4,P07322,0.21910112359550563,0.1125,0.1125,0,0,0
C7E3T4,P08819,0.19382022471910113,0.125,0.1,0,0,0
C7E3T4,P0C0Y3,0.31297709923664124,0.1,0.1,0,0,0
C7E3T4,P10184,0.2303370786516854,0.275,0.2,0,0,0
C7E3T4,P11828,0.21910112359550563,0.2375,0.1,0,0,0
C7E3T4,P12670,0.21862348178137653,0.2,0.2,0,0,0
C7E3T4,P13744,0.2050561797752809,0.15,0.1,0,0,0
C7E3T4,P16348,0.2712765957446808,0.175,0.175,0,0,0
C7E3T4,P19121,0.25842696629213485,0.15,0.075,0,0,0
C7E3T4,P24337,0.275,0.0875,0.0875,0,0,0
C7E3T4,P25974,0.17415730337078653,0.2125,0.1375,0,0,0
C7E3T4,P26987,0.310126582278481,0.1,0.075,0,0,0
C7E3T4,P29835,0.23118279569892472,0.1375,0.1375,0,0,0
C7E3T4,P30941,0.27149321266968324,0.25,0.2375,0,0,0
C7E3T4,P43211,0.22641509433962265,0.0875,0.0625,0,0,0
C7E3T4,P43237,0.2696629213483146,0.2875,0.2875,0,0,0
C7E3T4,P49231,0.31297709923664124,0.1125,0.1125,0,0,0
C7E3T4,P50694,0.21224489795918366,0.2,0.2,0,0,0
C7E3T4,P80026,0.30275229357798167,0.2,0.1875,0,0,0
C7E3T4,P81370,0.24444444444444444,0.0875,0.0625,0,0,0
C7E3T4,P81402,0.2857142857142857,0.0875,0.05,0,0,0
C7E3T4,P84177,0.2824427480916031,0.1,0.1,0,0,0
C7E3T4,P84527,0.2676056338028169,0.125,0.125,0,0,0
C7E3T4,P85524,0.29333333333333333,0.0875,0.0875,0,0,0
C7E3T4,P85894,0.4175824175824176,0.0875,0.075,0,0,0
C7E3T4,P86137,0.3695652173913043,0.1125,0.1125,0,0,0
C7E3T4,P86888,0.31746031746031744,0.0875,0.0875,0,0,0
C7E3T4,P87498,0.36235955056179775,0.2125,0.2125,0,0,0
C7E3T4,P93594,0.2808988764044944,0.25,0.2375,0,0,0
C7E3T4,Q004B5,0.9662921348314607,1.0,1.0,1,298,284
C7E3T4,Q01881,0.3,0.0875,0.05,0,0,0
C7E3T4,Q0DEV5,0.26685393258426965,0.2125,0.2125,0,0,0
C7E3T4,Q2I6V8,0.29375,0.1,0.1,0,0,0
C7E3T4,Q39453,0.26875,0.125,0.125,0,0,0
C7E3T4,Q39649,0.3333333333333333,0.1,0.1,0,0,0
C7E3T4,Q41115,0.21067415730337077,0.225,0.2375,0,0,0
C7E3T4,Q41258,0.2878787878787879,0.075,0.05,0,0,0
C7E3T4,Q45W87,0.32116788321167883,0.1375,0.05,0,0,0
C7E3T4,Q647G3,0.26506024096385544,0.125,0.0625,0,0,0
C7E3T4,Q647G5,0.28402366863905326,0.15,0.15,0,0,0
C7E3T4,Q647G9,0.25517241379310346,0.0875,0.05,0,0,0
C7E3T4,Q6TPK4,0.3103448275862069,0.1625,0.0625,0,0,0
C7E3T4,Q6VT83,0.25477707006369427,0.125,0.075,0,0,0
C7E3T4,Q7X8H9,0.2893081761006289,0.0875,0.05,0,0,0
C7E3T4,Q84T21,0.3333333333333333,0.2125,0.2125,0,0,0
C7E3T4,Q84T91,0.35,0.1,0.1,0,0,0
C7E3T4,Q8GT39,0.32061068702290074,0.1,0.1,0,0,0
C7E3T4,Q8H4L8,0.27388535031847133,0.1,0.05,0,0,0
C7E3T4,Q8L5E0,0.3157894736842105,0.1375,0.1375,0,0,0
C7E3T4,Q8S4P9,0.21910112359550563,0.2375,0.1375,0,0,0
C7E3T4,Q8SAE7,0.3051948051948052,0.175,0.225,0,0,0
C7E3T4,Q90YK9,0.30275229357798167,0.1875,0.1875,0,0,0
C7E3T4,Q91482,0.3669724770642202,0.175,0.1125,0,0,0
C7E3T4,Q93YG7,0.24427480916030533,0.1625,0.1,0,0,0
C7E3T4,Q948T6,0.2027491408934708,0.2,0.175,0,0,0
C7E3T4,Q94JN3,0.2900763358778626,0.125,0.1,0,0,0
C7E3T4,Q9ATH2,0.2956521739130435,0.075,0.0375,0,0,0
C7E3T4,Q9AVK8,0.23876404494382023,0.175,0.125,0,0,0
C7E3T4,Q9AXI0,0.29545454545454547,0.175,0.175,0,0,0
C7E3T4,Q9FSG7,0.21544715447154472,0.0875,0.0625,0,0,0
C7E3T4,Q9FSY7,0.27808988764044945,0.225,0.2375,0,0,0
C7E3T4,Q9FUJ9,0.26506024096385544,0.125,0.125,0,0,0
C7E3T4,Q9M5X7,0.30434782608695654,0.075,0.0625,0,0,0
C7E3T4,Q9M5X8,0.358974358974359,0.1,0.0375,0,0,0
C7E3T4,Q9M7R0,0.2573099415204678,0.15,0.1,0,0,0
C7E3T4,Q9SQI9,0.2900763358778626,0.1125,0.1125,0,0,0
C7E3T4,Q9XF39,0.32061068702290074,0.1,0.1,0,0,0
C7E3T4,Q9XHP0,0.20224719101123595,0.2,0.1125,0,0,0
C7E3T4,Q9XHP1,0.2635135135135135,0.0875,0.0625,0,0,0
C7E3T4,Q9XHP2,0.2689655172413793,0.1,0.075,0,0,0
C7E3T4,T2DN75,0.20078740157480315,0.1125,0.0875,0,0,0
C7E3T4,V5XVK5,0.20346320346320346,0.1,0.1,0,0,0
C7E3T4,V7AEY9,0.1853932584269663,0.0875,0.075,0,0,0
C7E3T4,V7B793,0.27419354838709675,0.1,0.0625,0,0,0
C7E3T4,V7CAE0,0.30625,0.2125,0.1375,0,0,0
C7E3T4,V7CE49,0.28125,0.1125,0.0875,0,0,0
C7E3T4,V7CEG9,0.3082706766917293,0.0875,0.05,0,0,0
C7E3T4,W5X2N3,0.22797927461139897,0.2125,0.0875,0,0,0
C7E3T4,W8PPL3,0.16573033707865167,0.2,0.2,0,0,0
D0E0C7,D2TE73,0.24528301886792453,0.1125,0.1125,0,0,0
D0E0C7,E3SU11,0.20125786163522014,0.1125,0.1125,0,0,0
D0E0C7,I0J1J1,0.3584905660377358,0.1375,0.1375,0,0,0
D0E0C7,O22317,0.3018867924528302,0.2,0.2,0,0,0
D0E0C7,O44119,0.22012578616352202,0.1875,0.1875,0,0,0
D0E0C7,O64458,0.2893081761006289,0.1625,0.1625,0,0,0
D0E0C7,O65810,0.25190839694656486,0.1125,0.1125,0,0,0
D0E0C7,P00698,0.1836734693877551,0.0625,0.05,0,0,0
D0E0C7,P00711,0.2112676056338028,0.075,0.075,0,0,0
D0E0C7,P00940,0.2389937106918239,0.0375,0.0375,0,0,0
D0E0C7,P01005,0.2641509433962264,0.075,0.05,0,0,0
D0E0C7,P01012,0.2893081761006289,0.1,0.1,0,0,0
D0E0C7,P01085,0.1774193548387097,0.05,0.05,0,0,0
D0E0C7,P02197,0.2077922077922078,0.1125,0.1125,0,0,0
D0E0C7,P02622,0.24778761061946902,0.15,0.1375,0,0,0
D0E0C7,P02662,0.18867924528301888,0.0875,0.0875,0,0,0
D0E0C7,P02754,0.18238993710691823,0.1375,0.125,0,0,0
D0E0C7,P02769,0.3584905660377358,0.1375,0.1375,0,0,0
D0E0C7,P02789,0.4025157232704403,0.2375,0.075,0,0,0
D0E0C7,P04722,0.18238993710691823,0.05,0.0375,0,0,0
D0E0C7,P07322,0.33962264150943394,0.1625,0.1625,0,0,0
D0E0C7,P08819,0.2138364779874214,0.075,0.075,0,0,0
D0E0C7,P0C0Y3,0.25190839694656486,0.1125,0.1125,0,0,0
D0E0C7,P10184,0.2830188679245283,0.0875,0.0875,0,0,0
D0E0C7,P11828,0.29559748427672955,0.0875,0.075,0,0,0
D0E0C7,P12670,0.23270440251572327,0.0625,0.05,0,0,0
D0E0C7,P13744,0.3710691823899371,0.1625,0.1,0,0,0
D0E0C7,P16348,0.22641509433962265,0.1125,0.0625,0,0,0
D0E0C7,P19121,0.34591194968553457,0.075,0.075,0,0,0
D0E0C7,P24337,0.2125,0.0625,0.0625,0,0,0
D0E0C7,P25974,0.3018867924528302,0.2,0.2,0,0,0
D0E0C7,P26987,0.5253164556962026,0.5375,0.5375,1,1,0
D0E0C7,P29835,0.16981132075471697,0.1,0.1,0,0,0
D0E0C7,P30941,0.2389937106918239,0.1875,0.05,0,0,0
D0E0C7,P43211,0.7232704402515723,0.7375,0.7375,1,23,14
D0E0C7,P43237,0.32075471698113206,0.25,0.2375,0,0,0
D0E0C7,P49231,0.22137404580152673,0.1,0.1,0,0,0
D0E0C7,P50694,0.2138364779874214,0.0625,0.0625,0,0,0
D0E0C7,P80026,0.26605504587155965,0.1375,0.1375,0,0,0
D0E0C7,P81370,0.2641509433962264,0.0875,0.0875,0,0,0
D0E0C7,P81402,0.17582417582417584,0.1,0.0375,0,0,0
D0E0C7,P84177,0.25190839694656486,0.125,0.125,0,0,0
D0E0C7,P84527,0.18867924528301888,0.0875,0.0625,0,0,0
D0E0C7,P85524,0.18,0.2375,0.2125,0,0,0
D0E0C7,P85894,0.18681318681318682,0.0625,0.0625,0,0,0
D0E0C7,P86137,0.17391304347826086,0.05,0.05,0,0,0
D0E0C7,P86888,0.2222222222222222,0.0375,0.0375,0,0,0
D0E0C7,P87498,0.389937106918239,0.1125,0.1125,0,0,0
D0E0C7,P93594,0.34591194968553457,0.1125,0.1,0,0,0
D0E0C7,Q004B5,0.3018867924528302,0.1375,0.1375,0,0,0
D0E0C7,Q01881,0.1761006289308176,0.0625,0.0625,0,0,0
D0E0C7,Q0DEV5,0.3333333333333333,0.15,0.15,0,0,0
D0E0C7,Q2I6V8,0.7861635220125787,0.8125,0.8125,1,38,24
D0E0C7,Q39453,0.5911949685534591,0.625,0.625,1,1,0
D0E0C7,Q39649,0.18439716312056736,0.1,0.075,0,0,0
D0E0C7,Q41115,0.3270440251572327,0.175,0.2125,0,0,0
D0E0C7,Q41258,0.12121212121212122,0.025,0.025,0,0,0
D0E0C7,Q45W87,0.2116788321167883,0.1125,0.1125,0,0,0
D0E0C7,Q647G3,0.20125786163522014,0.275,0.2625,0,0,0
D0E0C7,Q647G5,0.1761006289308176,0.075,0.0625,0,0,0
D0E0C7,Q647G9,0.16551724137931034,0.0625,0.0625,0,0,0
D0E0C7,Q6TPK4,0.16379310344827586,0.1375,0.1375,0,0,0
D0E0C7,Q6VT83,0.4968152866242038,0.5125,0.5125,1,0,0
D0E0C7,Q7X8H9,0.15723270440251572,0.0875,0.0875,0,0,0
D0E0C7,Q84T21,0.1509433962264151,0.075,0.075,0,0,0
D0E0C7,Q84T91,0.1357142857142857,0.1,0.1,0,0,0
D0E0C7,Q8GT39,0.25190839694656486,0.1125,0.1125,0,0,0
D0E0C7,Q8H4L8,0.17197452229299362,0.0625,0.0625,0,0,0
D0E0C7,Q8L5E0,0.21052631578947367,0.1,0.1,0,0,0
D0E0C7,Q8S4P9,0.29559748427672955,0.225,0.225,0,0,0
D0E0C7,Q8SAE7,0.43506493506493504,0.4875,0.4875,1,3,1
D0E0C7,Q90YK9,0.27522935779816515,0.125,0.125,0,0,0
D0E0C7,Q91482,0.28440366972477066,0.0625,0.0625,0,0,0
D0E0C7,Q93YG7,0.2748091603053435,0.1375,0.125,0,0,0
D0E0C7,Q948T6,0.27672955974842767,0.2125,0.2125,0,0,0
D0E0C7,Q94JN3,0.26717557251908397,0.1125,0.1125,0,0,0
D0E0C7,Q9ATH2,0.25217391304347825,0.05,0.0375,0,0,0
D0E0C7,Q9AVK8,0.3018867924528302,0.2,0.2,0,0,0
D0E0C7,Q9AXI0,0.15723270440251572,0.1125,0.1125,0,0,0
D0E0C7,Q9FSG7,0.22012578616352202,0.1625,0.075,0,0,0
D0E0C7,Q9FSY7,0.3522012578616352,0.2875,0.25,0,0,0
D0E0C7,Q9FUJ9,0.16981132075471697,0.0875,0.0875,0,0,0
D0E0C7,Q9M5X7,0.16521739130434782,0.1125,0.0625,0,0,0
D0E0C7,Q9M5X8,0.21367521367521367,0.075,0.0625,0,0,0
D0E0C7,Q9M7R0,0.23270440251572327,0.15,0.15,0,0,0
D0E0C7,Q9SQI9,0.24427480916030533,0.1125,0.1125,0,0,0
D0E0C7,Q9XF39,0.22900763358778625,0.1,0.1,0,0,0
D0E0C7,Q9XHP0,0.27044025157232704,0.125,0.125,0,0,0
D0E0C7,Q9XHP1,0.16216216216216217,0.1125,0.0875,0,0,0
D0E0C7,Q9XHP2,0.16551724137931034,0.0625,0.0625,0,0,0
D0E0C7,T2DN75,0.2389937106918239,0.0875,0.0875,0,0,0
D0E0C7,V5XVK5,0.20754716981132076,0.075,0.075,0,0,0
D0E0C7,V7AEY9,0.31446540880503143,0.1375,0.2125,0,0,0
D0E0C7,V7B793,0.20967741935483872,0.075,0.05,0,0,0
D0E0C7,V7CAE0,0.4528301886792453,0.5125,0.5125,1,0,0
D0E0C7,V7CE49,0.1761006289308176,0.1375,0.1375,0,0,0
D0E0C7,V7CEG9,0.18796992481203006,0.0625,0.0375,0,0,0
D0E0C7,W5X2N3,0.2138364779874214,0.075,0.0625,0,0,0
D0E0C7,W8PPL3,0.3081761006289308,0.2,0.2,0,0,0
D2TE73,E3SU11,0.21782178217821782,0.075,0.075,0,0,0
D2TE73,I0J1J1,0.25742574257425743,0.1125,0.1125,0,0,0
D2TE73,O22317,0.2376237623762376,0.2125,0.2125,0,0,0
D2TE73,O44119,0.24257425742574257,0.0875,0.075,0,0,0
D2TE73,O64458,0.24257425742574257,0.2125,0.2125,0,0,0
D2TE73,O65810,0.25190839694656486,0.075,0.075,0,0,0
D2TE73,P00698,0.23809523809523808,0.0875,0.05,0,0,0
D2TE73,P00711,0.24647887323943662,0.125,0.125,0,0,0
D2TE73,P00940,0.21287128712871287,0.1125,0.1125,0,0,0
D2TE73,P01005,0.22772277227722773,0.1125,0.0875,0,0,0
D2TE73,P01012,0.2524752475247525,0.2125,0.2125,0,0,0
D2TE73,P01085,0.27419354838709675,0.125,0.1,0,0,0
D2TE73,P02197,0.21428571428571427,0.15,0.15,0,0,0
D2TE73,P02622,0.20353982300884957,0.1125,0.0375,0,0,0
D2TE73,P02662,0.18316831683168316,0.1125,0.0875,0,0,0
D2TE73,P02754,0.21348314606741572,0.075,0.075,0,0,0
D2TE73,P02769,0.35148514851485146,0.1125,0.1125,0,0,0
D2TE73,P02789,0.3217821782178218,0.175,0.15,0,0,0
D2TE73,P04722,0.16831683168316833,0.1875,0.0625,0,0,0
D2TE73,P07322,0.26732673267326734,0.125,0.0875,0,0,0
D2TE73,P08819,0.24752475247524752,0.1,0.0875,0,0,0
D2TE73,P0C0Y3,0.25190839694656486,0.125,0.125,0,0,0
D2TE73,P10184,0.3217821782178218,0.1625,0.15,0,0,0
D2TE73,P11828,0.25742574257425743,0.125,0.0875,0,0,0
D2TE73,P12670,0.21782178217821782,0.1,0.05,0,0,0
D2TE73,P13744,0.27722772277227725,0.0875,0.0875,0,0,0
D2TE73,P16348,0.17553191489361702,0.0875,0.0875,0,0,0
D2TE73,P19121,0.297029702970297,0.175,0.175,0,0,0
D2TE73,P24337,0.2875,0.05,0.05,0,0,0
D2TE73,P25974,0.27722772277227725,0.125,0.075,0,0,0
D2TE73,P26987,0.26582278481012656,0.1125,0.0875,0,0,0
D2TE73,P29835,0.1935483870967742,0.1375,0.1125,0,0,0
D2TE73,P30941,0.20297029702970298,0.075,0.0375,0,0,0
D2TE73,P43211,0.2389937106918239,0.1125,0.1125,0,0,0
D2TE73,P43237,0.2722772277227723,0.125,0.075,0,0,0
D2TE73,P49231,0.2748091603053435,0.125,0.0625,0,0,0
D2TE73,P50694,0.24257425742574257,0.0875,0.0875,0,0,0
D2TE73,P80026,0.22018348623853212,0.075,0.075,0,0,0
D2TE73,P81370,0.18811881188118812,0.0625,0.0625,0,0,0
D2TE73,P81402,0.25274725274725274,0.1125,0.1125,0,0,0
D2TE73,P84177,0.2595419847328244,0.075,0.075,0,0,0
D2TE73,P84527,0.18811881188118812,0.1125,0.1125,0,0,0
D2TE73,P85524,0.20666666666666667,0.075,0.075,0,0,0
D2TE73,P85894,0.2967032967032967,0.1125,0.1125,0,0,0
D2TE73,P86137,0.29347826086956524,0.0625,0.0625,0,0,0
D2TE73,P86888,0.3968253968253968,0.075,0.075,0,0,0
D2TE73,P87498,0.4207920792079208,0.1875,0.1875,0,0,0
D2TE73,P93594,0.297029702970297,0.125,0.125,0,0,0
D2TE73,Q004B5,0.22772277227722773,0.15,0.125,0,0,0
D2TE73,Q01881,0.23125,0.1625,0.1625,0,0,0
D2TE73,Q0DEV5,0.3415841584158416,0.0875,0.0625,0,0,0
D2TE73,Q2I6V8,0.24375,0.1125,0.1125,0,0,0
D2TE73,Q39453,0.28125,0.1125,0.1125,0,0,0
D2TE73,Q39649,0.19858156028368795,0.0875,0.0875,0,0,0
D2TE73,Q41115,0.29207920792079206,0.125,0.125,0,0,0
D2TE73,Q41258,0.18181818181818182,0.05,0.05,0,0,0
D2TE73,Q45W87,0.23357664233576642,0.075,0.0375,0,0,0
D2TE73,Q647G3,0.19879518072289157,0.05,0.05,0,0,0
D2TE73,Q647G5,0.23668639053254437,0.075,0.075,0,0,0
D2TE73,Q647G9,0.23448275862068965,0.125,0.1125,0,0,0
D2TE73,Q6TPK4,0.25862068965517243,0.1125,0.075,0,0,0
D2TE73,Q6VT83,0.2484076433121019,0.1625,0.1125,0,0,0
D2TE73,Q7X8H9,0.22641509433962265,0.1625,0.1,0,0,0
D2TE73,Q84T21,0.22641509433962265,0.075,0.075,0,0,0
D2TE73,Q84T91,0.21428571428571427,0.075,0.075,0,0,0
D2TE73,Q8GT39,0.25190839694656486,0.125,0.125,0,0,0
D2TE73,Q8H4L8,0.21656050955414013,0.1125,0.0875,0,0,0
D2TE73,Q8L5E0,0.24342105263157895,0.075,0.075,0,0,0
D2TE73,Q8S4P9,0.297029702970297,0.1625,0.1625,0,0,0
D2TE73,Q8SAE7,0.24675324675324675,0.225,0.225,0,0,0
D2TE73,Q90YK9,0.25688073394495414,0.075,0.05,0,0,0
D2TE73,Q91482,0.21100917431192662,0.0875,0.0875,0,0,0
D2TE73,Q93YG7,0.26717557251908397,0.0625,0.0625,0,0,0
D2TE73,Q948T6,0.21287128712871287,0.225,0.225,0,0,0
D2TE73,Q94JN3,0.26717557251908397,0.075,0.075,0,0,0
D2TE73,Q9ATH2,0.30434782608695654,0.075,0.0625,0,0,0
D2TE73,Q9AVK8,0.3465346534653465,0.2,0.2,0,0,0
D2TE73,Q9AXI0,0.21022727272727273,0.0875,0.0625,0,0,0
D2TE73,Q9FSG7,0.20297029702970298,0.1625,0.1625,0,0,0
D2TE73,Q9FSY7,0.33663366336633666,0.125,0.1,0,0,0
D2TE73,Q9FUJ9,0.21084337349397592,0.1,0.1,0,0,0
D2TE73,Q9M5X7,0.21739130434782608,0.0625,0.0625,0,0,0
D2TE73,Q9M5X8,0.2222222222222222,0.075,0.075,0,0,0
D2TE73,Q9M7R0,0.22807017543859648,0.1125,0.0625,0,0,0
D2TE73,Q9SQI9,0.25190839694656486,0.15,0.15,0,0,0
D2TE73,Q9XF39,0.22900763358778625,0.075,0.075,0,0,0
D2TE73,Q9XHP0,0.29207920792079206,0.1125,0.1125,0,0,0
D2TE73,Q9XHP1,0.22297297297297297,0.0625,0.05,0,0,0
D2TE73,Q9XHP2,0.22758620689655173,0.075,0.075,0,0,0
D2TE73,T2DN75,0.22277227722772278,0.075,0.075,0,0,0
D2TE73,V5XVK5,0.22277227722772278,0.075,0.075,0,0,0
D2TE73,V7AEY9,0.2623762376237624,0.15,0.15,0,0,0
D2TE73,V7B793,0.2661290322580645,0.0875,0.0875,0,0,0
D2TE73,V7CAE0,0.25625,0.1,0.0875,0,0,0
D2TE73,V7CE49,0.21875,0.075,0.0625,0,0,0
D2TE73,V7CEG9,0.24812030075187969,0.0625,0.0625,0,0,0
D2TE73,W5X2N3,0.19689119170984457,0.075,0.0625,0,0,0
D2TE73,W8PPL3,0.23267326732673269,0.125,0.0875,0,0,0
E3SU11,I0J1J1,0.24778761061946902,0.075,0.075,0,0,0
E3SU11,O22317,0.24336283185840707,0.15,0.1,0,0,0
E3SU11,O44119,0.18584070796460178,0.05,0.05,0,0,0
E3SU11,O64458,0.24778761061946902,0.15,0.0875,0,0,0
E3SU11,O65810,0.2595419847328244,0.0875,0.0875,0,0,0
E3SU11,P00698,0.2653061224489796,0.1,0.1,0,0,0
E3SU11,P00711,0.21830985915492956,0.1125,0.1125,0,0,0
E3SU11,P00940,0.1902654867256637,0.075,0.075,0,0,0
E3SU11,P01005,0.19523809523809524,0.175,0.175,0,0,0
E3SU11,P01012,0.252212389380531,0.1125,0.075,0,0,0
E3SU11,P01085,0.22580645161290322,0.1,0.1,0,0,0
E3SU11,P02197,0.18831168831168832,0.1,0.05,0,0,0
E3SU11,P02622,0.18584070796460178,0.1,0.1,0,0,0
E3SU11,P02662,0.14485981308411214,0.1,0.1,0,0,0
E3SU11,P02754,0.2247191011235955,0.1125,0.1125,0,0,0
E3SU11,P02769,0.3274336283185841,0.1,0.0625,0,0,0
E3SU11,P02789,0.3008849557522124,0.375,0.3,0,0,0
E3SU11,P04722,0.22123893805309736,0.1375,0.1,0,0,0
E3SU11,P07322,0.25663716814159293,0.0625,0.05,0,0,0
E3SU11,P08819,0.2610619469026549,0.1625,0.1625,0,0,0
E3SU11,P0C0Y3,0.24427480916030533,0.075,0.075,0,0,0
E3SU11,P10184,0.2831858407079646,0.1875,0.225,0,0,0
E3SU11,P11828,0.28761061946902655,0.1875,0.175,0,0,0
E3SU11,P12670,0.6327433628318584,0.7375,0.725,1,26,12
E3SU11,P13744,0.26548672566371684,0.125,0.1,0,0,0
E3SU11,P16348,0.17553191489361702,0.1125,0.1125,0,0,0
E3SU11,P19121,0.2743362831858407,0.1875,0.1875,0,0,0
E3SU11,P24337,0.4,0.0875,0.05,0,0,0
E3SU11,P25974,0.24336283185840707,0.1375,0.1125,0,0,0
E3SU11,P26987,0.2468354430379747,0.1,0.1,0,0,0
E3SU11,P29835,0.17204301075268819,0.05,0.0375,0,0,0
E3SU11,P30941,0.17647058823529413,0.075,0.075,0,0,0
E3SU11,P43211,0.1761006289308176,0.0875,0.0875,0,0,0
E3SU11,P43237,0.27876106194690264,0.2375,0.1625,0,0,0
E3SU11,P49231,0.29770992366412213,0.1125,0.1,0,0,0
E3SU11,P50694,0.42920353982300885,0.4875,0.45,1,2,0
E3SU11,P80026,0.1834862385321101,0.0625,0.05,0,0,0
E3SU11,P81370,0.6488888888888888,0.725,0.725,1,20,9
E3SU11,P81402,0.3516483516483517,0.2,0.2,0,0,0
E3SU11,P84177,0.2366412213740458,0.1,0.1,0,0,0
E3SU11,P84527,0.2112676056338028,0.2625,0.2625,0,0,0
E3SU11,P85524,0.22,0.0875,0.0625,0,0,0
E3SU11,P85894,0.3626373626373626,0.1125,0.0625,0,0,0
E3SU11,P86137,0.2717391304347826,0.1125,0.075,0,0,0
E3SU11,P86888,0.30158730158730157,0.0625,0.0625,0,0,0
E3SU11,P87498,0.39823008849557523,0.1125,0.1125,0,0,0
E3SU11,P93594,0.3274336283185841,0.0875,0.0875,0,0,0
E3SU11,Q004B5,0.24336283185840707,0.125,0.0875,0,0,0
E3SU11,Q01881,0.2375,0.175,0.175,0,0,0
E3SU11,Q0DEV5,0.2831858407079646,0.0875,0.0875,0,0,0
E3SU11,Q2I6V8,0.21875,0.0875,0.0875,0,0,0
E3SU11,Q39453,0.2375,0.1,0.1,0,0,0
E3SU11,Q39649,0.23404255319148937,0.0875,0.0625,0,0,0
E3SU11,Q41115,0.22566371681415928,0.1875,0.1875,0,0,0
E3SU11,Q41258,0.3106060606060606,0.1875,0.1875,0,0,0
E3SU11,Q45W87,0.22627737226277372,0.0625,0.0625,0,0,0
E3SU11,Q647G3,0.24096385542168675,0.1125,0.1125,0,0,0
E3SU11,Q647G5,0.23668639053254437,0.1,0.1,0,0,0
E3SU11,Q647G9,0.2689655172413793,0.15,0.15,0,0,0
E3SU11,Q6TPK4,0.25,0.0875,0.0875,0,1,0
E3SU11,Q6VT83,0.21019108280254778,0.075,0.075,0,0,0
E3SU11,Q7X8H9,0.2578616352201258,0.15,0.1125,0,0,0
E3SU11,Q84T21,0.20125786163522014,0.075,0.075,0,0,0
E3SU11,Q84T91,0.24285714285714285,0.0625,0.0625,0,0,0
E3SU11,Q8GT39,0.2366412213740458,0.0875,0.0875,0,0,0
E3SU11,Q8H4L8,0.2611464968152866,0.15,0.0875,0,0,0
E3SU11,Q8L5E0,0.2565789473684211,0.1125,0.1125,0,0,0
E3SU11,Q8S4P9,0.24778761061946902,0.1,0.05,0,0,0
E3SU11,Q8SAE7,0.22077922077922077,0.0875,0.0875,0,0,0
E3SU11,Q90YK9,0.1926605504587156,0.0875,0.0875,0,0,0
E3SU11,Q91482,0.22018348623853212,0.15,0.0625,0,0,0
E3SU11,Q93YG7,0.24427480916030533,0.0875,0.075,0,0,0
E3SU11,Q948T6,0.19911504424778761,0.1625,0.1625,0,0,0
E3SU11,Q94JN3,0.25190839694656486,0.1,0.075,0,0,0
E3SU11,Q9ATH2,0.2956521739130435,0.125,0.1,0,0,0
E3SU11,Q9AVK8,0.26548672566371684,0.1,0.1,0,0,0
E3SU11,Q9AXI0,0.24431818181818182,0.175,0.175,0,0,0
E3SU11,Q9FSG7,0.41150442477876104,0.45,0.4375,1,0,0
E3SU11,Q9FSY7,0.3053097345132743,0.125,0.075,0,0,0
E3SU11,Q9FUJ9,0.21084337349397592,0.0625,0.05,0,0,0
E3SU11,Q9M5X7,0.3217391304347826,0.1875,0.1875,0,0,0
E3SU11,Q9M5X8,0.3418803418803419,0.2125,0.2125,0,0,0
E3SU11,Q9M7R0,0.21052631578947367,0.1125,0.1125,0,0,0
E3SU11,Q9SQI9,0.25190839694656486,0.0625,0.0625,0,0,0
E3SU11,Q9XF39,0.2366412213740458,0.1,0.1,0,0,0
E3SU11,Q9XHP0,0.24336283185840707,0.225,0.225,0,0,0
E3SU11,Q9XHP1,0.22972972972972974,0.125,0.125,0,0,0
E3SU11,Q9XHP2,0.23448275862068965,0.075,0.075,0,0,0
E3SU11,T2DN75,0.34513274336283184,0.425,0.3875,1,0,0
E3SU11,V5XVK5,0.7079646017699115,0.85,0.85,1,47,29
E3SU11,V7AEY9,0.24336283185840707,0.1625,0.0625,0,0,0
E3SU11,V7B793,0.2661290322580645,0.175,0.175,0,0,0
E3SU11,V7CAE0,0.2125,0.1125,0.05,0,0,0
E3SU11,V7CE49,0.1875,0.0875,0.0875,0,0,0
E3SU11,V7CEG9,0.3007518796992481,0.3375,0.3,0,0,0
E3SU11,W5X2N3,0.22797927461139897,0.125,0.125,0,0,0
E3SU11,W8PPL3,0.2168141592920354,0.1125,0.1125,0,0,0
I0J1J1,O22317,0.21470588235294116,0.1375,0.125,0,0,0
I0J1J1,O44119,0.24647887323943662,0.1375,0.125,0,0,0
I0J1J1,O64458,0.19788918205804748,0.225,0.1375,0,0,0
I0J1J1,O65810,0.35877862595419846,0.1125,0.1,0,0,0
I0J1J1,P00698,0.3129251700680272,0.125,0.075,0,0,0
I0J1J1,P00711,0.31690140845070425,0.0875,0.0875,0,0,0
I0J1J1,P00940,0.29838709677419356,0.175,0.0875,0,0,0
I0J1J1,P01005,0.26666666666666666,0.15,0.0875,0,0,0
I0J1J1,P01012,0.19948186528497408,0.15,0.1,0,0,0
I0J1J1,P01085,0.3387096774193548,0.1375,0.1125,0,0,0
I0J1J1,P02197,0.2727272727272727,0.0875,0.0875,0,0,0
I0J1J1,P02622,0.34513274336283184,0.2125,0.2125,0,0,0
I0J1J1,P02662,0.2570093457943925,0.15,0.075,0,0,0
I0J1J1,P02754,0.2696629213483146,0.1,0.0625,0,0,0
I0J1J1,P02769,0.22916666666666666,0.2125,0.1125,0,0,0
I0J1J1,P02789,0.2222222222222222,0.2625,0.15,0,0,0
I0J1J1,P04722,0.16151202749140894,0.0875,0.0875,0,0,0
I0J1J1,P07322,0.7916666666666666,0.9375,0.9375,1,165,131
I0J1J1,P08819,0.2152777777777778,0.15,0.125,0,0,0
I0J1J1,P0C0Y3,0.35877862595419846,0.2,0.1,0,0,0
I0J1J1,P10184,0.21064814814814814,0.15,0.15,0,0,0
I0J1J1,P11828,0.1736111111111111,0.125,0.125,0,0,0
I0J1J1,P12670,0.2591093117408907,0.1625,0.05,0,0,0
I0J1J1,P13744,0.18518518518518517,0.175,0.175,0,0,0
I0J1J1,P16348,0.30319148936170215,0.2125,0.125,0,0,0
I0J1J1,P19121,0.2337962962962963,0.275,0.175,0,0,0
I0J1J1,P24337,0.2875,0.125,0.0875,0,0,0
I0J1J1,P25974,0.16666666666666666,0.125,0.125,0,0,0
I0J1J1,P26987,0.3291139240506329,0.1625,0.1625,0,0,0
I0J1J1,P29835,0.25806451612903225,0.125,0.125,0,0,0
I0J1J1,P30941,0.28054298642533937,0.175,0.175,0,0,0
I0J1J1,P43211,0.2830188679245283,0.1875,0.1125,0,0,0
I0J1J1,P43237,0.2199074074074074,0.1,0.1,0,0,0
I0J1J1,P49231,0.35877862595419846,0.125,0.125,0,0,0
I0J1J1,P50694,0.22448979591836735,0.1625,0.1625,0,0,0
I0J1J1,P80026,0.3394495412844037,0.15,0.1,0,0,0
I0J1J1,P81370,0.27111111111111114,0.1,0.1,0,0,0
I0J1J1,P81402,0.3076923076923077,0.1,0.1,0,0,0
I0J1J1,P84177,0.40458015267175573,0.1875,0.1375,0,0,0
I0J1J1,P84527,0.25821596244131456,0.15,0.075,0,0,0
I0J1J1,P85524,0.35333333333333333,0.1,0.1,0,0,0
I0J1J1,P85894,0.37362637362637363,0.175,0.1375,0,0,0
I0J1J1,P86137,0.34782608695652173,0.125,0.125,0,0,0
I0J1J1,P86888,0.3968253968253968,0.1,0.075,0,0,0
I0J1J1,P87498,0.3101851851851852,0.2,0.25,0,0,0
I0J1J1,P93594,0.18287037037037038,0.1625,0.1625,0,0,0
I0J1J1,Q004B5,0.23595505617977527,0.2,0.1625,0,0,0
I0J1J1,Q01881,0.275,0.125,0.0625,0,0,0
I0J1J1,Q0DEV5,0.24305555555555555,0.2375,0.2375,0,0,0
I0J1J1,Q2I6V8,0.275,0.1875,0.2375,0,0,0
I0J1J1,Q39453,0.26875,0.1625,0.1625,0,0,0
I0J1J1,Q39649,0.2553191489361702,0.075,0.0625,0,0,0
I0J1J1,Q41115,0.19767441860465115,0.2125,0.1875,0,0,0
I0J1J1,Q41258,0.23484848484848486,0.1,0.1,0,0,0
I0J1J1,Q45W87,0.35036496350364965,0.075,0.075,0,0,0
I0J1J1,Q647G3,0.2710843373493976,0.1375,0.1,0,0,0
I0J1J1,Q647G5,0.3136094674556213,0.1125,0.1,0,0,0
I0J1J1,Q647G9,0.25517241379310346,0.1375,0.1375,0,0,0
I0J1J1,Q6TPK4,0.3275862068965517,0.2125,0.0875,0,0,0
I0J1J1,Q6VT83,0.2929936305732484,0.1875,0.1875,0,0,0
I0J1J1,Q7X8H9,0.2893081761006289,0.1875,0.1,0,0,0
I0J1J1,Q84T21,0.27044025157232704,0.1,0.0625,0,0,0
I0J1J1,Q84T91,0.2642857142857143,0.125,0.0875,0,0,0
I0J1J1,Q8GT39,0.366412213740458,0.125,0.1,0,0,0
I0J1J1,Q8H4L8,0.2611464968152866,0.075,0.0625,0,0,0
I0J1J1,Q8L5E0,0.34210526315789475,0.1625,0.125,0,0,0
I0J1J1,Q8S4P9,0.18287037037037038,0.15,0.1,0,0,0
I0J1J1,Q8SAE7,0.2662337662337662,0.1375,0.0875,0,0,0
I0J1J1,Q90YK9,0.41284403669724773,0.25,0.2625,0,0,0
I0J1J1,Q91482,0.3577981651376147,0.2125,0.0625,0,0,0
I0J1J1,Q93YG7,0.366412213740458,0.1,0.075,0,0,0
I0J1J1,Q948T6,0.21649484536082475,0.175,0.125,0,0,0
I0J1J1,Q94JN3,0.366412213740458,0.1375,0.075,0,0,0
I0J1J1,Q9ATH2,0.2956521739130435,0.175,0.0875,0,0,0
I0J1J1,Q9AVK8,0.19907407407407407,0.175,0.1,0,0,0
I0J1J1,Q9AXI0,0.29545454545454547,0.1375,0.0625,0,0,0
I0J1J1,Q9FSG7,0.23170731707317074,0.0875,0.075,0,0,0
I0J1J1,Q9FSY7,0.2222222222222222,0.2,0.2,0,0,0
I0J1J1,Q9FUJ9,0.3132530120481928,0.1625,0.1625,0,0,0
I0J1J1,Q9M5X7,0.2782608695652174,0.15,0.1125,0,0,0
I0J1J1,Q9M5X8,0.29914529914529914,0.1,0.1,0,0,0
I0J1J1,Q9M7R0,0.29239766081871343,0.1875,0.1,0,0,0
I0J1J1,Q9SQI9,0.3435114503816794,0.125,0.075,0,0,0
I0J1J1,Q9XF39,0.3969465648854962,0.1375,0.1375,0,0,0
I0J1J1,Q9XHP0,0.16666666666666666,0.2,0.125,0,0,0
I0J1J1,Q9XHP1,0.2635135135135135,0.175,0.175,0,0,0
I0J1J1,Q9XHP2,0.23448275862068965,0.1125,0.1125,0,0,0
I0J1J1,T2DN75,0.27165354330708663,0.1875,0.1875,0,0,0
I0J1J1,V5XVK5,0.2597402597402597,0.1,0.0625,0,0,0
I0J1J1,V7AEY9,0.23595505617977527,0.125,0.1,0,0,0
I0J1J1,V7B793,0.33064516129032256,0.15,0.15,0,0,0
I0J1J1,V7CAE0,0.3125,0.225,0.2375,0,0,0
I0J1J1,V7CE49,0.30625,0.125,0.0625,0,0,0
I0J1J1,V7CEG9,0.3458646616541353,0.1,0.075,0,0,0
I0J1J1,W5X2N3,0.27979274611398963,0.175,0.175,0,0,0
I0J1J1,W8PPL3,0.23746701846965698,0.2125,0.2125,0,0,0
O22317,O44119,0.20774647887323944,0.1375,0.075,0,0,0
O22317,O64458,0.18529411764705883,0.2125,0.2125,0,0,0
O22317,O65810,0.26717557251908397,0.2,0.2125,0,0,0
O22317,P00698,0.2857142857142857,0.1125,0.1125,0,0,0
O22317,P00711,0.24647887323943662,0.1375,0.1375,0,0,0
O22317,P00940,0.2217741935483871,0.125,0.0625,0,0,0
O22317,P01005,0.22380952380952382,0.075,0.075,0,0,0
O22317,P01012,0.2,0.2,0.15,0,0,0
O22317,P01085,0.3064516129032258,0.1125,0.0625,0,0,0
O22317,P02197,0.22727272727272727,0.0875,0.075,0,0,0
O22317,P02622,0.23893805309734514,0.1,0.0875,0,0,0
O22317,P02662,0.22429906542056074,0.175,0.2125,0,0,0
O22317,P02754,0.28651685393258425,0.225,0.2,0,0,0
O22317,P02769,0.2323529411764706,0.15,0.125,0,0,0
O22317,P02789,0.2735294117647059,0.2125,0.0625,0,0,0
O22317,P04722,0.17525773195876287,0.2125,0.1,0,0,0
O22317,P07322,0.21764705882352942,0.2375,0.1875,0,0,0
O22317,P08819,0.2235294117647059,0.175,0.175,0,0,0
O22317,P0C0Y3,0.24427480916030533,0.175,0.05,0,0,0
O22317,P10184,0.21764705882352942,0.2,0.15,0,0,0
O22317,P11828,0.23529411764705882,0.1875,0.1875,0,0,0
O22317,P12670,0.2145748987854251,0.1125,0.075,0,0,0
O22317,P13744,0.23823529411764705,0.225,0.225,0,0,0
O22317,P16348,0.23404255319148937,0.15,0.15,0,0,0
O22317,P19121,0.23529411764705882,0.1625,0.125,0,0,0
O22317,P24337,0.3125,0.0875,0.05,0,0,0
O22317,P25974,0.21470588235294116,0.225,0.2125,0,0,0
O22317,P26987,0.25949367088607594,0.175,0.175,0,0,0
O22317,P29835,0.23118279569892472,0.1125,0.1125,0,0,0
O22317,P30941,0.24434389140271492,0.1625,0.1,0,0,0
O22317,P43211,0.2830188679245283,0.1875,0.1875,0,0,0
O22317,P43237,0.2735294117647059,0.15,0.1375,0,0,0
O22317,P49231,0.2900763358778626,0.2,0.2,0,0,0
O22317,P50694,0.2653061224489796,0.1875,0.1875,0,0,0
O22317,P80026,0.24770642201834864,0.1625,0.1625,0,0,0
O22317,P81370,0.26222222222222225,0.2,0.2,0,0,0
O22317,P81402,0.25274725274725274,0.2125,0.2125,0,0,0
O22317,P84177,0.2824427480916031,0.1875,0.1875,0,0,0
O22317,P84527,0.26291079812206575,0.075,0.0625,0,0,0
O22317,P85524,0.2733333333333333,0.1375,0.1375,0,0,0
O22317,P85894,0.24175824175824176,0.15,0.075,0,0,0
O22317,P86137,0.30434782608695654,0.1375,0.1375,0,0,0
O22317,P86888,0.2698412698412698,0.0625,0.0625,0,0,0
O22317,P87498,0.3558823529411765,0.2625,0.25,0,0,0
O22317,P93594,0.22941176470588234,0.175,0.0875,0,0,0
O22317,Q004B5,0.2088235294117647,0.1375,0.1375,0,0,0
O22317,Q01881,0.25625,0.075,0.075,0,0,0
O22317,Q0DEV5,0.2852941176470588,0.2125,0.2,0,0,0
O22317,Q2I6V8,0.275,0.175,0.175,0,0,0
O22317,Q39453,0.2625,0.0875,0.0875,0,0,0
O22317,Q39649,0.2695035460992908,0.1,0.0875,0,0,0
O22317,Q41115,0.22058823529411764,0.15,0.15,0,0,0
O22317,Q41258,0.2727272727272727,0.0875,0.0875,0,0,0
O22317,Q45W87,0.3284671532846715,0.1875,0.1375,0,0,0
O22317,Q647G3,0.27710843373493976,0.125,0.075,0,0,0
O22317,Q647G5,0.26627218934911245,0.1375,0.1375,0,0,0
O22317,Q647G9,0.2620689655172414,0.0875,0.0875,0,0,0
O22317,Q6TPK4,0.3620689655172414,0.15,0.075,0,0,0
O22317,Q6VT83,0.24203821656050956,0.1875,0.1875,0,0,0
O22317,Q7X8H9,0.3522012578616352,0.2375,0.1375,0,0,0
O22317,Q84T21,0.25157232704402516,0.1625,0.1625,0,0,0
O22317,Q84T91,0.3142857142857143,0.2,0.1625,0,0,0
O22317,Q8GT39,0.26717557251908397,0.1,0.0625,0,0,0
O22317,Q8H4L8,0.2611464968152866,0.125,0.0625,0,0,0
O22317,Q8L5E0,0.29605263157894735,0.1125,0.0875,0,0,0
O22317,Q8S4P9,0.25588235294117645,0.125,0.0875,0,0,0
O22317,Q8SAE7,0.2857142857142857,0.1875,0.075,0,0,0
O22317,Q90YK9,0.23853211009174313,0.15,0.15,0,0,0
O22317,Q91482,0.28440366972477066,0.125,0.125,0,0,0
O22317,Q93YG7,0.29770992366412213,0.2,0.2,0,0,0
O22317,Q948T6,0.16494845360824742,0.1625,0.1125,0,0,0
O22317,Q94JN3,0.29770992366412213,0.1625,0.1625,0,0,0
O22317,Q9ATH2,0.3565217391304348,0.1375,0.125,0,0,0
O22317,Q9AVK8,0.21470588235294116,0.2125,0.2125,0,0,0
O22317,Q9AXI0,0.29545454545454547,0.1125,0.075,0,0,0
O22317,Q9FSG7,0.21951219512195122,0.0875,0.075,0,0,0
O22317,Q9FSY7,0.24705882352941178,0.225,0.225,0,0,0
O22317,Q9FUJ9,0.26506024096385544,0.125,0.1,0,0,0
O22317,Q9M5X7,0.30434782608695654,0.2375,0.2375,0,0,0
O22317,Q9M5X8,0.3162393162393162,0.1875,0.225,0,0,0
O22317,Q9M7R0,0.2807017543859649,0.1625,0.1375,0,0,0
O22317,Q9SQI9,0.2900763358778626,0.175,0.175,0,0,0
O22317,Q9XF39,0.2824427480916031,0.2625,0.2375,0,0,0
O22317,Q9XHP0,0.25,0.1875,0.1875,0,0,0
O22317,Q9XHP1,0.23648648648648649,0.15,0.15,0,0,0
O22317,Q9XHP2,0.27586206896551724,0.1625,0.1625,0,0,0
O22317,T2DN75,0.22440944881889763,0.125,0.0875,0,0,0
O22317,V5XVK5,0.21645021645021645,0.1,0.075,0,0,0
O22317,V7AEY9,0.17941176470588235,0.25,0.25,0,0,0
O22317,V7B793,0.3225806451612903,0.1,0.0875,0,0,0
O22317,V7CAE0,0.25625,0.1375,0.125,0,0,0
O22317,V7CE49,0.2875,0.175,0.175,0,0,0
O22317,V7CEG9,0.3233082706766917,0.225,0.225,0,0,0
O22317,W5X2N3,0.25906735751295334,0.0875,0.0875,0,0,0
O22317,W8PPL3,0.17058823529411765,0.175,0.15,0,0,0
O44119,O64458,0.18309859154929578,0.1375,0.125,0,0,0
O44119,O65810,0.24427480916030533,0.1375,0.0625,0,0,0
O44119,P00698,0.25170068027210885,0.0625,0.0625,0,0,0
O44119,P00711,0.22535211267605634,0.1,0.075,0,0,0
O44119,P00940,0.1975806451612903,0.225,0.2,0,0,0
O44119,P01005,0.18571428571428572,0.125,0.125,0,0,0
O44119,P01012,0.24647887323943662,0.2875,0.2625,0,0,0
O44119,P01085,0.25806451612903225,0.075,0.0625,0,0,0
O44119,P02197,0.24025974025974026,0.225,0.225,0,0,0
O44119,P02622,0.3185840707964602,0.3375,0.3125,0,0,0
O44119,P02662,0.2102803738317757,0.275,0.225,0,0,0
O44119,P02754,0.2303370786516854,0.2625,0.1625,0,0,0
O44119,P02769,0.28169014084507044,0.175,0.1125,0,0,0
O44119,P02789,0.2640845070422535,0.2125,0.125,0,0,0
O44119,P04722,0.09154929577464789,0.1,0.075,0,0,0
O44119,P07322,0.24295774647887325,0.2375,0.125,0,0,0
O44119,P08819,0.2007042253521127,0.1125,0.1,0,0,0
O44119,P0C0Y3,0.22900763358778625,0.1375,0.075,0,0,0
O44119,P10184,0.1936619718309859,0.125,0.125,0,0,0
O44119,P11828,0.2147887323943662,0.1375,0.0875,0,0,0
O44119,P12670,0.13360323886639677,0.0625,0.05,0,0,0
O44119,P13744,0.2323943661971831,0.225,0.2125,0,0,0
O44119,P16348,0.22872340425531915,0.0625,0.0625,0,0,0
O44119,P19121,0.27816901408450706,0.2125,0.2375,0,0,0
O44119,P24337,0.225,0.0875,0.0875,0,0,0
O44119,P25974,0.23591549295774647,0.25,0.25,0,0,0
O44119,P26987,0.25949367088607594,0.125,0.0625,0,0,0
O44119,P29835,0.22580645161290322,0.2,0.2125,0,0,0
O44119,P30941,0.17647058823529413,0.075,0.0625,0,0,0
O44119,P43211,0.18867924528301888,0.1375,0.1375,0,0,0
O44119,P43237,0.2746478873239437,0.2125,0.15,0,0,0
O44119,P49231,0.22900763358778625,0.125,0.0625,0,0,0
O44119,P50694,0.15918367346938775,0.0875,0.0875,0,0,0
O44119,P80026,0.3119266055045872,0.175,0.1125,0,0,0
O44119,P81370,0.1688888888888889,0.05,0.05,0,0,0
O44119,P81402,0.2087912087912088,0.0875,0.0875,0,0,0
O44119,P84177,0.24427480916030533,0.1125,0.0625,0,0,0
O44119,P84527,0.1643192488262911,0.0875,0.0875,0,0,0
O44119,P85524,0.23333333333333334,0.125,0.125,0,0,0
O44119,P85894,0.2967032967032967,0.1,0.1,0,0,0
O44119,P86137,0.29347826086956524,0.15,0.0625,0,0,0
O44119,P86888,0.2698412698412698,0.05,0.0375,0,0,0
O44119,P87498,0.34507042253521125,0.2625,0.2625,0,0,0
O44119,P93594,0.22535211267605634,0.225,0.225,0,0,0
O44119,Q004B5,0.18661971830985916,0.2,0.225,0,0,0
O44119,Q01881,0.2,0.15,0.15,0,0,0
O44119,Q0DEV5,0.23591549295774647,0.25,0.1625,0,0,0
O44119,Q2I6V8,0.21875,0.0875,0.0875,0,0,0
O44119,Q39453,0.19375,0.15,0.1,0,0,0
O44119,Q39649,0.23404255319148937,0.275,0.225,0,0,0
O44119,Q41115,0.25,0.225,0.225,0,0,0
O44119,Q41258,0.25,0.05,0.0375,0,0,0
O44119,Q45W87,0.26277372262773724,0.1125,0.0875,0,0,0
O44119,Q647G3,0.21084337349397592,0.125,0.1,0,0,0
O44119,Q647G5,0.24260355029585798,0.0875,0.0875,0,0,0
O44119,Q647G9,0.1793103448275862,0.175,0.1875,0,0,0
O44119,Q6TPK4,0.3103448275862069,0.1375,0.125,0,0,0
O44119,Q6VT83,0.2929936305732484,0.1375,0.1375,0,0,0
O44119,Q7X8H9,0.22012578616352202,0.1,0.1,0,0,0
O44119,Q84T21,0.27044025157232704,0.1375,0.075,0,0,0
O44119,Q84T91,0.25,0.1,0.075,0,0,0
O44119,Q8GT39,0.2366412213740458,0.1625,0.1625,0,0,0
O44119,Q8H4L8,0.19745222929936307,0.15,0.15,0,0,0
O44119,Q8L5E0,0.17763157894736842,0.0875,0.0875,0,0,0
O44119,Q8S4P9,0.2711267605633803,0.25,0.25,0,0,0
O44119,Q8SAE7,0.22727272727272727,0.1375,0.1375,0,0,0
O44119,Q90YK9,0.27522935779816515,0.15,0.125,0,0,0
O44119,Q91482,0.3211009174311927,0.2375,0.225,0,0,0
O44119,Q93YG7,0.20610687022900764,0.1375,0.0625,0,0,0
O44119,Q948T6,0.18309859154929578,0.15,0.15,0,0,0
O44119,Q94JN3,0.20610687022900764,0.1375,0.1375,0,0,0
O44119,Q9ATH2,0.28695652173913044,0.075,0.0625,0,0,0
O44119,Q9AVK8,0.2112676056338028,0.2375,0.2375,0,0,0
O44119,Q9AXI0,0.19318181818181818,0.125,0.0875,0,0,0
O44119,Q9FSG7,0.1991869918699187,0.075,0.075,0,0,0
O44119,Q9FSY7,0.33098591549295775,0.325,0.275,0,0,0
O44119,Q9FUJ9,0.18674698795180722,0.0875,0.0875,0,0,0
O44119,Q9M5X7,0.3217391304347826,0.0875,0.0875,0,0,0
O44119,Q9M5X8,0.27350427350427353,0.0875,0.0875,0,0,0
O44119,Q9M7R0,0.25146198830409355,0.2375,0.15,0,0,0
O44119,Q9SQI9,0.2595419847328244,0.125,0.0625,0,0,0
O44119,Q9XF39,0.26717557251908397,0.175,0.175,0,0,0
O44119,Q9XHP0,0.2676056338028169,0.2375,0.2375,0,0,0
O44119,Q9XHP1,0.25675675675675674,0.1875,0.125,0,0,0
O44119,Q9XHP2,0.2620689655172414,0.1375,0.0875,0,0,0
O44119,T2DN75,0.16929133858267717,0.15,0.15,0,0,0
O44119,V5XVK5,0.1774891774891775,0.0875,0.0375,0,0,0
O44119,V7AEY9,0.2112676056338028,0.1125,0.075,0,0,0
O44119,V7B793,0.24193548387096775,0.075,0.05,0,0,0
O44119,V7CAE0,0.21875,0.1125,0.1125,0,0,0
O44119,V7CE49,0.2125,0.125,0.1,0,0,0
O44119,V7CEG9,0.22556390977443608,0.05,0.05,0,0,0
O44119,W5X2N3,0.21243523316062177,0.225,0.25,0,0,0
O44119,W8PPL3,0.1795774647887324,0.175,0.075,0,0,0
O64458,O65810,0.32061068702290074,0.0875,0.0625,0,0,0
O64458,P00698,0.3129251700680272,0.1,0.1,0,0,0
O64458,P00711,0.3028169014084507,0.15,0.05,0,0,0
O64458,P00940,0.22983870967741934,0.15,0.15,0,0,0
O64458,P01005,0.22857142857142856,0.1,0.05,0,0,0
O64458,P01012,0.1820580474934037,0.1375,0.2,0,0,0
O64458,P01085,0.3064516129032258,0.15,0.15,0,0,0
O64458,P02197,0.2857142857142857,0.15,0.0875,0,0,0
O64458,P02622,0.336283185840708,0.25,0.225,0,0,0
O64458,P02662,0.24299065420560748,0.175,0.125,0,0,0
O64458,P02754,0.21910112359550563,0.125,0.05,0,0,0
O64458,P02769,0.24274406332453827,0.175,0.175,0,0,0
O64458,P02789,0.24802110817941952,0.3375,0.2875,0,0,0
O64458,P04722,0.19243986254295534,0.125,0.075,0,0,0
O64458,P07322,0.22427440633245382,0.25,0.1125,0,0,0
O64458,P08819,0.22163588390501318,0.1375,0.1125,0,0,0
O64458,P0C0Y3,0.33587786259541985,0.1,0.075,0,0,0
O64458,P10184,0.21899736147757257,0.1375,0.1125,0,0,0
O64458,P11828,0.1820580474934037,0.2125,0.1875,0,0,0
O64458,P12670,0.21052631578947367,0.0875,0.05,0,0,0
O64458,P13744,0.22163588390501318,0.175,0.175,0,0,0
O64458,P16348,0.30851063829787234,0.1,0.0875,0,0,0
O64458,P19121,0.22691292875989447,0.2625,0.125,0,0,0
O64458,P24337,0.3625,0.0875,0.0875,0,0,0
O64458,P25974,0.21372031662269128,0.15,0.15,0,0,0
O64458,P26987,0.27848101265822783,0.075,0.075,0,0,0
O64458,P29835,0.26344086021505375,0.175,0.175,0,0,0
O64458,P30941,0.3076923076923077,0.1375,0.075,0,0,0
O64458,P43211,0.29559748427672955,0.175,0.075,0,0,0
O64458,P43237,0.23218997361477572,0.1625,0.1,0,0,0
O64458,P49231,0.2824427480916031,0.1,0.1,0,0,0
O64458,P50694,0.23265306122448978,0.1625,0.1625,0,0,0
O64458,P80026,0.3669724770642202,0.1625,0.1625,0,0,0
O64458,P81370,0.24888888888888888,0.15,0.125,0,0,0
O64458,P81402,0.32967032967032966,0.0625,0.0625,0,0,0
O64458,P84177,0.3053435114503817,0.1625,0.075,0,0,0
O64458,P84527,0.28169014084507044,0.125,0.125,0,0,0
O64458,P85524,0.28,0.2125,0.2125,0,0,0
O64458,P85894,0.3626373626373626,0.1,0.1,0,0,0
O64458,P86137,0.32608695652173914,0.0875,0.05,0,0,0
O64458,P86888,0.36507936507936506,0.175,0.175,0,0,0
O64458,P87498,0.3641160949868074,0.175,0.1625,0,0,0
O64458,P93594,0.23746701846965698,0.15,0.125,0,0,0
O64458,Q004B5,0.16573033707865167,0.1875,0.1875,0,0,0
O64458,Q01881,0.29375,0.075,0.0625,0,0,0
O64458,Q0DEV5,0.24010554089709762,0.1625,0.075,0,0,0
O64458,Q2I6V8,0.26875,0.2,0.2,0,0,0
O64458,Q39453,0.30625,0.1125,0.1125,0,0,0
O64458,Q39649,0.2765957446808511,0.15,0.1125,0,0,0
O64458,Q41115,0.22427440633245382,0.25,0.25,0,0,0
O64458,Q41258,0.30303030303030304,0.0625,0.05,0,0,0
O64458,Q45W87,0.24087591240875914,0.1125,0.0875,0,0,0
O64458,Q647G3,0.25903614457831325,0.1,0.1,0,0,0
O64458,Q647G5,0.2485207100591716,0.2,0.2,0,0,0
O64458,Q647G9,0.30344827586206896,0.15,0.0875,0,0,0
O64458,Q6TPK4,0.3275862068965517,0.1125,0.1125,0,0,0
O64458,Q6VT83,0.2802547770700637,0.1125,0.1,0,0,0
O64458,Q7X8H9,0.24528301886792453,0.15,0.15,0,0,0
O64458,Q84T21,0.2578616352201258,0.1625,0.0875,0,0,0
O64458,Q84T91,0.25,0.1,0.1,0,0,0
O64458,Q8GT39,0.3282442748091603,0.1,0.075,0,0,0
O64458,Q8H4L8,0.2802547770700637,0.075,0.075,0,0,0
O64458,Q8L5E0,0.3026315789473684,0.25,0.25,0,0,0
O64458,Q8S4P9,0.20580474934036938,0.125,0.075,0,0,0
O64458,Q8SAE7,0.2922077922077922,0.125,0.125,0,0,0
O64458,Q90YK9,0.4036697247706422,0.1375,0.1125,0,0,0
O64458,Q91482,0.43119266055045874,0.125,0.1,0,0,0
O64458,Q93YG7,0.32061068702290074,0.125,0.0625,0,0,0
O64458,Q948T6,0.23024054982817868,0.1375,0.1375,0,0,0
O64458,Q94JN3,0.3282442748091603,0.15,0.0625,0,0,0
O64458,Q9ATH2,0.2956521739130435,0.1,0.0625,0,0,0
O64458,Q9AVK8,0.22691292875989447,0.2125,0.15,0,0,0
O64458,Q9AXI0,0.24431818181818182,0.125,0.075,0,0,0
O64458,Q9FSG7,0.21544715447154472,0.1,0.1,0,0,0
O64458,Q9FSY7,0.28232189973614774,0.2,0.125,0,0,0
O64458,Q9FUJ9,0.2891566265060241,0.15,0.0625,0,0,0
O64458,Q9M5X7,0.3739130434782609,0.1125,0.1125,0,0,0
O64458,Q9M5X8,0.358974358974359,0.125,0.075,0,0,0
O64458,Q9M7R0,0.27485380116959063,0.1125,0.0625,0,0,0
O64458,Q9SQI9,0.3435114503816794,0.0875,0.0625,0,0,0
O64458,Q9XF39,0.31297709923664124,0.1625,0.075,0,0,0
O64458,Q9XHP0,0.18997361477572558,0.175,0.125,0,0,0
O64458,Q9XHP1,0.2905405405405405,0.1375,0.0875,0,0,0
O64458,Q9XHP2,0.296551724137931,0.1375,0.1375,0,0,0
O64458,T2DN75,0.25196850393700787,0.2,0.2,0,0,0
O64458,V5XVK5,0.27705627705627706,0.1,0.1,0,0,0
O64458,V7AEY9,0.19382022471910113,0.1375,0.1125,0,0,0
O64458,V7B793,0.23387096774193547,0.0875,0.05,0,0,0
O64458,V7CAE0,0.3,0.1125,0.0625,0,0,0
O64458,V7CE49,0.2875,0.15,0.15,0,0,0
O64458,V7CEG9,0.3308270676691729,0.1,0.1,0,0,0
O64458,W5X2N3,0.29533678756476683,0.1875,0.1875,0,0,0
O64458,W8PPL3,0.17941952506596306,0.1125,0.075,0,0,0
O65810,P00698,0.15267175572519084,0.1125,0.1125,0,0,0
O65810,P00711,0.183206106870229,0.0625,0.0625,0,0,0
O65810,P00940,0.3053435114503817,0.1,0.0875,0,0,0
O65810,P01005,0.25190839694656486,0.1125,0.075,0,0,0
O65810,P01012,0.2748091603053435,0.1375,0.0875,0,0,0
O65810,P01085,0.25,0.1,0.1,0,0,0
O65810,P02197,0.21374045801526717,0.1,0.1,0,0,0
O65810,P02622,0.18584070796460178,0.075,0.075,0,0,0
O65810,P02662,0.2595419847328244,0.0625,0.0625,0,0,0
O65810,P02754,0.183206106870229,0.0375,0.0375,0,0,0
O65810,P02769,0.3053435114503817,0.1,0.075,0,0,0
O65810,P02789,0.4198473282442748,0.1125,0.1125,0,0,0
O65810,P04722,0.22137404580152673,0.125,0.125,0,0,0
O65810,P07322,0.31297709923664124,0.1125,0.0625,0,0,0
O65810,P08819,0.2824427480916031,0.1875,0.175,0,0,0
O65810,P0C0Y3,0.8320610687022901,0.875,0.875,1,54,44
O65810,P10184,0.35877862595419846,0.125,0.125,0,0,0
O65810,P11828,0.29770992366412213,0.15,0.05,0,0,0
O65810,P12670,0.3282442748091603,0.2,0.2,0,0,0
O65810,P13744,0.3053435114503817,0.1625,0.1125,0,0,0
O65810,P16348,0.25190839694656486,0.125,0.125,0,0,0
O65810,P19121,0.366412213740458,0.0875,0.075,0,0,0
O65810,P24337,0.2125,0.0625,0.0625,0,0,0
O65810,P25974,0.33587786259541985,0.1,0.1,0,0,0
O65810,P26987,0.22137404580152673,0.0875,0.0875,0,0,0
O65810,P29835,0.22900763358778625,0.15,0.15,0,0,0
O65810,P30941,0.2595419847328244,0.0875,0.0875,0,0,0
O65810,P43211,0.2366412213740458,0.0875,0.0875,0,0,0
O65810,P43237,0.3893129770992366,0.1375,0.1375,0,0,0
O65810,P49231,0.8702290076335878,0.9,0.9,1,55,35
O65810,P50694,0.29770992366412213,0.25,0.25,0,0,0
O65810,P80026,0.13761467889908258,0.075,0.05,0,0,0
O65810,P81370,0.26717557251908397,0.0625,0.0625,0,0,0
O65810,P81402,0.2087912087912088,0.0625,0.0375,0,0,0
O65810,P84177,0.7786259541984732,0.8125,0.8125,1,31,16
O65810,P84527,0.26717557251908397,0.1125,0.1125,0,0,0
O65810,P85524,0.16030534351145037,0.0625,0.0625,0,0,0
O65810,P85894,0.21978021978021978,0.075,0.05,0,0,0
O65810,P86137,0.20652173913043478,0.0875,0.0875,0,0,0
O65810,P86888,0.25396825396825395,0.0375,0.0375,0,0,0
O65810,P87498,0.46564885496183206,0.1125,0.1125,0,0,0
O65810,P93594,0.2900763358778626,0.1,0.1,0,0,0
O65810,Q004B5,0.2824427480916031,0.175,0.1125,0,0,0
O65810,Q01881,0.22137404580152673,0.075,0.075,0,0,0
O65810,Q0DEV5,0.3969465648854962,0.15,0.125,0,0,0
O65810,Q2I6V8,0.21374045801526717,0.0875,0.0875,0,0,0
O65810,Q39453,0.25190839694656486,0.0875,0.0875,0,0,0
O65810,Q39649,0.17557251908396945,0.0625,0.0625,0,0,0
O65810,Q41115,0.3053435114503817,0.075,0.075,0,0,0
O65810,Q41258,0.17557251908396945,0.0625,0.0625,0,0,0
O65810,Q45W87,0.21374045801526717,0.0625,0.0625,0,0,0
O65810,Q647G3,0.25190839694656486,0.1125,0.1125,0,0,0
O65810,Q647G5,0.22900763358778625,0.075,0.075,0,0,0
O65810,Q647G9,0.17557251908396945,0.05,0.05,0,0,0
O65810,Q6TPK4,0.23275862068965517,0.1,0.1,0,0,0
O65810,Q6VT83,0.21374045801526717,0.0875,0.0875,0,0,0
O65810,Q7X8H9,0.22900763358778625,0.0875,0.0875,0,0,0
O65810,Q84T21,0.1984732824427481,0.1,0.1,0,0,0
O65810,Q84T91,0.183206106870229,0.125,0.125,0,0,0
O65810,Q8GT39,0.8473282442748091,0.9,0.9,1,60,51
O65810,Q8H4L8,0.1984732824427481,0.125,0.125,0,0,0
O65810,Q8L5E0,0.22900763358778625,0.175,0.175,0,0,0
O65810,Q8S4P9,0.32061068702290074,0.075,0.05,0,0,0
O65810,Q8SAE7,0.1984732824427481,0.0625,0.0625,0,0,0
O65810,Q90YK9,0.22935779816513763,0.075,0.075,0,0,0
O65810,Q91482,0.1834862385321101,0.0625,0.0625,0,0,0
O65810,Q93YG7,0.8320610687022901,0.875,0.875,1,47,34
O65810,Q948T6,0.2900763358778626,0.1625,0.1625,0,0,0
O65810,Q94JN3,0.8396946564885496,0.9,0.9,1,52,44
O65810,Q9ATH2,0.24347826086956523,0.075,0.075,0,0,0
O65810,Q9AVK8,0.2900763358778626,0.1625,0.075,0,0,0
O65810,Q9AXI0,0.24427480916030533,0.1375,0.1375,0,0,0
O65810,Q9FSG7,0.29770992366412213,0.0875,0.0875,0,0,0
O65810,Q9FSY7,0.40458015267175573,0.1375,0.125,0,0,0
O65810,Q9FUJ9,0.21374045801526717,0.075,0.075,0,0,0
O65810,Q9M5X7,0.2,0.05,0.05,0,0,0
O65810,Q9M5X8,0.23076923076923078,0.0625,0.05,0,0,0
O65810,Q9M7R0,0.21374045801526717,0.15,0.15,0,0,0
O65810,Q9SQI9,0.8320610687022901,0.8875,0.8875,1,48,36
O65810,Q9XF39,0.7938931297709924,0.8125,0.8125,1,32,16
O65810,Q9XHP0,0.3435114503816794,0.15,0.15,0,0,0
O65810,Q9XHP1,0.1450381679389313,0.0875,0.0875,0,0,0
O65810,Q9XHP2,0.17557251908396945,0.1625,0.1625,0,0,0
O65810,T2DN75,0.22900763358778625,0.125,0.125,0,0,0
O65810,V5XVK5,0.25190839694656486,0.1125,0.1125,0,0,0
O65810,V7AEY9,0.25190839694656486,0.2375,0.075,0,0,0
O65810,V7B793,0.18548387096774194,0.1125,0.075,0,0,0
O65810,V7CAE0,0.25190839694656486,0.0625,0.0625,0,0,0
O65810,V7CE49,0.22137404580152673,0.1,0.1,0,0,0
O65810,V7CEG9,0.22900763358778625,0.075,0.075,0,0,0
O65810,W5X2N3,0.2748091603053435,0.0875,0.0625,0,0,0
O65810,W8PPL3,0.32061068702290074,0.1375,0.1375,0,0,0
P00698,P00711,0.39436619718309857,0.4625,0.4625,1,0,0
P00698,P00940,0.2653061224489796,0.1625,0.0625,0,0,0
P00698,P01005,0.2585034013605442,0.1625,0.1625,0,0,0
P00698,P01012,0.30612244897959184,0.125,0.05,0,0,0
P00698,P01085,0.21774193548387097,0.2125,0.2125,0,0,0
P00698,P02197,0.17687074829931973,0.05,0.0375,0,0,0
P00698,P02622,0.19469026548672566,0.125,0.125,0,0,0
P00698,P02662,0.1564625850340136,0.0625,0.0375,0,0,0
P00698,P02754,0.22448979591836735,0.15,0.15,0,0,0
P00698,P02769,0.32653061224489793,0.075,0.075,0,0,0
P00698,P02789,0.3673469387755102,0.0875,0.0875,0,0,0
P00698,P04722,0.1564625850340136,0.05,0.025,0,0,0
P00698,P07322,0.30612244897959184,0.125,0.075,0,0,0
P00698,P08819,0.3333333333333333,0.075,0.05,0,0,0
P00698,P0C0Y3,0.17557251908396945,0.05,0.05,0,0,0
P00698,P10184,0.3741496598639456,0.225,0.225,0,0,0
P00698,P11828,0.3197278911564626,0.2625,0.075,0,0,0
P00698,P12670,0.2857142857142857,0.075,0.075,0,0,0
P00698,P13744,0.29931972789115646,0.0875,0.0875,0,0,0
P00698,P16348,0.20408163265306123,0.0625,0.0625,0,0,0
P00698,P19121,0.2789115646258503,0.15,0.15,0,0,0
P00698,P24337,0.3375,0.0875,0.0875,0,0,0
P00698,P25974,0.30612244897959184,0.175,0.1125,0,0,0
P00698,P26987,0.19047619047619047,0.075,0.075,0,0,0
P00698,P29835,0.19727891156462585,0.1125,0.1125,0,0,0
P00698,P30941,0.24489795918367346,0.0875,0.0875,0,0,0
P00698,P43211,0.19047619047619047,0.0875,0.0625,0,0,0
P00698,P43237,0.4013605442176871,0.075,0.075,0,0,0
P00698,P49231,0.17557251908396945,0.1,0.0875,0,0,0
P00698,P50694,0.23809523809523808,0.15,0.15,0,0,0
P00698,P80026,0.22018348623853212,0.1,0.1,0,0,0
P00698,P81370,0.3129251700680272,0.25,0.25,0,0,0
P00698,P81402,0.2857142857142857,0.15,0.15,0,0,0
P00698,P84177,0.1984732824427481,0.05,0.05,0,0,0
P00698,P84527,0.25170068027210885,0.2125,0.2125,0,0,0
P00698,P85524,0.19727891156462585,0.075,0.075,0,0,0
P00698,P85894,0.31868131868131866,0.15,0.15,0,0,0
P00698,P86137,0.2717391304347826,0.0875,0.0875,0,0,0
P00698,P86888,0.3333333333333333,0.075,0.075,0,0,0
P00698,P87498,0.47619047619047616,0.1125,0.1125,0,0,0
P00698,P93594,0.32653061224489793,0.1,0.0875,0,0,0
P00698,Q004B5,0.2925170068027211,0.0625,0.0625,0,0,0
P00698,Q01881,0.19047619047619047,0.1,0.1,0,0,0
P00698,Q0DEV5,0.32653061224489793,0.1875,0.175,0,0,0
P00698,Q2I6V8,0.16326530612244897,0.075,0.0375,0,0,0
P00698,Q39453,0.14285714285714285,0.0875,0.0875,0,0,0
P00698,Q39649,0.1773049645390071,0.1,0.05,0,0,0
P00698,Q41115,0.3129251700680272,0.1125,0.1125,0,0,0
P00698,Q41258,0.21212121212121213,0.1,0.1,0,0,0
P00698,Q45W87,0.1678832116788321,0.1,0.075,0,0,0
P00698,Q647G3,0.17687074829931973,0.1625,0.1625,0,0,0
P00698,Q647G5,0.17687074829931973,0.1,0.1,0,0,0
P00698,Q647G9,0.16551724137931034,0.0625,0.05,0,0,0
P00698,Q6TPK4,0.2413793103448276,0.125,0.125,0,0,0
P00698,Q6VT83,0.16326530612244897,0.0625,0.05,0,0,0
P00698,Q7X8H9,0.2108843537414966,0.175,0.175,0,0,0
P00698,Q84T21,0.23809523809523808,0.125,0.125,0,0,0
P00698,Q84T91,0.12857142857142856,0.1,0.1,0,0,0
P00698,Q8GT39,0.16793893129770993,0.0625,0.0625,0,0,0
P00698,Q8H4L8,0.1836734693877551,0.1,0.1,0,0,0
P00698,Q8L5E0,0.17006802721088435,0.0875,0.0625,0,0,0
P00698,Q8S4P9,0.30612244897959184,0.1125,0.1125,0,0,0
P00698,Q8SAE7,0.1564625850340136,0.0625,0.05,0,0,0
P00698,Q90YK9,0.21100917431192662,0.075,0.075,0,0,0
P00698,Q91482,0.22935779816513763,0.0875,0.0625,0,0,0
P00698,Q93YG7,0.16793893129770993,0.05,0.05,0,0,0
P00698,Q948T6,0.272108843537415,0.075,0.075,0,0,0
P00698,Q94JN3,0.17557251908396945,0.075,0.075,0,0,0
P00698,Q9ATH2,0.24347826086956523,0.0875,0.0875,0,0,0
P00698,Q9AVK8,0.29931972789115646,0.0625,0.0625,0,0,0
P00698,Q9AXI0,0.17687074829931973,0.1,0.1,0,0,0
P00698,Q9FSG7,0.22448979591836735,0.0875,0.075,0,0,0
P00698,Q9FSY7,0.29931972789115646,0.0625,0.05,0,0,0
P00698,Q9FUJ9,0.19727891156462585,0.05,0.05,0,0,0
P00698,Q9M5X7,0.21739130434782608,0.1,0.0875,0,0,0
P00698,Q9M5X8,0.23931623931623933,0.15,0.15,0,0,0
P00698,Q9M7R0,0.21768707482993196,0.1,0.075,0,0,0
P00698,Q9SQI9,0.17557251908396945,0.0625,0.05,0,0,0
P00698,Q9XF39,0.1984732824427481,0.05,0.05,0,0,0
P00698,Q9XHP0,0.35374149659863946,0.1125,0.1125,0,0,0
P00698,Q9XHP1,0.1564625850340136,0.075,0.075,0,0,0
P00698,Q9XHP2,0.1793103448275862,0.1,0.075,0,0,0
P00698,T2DN75,0.24489795918367346,0.0875,0.0875,0,0,0
P00698,V5XVK5,0.272108843537415,0.1,0.1,0,0,0
P00698,V7AEY9,0.3129251700680272,0.1625,0.1375,0,0,0
P00698,V7B793,0.18548387096774194,0.0875,0.075,0,0,0
P00698,V7CAE0,0.17006802721088435,0.075,0.075,0,0,0
P00698,V7CE49,0.20408163265306123,0.125,0.125,0,0,0
P00698,V7CEG9,0.20300751879699247,0.1125,0.1125,0,0,0
P00698,W5X2N3,0.17006802721088435,0.1125,0.1125,0,0,0
P00698,W8PPL3,0.3197278911564626,0.1,0.1,0,0,0
P00711,P00940,0.2323943661971831,0.125,0.125,0,0,0
P00711,P01005,0.2676056338028169,0.175,0.175,0,0,0
P00711,P01012,0.2605633802816901,0.0625,0.0625,0,0,0
P00711,P01085,0.16129032258064516,0.025,0.025,0,0,0
P00711,P02197,0.2323943661971831,0.1625,0.1625,0,0,0
P00711,P02622,0.24778761061946902,0.1125,0.1125,0,0,0
P00711,P02662,0.16901408450704225,0.0875,0.0625,0,0,0
P00711,P02754,0.21830985915492956,0.075,0.075,0,0,0
P00711,P02769,0.34507042253521125,0.15,0.15,0,0,0
P00711,P02789,0.38028169014084506,0.2375,0.1125,0,0,0
P00711,P04722,0.18309859154929578,0.1375,0.1375,0,0,0
P00711,P07322,0.2887323943661972,0.075,0.075,0,0,0
P00711,P08819,0.2746478873239437,0.1375,0.075,0,0,0
P00711,P0C0Y3,0.17557251908396945,0.0625,0.0625,0,0,0
P00711,P10184,0.34507042253521125,0.1625,0.1625,0,0,0
P00711,P11828,0.2676056338028169,0.1625,0.1625,0,0,0
P00711,P12670,0.28169014084507044,0.125,0.125,0,0,0
P00711,P13744,0.3028169014084507,0.15,0.125,0,0,0
P00711,P16348,0.22535211267605634,0.075,0.075,0,0,0
P00711,P19121,0.36619718309859156,0.1375,0.1125,0,0,0
P00711,P24337,0.25,0.05,0.05,0,0,0
P00711,P25974,0.3028169014084507,0.1,0.1,0,0,0
P00711,P26987,0.20422535211267606,0.1375,0.05,0,0,0
P00711,P29835,0.15492957746478872,0.1,0.0625,0,0,0
P00711,P30941,0.2112676056338028,0.0625,0.0625,0,0,0
P00711,P43211,0.19014084507042253,0.0625,0.0625,0,0,0
P00711,P43237,0.3873239436619718,0.1125,0.1125,0,0,0
P00711,P49231,0.20610687022900764,0.0625,0.0625,0,0,0
P00711,P50694,0.2112676056338028,0.05,0.0375,0,0,0
P00711,P80026,0.22018348623853212,0.075,0.075,0,0,0
P00711,P81370,0.352112676056338,0.1125,0.1125,0,0,0
P00711,P81402,0.21978021978021978,0.0625,0.0625,0,0,0
P00711,P84177,0.20610687022900764,0.075,0.075,0,0,0
P00711,P84527,0.24647887323943662,0.1625,0.1625,0,0,0
P00711,P85524,0.20422535211267606,0.075,0.075,0,0,0
P00711,P85894,0.24175824175824176,0.075,0.075,0,0,0
P00711,P86137,0.2608695652173913,0.0625,0.0625,0,0,0
P00711,P86888,0.2857142857142857,0.075,0.075,0,0,0
P00711,P87498,0.44366197183098594,0.1375,0.1375,0,1,0
P00711,P93594,0.36619718309859156,0.1125,0.1125,0,0,0
P00711,Q004B5,0.29577464788732394,0.2,0.2,0,0,0
P00711,Q01881,0.20422535211267606,0.1125,0.0625,0,0,0
P00711,Q0DEV5,0.323943661971831,0.0625,0.0625,0,0,0
P00711,Q2I6V8,0.23943661971830985,0.1375,0.1375,0,0,0
P00711,Q39453,0.2323943661971831,0.1625,0.1625,0,0,0
P00711,Q39649,0.18439716312056736,0.0875,0.0875,0,0,0
P00711,Q41115,0.3380281690140845,0.125,0.125,0,0,0
P00711,Q41258,0.20454545454545456,0.0625,0.05,0,0,0
P00711,Q45W87,0.15328467153284672,0.05,0.05,0,0,0
P00711,Q647G3,0.15492957746478872,0.05,0.05,0,0,0
P00711,Q647G5,0.19014084507042253,0.1,0.1,0,0,0
P00711,Q647G9,0.15492957746478872,0.1,0.1,0,0,0
P00711,Q6TPK4,0.22413793103448276,0.05,0.05,0,0,0
P00711,Q6VT83,0.1619718309859155,0.0625,0.0625,0,0,0
P00711,Q7X8H9,0.19014084507042253,0.05,0.05,0,0,0
P00711,Q84T21,0.16901408450704225,0.0625,0.0625,0,0,0
P00711,Q84T91,0.1357142857142857,0.1,0.0625,0,0,0
P00711,Q8GT39,0.1984732824427481,0.0625,0.0625,0,0,0
P00711,Q8H4L8,0.20422535211267606,0.1,0.0625,0,0,0
P00711,Q8L5E0,0.20422535211267606,0.1375,0.1375,0,0,0
P00711,Q8S4P9,0.31690140845070425,0.0625,0.0625,0,0,0
P00711,Q8SAE7,0.22535211267605634,0.075,0.05,0,0,0
P00711,Q90YK9,0.22018348623853212,0.075,0.075,0,0,0
P00711,Q91482,0.2018348623853211,0.1125,0.1125,0,0,0
P00711,Q93YG7,0.19083969465648856,0.05,0.05,0,0,0
P00711,Q948T6,0.2535211267605634,0.1125,0.1125,0,0,0
P00711,Q94JN3,0.16030534351145037,0.075,0.0625,0,0,0
P00711,Q9ATH2,0.26956521739130435,0.0625,0.0625,0,0,0
P00711,Q9AVK8,0.2887323943661972,0.1,0.0625,0,0,0
P00711,Q9AXI0,0.176056338028169,0.0875,0.05,0,0,0
P00711,Q9FSG7,0.2323943661971831,0.075,0.075,0,0,0
P00711,Q9FSY7,0.323943661971831,0.1375,0.125,0,0,0
P00711,Q9FUJ9,0.1619718309859155,0.075,0.075,0,0,0
P00711,Q9M5X7,0.1826086956521739,0.15,0.15,0,0,0
P00711,Q9M5X8,0.2564102564102564,0.125,0.0625,0,0,0
P00711,Q9M7R0,0.24647887323943662,0.25,0.125,0,0,0
P00711,Q9SQI9,0.19083969465648856,0.0875,0.0625,0,0,0
P00711,Q9XF39,0.20610687022900764,0.075,0.05,0,0,0
P00711,Q9XHP0,0.3380281690140845,0.15,0.15,0,0,0
P00711,Q9XHP1,0.15492957746478872,0.0875,0.0875,0,0,0
P00711,Q9XHP2,0.14788732394366197,0.1375,0.1375,0,0,0
P00711,T2DN75,0.2746478873239437,0.125,0.125,0,0,0
P00711,V5XVK5,0.2746478873239437,0.125,0.1125,0,0,0
P00711,V7AEY9,0.31690140845070425,0.1375,0.075,0,0,0
P00711,V7B793,0.25,0.0875,0.075,0,0,0
P00711,V7CAE0,0.19718309859154928,0.0625,0.0625,0,0,0
P00711,V7CE49,0.19014084507042253,0.0875,0.0625,0,0,0
P00711,V7CEG9,0.20300751879699247,0.075,0.0625,0,0,0
P00711,W5X2N3,0.19014084507042253,0.0875,0.0625,0,0,0
P00711,W8PPL3,0.2676056338028169,0.075,0.05,0,0,0
P00940,P01005,0.21904761904761905,0.1125,0.075,0,0,0
P00940,P01012,0.23790322580645162,0.2,0.2,0,0,0
P00940,P01085,0.25,0.1,0.1,0,0,0
P00940,P02197,0.22727272727272727,0.1125,0.1125,0,0,0
P00940,P02622,0.30973451327433627,0.1125,0.1125,0,0,0
P00940,P02662,0.205607476635514,0.1625,0.1125,0,0,0
P00940,P02754,0.23595505617977527,0.0875,0.0625,0,0,0
P00940,P02769,0.2701612903225806,0.1625,0.1625,0,0,0
P00940,P02789,0.29838709677419356,0.175,0.175,0,0,0
P00940,P04722,0.14919354838709678,0.1625,0.1625,0,0,0
P00940,P07322,0.29435483870967744,0.2,0.2375,0,0,0
P00940,P08819,0.2701612903225806,0.125,0.125,0,0,0
P00940,P0C0Y3,0.2824427480916031,0.075,0.075,0,0,0
P00940,P10184,0.2862903225806452,0.1125,0.075,0,0,0
P00940,P11828,0.2620967741935484,0.25,0.0625,0,0,0
P00940,P12670,0.17813765182186234,0.1,0.05,0,0,0
P00940,P13744,0.23790322580645162,0.1125,0.1625,0,0,0
P00940,P16348,0.20212765957446807,0.0875,0.075,0,0,0
P00940,P19121,0.29838709677419356,0.2125,0.15,0,0,0
P00940,P24337,0.35,0.0875,0.0875,0,0,0
P00940,P25974,0.24596774193548387,0.175,0.175,0,0,0
P00940,P26987,0.25316455696202533,0.125,0.0875,0,0,0
P00940,P29835,0.22043010752688172,0.25,0.075,0,0,0
P00940,P30941,0.2081447963800905,0.1,0.1,0,0,0
P00940,P43211,0.2578616352201258,0.125,0.125,0,0,0
P00940,P43237,0.23387096774193547,0.25,0.1,0,0,0
P00940,P49231,0.29770992366412213,0.1125,0.05,0,0,0
P00940,P50694,0.18775510204081633,0.0875,0.0875,0,0,0
P00940,P80026,0.30275229357798167,0.15,0.15,0,0,0
P00940,P81370,0.16444444444444445,0.075,0.075,0,0,0
P00940,P81402,0.27472527472527475,0.0875,0.0875,0,0,0
P00940,P84177,0.25190839694656486,0.15,0.125,0,0,0
P00940,P84527,0.18779342723004694,0.1875,0.1875,0,0,0
P00940,P85524,0.24666666666666667,0.125,0.0875,0,0,0
P00940,P85894,0.2857142857142857,0.125,0.075,0,0,0
P00940,P86137,0.30434782608695654,0.1375,0.1375,0,0,0
P00940,P86888,0.2698412698412698,0.0875,0.0625,0,0,0
P00940,P87498,0.3951612903225806,0.2125,0.1625,0,0,0
P00940,P93594,0.3024193548387097,0.2375,0.1125,0,0,0
P00940,Q004B5,0.24596774193548387,0.175,0.175,0,0,0
P00940,Q01881,0.25,0.175,0.1,0,0,0
P00940,Q0DEV5,0.3185483870967742,0.1375,0.1375,0,0,0
P00940,Q2I6V8,0.2375,0.075,0.0625,0,0,0
P00940,Q39453,0.21875,0.1875,0.125,0,0,0
P00940,Q39649,0.23404255319148937,0.0875,0.05,0,0,0
P00940,Q41115,0.2217741935483871,0.175,0.1,0,0,0
P00940,Q41258,0.1893939393939394,0.0625,0.0625,0,0,0
P00940,Q45W87,0.32116788321167883,0.125,0.125,0,0,0
P00940,Q647G3,0.21084337349397592,0.1125,0.075,0,0,0
P00940,Q647G5,0.2781065088757396,0.1375,0.1375,0,0,0
P00940,Q647G9,0.22758620689655173,0.1,0.05,0,0,0
P00940,Q6TPK4,0.3275862068965517,0.25,0.05,0,0,0
P00940,Q6VT83,0.2611464968152866,0.1625,0.1625,0,0,0
P00940,Q7X8H9,0.2389937106918239,0.1125,0.075,0,0,0
P00940,Q84T21,0.22641509433962265,0.1125,0.0625,0,0,0
P00940,Q84T91,0.21428571428571427,0.1375,0.0875,0,0,0
P00940,Q8GT39,0.2900763358778626,0.075,0.075,0,0,0
P00940,Q8H4L8,0.24203821656050956,0.1,0.1,0,0,0
P00940,Q8L5E0,0.3026315789473684,0.175,0.1125,0,0,0
P00940,Q8S4P9,0.23387096774193547,0.1625,0.1625,0,0,0
P00940,Q8SAE7,0.2662337662337662,0.25,0.1125,0,0,0
P00940,Q90YK9,0.3853211009174312,0.1375,0.125,0,0,0
P00940,Q91482,0.27522935779816515,0.1,0.1,0,0,0
P00940,Q93YG7,0.3053435114503817,0.0875,0.075,0,0,0
P00940,Q948T6,0.2217741935483871,0.1375,0.1,0,0,0
P00940,Q94JN3,0.26717557251908397,0.0875,0.0875,0,0,0
P00940,Q9ATH2,0.22608695652173913,0.075,0.075,0,0,0
P00940,Q9AVK8,0.2661290322580645,0.2875,0.2875,0,0,0
P00940,Q9AXI0,0.21022727272727273,0.2,0.2,0,0,0
P00940,Q9FSG7,0.21951219512195122,0.075,0.075,0,0,0
P00940,Q9FSY7,0.2782258064516129,0.2375,0.2375,0,0,0
P00940,Q9FUJ9,0.2469879518072289,0.15,0.1,0,0,0
P00940,Q9M5X7,0.2608695652173913,0.15,0.1,0,0,0
P00940,Q9M5X8,0.2564102564102564,0.1625,0.1625,0,0,0
P00940,Q9M7R0,0.26900584795321636,0.225,0.2375,0,0,0
P00940,Q9SQI9,0.2748091603053435,0.2,0.0875,0,0,0
P00940,Q9XF39,0.26717557251908397,0.15,0.0625,0,0,0
P00940,Q9XHP0,0.24596774193548387,0.15,0.125,0,0,0
P00940,Q9XHP1,0.20270270270270271,0.0375,0.0375,0,0,0
P00940,Q9XHP2,0.2482758620689655,0.0875,0.075,0,0,0
P00940,T2DN75,0.1975806451612903,0.1625,0.075,0,0,0
P00940,V5XVK5,0.16883116883116883,0.0875,0.0875,0,0,0
P00940,V7AEY9,0.24596774193548387,0.25,0.25,0,0,0
P00940,V7B793,0.23387096774193547,0.1,0.1,0,0,0
P00940,V7CAE0,0.25625,0.1,0.1,0,0,0
P00940,V7CE49,0.275,0.0875,0.0875,0,0,0
P00940,V7CEG9,0.2706766917293233,0.075,0.075,0,0,0
P00940,W5X2N3,0.20207253886010362,0.1875,0.1875,0,0,0
P00940,W8PPL3,0.25806451612903225,0.1375,0.1375,0,0,0
P01005,P01012,0.23333333333333334,0.15,0.0875,0,0,0
P01005,P01085,0.23387096774193547,0.1,0.1,0,0,0
P01005,P02197,0.21428571428571427,0.05,0.05,0,0,0
P01005,P02622,0.3008849557522124,0.1875,0.1875,0,0,0
P01005,P02662,0.2,0.15,0.075,0,0,0
P01005,P02754,0.20224719101123595,0.15,0.05,0,0,0
P01005,P02769,0.3238095238095238,0.2125,0.2125,0,0,0
P01005,P02789,0.37142857142857144,0.1125,0.0875,0,0,0
P01005,P04722,0.1619047619047619,0.075,0.0625,0,0,0
P01005,P07322,0.26666666666666666,0.1625,0.075,0,0,0
P01005,P08819,0.29523809523809524,0.1375,0.2375,0,0,0
P01005,P0C0Y3,0.26717557251908397,0.0625,0.0625,0,0,0
P01005,P10184,0.5190476190476191,0.6,0.5625,0,7,2
P01005,P11828,0.26666666666666666,0.1625,0.1625,0,0,0
P01005,P12670,0.2619047619047619,0.1625,0.0875,0,0,0
P01005,P13744,0.3,0.1125,0.0625,0,0,0
P01005,P16348,0.25,0.1375,0.1125,0,0,0
P01005,P19121,0.35714285714285715,0.1375,0.1375,0,0,0
P01005,P24337,0.275,0.075,0.075,0,0,0
P01005,P25974,0.23333333333333334,0.1,0.0875,0,0,0
P01005,P26987,0.25316455696202533,0.1,0.1,0,0,0
P01005,P29835,0.20430107526881722,0.0625,0.0625,0,0,0
P01005,P30941,0.2523809523809524,0.1,0.1,0,0,0
P01005,P43211,0.18867924528301888,0.05,0.025,0,0,0
P01005,P43237,0.3047619047619048,0.1125,0.0625,0,0,0
P01005,P49231,0.24427480916030533,0.075,0.075,0,0,0
P01005,P50694,0.2619047619047619,0.1375,0.125,0,0,0
P01005,P80026,0.25688073394495414,0.1375,0.1375,0,0,0
P01005,P81370,0.21428571428571427,0.1875,0.1875,0,0,0
P01005,P81402,0.27472527472527475,0.0625,0.0625,0,0,0
P01005,P84177,0.26717557251908397,0.1625,0.1625,0,0,0
P01005,P84527,0.2523809523809524,0.2375,0.1875,0,0,0
P01005,P85524,0.24,0.0875,0.0875,0,0,0
P01005,P85894,0.31868131868131866,0.1375,0.1375,0,0,0
P01005,P86137,0.32608695652173914,0.1375,0.0625,0,0,0
P01005,P86888,0.36507936507936506,0.15,0.0625,0,0,0
P01005,P87498,0.3761904761904762,0.1625,0.1625,0,0,0
P01005,P93594,0.2619047619047619,0.15,0.0625,0,0,0
P01005,Q004B5,0.29523809523809524,0.3,0.3,0,0,0
P01005,Q01881,0.25625,0.1125,0.1125,0,0,0
P01005,Q0DEV5,0.34285714285714286,0.2875,0.275,0,0,0
P01005,Q2I6V8,0.23125,0.0875,0.0625,0,0,0
P01005,Q39453,0.2125,0.1375,0.1375,0,0,0
P01005,Q39649,0.2127659574468085,0.125,0.0875,0,0,0
P01005,Q41115,0.24285714285714285,0.125,0.0625,0,0,0
P01005,Q41258,0.24242424242424243,0.075,0.075,0,0,0
P01005,Q45W87,0.22627737226277372,0.1375,0.1375,0,0,0
P01005,Q647G3,0.1566265060240964,0.0625,0.0625,0,0,0
P01005,Q647G5,0.1952662721893491,0.125,0.125,0,0,0
P01005,Q647G9,0.2413793103448276,0.0875,0.0875,0,0,0
P01005,Q6TPK4,0.28448275862068967,0.0625,0.0625,0,0,0
P01005,Q6VT83,0.2356687898089172,0.1,0.1,0,0,0
P01005,Q7X8H9,0.27672955974842767,0.2,0.2125,0,0,0
P01005,Q84T21,0.1949685534591195,0.0875,0.0625,0,0,0
P01005,Q84T91,0.21428571428571427,0.075,0.075,0,0,0
P01005,Q8GT39,0.25190839694656486,0.1375,0.1375,0,0,0
P01005,Q8H4L8,0.267515923566879,0.0875,0.0875,0,0,0
P01005,Q8L5E0,0.26973684210526316,0.1125,0.1125,0,0,0
P01005,Q8S4P9,0.2571428571428571,0.15,0.1125,0,0,0
P01005,Q8SAE7,0.22727272727272727,0.0625,0.0625,0,0,0
P01005,Q90YK9,0.22018348623853212,0.1,0.0625,0,0,0
P01005,Q91482,0.2018348623853211,0.1,0.1,0,0,0
P01005,Q93YG7,0.2366412213740458,0.075,0.075,0,0,0
P01005,Q948T6,0.19523809523809524,0.175,0.1,0,0,0
P01005,Q94JN3,0.26717557251908397,0.175,0.175,0,0,0
P01005,Q9ATH2,0.22608695652173913,0.1375,0.075,0,0,0
P01005,Q9AVK8,0.26666666666666666,0.1125,0.0625,0,0,0
P01005,Q9AXI0,0.20454545454545456,0.075,0.05,0,0,0
P01005,Q9FSG7,0.24285714285714285,0.15,0.15,0,0,0
P01005,Q9FSY7,0.29523809523809524,0.175,0.175,0,0,0
P01005,Q9FUJ9,0.21686746987951808,0.15,0.15,0,0,0
P01005,Q9M5X7,0.25217391304347825,0.075,0.075,0,0,0
P01005,Q9M5X8,0.23931623931623933,0.125,0.075,0,0,0
P01005,Q9M7R0,0.26900584795321636,0.1,0.1,0,0,0
P01005,Q9SQI9,0.26717557251908397,0.125,0.0625,0,0,0
P01005,Q9XF39,0.26717557251908397,0.1625,0.1125,0,0,0
P01005,Q9XHP0,0.2619047619047619,0.1,0.05,0,0,0
P01005,Q9XHP1,0.17567567567567569,0.1125,0.1125,0,0,0
P01005,Q9XHP2,0.2482758620689655,0.1,0.1,0,0,0
P01005,T2DN75,0.2523809523809524,0.0875,0.0875,0,0,0
P01005,V5XVK5,0.21904761904761905,0.2,0.2,0,0,0
P01005,V7AEY9,0.22857142857142856,0.15,0.15,0,0,0
P01005,V7B793,0.3225806451612903,0.1875,0.1875,0,0,0
P01005,V7CAE0,0.2125,0.075,0.075,0,0,0
P01005,V7CE49,0.21875,0.0875,0.05,0,0,0
P01005,V7CEG9,0.23308270676691728,0.175,0.175,0,0,0
P01005,W5X2N3,0.21761658031088082,0.1125,0.1125,0,0,0
P01005,W8PPL3,0.28095238095238095,0.1625,0.15,0,0,0
P01012,P01085,0.25806451612903225,0.1125,0.1125,0,0,0
P01012,P02197,0.2987012987012987,0.2125,0.2125,0,0,0
P01012,P02622,0.336283185840708,0.1625,0.1625,0,0,0
P01012,P02662,0.24299065420560748,0.175,0.1625,0,0,0
P01012,P02754,0.28651685393258425,0.125,0.1,0,0,0
P01012,P02769,0.25647668393782386,0.225,0.225,0,0,0
P01012,P02789,0.21243523316062177,0.25,0.25,0,0,0
P01012,P04722,0.16494845360824742,0.1125,0.075,0,0,0
P01012,P07322,0.17875647668393782,0.125,0.2,0,0,0
P01012,P08819,0.17098445595854922,0.1375,0.1375,0,0,0
P01012,P0C0Y3,0.2900763358778626,0.075,0.0625,0,0,0
P01012,P10184,0.18134715025906736,0.0875,0.05,0,0,0
P01012,P11828,0.19948186528497408,0.175,0.0875,0,0,0
P01012,P12670,0.20647773279352227,0.0875,0.075,0,0,0
P01012,P13744,0.20725388601036268,0.25,0.225,0,0,0
P01012,P16348,0.2712765957446808,0.15,0.15,0,0,0
P01012,P19121,0.26424870466321243,0.1875,0.15,0,0,0
P01012,P24337,0.375,0.0875,0.05,0,0,0
P01012,P25974,0.19689119170984457,0.175,0.1125,0,0,0
P01012,P26987,0.26582278481012656,0.1125,0.075,0,0,0
P01012,P29835,0.25806451612903225,0.1125,0.1125,0,0,0
P01012,P30941,0.22624434389140272,0.1375,0.1375,0,0,0
P01012,P43211,0.2641509433962264,0.2375,0.0875,0,0,0
P01012,P43237,0.24093264248704663,0.2125,0.1875,0,0,0
P01012,P49231,0.26717557251908397,0.1,0.1,0,0,0
P01012,P50694,0.19183673469387755,0.0875,0.0875,0,0,0
P01012,P80026,0.30275229357798167,0.075,0.075,0,0,0
P01012,P81370,0.26666666666666666,0.1125,0.0875,0,0,0
P01012,P81402,0.34065934065934067,0.125,0.075,0,0,0
P01012,P84177,0.2900763358778626,0.0875,0.0625,0,0,0
P01012,P84527,0.1784037558685446,0.05,0.0375,0,0,0
P01012,P85524,0.24666666666666667,0.15,0.0625,0,0,0
P01012,P85894,0.38461538461538464,0.125,0.075,0,0,0
P01012,P86137,0.30434782608695654,0.125,0.05,0,0,0
P01012,P86888,0.3333333333333333,0.05,0.0375,0,0,0
P01012,P87498,0.3601036269430052,0.2,0.1125,0,0,0
P01012,P93594,0.19948186528497408,0.1625,0.25,0,0,0
P01012,Q004B5,0.199438202247191,0.1125,0.1,0,0,0
P01012,Q01881,0.25625,0.225,0.125,0,0,0
P01012,Q0DEV5,0.21243523316062177,0.1625,0.2,0,0,0
P01012,Q2I6V8,0.275,0.1375,0.075,0,0,0
P01012,Q39453,0.2375,0.15,0.15,0,0,0
P01012,Q39649,0.2978723404255319,0.1125,0.1125,0,0,0
P01012,Q41115,0.19948186528497408,0.2,0.2,0,0,0
P01012,Q41258,0.2803030303030303,0.0875,0.075,0,0,0
P01012,Q45W87,0.27007299270072993,0.1,0.0375,0,0,0
P01012,Q647G3,0.25903614457831325,0.1875,0.0625,0,0,0
P01012,Q647G5,0.23076923076923078,0.175,0.175,0,0,0
P01012,Q647G9,0.22758620689655173,0.1875,0.1875,0,0,0
P01012,Q6TPK4,0.33620689655172414,0.1625,0.1375,0,0,0
P01012,Q6VT83,0.31210191082802546,0.125,0.0625,0,0,0
P01012,Q7X8H9,0.27672955974842767,0.1625,0.1125,0,0,0
P01012,Q84T21,0.2893081761006289,0.0875,0.075,0,0,0
P01012,Q84T91,0.30714285714285716,0.1875,0.1875,0,0,0
P01012,Q8GT39,0.32061068702290074,0.1125,0.0625,0,0,0
P01012,Q8H4L8,0.3057324840764331,0.075,0.0625,0,0,0
P01012,Q8L5E0,0.2631578947368421,0.075,0.075,0,0,0
P01012,Q8S4P9,0.19430051813471502,0.2,0.2375,0,0,0
P01012,Q8SAE7,0.2792207792207792,0.2625,0.2625,0,0,0
P01012,Q90YK9,0.3577981651376147,0.1625,0.0625,0,0,0
P01012,Q91482,0.3211009174311927,0.1625,0.1,0,0,0
P01012,Q93YG7,0.22900763358778625,0.1,0.0375,0,0,0
P01012,Q948T6,0.23711340206185566,0.25,0.2375,0,0,0
P01012,Q94JN3,0.2824427480916031,0.0625,0.05,0,0,0
P01012,Q9ATH2,0.3130434782608696,0.075,0.075,0,0,0
P01012,Q9AVK8,0.20984455958549222,0.2375,0.2375,0,0,0
P01012,Q9AXI0,0.25,0.1375,0.0875,0,0,0
P01012,Q9FSG7,0.1910569105691057,0.1,0.0875,0,0,0
P01012,Q9FSY7,0.21502590673575128,0.2125,0.225,0,0,0
P01012,Q9FUJ9,0.26506024096385544,0.1125,0.1125,0,0,0
P01012,Q9M5X7,0.33043478260869563,0.1125,0.0875,0,0,0
P01012,Q9M5X8,0.3504273504273504,0.125,0.125,0,0,0
P01012,Q9M7R0,0.2807017543859649,0.175,0.175,0,0,0
P01012,Q9SQI9,0.26717557251908397,0.075,0.0625,0,0,0
P01012,Q9XF39,0.26717557251908397,0.15,0.0625,0,0,0
P01012,Q9XHP0,0.20984455958549222,0.1875,0.1875,0,0,0
P01012,Q9XHP1,0.25,0.15,0.075,0,0,0
P01012,Q9XHP2,0.2827586206896552,0.1125,0.1125,0,0,0
P01012,T2DN75,0.2283464566929134,0.075,0.075,0,0,0
P01012,V5XVK5,0.22077922077922077,0.1375,0.0375,0,0,0
P01012,V7AEY9,0.20224719101123595,0.2375,0.2375,0,0,0
P01012,V7B793,0.27419354838709675,0.075,0.05,0,0,0
P01012,V7CAE0,0.29375,0.2125,0.2125,0,0,0
P01012,V7CE49,0.25,0.1125,0.0625,0,0,0
P01012,V7CEG9,0.3157894736842105,0.1,0.0875,0,0,0
P01012,W5X2N3,0.25906735751295334,0.1875,0.1875,0,0,0
P01012,W8PPL3,0.18997361477572558,0.25,0.25,0,0,0
P01085,P02197,0.20161290322580644,0.075,0.075,0,0,0
P01085,P02622,0.19469026548672566,0.075,0.075,0,0,0
P01085,P02662,0.1774193548387097,0.0875,0.05,0,0,0
P01085,P02754,0.21774193548387097,0.1,0.1,0,0,0
P01085,P02769,0.3064516129032258,0.0625,0.0625,0,0,0
P01085,P02789,0.3225806451612903,0.2125,0.2125,0,0,0
P01085,P04722,0.29838709677419356,0.2625,0.2625,0,0,0
P01085,P07322,0.33064516129032256,0.1125,0.1125,0,0,0
P01085,P08819,0.3225806451612903,0.1,0.1,0,0,0
P01085,P0C0Y3,0.24193548387096775,0.0875,0.0875,0,0,0
P01085,P10184,0.3790322580645161,0.1375,0.1375,0,0,0
P01085,P11828,0.3225806451612903,0.0625,0.0625,0,0,0
P01085,P12670,0.23387096774193547,0.0875,0.0875,0,0,0
P01085,P13744,0.29838709677419356,0.1375,0.1375,0,0,0
P01085,P16348,0.20161290322580644,0.15,0.15,0,0,0
P01085,P19121,0.3467741935483871,0.2125,0.0625,0,0,0
P01085,P24337,0.2375,0.0375,0.0375,0,0,0
P01085,P25974,0.3225806451612903,0.0875,0.0625,0,0,0
P01085,P26987,0.1935483870967742,0.1,0.1,0,0,0
P01085,P29835,0.3064516129032258,0.275,0.275,0,0,0
P01085,P30941,0.22580645161290322,0.1125,0.075,0,0,0
P01085,P43211,0.1774193548387097,0.05,0.05,0,0,0
P01085,P43237,0.31451612903225806,0.1125,0.1125,0,0,0
P01085,P49231,0.22580645161290322,0.1,0.1,0,0,0
P01085,P50694,0.25806451612903225,0.1125,0.075,0,0,0
P01085,P80026,0.22018348623853212,0.05,0.05,0,0,0
P01085,P81370,0.25806451612903225,0.1,0.05,0,0,0
P01085,P81402,0.2967032967032967,0.15,0.15,0,0,0
P01085,P84177,0.25806451612903225,0.0625,0.0625,0,0,0
P01085,P84527,0.2661290322580645,0.1125,0.1125,0,0,0
P01085,P85524,0.1532258064516129,0.05,0.0375,0,0,0
P01085,P85894,0.27472527472527475,0.1125,0.0875,0,0,0
P01085,P86137,0.2717391304347826,0.1125,0.0875,0,0,0
P01085,P86888,0.25396825396825395,0.0875,0.0875,0,0,0
P01085,P87498,0.4274193548387097,0.1375,0.1375,0,0,0
P01085,P93594,0.3467741935483871,0.1625,0.1625,0,0,0
P01085,Q004B5,0.2903225806451613,0.125,0.125,0,0,0
P01085,Q01881,0.3790322580645161,0.45,0.425,1,0,0
P01085,Q0DEV5,0.41935483870967744,0.0625,0.0625,0,0,0
P01085,Q2I6V8,0.21774193548387097,0.075,0.075,0,0,0
P01085,Q39453,0.18548387096774194,0.05,0.05,0,0,0
P01085,Q39649,0.23387096774193547,0.2375,0.2375,0,0,0
P01085,Q41115,0.25806451612903225,0.1625,0.1625,0,0,0
P01085,Q41258,0.16129032258064516,0.125,0.0625,0,0,0
P01085,Q45W87,0.16129032258064516,0.0875,0.0875,0,0,0
P01085,Q647G3,0.18548387096774194,0.1375,0.1375,0,0,0
P01085,Q647G5,0.18548387096774194,0.1125,0.1125,0,0,0
P01085,Q647G9,0.1935483870967742,0.0875,0.0875,0,0,0
P01085,Q6TPK4,0.1896551724137931,0.075,0.075,0,0,0
P01085,Q6VT83,0.18548387096774194,0.05,0.05,0,0,0
P01085,Q7X8H9,0.2661290322580645,0.325,0.2875,0,0,0
P01085,Q84T21,0.1935483870967742,0.05,0.05,0,0,0
P01085,Q84T91,0.1532258064516129,0.1,0.1,0,0,0
P01085,Q8GT39,0.23387096774193547,0.0625,0.0625,0,0,0
P01085,Q8H4L8,0.3709677419354839,0.4625,0.45,0,0,0
P01085,Q8L5E0,0.1774193548387097,0.0625,0.0625,0,0,0
P01085,Q8S4P9,0.2661290322580645,0.0875,0.05,0,0,0
P01085,Q8SAE7,0.23387096774193547,0.175,0.175,0,0,0
P01085,Q90YK9,0.22935779816513763,0.05,0.05,0,0,0
P01085,Q91482,0.21100917431192662,0.0625,0.0625,0,0,0
P01085,Q93YG7,0.1935483870967742,0.075,0.0625,0,0,0
P01085,Q948T6,0.31451612903225806,0.125,0.125,0,0,0
P01085,Q94JN3,0.23387096774193547,0.075,0.075,0,0,0
P01085,Q9ATH2,0.20869565217391303,0.075,0.075,0,0,0
P01085,Q9AVK8,0.29838709677419356,0.075,0.075,0,0,0
P01085,Q9AXI0,0.22580645161290322,0.05,0.05,0,0,0
P01085,Q9FSG7,0.28225806451612906,0.1875,0.1875,0,0,0
P01085,Q9FSY7,0.2903225806451613,0.0625,0.0625,0,0,0
P01085,Q9FUJ9,0.22580645161290322,0.125,0.125,0,0,0
P01085,Q9M5X7,0.21739130434782608,0.1125,0.1125,0,0,0
P01085,Q9M5X8,0.18803418803418803,0.1125,0.1125,0,0,0
P01085,Q9M7R0,0.22580645161290322,0.0625,0.0625,0,0,0
P01085,Q9SQI9,0.18548387096774194,0.05,0.05,0,0,0
P01085,Q9XF39,0.25806451612903225,0.0625,0.0625,0,0,0
P01085,Q9XHP0,0.2903225806451613,0.2125,0.0875,0,0,0
P01085,Q9XHP1,0.22580645161290322,0.1625,0.1625,0,0,0
P01085,Q9XHP2,0.20161290322580644,0.125,0.1,0,0,0
P01085,T2DN75,0.2903225806451613,0.075,0.075,0,1,0
P01085,V5XVK5,0.22580645161290322,0.075,0.075,0,0,0
P01085,V7AEY9,0.29838709677419356,0.125,0.1,0,0,0
P01085,V7B793,0.1774193548387097,0.1375,0.1375,0,0,0
P01085,V7CAE0,0.1935483870967742,0.0875,0.0875,0,0,0
P01085,V7CE49,0.27419354838709675,0.0875,0.0875,0,0,0
P01085,V7CEG9,0.20967741935483872,0.05,0.05,0,0,0
P01085,W5X2N3,0.2661290322580645,0.1375,0.1375,0,0,0
P01085,W8PPL3,0.24193548387096775,0.1,0.1,0,0,0
P02197,P02622,0.24778761061946902,0.2,0.2,0,0,0
P02197,P02662,0.2532467532467532,0.1875,0.175,0,0,0
P02197,P02754,0.2077922077922078,0.0875,0.0875,0,0,0
P02197,P02769,0.34415584415584416,0.175,0.075,0,0,0
P02197,P02789,0.35714285714285715,0.15,0.0875,0,0,0
P02197,P04722,0.17532467532467533,0.075,0.075,0,0,0
P02197,P07322,0.37012987012987014,0.175,0.175,0,0,0
P02197,P08819,0.2922077922077922,0.25,0.25,0,0,0
P02197,P0C0Y3,0.183206106870229,0.1375,0.0875,0,0,0
P02197,P10184,0.2792207792207792,0.075,0.075,0,0,0
P02197,P11828,0.33116883116883117,0.25,0.25,0,0,0
P02197,P12670,0.23376623376623376,0.075,0.075,0,0,0
P02197,P13744,0.2922077922077922,0.0875,0.0625,0,0,0
P02197,P16348,0.19480519480519481,0.075,0.0375,0,0,0
P02197,P19121,0.35714285714285715,0.1,0.0625,0,0,0
P02197,P24337,0.175,0.05,0.05,0,0,0
P02197,P25974,0.3181818181818182,0.15,0.15,0,0,0
P02197,P26987,0.2012987012987013,0.075,0.075,0,0,0
P02197,P29835,0.19480519480519481,0.0875,0.0875,0,0,0
P02197,P30941,0.21428571428571427,0.175,0.175,0,0,0
P02197,P43211,0.19480519480519481,0.15,0.15,0,0,0
P02197,P43237,0.3116883116883117,0.175,0.125,0,0,0
P02197,P49231,0.19083969465648856,0.1125,0.0875,0,0,0
P02197,P50694,0.21428571428571427,0.0625,0.05,0,0,0
P02197,P80026,0.23853211009174313,0.125,0.1125,0,0,0
P02197,P81370,0.18831168831168832,0.0875,0.0875,0,0,0
P02197,P81402,0.24175824175824176,0.0875,0.0875,0,0,0
P02197,P84177,0.16030534351145037,0.1625,0.1625,0,0,0
P02197,P84527,0.18181818181818182,0.0875,0.0625,0,0,0
P02197,P85524,0.18666666666666668,0.125,0.1125,0,0,0
P02197,P85894,0.16483516483516483,0.0875,0.0875,0,0,0
P02197,P86137,0.21739130434782608,0.0875,0.0875,0,0,0
P02197,P86888,0.20634920634920634,0.0375,0.0375,0,0,0
P02197,P87498,0.461038961038961,0.2125,0.2125,0,0,0
P02197,P93594,0.35714285714285715,0.2375,0.2375,0,0,0
P02197,Q004B5,0.2662337662337662,0.1,0.075,0,0,0
P02197,Q01881,0.15584415584415584,0.0875,0.0875,0,0,0
P02197,Q0DEV5,0.33116883116883117,0.225,0.075,0,0,0
P02197,Q2I6V8,0.19480519480519481,0.075,0.075,0,0,0
P02197,Q39453,0.17532467532467533,0.1,0.1,0,0,0
P02197,Q39649,0.11347517730496454,0.0875,0.0875,0,0,0
P02197,Q41115,0.2922077922077922,0.0625,0.0625,0,0,0
P02197,Q41258,0.12121212121212122,0.0375,0.0375,0,0,0
P02197,Q45W87,0.2116788321167883,0.0625,0.0625,0,0,0
P02197,Q647G3,0.2077922077922078,0.125,0.125,0,0,0
P02197,Q647G5,0.24025974025974026,0.175,0.175,0,0,0
P02197,Q647G9,0.14482758620689656,0.075,0.075,0,0,0
P02197,Q6TPK4,0.19827586206896552,0.125,0.125,0,0,0
P02197,Q6VT83,0.16233766233766234,0.1,0.1,0,0,0
P02197,Q7X8H9,0.18181818181818182,0.1375,0.0625,0,0,0
P02197,Q84T21,0.17532467532467533,0.0875,0.0875,0,0,0
P02197,Q84T91,0.21428571428571427,0.125,0.125,0,0,0
P02197,Q8GT39,0.19083969465648856,0.0625,0.05,0,0,0
P02197,Q8H4L8,0.18181818181818182,0.0625,0.0625,0,0,0
P02197,Q8L5E0,0.21052631578947367,0.075,0.075,0,0,0
P02197,Q8S4P9,0.2857142857142857,0.125,0.125,0,0,0
P02197,Q8SAE7,0.22727272727272727,0.1875,0.1875,0,0,0
P02197,Q90YK9,0.24770642201834864,0.175,0.175,0,0,0
P02197,Q91482,0.22935779816513763,0.0875,0.0875,0,0,0
P02197,Q93YG7,0.183206106870229,0.0875,0.0875,0,0,0
P02197,Q948T6,0.24675324675324675,0.15,0.15,0,0,0
P02197,Q94JN3,0.21374045801526717,0.0625,0.0625,0,0,0
P02197,Q9ATH2,0.20869565217391303,0.05,0.05,0,0,0
P02197,Q9AVK8,0.2857142857142857,0.2,0.0875,0,0,0
P02197,Q9AXI0,0.22077922077922077,0.15,0.15,0,0,0
P02197,Q9FSG7,0.24675324675324675,0.0875,0.0625,0,0,0
P02197,Q9FSY7,0.38311688311688313,0.1625,0.15,0,0,0
P02197,Q9FUJ9,0.22077922077922077,0.0875,0.05,0,0,0
P02197,Q9M5X7,0.1565217391304348,0.05,0.05,0,0,0
P02197,Q9M5X8,0.2222222222222222,0.075,0.075,0,0,0
P02197,Q9M7R0,0.2077922077922078,0.2,0.2125,0,0,0
P02197,Q9SQI9,0.21374045801526717,0.1,0.1,0,0,0
P02197,Q9XF39,0.17557251908396945,0.175,0.175,0,0,0
P02197,Q9XHP0,0.24675324675324675,0.1125,0.1125,0,0,0
P02197,Q9XHP1,0.10810810810810811,0.1,0.1,0,0,0
P02197,Q9XHP2,0.2206896551724138,0.15,0.1375,0,0,0
P02197,T2DN75,0.24675324675324675,0.0625,0.0625,0,0,0
P02197,V5XVK5,0.16233766233766234,0.1,0.0875,0,0,0
P02197,V7AEY9,0.2987012987012987,0.125,0.075,0,0,0
P02197,V7B793,0.20161290322580644,0.05,0.05,0,0,0
P02197,V7CAE0,0.18181818181818182,0.125,0.075,0,0,0
P02197,V7CE49,0.17532467532467533,0.1375,0.1375,0,0,0
P02197,V7CEG9,0.23308270676691728,0.1,0.1,0,0,0
P02197,W5X2N3,0.21428571428571427,0.0875,0.0875,0,0,0
P02197,W8PPL3,0.2792207792207792,0.1125,0.1125,0,0,0
P02622,P02662,0.17699115044247787,0.1,0.1,0,0,0
P02622,P02754,0.19469026548672566,0.1,0.075,0,0,0
P02622,P02769,0.3893805309734513,0.0875,0.0875,0,0,0
P02622,P02789,0.37168141592920356,0.1125,0.1125,0,0,0
P02622,P04722,0.168141592920354,0.0375,0.0375,0,0,0
P02622,P07322,0.36283185840707965,0.075,0.075,0,0,0
P02622,P08819,0.2920353982300885,0.075,0.075,0,0,0
P02622,P0C0Y3,0.20353982300884957,0.0875,0.0875,0,0,0
P02622,P10184,0.3185840707964602,0.0625,0.0625,0,0,0
P02622,P11828,0.36283185840707965,0.05,0.05,0,0,0
P02622,P12670,0.22123893805309736,0.1,0.1,0,0,0
P02622,P13744,0.35398230088495575,0.125,0.125,0,0,0
P02622,P16348,0.23893805309734514,0.075,0.075,0,0,0
P02622,P19121,0.40707964601769914,0.2625,0.2625,0,0,0
P02622,P24337,0.1875,0.0875,0.0875,0,0,0
P02622,P25974,0.34513274336283184,0.0875,0.075,0,0,0
P02622,P26987,0.2743362831858407,0.2,0.1,0,0,0
P02622,P29835,0.17699115044247787,0.1,0.075,0,0,0
P02622,P30941,0.18584070796460178,0.1375,0.0625,0,0,0
P02622,P43211,0.2743362831858407,0.0875,0.0875,0,0,0
P02622,P43237,0.4336283185840708,0.175,0.175,0,0,0
P02622,P49231,0.20353982300884957,0.075,0.075,0,0,0
P02622,P50694,0.26548672566371684,0.075,0.075,0,0,0
P02622,P80026,0.5045871559633027,0.5625,0.5625,1,2,0
P02622,P81370,0.21238938053097345,0.125,0.125,0,0,0
P02622,P81402,0.17582417582417584,0.05,0.05,0,0,0
P02622,P84177,0.23008849557522124,0.1125,0.1125,0,0,0
P02622,P84527,0.22123893805309736,0.075,0.075,0,0,0
P02622,P85524,0.19469026548672566,0.1625,0.1625,0,0,0
P02622,P85894,0.21978021978021978,0.0875,0.0875,0,0,0
P02622,P86137,0.17391304347826086,0.075,0.075,0,0,0
P02622,P86888,0.19047619047619047,0.075,0.075,0,0,0
P02622,P87498,0.45132743362831856,0.125,0.125,0,0,0
P02622,P93594,0.35398230088495575,0.15,0.15,0,0,0
P02622,Q004B5,0.3805309734513274,0.125,0.125,0,0,0
P02622,Q01881,0.18584070796460178,0.0625,0.0375,0,0,0
P02622,Q0DEV5,0.3893805309734513,0.2,0.2,0,0,0
P02622,Q2I6V8,0.24778761061946902,0.0875,0.0875,0,0,0
P02622,Q39453,0.3008849557522124,0.1125,0.1125,0,0,0
P02622,Q39649,0.168141592920354,0.075,0.0625,0,0,0
P02622,Q41115,0.336283185840708,0.225,0.225,0,0,0
P02622,Q41258,0.11504424778761062,0.05,0.05,0,0,0
P02622,Q45W87,0.1504424778761062,0.125,0.125,0,0,0
P02622,Q647G3,0.23893805309734514,0.125,0.125,0,0,0
P02622,Q647G5,0.1415929203539823,0.075,0.075,0,0,0
P02622,Q647G9,0.1592920353982301,0.075,0.075,0,0,0
P02622,Q6TPK4,0.20353982300884957,0.0625,0.0625,0,0,0
P02622,Q6VT83,0.23893805309734514,0.0875,0.0625,0,0,0
P02622,Q7X8H9,0.25663716814159293,0.125,0.1125,0,0,0
P02622,Q84T21,0.22123893805309736,0.125,0.125,0,0,0
P02622,Q84T91,0.19469026548672566,0.1125,0.1125,0,0,0
P02622,Q8GT39,0.18584070796460178,0.075,0.075,0,0,0
P02622,Q8H4L8,0.20353982300884957,0.05,0.05,0,0,0
P02622,Q8L5E0,0.23893805309734514,0.125,0.125,0,0,0
P02622,Q8S4P9,0.34513274336283184,0.225,0.225,0,0,0
P02622,Q8SAE7,0.23008849557522124,0.1125,0.05,0,0,0
P02622,Q90YK9,0.6697247706422018,0.6875,0.6875,1,19,15
P02622,Q91482,0.5321100917431193,0.6,0.6,1,10,7
P02622,Q93YG7,0.1415929203539823,0.075,0.0375,0,0,0
P02622,Q948T6,0.26548672566371684,0.0875,0.0875,0,0,0
P02622,Q94JN3,0.17699115044247787,0.125,0.125,0,0,0
P02622,Q9ATH2,0.13274336283185842,0.05,0.05,0,0,0
P02622,Q9AVK8,0.336283185840708,0.1,0.1,0,0,0
P02622,Q9AXI0,0.17699115044247787,0.0625,0.05,0,0,0
P02622,Q9FSG7,0.23008849557522124,0.125,0.125,0,0,0
P02622,Q9FSY7,0.39823008849557523,0.175,0.175,0,0,0
P02622,Q9FUJ9,0.19469026548672566,0.1375,0.1375,0,0,0
P02622,Q9M5X7,0.19469026548672566,0.05,0.05,0,0,0
P02622,Q9M5X8,0.13274336283185842,0.0625,0.05,0,0,0
P02622,Q9M7R0,0.30973451327433627,0.325,0.275,0,1,0
P02622,Q9SQI9,0.17699115044247787,0.075,0.075,0,0,0
P02622,Q9XF39,0.23893805309734514,0.0625,0.0625,0,0,0
P02622,Q9XHP0,0.3185840707964602,0.175,0.175,0,0,0
P02622,Q9XHP1,0.1415929203539823,0.075,0.075,0,0,0
P02622,Q9XHP2,0.168141592920354,0.075,0.075,0,0,0
P02622,T2DN75,0.23008849557522124,0.1875,0.1875,0,0,0
P02622,V5XVK5,0.22123893805309736,0.1375,0.1375,0,0,0
P02622,V7AEY9,0.34513274336283184,0.2,0.0875,0,0,0
P02622,V7B793,0.20353982300884957,0.1375,0.1375,0,0,0
P02622,V7CAE0,0.20353982300884957,0.15,0.125,0,0,0
P02622,V7CE49,0.23893805309734514,0.075,0.075,0,0,0
P02622,V7CEG9,0.20353982300884957,0.075,0.05,0,0,0
P02622,W5X2N3,0.3274336283185841,0.075,0.075,0,0,0
P02622,W8PPL3,0.2920353982300885,0.1375,0.1,0,0,0
P02662,P02754,0.25842696629213485,0.0875,0.0875,0,0,0
P02662,P02769,0.32710280373831774,0.2125,0.2125,0,0,0
P02662,P02789,0.27102803738317754,0.1375,0.1125,0,0,0
P02662,P04722,0.21962616822429906,0.225,0.225,0,0,0
P02662,P07322,0.24766355140186916,0.1125,0.0875,0,0,0
P02662,P08819,0.2897196261682243,0.1125,0.1125,0,0,0
P02662,P0C0Y3,0.2595419847328244,0.0875,0.0875,0,0,0
P02662,P10184,0.26635514018691586,0.1375,0.1375,0,0,0
P02662,P11828,0.2897196261682243,0.1125,0.075,0,0,0
P02662,P12670,0.16822429906542055,0.0625,0.05,0,0,0
P02662,P13744,0.21495327102803738,0.15,0.0625,0,0,0
P02662,P16348,0.14361702127659576,0.0875,0.0875,0,0,0
P02662,P19121,0.35514018691588783,0.175,0.15,0,0,0
P02662,P24337,0.3375,0.05,0.05,0,0,0
P02662,P25974,0.2803738317757009,0.2125,0.2125,0,0,0
P02662,P26987,0.189873417721519,0.125,0.075,0,0,0
P02662,P29835,0.1774193548387097,0.1375,0.1375,0,0,0
P02662,P30941,0.19158878504672897,0.2375,0.2375,0,0,0
P02662,P43211,0.1761006289308176,0.1125,0.1,0,0,0
P02662,P43237,0.2803738317757009,0.1625,0.15,0,0,0
P02662,P49231,0.22900763358778625,0.0875,0.0875,0,0,0
P02662,P50694,0.17289719626168223,0.125,0.125,0,0,0
P02662,P80026,0.26605504587155965,0.1125,0.075,0,0,0
P02662,P81370,0.19158878504672897,0.075,0.075,0,0,0
P02662,P81402,0.3626373626373626,0.125,0.125,0,0,0
P02662,P84177,0.2900763358778626,0.1,0.1,0,0,0
P02662,P84527,0.15492957746478872,0.125,0.125,0,0,0
P02662,P85524,0.24,0.125,0.125,0,0,0
P02662,P85894,0.2967032967032967,0.0625,0.05,0,0,0
P02662,P86137,0.2391304347826087,0.15,0.15,0,0,0
P02662,P86888,0.2698412698412698,0.1,0.1,0,0,0
P02662,P87498,0.42990654205607476,0.2375,0.2125,0,0,0
P02662,P93594,0.2570093457943925,0.1625,0.1625,0,0,0
P02662,Q004B5,0.2523364485981308,0.1625,0.125,0,0,0
P02662,Q01881,0.21875,0.075,0.075,0,0,0
P02662,Q0DEV5,0.32242990654205606,0.1875,0.2125,0,0,0
P02662,Q2I6V8,0.2,0.15,0.075,0,0,0
P02662,Q39453,0.19375,0.075,0.075,0,0,0
P02662,Q39649,0.2624113475177305,0.175,0.075,0,0,0
P02662,Q41115,0.24299065420560748,0.1375,0.1,0,0,0
P02662,Q41258,0.13636363636363635,0.1625,0.1625,0,0,0
P02662,Q45W87,0.19708029197080293,0.075,0.075,0,0,0
P02662,Q647G3,0.18674698795180722,0.1,0.075,0,0,0
P02662,Q647G5,0.1952662721893491,0.075,0.0625,0,0,0
P02662,Q647G9,0.21379310344827587,0.1,0.1,0,0,0
P02662,Q6TPK4,0.19827586206896552,0.1,0.1,0,0,0
P02662,Q6VT83,0.2229299363057325,0.0875,0.0875,0,0,0
P02662,Q7X8H9,0.20125786163522014,0.075,0.0625,0,0,0
P02662,Q84T21,0.1761006289308176,0.1375,0.075,0,0,0
P02662,Q84T91,0.17857142857142858,0.1125,0.1125,0,0,0
P02662,Q8GT39,0.25190839694656486,0.0625,0.05,0,0,0
P02662,Q8H4L8,0.21656050955414013,0.0875,0.0875,0,0,0
P02662,Q8L5E0,0.16447368421052633,0.0625,0.0625,0,0,0
P02662,Q8S4P9,0.2757009345794392,0.2,0.2,0,0,0
P02662,Q8SAE7,0.21428571428571427,0.1125,0.0875,0,0,0
P02662,Q90YK9,0.28440366972477066,0.0875,0.05,0,0,0
P02662,Q91482,0.28440366972477066,0.1125,0.05,0,0,0
P02662,Q93YG7,0.2595419847328244,0.15,0.0875,0,0,0
P02662,Q948T6,0.24299065420560748,0.125,0.125,0,0,0
P02662,Q94JN3,0.24427480916030533,0.075,0.05,0,0,0
P02662,Q9ATH2,0.28695652173913044,0.0625,0.0625,0,0,0
P02662,Q9AVK8,0.29906542056074764,0.175,0.125,0,0,0
P02662,Q9AXI0,0.2215909090909091,0.0875,0.0625,0,0,0
P02662,Q9FSG7,0.1822429906542056,0.0625,0.0375,0,0,0
P02662,Q9FSY7,0.29439252336448596,0.225,0.125,0,0,0
P02662,Q9FUJ9,0.18072289156626506,0.1375,0.0875,0,0,0
P02662,Q9M5X7,0.23478260869565218,0.125,0.125,0,0,0
P02662,Q9M5X8,0.28205128205128205,0.1125,0.1125,0,0,0
P02662,Q9M7R0,0.21052631578947367,0.1875,0.1875,0,0,0
P02662,Q9SQI9,0.2595419847328244,0.0875,0.0625,0,0,0
P02662,Q9XF39,0.2900763358778626,0.1,0.1,0,0,0
P02662,Q9XHP0,0.308411214953271,0.225,0.2625,0,0,0
P02662,Q9XHP1,0.21621621621621623,0.1625,0.075,0,0,0
P02662,Q9XHP2,0.20689655172413793,0.1375,0.0875,0,0,0
P02662,T2DN75,0.19626168224299065,0.0625,0.05,0,0,0
P02662,V5XVK5,0.19158878504672897,0.05,0.05,0,0,0
P02662,V7AEY9,0.22897196261682243,0.075,0.075,0,0,0
P02662,V7B793,0.3064516129032258,0.1,0.075,0,0,0
P02662,V7CAE0,0.23125,0.1875,0.1875,0,0,0
P02662,V7CE49,0.20625,0.075,0.075,0,0,0
P02662,V7CEG9,0.21052631578947367,0.075,0.075,0,0,0
P02662,W5X2N3,0.19170984455958548,0.1,0.1,0,0,0
P02662,W8PPL3,0.21495327102803738,0.1,0.0625,0,0,0
P02754,P02769,0.3202247191011236,0.125,0.125,0,0,0
P02754,P02789,0.3707865168539326,0.1625,0.1375,0,0,0
P02754,P04722,0.24719101123595505,0.1625,0.15,0,0,0
P02754,P07322,0.25280898876404495,0.1375,0.0875,0,0,0
P02754,P08819,0.29213483146067415,0.075,0.075,0,0,0
P02754,P0C0Y3,0.22900763358778625,0.125,0.125,0,0,0
P02754,P10184,0.2808988764044944,0.0875,0.0625,0,0,0
P02754,P11828,0.29775280898876405,0.05,0.0375,0,0,0
P02754,P12670,0.21910112359550563,0.075,0.075,0,0,0
P02754,P13744,0.2303370786516854,0.075,0.0625,0,0,0
P02754,P16348,0.1853932584269663,0.1,0.1,0,0,0
P02754,P19121,0.29213483146067415,0.0875,0.0875,0,0,0
P02754,P24337,0.3,0.075,0.075,0,0,0
P02754,P25974,0.28651685393258425,0.1625,0.1125,0,0,0
P02754,P26987,0.16455696202531644,0.15,0.1125,0,0,0
P02754,P29835,0.19101123595505617,0.1125,0.0625,0,0,0
P02754,P30941,0.1797752808988764,0.1,0.1,0,0,0
P02754,P43211,0.18867924528301888,0.075,0.075,0,0,0
P02754,P43237,0.24719101123595505,0.1,0.1,0,0,0
P02754,P49231,0.20610687022900764,0.05,0.0375,0,0,0
P02754,P50694,0.20786516853932585,0.1125,0.1125,0,0,0
P02754,P80026,0.2018348623853211,0.0625,0.0625,0,0,0
P02754,P81370,0.25842696629213485,0.225,0.225,0,0,0
P02754,P81402,0.27472527472527475,0.0625,0.0625,0,0,0
P02754,P84177,0.22137404580152673,0.075,0.075,0,0,0
P02754,P84527,0.1797752808988764,0.075,0.05,0,0,0
P02754,P85524,0.18666666666666668,0.1,0.1,0,0,0
P02754,P85894,0.1978021978021978,0.075,0.075,0,0,0
P02754,P86137,0.2608695652173913,0.075,0.075,0,0,0
P02754,P86888,0.25396825396825395,0.05,0.0375,0,0,0
P02754,P87498,0.4101123595505618,0.2,0.1125,0,0,0
P02754,P93594,0.29213483146067415,0.1,0.1,0,0,0
P02754,Q004B5,0.25842696629213485,0.1375,0.0875,0,0,0
P02754,Q01881,0.18125,0.075,0.0625,0,0,0
P02754,Q0DEV5,0.33146067415730335,0.175,0.175,0,0,0
P02754,Q2I6V8,0.2125,0.075,0.075,0,0,0
P02754,Q39453,0.1875,0.0875,0.05,0,0,0
P02754,Q39649,0.19148936170212766,0.0875,0.0875,0,0,0
P02754,Q41115,0.2696629213483146,0.1,0.1,0,0,0
P02754,Q41258,0.16666666666666666,0.0875,0.0625,0,0,0
P02754,Q45W87,0.22627737226277372,0.0625,0.0625,0,0,0
P02754,Q647G3,0.16265060240963855,0.0875,0.0875,0,0,0
P02754,Q647G5,0.13609467455621302,0.1375,0.0875,0,0,0
P02754,Q647G9,0.23448275862068965,0.1375,0.1375,0,0,0
P02754,Q6TPK4,0.2672413793103448,0.225,0.125,0,0,0
P02754,Q6VT83,0.19745222929936307,0.0625,0.0625,0,0,0
P02754,Q7X8H9,0.20125786163522014,0.15,0.1375,0,0,0
P02754,Q84T21,0.2138364779874214,0.125,0.125,0,0,0
P02754,Q84T91,0.22142857142857142,0.125,0.05,0,0,0
P02754,Q8GT39,0.24427480916030533,0.125,0.125,0,0,0
P02754,Q8H4L8,0.20382165605095542,0.1375,0.1375,0,0,0
P02754,Q8L5E0,0.17105263157894737,0.05,0.05,0,0,0
P02754,Q8S4P9,0.2696629213483146,0.1875,0.1875,0,0,0
P02754,Q8SAE7,0.24025974025974026,0.2375,0.2375,0,0,0
P02754,Q90YK9,0.24770642201834864,0.1625,0.0625,0,0,0
P02754,Q91482,0.24770642201834864,0.0875,0.0875,0,0,0
P02754,Q93YG7,0.1984732824427481,0.0625,0.05,0,0,0
P02754,Q948T6,0.25842696629213485,0.225,0.225,0,0,0
P02754,Q94JN3,0.22900763358778625,0.0625,0.0625,0,0,0
P02754,Q9ATH2,0.25217391304347825,0.0875,0.0625,0,0,0
P02754,Q9AVK8,0.2696629213483146,0.1375,0.1,0,0,0
P02754,Q9AXI0,0.17045454545454544,0.075,0.0625,0,0,0
P02754,Q9FSG7,0.24157303370786518,0.2,0.2,0,0,0
P02754,Q9FSY7,0.3089887640449438,0.175,0.1125,0,0,0
P02754,Q9FUJ9,0.20481927710843373,0.1125,0.1125,0,0,0
P02754,Q9M5X7,0.24347826086956523,0.125,0.0625,0,0,0
P02754,Q9M5X8,0.27350427350427353,0.075,0.075,0,0,0
P02754,Q9M7R0,0.16374269005847952,0.1875,0.1875,0,0,0
P02754,Q9SQI9,0.1984732824427481,0.05,0.0375,0,0,0
P02754,Q9XF39,0.22137404580152673,0.0625,0.0625,0,0,0
P02754,Q9XHP0,0.28651685393258425,0.15,0.1,0,0,0
P02754,Q9XHP1,0.16891891891891891,0.1125,0.1,0,0,0
P02754,Q9XHP2,0.21379310344827587,0.15,0.15,0,0,0
P02754,T2DN75,0.25842696629213485,0.0875,0.0875,0,0,0
P02754,V5XVK5,0.2303370786516854,0.1625,0.1625,0,0,0
P02754,V7AEY9,0.29775280898876405,0.0875,0.0875,0,0,0
P02754,V7B793,0.25806451612903225,0.175,0.175,0,0,0
P02754,V7CAE0,0.2125,0.0625,0.05,0,0,0
P02754,V7CE49,0.16875,0.0875,0.075,0,0,0
P02754,V7CEG9,0.2706766917293233,0.1375,0.1375,0,0,0
P02754,W5X2N3,0.1853932584269663,0.1625,0.1125,0,0,0
P02754,W8PPL3,0.2303370786516854,0.1375,0.0875,0,0,0
P02769,P02789,0.20922570016474465,0.25,0.25,0,0,0
P02769,P04722,0.21993127147766323,0.1,0.0875,0,0,0
P02769,P07322,0.23271889400921658,0.225,0.2375,0,0,0
P02769,P08819,0.20495495495495494,0.1125,0.0875,0,0,0
P02769,P0C0Y3,0.35877862595419846,0.15,0.125,0,0,0
P02769,P10184,0.2205029013539652,0.1875,0.05,0,0,0
P02769,P11828,0.2079002079002079,0.225,0.1375,0,0,0
P02769,P12670,0.291497975708502,0.15,0.1,0,0,0
P02769,P13744,0.19166666666666668,0.1375,0.1375,0,0,0
P02769,P16348,0.2925531914893617,0.0875,0.0625,0,0,0
P02769,P19121,0.4514003294892916,0.5625,0.5375,1,13,5
P02769,P24337,0.3875,0.1,0.075,0,0,0
P02769,P25974,0.2164009111617312,0.175,0.1,0,0,0
P02769,P26987,0.37341772151898733,0.175,0.0875,0,0,0
P02769,P29835,0.3118279569892473,0.1125,0.1125,0,0,0
P02769,P30941,0.27601809954751133,0.15,0.05,0,0,0
P02769,P43211,0.32075471698113206,0.125,0.125,0,0,0
P02769,P43237,0.18616144975288304,0.1875,0.125,0,0,0
P02769,P49231,0.366412213740458,0.1375,0.1,0,0,0
P02769,P50694,0.2979591836734694,0.175,0.1375,0,0,0
P02769,P80026,0.3211009174311927,0.1,0.075,0,0,0
P02769,P81370,0.29333333333333333,0.15,0.15,0,0,0
P02769,P81402,0.3516483516483517,0.1375,0.1375,0,0,0
P02769,P84177,0.33587786259541985,0.125,0.125,0,0,0
P02769,P84527,0.27699530516431925,0.1125,0.0625,0,0,0
P02769,P85524,0.29333333333333333,0.15,0.0875,0,0,0
P02769,P85894,0.3626373626373626,0.1,0.1,0,0,0
P02769,P86137,0.391304347826087,0.1375,0.1,0,0,0
P02769,P86888,0.4603174603174603,0.2,0.2,0,0,0
P02769,P87498,0.26688632619439867,0.2125,0.1125,0,0,0
P02769,P93594,0.2147117296222664,0.15,0.1375,0,0,0
P02769,Q004B5,0.23595505617977527,0.225,0.225,0,1,0
P02769,Q01881,0.34375,0.2125,0.0875,0,0,0
P02769,Q0DEV5,0.18945634266886327,0.15,0.1125,0,0,0
P02769,Q2I6V8,0.38125,0.125,0.075,0,0,0
P02769,Q39453,0.3125,0.1125,0.1125,0,0,0
P02769,Q39649,0.3333333333333333,0.2,0.2,0,0,0
P02769,Q41115,0.22093023255813954,0.175,0.1,0,0,0
P02769,Q41258,0.3409090909090909,0.0875,0.0875,0,0,0
P02769,Q45W87,0.34306569343065696,0.1,0.1,0,0,0
P02769,Q647G3,0.25301204819277107,0.1375,0.125,0,0,0
P02769,Q647G5,0.2958579881656805,0.1625,0.1625,0,0,0
P02769,Q647G9,0.3310344827586207,0.1875,0.0875,0,0,0
P02769,Q6TPK4,0.33620689655172414,0.15,0.15,0,0,0
P02769,Q6VT83,0.37579617834394907,0.1375,0.125,0,0,0
P02769,Q7X8H9,0.3018867924528302,0.0875,0.0875,0,0,0
P02769,Q84T21,0.33962264150943394,0.075,0.075,0,0,0
P02769,Q84T91,0.32857142857142857,0.1,0.0625,0,0,0
P02769,Q8GT39,0.33587786259541985,0.1125,0.1125,0,0,0
P02769,Q8H4L8,0.2929936305732484,0.125,0.125,0,0,0
P02769,Q8L5E0,0.3223684210526316,0.1,0.075,0,0,0
P02769,Q8S4P9,0.203125,0.2625,0.1375,0,0,0
P02769,Q8SAE7,0.35714285714285715,0.2375,0.2375,0,0,0
P02769,Q90YK9,0.3577981651376147,0.175,0.175,0,0,0
P02769,Q91482,0.3761467889908257,0.0875,0.0625,0,0,0
P02769,Q93YG7,0.31297709923664124,0.1375,0.1375,0,0,0
P02769,Q948T6,0.3024054982817869,0.2375,0.2375,0,0,0
P02769,Q94JN3,0.3053435114503817,0.0875,0.05,0,0,0
P02769,Q9ATH2,0.3217391304347826,0.1125,0.0875,0,0,0
P02769,Q9AVK8,0.20798319327731093,0.2375,0.275,0,0,0
P02769,Q9AXI0,0.25,0.125,0.1,0,0,0
P02769,Q9FSG7,0.32926829268292684,0.15,0.1,0,0,0
P02769,Q9FSY7,0.18780889621087316,0.25,0.25,0,0,0
P02769,Q9FUJ9,0.30120481927710846,0.15,0.0375,0,0,0
P02769,Q9M5X7,0.34782608695652173,0.125,0.075,0,0,0
P02769,Q9M5X8,0.3418803418803419,0.1375,0.125,0,0,0
P02769,Q9M7R0,0.3333333333333333,0.2125,0.2125,0,0,0
P02769,Q9SQI9,0.366412213740458,0.1375,0.075,0,0,0
P02769,Q9XF39,0.3511450381679389,0.125,0.125,0,0,0
P02769,Q9XHP0,0.18518518518518517,0.1375,0.0875,0,0,0
P02769,Q9XHP1,0.33783783783783783,0.15,0.1,0,0,0
P02769,Q9XHP2,0.31724137931034485,0.1375,0.1375,0,0,0
P02769,T2DN75,0.2874015748031496,0.15,0.1125,0,0,0
P02769,V5XVK5,0.2813852813852814,0.225,0.0625,0,0,0
P02769,V7AEY9,0.23876404494382023,0.1375,0.1125,0,0,0
P02769,V7B793,0.43548387096774194,0.125,0.1,0,0,0
P02769,V7CAE0,0.34375,0.2,0.125,0,0,0
P02769,V7CE49,0.33125,0.1375,0.1375,0,0,0
P02769,V7CEG9,0.37593984962406013,0.2125,0.2125,0,0,0
P02769,W5X2N3,0.32642487046632124,0.2125,0.0875,0,0,0
P02769,W8PPL3,0.24274406332453827,0.15,0.15,0,0,0
P02789,P04722,0.21993127147766323,0.15,0.0875,0,0,0
P02789,P07322,0.2534562211981567,0.2125,0.1,0,0,0
P02789,P08819,0.2725225225225225,0.225,0.2125,0,0,0
P02789,P0C0Y3,0.4351145038167939,0.2375,0.1,0,0,0
P02789,P10184,0.23597678916827852,0.1875,0.1875,0,0,0
P02789,P11828,0.2203742203742204,0.225,0.2,0,0,0
P02789,P12670,0.3319838056680162,0.2375,0.2375,0,0,0
P02789,P13744,0.22083333333333333,0.1875,0.1875,0,0,0
P02789,P16348,0.3829787234042553,0.1,0.0875,0,0,0
P02789,P19121,0.2032520325203252,0.2,0.1625,0,0,0
P02789,P24337,0.45,0.075,0.075,0,0,0
P02789,P25974,0.20501138952164008,0.1625,0.1125,0,0,0
P02789,P26987,0.3670886075949367,0.15,0.15,0,0,0
P02789,P29835,0.3064516129032258,0.1125,0.1125,0,0,0
P02789,P30941,0.31221719457013575,0.2,0.2,0,0,0
P02789,P43211,0.37735849056603776,0.1375,0.225,0,0,0
P02789,P43237,0.18403908794788273,0.2375,0.2375,0,0,0
P02789,P49231,0.4122137404580153,0.175,0.0875,0,0,0
P02789,P50694,0.3306122448979592,0.225,0.1625,0,0,0
P02789,P80026,0.3302752293577982,0.2375,0.2375,0,0,0
P02789,P81370,0.3688888888888889,0.2375,0.225,0,0,0
P02789,P81402,0.43956043956043955,0.2,0.1875,0,0,0
P02789,P84177,0.4351145038167939,0.175,0.1625,0,0,0
P02789,P84527,0.3286384976525822,0.2375,0.2375,0,0,0
P02789,P85524,0.32,0.1875,0.1875,0,0,0
P02789,P85894,0.45054945054945056,0.1875,0.1875,0,0,0
P02789,P86137,0.33695652173913043,0.1875,0.1625,0,0,0
P02789,P86888,0.3968253968253968,0.125,0.125,0,0,0
P02789,P87498,0.29219858156028367,0.1625,0.15,0,0,0
P02789,P93594,0.22465208747514911,0.25,0.25,0,0,0
P02789,Q004B5,0.2612359550561798,0.1875,0.15,0,0,0
P02789,Q01881,0.29375,0.15,0.15,0,0,0
P02789,Q0DEV5,0.21839080459770116,0.1875,0.1875,0,0,0
P02789,Q2I6V8,0.35,0.1125,0.1125,0,0,0
P02789,Q39453,0.31875,0.175,0.2,0,0,0
P02789,Q39649,0.3262411347517731,0.125,0.0625,0,0,0
P02789,Q41115,0.21627906976744185,0.2625,0.2625,0,0,0
P02789,Q41258,0.38636363636363635,0.175,0.175,0,0,0
P02789,Q45W87,0.3722627737226277,0.125,0.1,0,0,0
P02789,Q647G3,0.3192771084337349,0.125,0.125,0,0,0
P02789,Q647G5,0.3668639053254438,0.1625,0.0625,0,0,0
P02789,Q647G9,0.32413793103448274,0.1125,0.1,0,0,0
P02789,Q6TPK4,0.3879310344827586,0.175,0.1,0,0,0
P02789,Q6VT83,0.35668789808917195,0.0875,0.075,0,0,0
P02789,Q7X8H9,0.41509433962264153,0.1625,0.15,0,0,0
P02789,Q84T21,0.3081761006289308,0.1625,0.1,0,0,0
P02789,Q84T91,0.42857142857142855,0.15,0.15,0,0,0
P02789,Q8GT39,0.4351145038167939,0.1875,0.1125,0,0,0
P02789,Q8H4L8,0.3057324840764331,0.125,0.075,0,0,0
P02789,Q8L5E0,0.3618421052631579,0.1125,0.1125,0,0,0
P02789,Q8S4P9,0.24553571428571427,0.2375,0.125,0,0,0
P02789,Q8SAE7,0.34415584415584416,0.15,0.1,0,0,0
P02789,Q90YK9,0.4036697247706422,0.175,0.05,0,0,0
P02789,Q91482,0.3486238532110092,0.15,0.0625,0,0,0
P02789,Q93YG7,0.44274809160305345,0.15,0.1,0,0,0
P02789,Q948T6,0.28865979381443296,0.175,0.1625,0,0,0
P02789,Q94JN3,0.44274809160305345,0.15,0.1125,0,0,0
P02789,Q9ATH2,0.4608695652173913,0.1875,0.2125,0,0,0
P02789,Q9AVK8,0.23529411764705882,0.2375,0.1625,0,0,0
P02789,Q9AXI0,0.32386363636363635,0.15,0.0875,0,0,0
P02789,Q9FSG7,0.3170731707317073,0.2375,0.075,0,0,0
P02789,Q9FSY7,0.19161676646706588,0.2625,0.125,0,0,0
P02789,Q9FUJ9,0.3493975903614458,0.2,0.2,0,0,0
P02789,Q9M5X7,0.4260869565217391,0.2125,0.2125,0,0,0
P02789,Q9M5X8,0.46153846153846156,0.2,0.2125,0,0,0
P02789,Q9M7R0,0.3157894736842105,0.1125,0.1,0,0,0
P02789,Q9SQI9,0.44274809160305345,0.1875,0.1125,0,0,0
P02789,Q9XF39,0.42748091603053434,0.175,0.225,0,0,0
P02789,Q9XHP0,0.23965141612200436,0.1875,0.1875,0,0,0
P02789,Q9XHP1,0.34459459459459457,0.1375,0.1375,0,0,0
P02789,Q9XHP2,0.3103448275862069,0.125,0.1,0,0,0
P02789,T2DN75,0.37401574803149606,0.2,0.1875,0,0,0
P02789,V5XVK5,0.30735930735930733,0.225,0.225,0,0,0
P02789,V7AEY9,0.2696629213483146,0.2,0.15,0,0,0
P02789,V7B793,0.4112903225806452,0.1875,0.1,0,0,0
P02789,V7CAE0,0.30625,0.225,0.225,0,0,0
P02789,V7CE49,0.35,0.125,0.1,0,0,0
P02789,V7CEG9,0.40601503759398494,0.1625,0.1625,0,0,0
P02789,W5X2N3,0.3160621761658031,0.125,0.125,0,0,0
P02789,W8PPL3,0.24802110817941952,0.1875,0.0875,0,0,0
P04722,P07322,0.15463917525773196,0.1125,0.075,0,0,0
P04722,P08819,0.17525773195876287,0.125,0.125,0,0,0
P04722,P0C0Y3,0.16030534351145037,0.075,0.05,0,0,0
P04722,P10184,0.17869415807560138,0.0875,0.0875,0,0,0
P04722,P11828,0.24398625429553264,0.2375,0.225,0,0,0
P04722,P12670,0.16194331983805668,0.0875,0.0625,0,0,0
P04722,P13744,0.19243986254295534,0.1125,0.075,0,0,0
P04722,P16348,0.21808510638297873,0.1125,0.05,0,0,0
P04722,P19121,0.2542955326460481,0.125,0.1125,0,0,0
P04722,P24337,0.3,0.05,0.0375,0,0,0
P04722,P25974,0.24742268041237114,0.1125,0.0875,0,0,0
P04722,P26987,0.17088607594936708,0.05,0.05,0,0,0
P04722,P29835,0.25268817204301075,0.3125,0.3,0,0,0
P04722,P30941,0.17194570135746606,0.1,0.1,0,0,0
P04722,P43211,0.15723270440251572,0.05,0.0375,0,0,0
P04722,P43237,0.25773195876288657,0.15,0.1125,0,0,0
P04722,P49231,0.183206106870229,0.1125,0.1125,0,0,0
P04722,P50694,0.18775510204081633,0.125,0.125,0,0,0
P04722,P80026,0.1834862385321101,0.075,0.0375,0,0,0
P04722,P81370,0.20444444444444446,0.075,0.075,0,0,0
P04722,P81402,0.2967032967032967,0.125,0.075,0,0,0
P04722,P84177,0.22137404580152673,0.075,0.0625,0,0,0
P04722,P84527,0.18779342723004694,0.1,0.1,0,0,0
P04722,P85524,0.14666666666666667,0.0875,0.0375,0,0,0
P04722,P85894,0.24175824175824176,0.1125,0.1125,0,0,0
P04722,P86137,0.21739130434782608,0.125,0.0625,0,0,0
P04722,P86888,0.2698412698412698,0.05,0.0375,0,0,0
P04722,P87498,0.30584192439862545,0.2,0.075,0,0,0
P04722,P93594,0.19931271477663232,0.15,0.05,0,0,0
P04722,Q004B5,0.16151202749140894,0.0875,0.0625,0,0,0
P04722,Q01881,0.3375,0.1875,0.1875,0,0,0
P04722,Q0DEV5,0.24398625429553264,0.0875,0.075,0,0,0
P04722,Q2I6V8,0.16875,0.0625,0.0625,0,0,0
P04722,Q39453,0.19375,0.1,0.1,0,0,0
P04722,Q39649,0.2907801418439716,0.2125,0.225,0,0,0
P04722,Q41115,0.18556701030927836,0.1375,0.1375,0,0,0
P04722,Q41258,0.23484848484848486,0.0875,0.0875,0,0,0
P04722,Q45W87,0.20437956204379562,0.0625,0.0625,0,0,0
P04722,Q647G3,0.18674698795180722,0.0875,0.075,0,0,0
P04722,Q647G5,0.21301775147928995,0.1375,0.1,0,0,0
P04722,Q647G9,0.2827586206896552,0.275,0.225,0,0,0
P04722,Q6TPK4,0.25862068965517243,0.1,0.1,0,0,0
P04722,Q6VT83,0.18471337579617833,0.075,0.05,0,0,0
P04722,Q7X8H9,0.22641509433962265,0.1875,0.1875,0,0,0
P04722,Q84T21,0.20754716981132076,0.1,0.1,0,0,0
P04722,Q84T91,0.22857142857142856,0.0875,0.0875,0,0,0
P04722,Q8GT39,0.1984732824427481,0.0625,0.0375,0,0,0
P04722,Q8H4L8,0.33121019108280253,0.125,0.1125,0,0,0
P04722,Q8L5E0,0.21052631578947367,0.075,0.075,0,0,0
P04722,Q8S4P9,0.23711340206185566,0.125,0.0875,0,0,0
P04722,Q8SAE7,0.16883116883116883,0.0625,0.05,0,0,0
P04722,Q90YK9,0.21100917431192662,0.0625,0.05,0,0,0
P04722,Q91482,0.13761467889908258,0.1,0.075,0,0,0
P04722,Q93YG7,0.22137404580152673,0.125,0.125,0,0,0
P04722,Q948T6,0.13058419243986255,0.0875,0.0875,0,0,0
P04722,Q94JN3,0.19083969465648856,0.0625,0.0375,0,0,0
P04722,Q9ATH2,0.3130434782608696,0.0875,0.075,0,0,0
P04722,Q9AVK8,0.2027491408934708,0.0875,0.05,0,0,0
P04722,Q9AXI0,0.2159090909090909,0.1125,0.1125,0,0,0
P04722,Q9FSG7,0.17073170731707318,0.1,0.1,0,0,0
P04722,Q9FSY7,0.22336769759450173,0.075,0.075,0,0,0
P04722,Q9FUJ9,0.24096385542168675,0.1375,0.075,0,0,0
P04722,Q9M5X7,0.2608695652173913,0.0875,0.0625,0,0,0
P04722,Q9M5X8,0.2905982905982906,0.0875,0.0625,0,0,0
P04722,Q9M7R0,0.17543859649122806,0.0625,0.0625,0,0,0
P04722,Q9SQI9,0.1984732824427481,0.125,0.125,0,0,0
P04722,Q9XF39,0.22137404580152673,0.075,0.0625,0,0,0
P04722,Q9XHP0,0.281786941580756,0.15,0.05,0,0,0
P04722,Q9XHP1,0.28378378378378377,0.175,0.175,0,0,0
P04722,Q9XHP2,0.22758620689655173,0.1875,0.125,0,0,0
P04722,T2DN75,0.18110236220472442,0.125,0.125,0,0,0
P04722,V5XVK5,0.16883116883116883,0.075,0.075,0,0,0
P04722,V7AEY9,0.15120274914089346,0.1125,0.1125,0,0,0
P04722,V7B793,0.27419354838709675,0.1,0.075,0,0,0
P04722,V7CAE0,0.15,0.075,0.0625,0,0,0
P04722,V7CE49,0.2,0.1,0.075,0,0,0
P04722,V7CEG9,0.2631578947368421,0.125,0.125,0,0,0
P04722,W5X2N3,0.13471502590673576,0.0875,0.0875,0,0,0
P04722,W8PPL3,0.14432989690721648,0.125,0.075,0,0,0
P07322,P08819,0.20506912442396313,0.1375,0.0875,0,0,0
P07322,P0C0Y3,0.32061068702290074,0.1,0.1,0,0,0
P07322,P10184,0.1935483870967742,0.15,0.1125,0,0,0
P07322,P11828,0.23271889400921658,0.125,0.125,0,0,0
P07322,P12670,0.242914979757085,0.1125,0.1125,0,0,0
P07322,P13744,0.1912442396313364,0.15,0.1125,0,0,0
P07322,P16348,0.2712765957446808,0.1,0.05,0,0,0
P07322,P19121,0.2350230414746544,0.1625,0.1625,0,0,0
P07322,P24337,0.325,0.1375,0.075,0,0,0
P07322,P25974,0.16820276497695852,0.125,0.125,0,0,0
P07322,P26987,0.31645569620253167,0.2375,0.1375,0,0,0
P07322,P29835,0.25268817204301075,0.1125,0.0875,0,0,0
P07322,P30941,0.26244343891402716,0.125,0.125,0,0,0
P07322,P43211,0.3333333333333333,0.275,0.225,0,0,0
P07322,P43237,0.21428571428571427,0.2125,0.1625,0,0,0
P07322,P49231,0.3435114503816794,0.1125,0.075,0,0,0
P07322,P50694,0.22857142857142856,0.15,0.15,0,0,0
P07322,P80026,0.3486238532110092,0.15,0.075,0,0,0
P07322,P81370,0.28888888888888886,0.1125,0.1125,0,0,0
P07322,P81402,0.3076923076923077,0.125,0.125,0,0,0
P07322,P84177,0.3053435114503817,0.1125,0.1125,0,0,0
P07322,P84527,0.25821596244131456,0.175,0.075,0,0,0
P07322,P85524,0.30666666666666664,0.1375,0.125,0,0,0
P07322,P85894,0.34065934065934067,0.1125,0.1125,0,0,0
P07322,P86137,0.3804347826086957,0.1625,0.1625,0,0,0
P07322,P86888,0.3333333333333333,0.0875,0.0625,0,0,0
P07322,P87498,0.2995391705069124,0.175,0.0875,0,0,0
P07322,P93594,0.2119815668202765,0.175,0.175,0,0,0
P07322,Q004B5,0.23314606741573032,0.2,0.1125,0,0,0
P07322,Q01881,0.275,0.1625,0.0625,0,0,0
P07322,Q0DEV5,0.22350230414746544,0.2875,0.225,0,0,0
P07322,Q2I6V8,0.26875,0.1625,0.1625,0,0,0
P07322,Q39453,0.275,0.1375,0.1375,0,0,0
P07322,Q39649,0.2907801418439716,0.15,0.05,0,0,0
P07322,Q41115,0.16744186046511628,0.2125,0.2,0,0,0
P07322,Q41258,0.3106060606060606,0.1125,0.1125,0,0,0
P07322,Q45W87,0.36496350364963503,0.1,0.05,0,0,0
P07322,Q647G3,0.27710843373493976,0.15,0.075,0,0,0
P07322,Q647G5,0.40828402366863903,0.1125,0.1125,0,0,0
P07322,Q647G9,0.296551724137931,0.125,0.0625,0,0,0
P07322,Q6TPK4,0.33620689655172414,0.1375,0.1,0,0,0
P07322,Q6VT83,0.29936305732484075,0.2,0.1625,0,0,0
P07322,Q7X8H9,0.2893081761006289,0.1875,0.15,0,0,0
P07322,Q84T21,0.27672955974842767,0.1875,0.1125,0,0,0
P07322,Q84T91,0.30714285714285716,0.125,0.05,0,0,0
P07322,Q8GT39,0.32061068702290074,0.1,0.1,0,0,0
P07322,Q8H4L8,0.267515923566879,0.1,0.0625,0,0,0
P07322,Q8L5E0,0.34868421052631576,0.1375,0.0875,0,0,0
P07322,Q8S4P9,0.16589861751152074,0.2375,0.2,0,0,0
P07322,Q8SAE7,0.33116883116883117,0.125,0.1875,0,0,0
P07322,Q90YK9,0.3853211009174312,0.2,0.1,0,0,0
P07322,Q91482,0.3302752293577982,0.1625,0.1625,0,0,0
P07322,Q93YG7,0.33587786259541985,0.1875,0.05,0,0,0
P07322,Q948T6,0.2646048109965636,0.175,0.1375,0,0,0
P07322,Q94JN3,0.33587786259541985,0.1125,0.1,0,0,0
P07322,Q9ATH2,0.3130434782608696,0.1125,0.1,0,0,0
P07322,Q9AVK8,0.2073732718894009,0.1875,0.1875,0,0,0
P07322,Q9AXI0,0.29545454545454547,0.1125,0.075,0,0,0
P07322,Q9FSG7,0.22764227642276422,0.175,0.075,0,0,0
P07322,Q9FSY7,0.2511520737327189,0.2,0.225,0,0,0
P07322,Q9FUJ9,0.3192771084337349,0.0875,0.0625,0,0,0
P07322,Q9M5X7,0.34782608695652173,0.125,0.1125,0,0,0
P07322,Q9M5X8,0.3076923076923077,0.1625,0.1625,0,0,0
P07322,Q9M7R0,0.30994152046783624,0.125,0.125,0,0,0
P07322,Q9SQI9,0.3435114503816794,0.1125,0.075,0,0,0
P07322,Q9XF39,0.3053435114503817,0.1125,0.1125,0,0,0
P07322,Q9XHP0,0.17972350230414746,0.1875,0.1125,0,0,0
P07322,Q9XHP1,0.27702702702702703,0.175,0.175,0,0,0
P07322,Q9XHP2,0.3310344827586207,0.15,0.15,0,0,0
P07322,T2DN75,0.2637795275590551,0.2875,0.075,0,0,0
P07322,V5XVK5,0.24675324675324675,0.1625,0.075,0,0,0
P07322,V7AEY9,0.21910112359550563,0.1,0.1,0,0,0
P07322,V7B793,0.3548387096774194,0.1875,0.15,0,0,0
P07322,V7CAE0,0.29375,0.15,0.1125,0,0,0
P07322,V7CE49,0.31875,0.125,0.125,0,0,0
P07322,V7CEG9,0.3082706766917293,0.0875,0.0875,0,0,0
P07322,W5X2N3,0.30569948186528495,0.1125,0.1,0,0,0
P07322,W8PPL3,0.22955145118733508,0.225,0.225,0,0,0
P08819,P0C0Y3,0.2900763358778626,0.1125,0.1125,0,0,0
P08819,P10184,0.19144144144144143,0.1875,0.1875,0,0,0
P08819,P11828,0.18693693693693694,0.1625,0.075,0,0,0
P08819,P12670,0.26720647773279355,0.15,0.15,0,0,0
P08819,P13744,0.17567567567567569,0.1875,0.075,0,1,0
P08819,P16348,0.3191489361702128,0.175,0.1125,0,0,0
P08819,P19121,0.21846846846846846,0.1,0.0625,0,0,0
P08819,P24337,0.3875,0.1125,0.1,0,0,0
P08819,P25974,0.17312072892938496,0.15,0.0625,0,0,0
P08819,P26987,0.26582278481012656,0.1375,0.0625,0,0,0
P08819,P29835,0.26344086021505375,0.175,0.175,0,0,0
P08819,P30941,0.27149321266968324,0.1875,0.0875,0,0,0
P08819,P43211,0.2893081761006289,0.1375,0.1375,0,0,0
P08819,P43237,0.18243243243243243,0.1375,0.1375,0,0,0
P08819,P49231,0.25190839694656486,0.15,0.15,0,0,0
P08819,P50694,0.2530612244897959,0.1875,0.125,0,0,0
P08819,P80026,0.30275229357798167,0.075,0.075,0,0,0
P08819,P81370,0.25333333333333335,0.1375,0.1125,0,0,0
P08819,P81402,0.38461538461538464,0.0875,0.075,0,0,0
P08819,P84177,0.3053435114503817,0.15,0.1125,0,0,0
P08819,P84527,0.25821596244131456,0.2375,0.0625,0,0,0
P08819,P85524,0.2866666666666667,0.1875,0.1875,0,0,0
P08819,P85894,0.31868131868131866,0.125,0.1125,0,0,0
P08819,P86137,0.34782608695652173,0.125,0.125,0,0,0
P08819,P86888,0.4603174603174603,0.0875,0.0875,0,0,0
P08819,P87498,0.33783783783783783,0.2375,0.15,0,2,2
P08819,P93594,0.22972972972972974,0.2375,0.2375,0,0,0
P08819,Q004B5,0.19382022471910113,0.125,0.1,0,0,0
P08819,Q01881,0.30625,0.1375,0.0875,0,0,0
P08819,Q0DEV5,0.240990990990991,0.275,0.075,0,0,0
P08819,Q2I6V8,0.2625,0.0875,0.0875,0,0,0
P08819,Q39453,0.2375,0.125,0.0625,0,0,0
P08819,Q39649,0.3120567375886525,0.1625,0.1375,0,0,0
P08819,Q41115,0.2,0.1375,0.1,0,0,0
P08819,Q41258,0.25,0.1375,0.0375,0,0,0
P08819,Q45W87,0.3284671532846715,0.1,0.075,0,0,0
P08819,Q647G3,0.3253012048192771,0.15,0.15,0,0,0
P08819,Q647G5,0.3254437869822485,0.2,0.2,0,0,0
P08819,Q647G9,0.30344827586206896,0.075,0.075,0,0,0
P08819,Q6TPK4,0.2672413793103448,0.1125,0.0625,0,0,0
P08819,Q6VT83,0.2802547770700637,0.0875,0.0625,0,0,0
P08819,Q7X8H9,0.2830188679245283,0.1,0.0875,0,0,0
P08819,Q84T21,0.32075471698113206,0.1375,0.1375,0,0,0
P08819,Q84T91,0.2857142857142857,0.1,0.0625,0,0,0
P08819,Q8GT39,0.2900763358778626,0.1125,0.1125,0,0,0
P08819,Q8H4L8,0.35668789808917195,0.1625,0.075,0,0,0
P08819,Q8L5E0,0.3092105263157895,0.1125,0.1125,0,0,0
P08819,Q8S4P9,0.17792792792792791,0.2125,0.2125,0,0,0
P08819,Q8SAE7,0.2727272727272727,0.1,0.1,0,0,0
P08819,Q90YK9,0.30275229357798167,0.1,0.075,0,0,0
P08819,Q91482,0.28440366972477066,0.1,0.1,0,0,0
P08819,Q93YG7,0.33587786259541985,0.1125,0.075,0,0,0
P08819,Q948T6,0.23024054982817868,0.225,0.225,0,0,0
P08819,Q94JN3,0.2824427480916031,0.15,0.125,0,0,0
P08819,Q9ATH2,0.28695652173913044,0.125,0.1125,0,0,0
P08819,Q9AVK8,0.19144144144144143,0.1625,0.1375,0,0,0
P08819,Q9AXI0,0.2556818181818182,0.125,0.0625,0,0,0
P08819,Q9FSG7,0.24390243902439024,0.2625,0.2625,0,0,0
P08819,Q9FSY7,0.20045045045045046,0.1875,0.1875,0,0,0
P08819,Q9FUJ9,0.3072289156626506,0.175,0.1,0,0,0
P08819,Q9M5X7,0.3130434782608696,0.0875,0.0875,0,0,0
P08819,Q9M5X8,0.26495726495726496,0.075,0.075,0,0,0
P08819,Q9M7R0,0.2807017543859649,0.1375,0.1,0,0,0
P08819,Q9SQI9,0.2900763358778626,0.175,0.175,0,0,0
P08819,Q9XF39,0.31297709923664124,0.15,0.1125,0,0,0
P08819,Q9XHP0,0.21171171171171171,0.175,0.225,0,0,0
P08819,Q9XHP1,0.24324324324324326,0.1,0.075,0,0,0
P08819,Q9XHP2,0.2620689655172414,0.1625,0.075,0,0,0
P08819,T2DN75,0.2677165354330709,0.225,0.225,0,0,0
P08819,V5XVK5,0.2510822510822511,0.15,0.1125,0,0,0
P08819,V7AEY9,0.2303370786516854,0.2125,0.1125,0,0,0
P08819,V7B793,0.25806451612903225,0.0875,0.075,0,0,0
P08819,V7CAE0,0.2875,0.075,0.075,0,0,0
P08819,V7CE49,0.30625,0.15,0.15,0,0,0
P08819,V7CEG9,0.3533834586466165,0.125,0.1,0,0,0
P08819,W5X2N3,0.24352331606217617,0.1375,0.075,0,0,0
P08819,W8PPL3,0.21899736147757257,0.25,0.0625,0,0,0
P0C0Y3,P10184,0.35877862595419846,0.1625,0.1625,0,0,0
P0C0Y3,P11828,0.32061068702290074,0.15,0.0625,0,0,0
P0C0Y3,P12670,0.29770992366412213,0.2375,0.2375,0,0,0
P0C0Y3,P13744,0.3511450381679389,0.1875,0.1875,0,0,0
P0C0Y3,P16348,0.2366412213740458,0.125,0.125,0,0,0
P0C0Y3,P19121,0.3816793893129771,0.0875,0.0625,0,0,0
P0C0Y3,P24337,0.225,0.0625,0.0625,0,0,0
P0C0Y3,P25974,0.3435114503816794,0.0875,0.0875,0,0,0
P0C0Y3,P26987,0.24427480916030533,0.1,0.1,0,0,0
P0C0Y3,P29835,0.2366412213740458,0.1625,0.0625,0,0,0
P0C0Y3,P30941,0.20610687022900764,0.075,0.075,0,0,0
P0C0Y3,P43211,0.2366412213740458,0.1375,0.1,0,0,0
P0C0Y3,P43237,0.37404580152671757,0.1375,0.1375,0,0,0
P0C0Y3,P49231,0.8778625954198473,0.9125,0.9125,1,56,42
P0C0Y3,P50694,0.2595419847328244,0.225,0.225,0,0,0
P0C0Y3,P80026,0.22018348623853212,0.1,0.05,0,0,0
P0C0Y3,P81370,0.26717557251908397,0.0625,0.0625,0,0,0
P0C0Y3,P81402,0.17582417582417584,0.075,0.0375,0,0,0
P0C0Y3,P84177,0.7938931297709924,0.85,0.85,1,34,19
P0C0Y3,P84527,0.2595419847328244,0.0625,0.0625,0,0,0
P0C0Y3,P85524,0.16793893129770993,0.0625,0.0625,0,0,0
P0C0Y3,P85894,0.1978021978021978,0.1,0.1,0,0,0
P0C0Y3,P86137,0.18478260869565216,0.0875,0.0625,0,0,0
P0C0Y3,P86888,0.31746031746031744,0.0375,0.0375,0,0,0
P0C0Y3,P87498,0.46564885496183206,0.1375,0.1375,0,0,0
P0C0Y3,P93594,0.32061068702290074,0.1125,0.1,0,0,0
P0C0Y3,Q004B5,0.2900763358778626,0.1,0.1,0,0,0
P0C0Y3,Q01881,0.20610687022900764,0.075,0.075,0,0,0
P0C0Y3,Q0DEV5,0.37404580152671757,0.1875,0.0875,0,0,0
P0C0Y3,Q2I6V8,0.22900763358778625,0.175,0.1,0,0,0
P0C0Y3,Q39453,0.2595419847328244,0.1,0.1,0,0,0
P0C0Y3,Q39649,0.1984732824427481,0.0625,0.0625,0,0,0
P0C0Y3,Q41115,0.29770992366412213,0.075,0.075,0,0,0
P0C0Y3,Q41258,0.1450381679389313,0.0875,0.0875,0,0,0
P0C0Y3,Q45W87,0.22137404580152673,0.1,0.1,0,0,0
P0C0Y3,Q647G3,0.21374045801526717,0.1125,0.1125,0,0,0
P0C0Y3,Q647G5,0.21374045801526717,0.175,0.175,0,0,0
P0C0Y3,Q647G9,0.1450381679389313,0.0875,0.0875,0,0,0
P0C0Y3,Q6TPK4,0.22413793103448276,0.1,0.1,0,0,0
P0C0Y3,Q6VT83,0.22900763358778625,0.1125,0.1,0,0,0
P0C0Y3,Q7X8H9,0.20610687022900764,0.075,0.075,0,0,0
P0C0Y3,Q84T21,0.1984732824427481,0.15,0.0875,0,0,0
P0C0Y3,Q84T91,0.21374045801526717,0.125,0.125,0,0,0
P0C0Y3,Q8GT39,0.9465648854961832,0.95,0.95,1,95,87
P0C0Y3,Q8H4L8,0.20610687022900764,0.15,0.15,0,0,0
P0C0Y3,Q8L5E0,0.26717557251908397,0.1125,0.1125,0,0,0
P0C0Y3,Q8S4P9,0.2824427480916031,0.075,0.075,0,0,0
P0C0Y3,Q8SAE7,0.2595419847328244,0.075,0.075,0,0,0
P0C0Y3,Q90YK9,0.1651376146788991,0.075,0.075,0,0,0
P0C0Y3,Q91482,0.22935779816513763,0.0625,0.0625,0,0,0
P0C0Y3,Q93YG7,0.8396946564885496,0.8625,0.8625,1,50,39
P0C0Y3,Q948T6,0.26717557251908397,0.175,0.15,0,0,0
P0C0Y3,Q94JN3,0.7938931297709924,0.8625,0.8625,1,37,27
P0C0Y3,Q9ATH2,0.23478260869565218,0.1375,0.1375,0,0,0
P0C0Y3,Q9AVK8,0.3053435114503817,0.1125,0.1125,0,0,0
P0C0Y3,Q9AXI0,0.19083969465648856,0.0875,0.0375,0,0,0
P0C0Y3,Q9FSG7,0.2824427480916031,0.075,0.075,0,0,0
P0C0Y3,Q9FSY7,0.37404580152671757,0.15,0.0875,0,0,0
P0C0Y3,Q9FUJ9,0.21374045801526717,0.0875,0.0875,0,0,0
P0C0Y3,Q9M5X7,0.19130434782608696,0.0625,0.05,0,0,0
P0C0Y3,Q9M5X8,0.20512820512820512,0.075,0.05,0,0,0
P0C0Y3,Q9M7R0,0.22137404580152673,0.15,0.125,0,0,0
P0C0Y3,Q9SQI9,0.8015267175572519,0.825,0.825,1,37,29
P0C0Y3,Q9XF39,0.8091603053435115,0.85,0.85,1,34,19
P0C0Y3,Q9XHP0,0.32061068702290074,0.0625,0.0625,0,0,0
P0C0Y3,Q9XHP1,0.15267175572519084,0.05,0.05,0,0,0
P0C0Y3,Q9XHP2,0.22137404580152673,0.1125,0.075,0,0,0
P0C0Y3,T2DN75,0.22137404580152673,0.125,0.125,0,0,0
P0C0Y3,V5XVK5,0.26717557251908397,0.0875,0.0875,0,0,0
P0C0Y3,V7AEY9,0.26717557251908397,0.275,0.2625,0,0,0
P0C0Y3,V7B793,0.1935483870967742,0.1,0.0625,0,0,0
P0C0Y3,V7CAE0,0.2366412213740458,0.0625,0.0625,0,0,0
P0C0Y3,V7CE49,0.2366412213740458,0.1,0.1,0,0,0
P0C0Y3,V7CEG9,0.183206106870229,0.075,0.075,0,0,0
P0C0Y3,W5X2N3,0.2748091603053435,0.1,0.1,0,0,0
P0C0Y3,W8PPL3,0.3282442748091603,0.1375,0.125,0,0,0
P10184,P11828,0.21413721413721415,0.15,0.125,0,0,0
P10184,P12670,0.3117408906882591,0.225,0.2375,0,0,0
P10184,P13744,0.19583333333333333,0.2125,0.0875,0,0,0
P10184,P16348,0.3404255319148936,0.2125,0.2125,0,0,0
P10184,P19121,0.2263056092843327,0.2625,0.15,0,0,0
P10184,P24337,0.425,0.15,0.15,0,0,0
P10184,P25974,0.20045558086560364,0.225,0.225,0,0,0
P10184,P26987,0.3291139240506329,0.2125,0.075,0,0,0
P10184,P29835,0.25806451612903225,0.1375,0.1125,0,0,0
P10184,P30941,0.2669683257918552,0.2,0.075,0,0,0
P10184,P43211,0.31446540880503143,0.1375,0.1375,0,0,0
P10184,P43237,0.218568665377176,0.2375,0.175,0,0,0
P10184,P49231,0.3435114503816794,0.1125,0.1,0,0,0
P10184,P50694,0.2816326530612245,0.25,0.1875,0,0,0
P10184,P80026,0.3394495412844037,0.0875,0.075,0,0,0
P10184,P81370,0.3333333333333333,0.3,0.2625,0,0,0
P10184,P81402,0.38461538461538464,0.1875,0.15,0,0,0
P10184,P84177,0.3282442748091603,0.175,0.15,0,0,0
P10184,P84527,0.30985915492957744,0.2375,0.1,0,0,0
P10184,P85524,0.31333333333333335,0.075,0.025,0,0,0
P10184,P85894,0.32967032967032966,0.2125,0.1375,0,0,0
P10184,P86137,0.31521739130434784,0.2375,0.225,0,0,0
P10184,P86888,0.4444444444444444,0.1625,0.1625,0,0,0
P10184,P87498,0.2804642166344294,0.1875,0.1375,0,0,0
P10184,P93594,0.19284294234592445,0.2375,0.2375,0,0,0
P10184,Q004B5,0.24157303370786518,0.275,0.15,0,0,0
P10184,Q01881,0.3125,0.15,0.15,0,0,0
P10184,Q0DEV5,0.2263056092843327,0.2875,0.275,0,0,0
P10184,Q2I6V8,0.3,0.1,0.075,0,0,0
P10184,Q39453,0.3125,0.1125,0.1125,0,0,0
P10184,Q39649,0.36879432624113473,0.2125,0.0875,0,0,0
P10184,Q41115,0.19767441860465115,0.1875,0.075,0,0,0
P10184,Q41258,0.3560606060606061,0.225,0.225,0,0,0
P10184,Q45W87,0.32116788321167883,0.1375,0.1375,0,0,0
P10184,Q647G3,0.3253012048192771,0.15,0.125,0,0,0
P10184,Q647G5,0.3076923076923077,0.1375,0.075,0,0,0
P10184,Q647G9,0.3586206896551724,0.125,0.1125,0,0,0
P10184,Q6TPK4,0.35344827586206895,0.1375,0.1375,0,0,0
P10184,Q6VT83,0.34394904458598724,0.1875,0.1125,0,0,0
P10184,Q7X8H9,0.33962264150943394,0.1875,0.175,0,0,0
P10184,Q84T21,0.31446540880503143,0.125,0.125,0,0,0
P10184,Q84T91,0.3,0.1125,0.1125,0,0,0
P10184,Q8GT39,0.3893129770992366,0.1625,0.1625,0,0,0
P10184,Q8H4L8,0.3375796178343949,0.15,0.0875,0,0,0
P10184,Q8L5E0,0.3881578947368421,0.1625,0.075,0,0,0
P10184,Q8S4P9,0.17410714285714285,0.1875,0.1125,0,0,0
P10184,Q8SAE7,0.3181818181818182,0.1375,0.075,0,0,0
P10184,Q90YK9,0.3394495412844037,0.125,0.1,0,0,0
P10184,Q91482,0.29357798165137616,0.0875,0.075,0,0,0
P10184,Q93YG7,0.33587786259541985,0.1,0.0875,0,0,0
P10184,Q948T6,0.2508591065292096,0.2375,0.2375,0,0,0
P10184,Q94JN3,0.3511450381679389,0.1375,0.0875,0,0,0
P10184,Q9ATH2,0.40869565217391307,0.2375,0.225,0,0,0
P10184,Q9AVK8,0.17436974789915966,0.1625,0.1625,0,0,0
P10184,Q9AXI0,0.26704545454545453,0.125,0.125,0,0,0
P10184,Q9FSG7,0.27235772357723576,0.2,0.125,0,0,0
P10184,Q9FSY7,0.22243713733075435,0.2375,0.15,0,0,0
P10184,Q9FUJ9,0.2710843373493976,0.15,0.0625,0,0,0
P10184,Q9M5X7,0.3652173913043478,0.2375,0.2375,0,0,0
P10184,Q9M5X8,0.41025641025641024,0.175,0.175,0,0,0
P10184,Q9M7R0,0.3157894736842105,0.15,0.0875,0,0,0
P10184,Q9SQI9,0.31297709923664124,0.0875,0.0625,0,0,0
P10184,Q9XF39,0.32061068702290074,0.3,0.15,0,0,0
P10184,Q9XHP0,0.1830065359477124,0.225,0.225,0,0,0
P10184,Q9XHP1,0.25,0.1125,0.1125,0,0,0
P10184,Q9XHP2,0.2896551724137931,0.1625,0.0875,0,0,0
P10184,T2DN75,0.2992125984251969,0.0875,0.075,0,0,0
P10184,V5XVK5,0.3203463203463203,0.25,0.2125,0,0,0
P10184,V7AEY9,0.21910112359550563,0.1875,0.1875,0,0,0
P10184,V7B793,0.3870967741935484,0.25,0.2375,0,0,0
P10184,V7CAE0,0.29375,0.1,0.0625,0,0,0
P10184,V7CE49,0.325,0.0875,0.05,0,0,0
P10184,V7CEG9,0.3533834586466165,0.1125,0.05,0,0,0
P10184,W5X2N3,0.3005181347150259,0.1625,0.075,0,0,0
P10184,W8PPL3,0.22691292875989447,0.1875,0.1,0,0,0
P11828,P12670,0.27530364372469635,0.2125,0.2125,0,0,0
P11828,P13744,0.40208333333333335,0.5375,0.5375,1,2,0
P11828,P16348,0.3351063829787234,0.1125,0.0875,0,0,0
P11828,P19121,0.18503118503118504,0.225,0.225,0,0,0
P11828,P24337,0.3875,0.1,0.075,0,0,0
P11828,P25974,0.22095671981776766,0.275,0.2875,0,0,0
P11828,P26987,0.2848101265822785,0.1,0.0625,0,0,0
P11828,P29835,0.3118279569892473,0.1625,0.1,0,0,0
P11828,P30941,0.3212669683257919,0.125,0.1125,0,0,0
P11828,P43211,0.23270440251572327,0.2375,0.125,0,0,0
P11828,P43237,0.23492723492723494,0.3125,0.2875,0,0,0
P11828,P49231,0.32061068702290074,0.2125,0.1875,0,0,0
P11828,P50694,0.2612244897959184,0.1875,0.125,0,0,0
P11828,P80026,0.3302752293577982,0.15,0.0875,0,0,0
P11828,P81370,0.3022222222222222,0.1875,0.1875,0,0,0
P11828,P81402,0.3956043956043956,0.1125,0.1125,0,0,0
P11828,P84177,0.31297709923664124,0.15,0.15,0,0,0
P11828,P84527,0.3286384976525822,0.1625,0.1625,0,0,0
P11828,P85524,0.3333333333333333,0.0875,0.075,0,0,0
P11828,P85894,0.3076923076923077,0.1125,0.075,0,0,0
P11828,P86137,0.33695652173913043,0.1125,0.1125,0,0,0
P11828,P86888,0.31746031746031744,0.125,0.125,0,0,0
P11828,P87498,0.316008316008316,0.25,0.1875,0,0,0
P11828,P93594,0.1891891891891892,0.2,0.075,0,0,0
P11828,Q004B5,0.21910112359550563,0.2375,0.1125,0,0,0
P11828,Q01881,0.3,0.1375,0.1375,0,0,0
P11828,Q0DEV5,0.20582120582120583,0.15,0.1375,0,0,0
P11828,Q2I6V8,0.28125,0.2625,0.2625,0,0,0
P11828,Q39453,0.2625,0.125,0.075,0,0,0
P11828,Q39649,0.2907801418439716,0.2,0.2,0,0,0
P11828,Q41115,0.22093023255813954,0.3125,0.2875,0,0,0
P11828,Q41258,0.26515151515151514,0.15,0.125,0,0,0
P11828,Q45W87,0.27007299270072993,0.1125,0.1125,0,0,0
P11828,Q647G3,0.3072289156626506,0.0875,0.0875,0,0,0
P11828,Q647G5,0.35502958579881655,0.1125,0.1125,0,0,0
P11828,Q647G9,0.30344827586206896,0.2125,0.2125,0,0,0
P11828,Q6TPK4,0.3879310344827586,0.2375,0.2375,0,0,0
P11828,Q6VT83,0.2802547770700637,0.1125,0.1125,0,0,0
P11828,Q7X8H9,0.31446540880503143,0.0875,0.0875,0,0,0
P11828,Q84T21,0.3270440251572327,0.1375,0.1,0,0,0
P11828,Q84T91,0.3,0.1125,0.1125,0,0,0
P11828,Q8GT39,0.3282442748091603,0.15,0.0625,0,0,0
P11828,Q8H4L8,0.33121019108280253,0.2,0.2,0,0,0
P11828,Q8L5E0,0.34210526315789475,0.0875,0.0875,0,0,0
P11828,Q8S4P9,0.23883928571428573,0.2875,0.2625,0,0,0
P11828,Q8SAE7,0.2987012987012987,0.1375,0.125,0,0,0
P11828,Q90YK9,0.3669724770642202,0.15,0.15,0,0,0
P11828,Q91482,0.3302752293577982,0.1375,0.125,0,0,0
P11828,Q93YG7,0.3511450381679389,0.175,0.075,0,0,0
P11828,Q948T6,0.24742268041237114,0.2,0.1125,0,0,0
P11828,Q94JN3,0.32061068702290074,0.1625,0.0625,0,0,0
P11828,Q9ATH2,0.2956521739130435,0.225,0.225,0,0,0
P11828,Q9AVK8,0.21008403361344538,0.3,0.2875,0,0,0
P11828,Q9AXI0,0.32386363636363635,0.175,0.125,0,0,0
P11828,Q9FSG7,0.2845528455284553,0.1125,0.0875,0,0,0
P11828,Q9FSY7,0.19542619542619544,0.3125,0.275,0,1,0
P11828,Q9FUJ9,0.3373493975903614,0.1375,0.1375,0,0,0
P11828,Q9M5X7,0.2956521739130435,0.1375,0.1375,0,0,0
P11828,Q9M5X8,0.38461538461538464,0.1375,0.125,0,0,0
P11828,Q9M7R0,0.2982456140350877,0.2375,0.175,0,0,0
P11828,Q9SQI9,0.32061068702290074,0.1625,0.1125,0,0,0
P11828,Q9XF39,0.32061068702290074,0.275,0.0875,0,0,0
P11828,Q9XHP0,0.355119825708061,0.475,0.425,1,0,0
P11828,Q9XHP1,0.2635135135135135,0.15,0.125,0,0,0
P11828,Q9XHP2,0.3793103448275862,0.125,0.1,0,0,0
P11828,T2DN75,0.2440944881889764,0.1125,0.075,0,0,0
P11828,V5XVK5,0.2683982683982684,0.2125,0.15,0,0,0
P11828,V7AEY9,0.300561797752809,0.3625,0.3375,1,0,0
P11828,V7B793,0.2903225806451613,0.1125,0.1125,0,0,0
P11828,V7CAE0,0.2625,0.1,0.1,0,0,0
P11828,V7CE49,0.30625,0.1,0.075,0,0,0
P11828,V7CEG9,0.3458646616541353,0.1,0.075,0,0,0
P11828,W5X2N3,0.25906735751295334,0.175,0.175,0,0,0
P11828,W8PPL3,0.20052770448548812,0.1375,0.075,0,0,0
P12670,P13744,0.23481781376518218,0.15,0.1,0,0,0
P12670,P16348,0.24468085106382978,0.15,0.1375,0,0,0
P12670,P19121,0.29554655870445345,0.2,0.2,0,0,0
P12670,P24337,0.35,0.0875,0.05,0,0,0
P12670,P25974,0.22672064777327935,0.15,0.15,0,0,0
P12670,P26987,0.25949367088607594,0.1125,0.1125,0,0,0
P12670,P29835,0.23655913978494625,0.125,0.0875,0,0,0
P12670,P30941,0.22171945701357465,0.2,0.2,0,0,0
P12670,P43211,0.2578616352201258,0.15,0.0875,0,0,0
P12670,P43237,0.27125506072874495,0.1875,0.1875,0,0,0
P12670,P49231,0.31297709923664124,0.1875,0.1875,0,0,0
P12670,P50694,0.39591836734693875,0.5125,0.4625,1,4,0
P12670,P80026,0.1651376146788991,0.075,0.075,0,0,0
P12670,P81370,0.6577777777777778,0.7375,0.7375,1,21,9
P12670,P81402,0.34065934065934067,0.0875,0.0875,0,0,0
P12670,P84177,0.2595419847328244,0.075,0.075,0,0,0
P12670,P84527,0.20187793427230047,0.25,0.25,0,0,0
P12670,P85524,0.22666666666666666,0.05,0.05,0,0,0
P12670,P85894,0.31868131868131866,0.1,0.0625,0,0,0
P12670,P86137,0.29347826086956524,0.1375,0.1375,0,0,0
P12670,P86888,0.3968253968253968,0.2125,0.2125,0,0,0
P12670,P87498,0.41700404858299595,0.1125,0.0625,0,0,0
P12670,P93594,0.2388663967611336,0.1125,0.1,0,0,0
P12670,Q004B5,0.22267206477732793,0.2,0.2,0,0,0
P12670,Q01881,0.30625,0.075,0.075,0,0,0
P12670,Q0DEV5,0.3076923076923077,0.25,0.05,0,0,0
P12670,Q2I6V8,0.25625,0.15,0.075,0,0,0
P12670,Q39453,0.2375,0.1125,0.1,0,0,0
P12670,Q39649,0.2695035460992908,0.175,0.175,0,0,0
P12670,Q41115,0.23076923076923078,0.075,0.0625,0,0,0
P12670,Q41258,0.25,0.1,0.1,0,0,0
P12670,Q45W87,0.2116788321167883,0.05,0.05,0,0,0
P12670,Q647G3,0.2289156626506024,0.1,0.075,0,0,0
P12670,Q647G5,0.21301775147928995,0.15,0.1,0,0,0
P12670,Q647G9,0.21379310344827587,0.1,0.1,0,0,0
P12670,Q6TPK4,0.27586206896551724,0.0875,0.0875,0,0,0
P12670,Q6VT83,0.21019108280254778,0.1,0.0625,0,0,0
P12670,Q7X8H9,0.2578616352201258,0.1375,0.0875,0,0,0
P12670,Q84T21,0.20125786163522014,0.1125,0.075,0,0,0
P12670,Q84T91,0.2357142857142857,0.075,0.05,0,0,0
P12670,Q8GT39,0.2824427480916031,0.2,0.2,0,0,0
P12670,Q8H4L8,0.2611464968152866,0.125,0.0625,0,0,0
P12670,Q8L5E0,0.2894736842105263,0.1,0.0875,0,0,0
P12670,Q8S4P9,0.2388663967611336,0.15,0.15,0,0,0
P12670,Q8SAE7,0.24025974025974026,0.075,0.075,0,0,0
P12670,Q90YK9,0.21100917431192662,0.1,0.075,0,0,0
P12670,Q91482,0.25688073394495414,0.075,0.075,0,0,0
P12670,Q93YG7,0.31297709923664124,0.275,0.275,0,0,0
P12670,Q948T6,0.1902834008097166,0.1,0.1,0,0,0
P12670,Q94JN3,0.2900763358778626,0.1,0.075,0,0,0
P12670,Q9ATH2,0.33043478260869563,0.125,0.0625,0,0,0
P12670,Q9AVK8,0.27125506072874495,0.1,0.0875,0,0,0
P12670,Q9AXI0,0.22727272727272727,0.075,0.075,0,0,0
P12670,Q9FSG7,0.3943089430894309,0.5125,0.4875,1,2,0
P12670,Q9FSY7,0.27125506072874495,0.1,0.0875,0,0,0
P12670,Q9FUJ9,0.2289156626506024,0.1125,0.05,0,0,0
P12670,Q9M5X7,0.2956521739130435,0.1,0.1,0,0,0
P12670,Q9M5X8,0.3076923076923077,0.1,0.1,0,0,0
P12670,Q9M7R0,0.2631578947368421,0.1125,0.1,0,0,0
P12670,Q9SQI9,0.31297709923664124,0.2,0.1,0,0,0
P12670,Q9XF39,0.24427480916030533,0.075,0.075,0,0,0
P12670,Q9XHP0,0.25101214574898784,0.125,0.125,0,0,0
P12670,Q9XHP1,0.24324324324324326,0.1375,0.1375,0,0,0
P12670,Q9XHP2,0.25517241379310346,0.1,0.1,0,0,0
P12670,T2DN75,0.3319838056680162,0.4375,0.4375,1,2,0
P12670,V5XVK5,0.7056277056277056,0.8,0.8,1,40,26
P12670,V7AEY9,0.20647773279352227,0.175,0.175,0,0,0
P12670,V7B793,0.27419354838709675,0.1875,0.1625,0,0,0
P12670,V7CAE0,0.21875,0.0875,0.05,0,0,0
P12670,V7CE49,0.21875,0.075,0.075,0,0,0
P12670,V7CEG9,0.2932330827067669,0.1625,0.1375,0,0,0
P12670,W5X2N3,0.22797927461139897,0.0625,0.0625,0,0,0
P12670,W8PPL3,0.22267206477732793,0.075,0.05,0,0,0
P13744,P16348,0.2925531914893617,0.1,0.0875,0,0,0
P13744,P19121,0.19791666666666666,0.2125,0.075,0,0,0
P13744,P24337,0.2625,0.0625,0.0375,0,0,0
P13744,P25974,0.21867881548974943,0.2625,0.2625,0,0,0
P13744,P26987,0.33544303797468356,0.1625,0.1375,0,0,0
P13744,P29835,0.2956989247311828,0.15,0.15,0,0,0
P13744,P30941,0.27149321266968324,0.1125,0.0625,0,0,0
P13744,P43211,0.3270440251572327,0.15,0.15,0,0,0
P13744,P43237,0.22291666666666668,0.325,0.2625,0,0,0
P13744,P49231,0.35877862595419846,0.175,0.175,0,0,0
P13744,P50694,0.21224489795918366,0.1,0.0875,0,0,0
P13744,P80026,0.3394495412844037,0.1,0.0875,0,0,0
P13744,P81370,0.27111111111111114,0.125,0.0875,0,0,0
P13744,P81402,0.3516483516483517,0.1,0.1,0,0,0
P13744,P84177,0.35877862595419846,0.1125,0.075,0,0,0
P13744,P84527,0.3145539906103286,0.0875,0.075,0,0,0
P13744,P85524,0.3333333333333333,0.1125,0.1125,0,0,0
P13744,P85894,0.34065934065934067,0.125,0.125,0,0,0
P13744,P86137,0.3804347826086957,0.0625,0.0375,0,0,0
P13744,P86888,0.31746031746031744,0.075,0.075,0,0,0
P13744,P87498,0.3104166666666667,0.2125,0.1125,0,0,0
P13744,P93594,0.1875,0.1875,0.175,0,0,0
P13744,Q004B5,0.22191011235955055,0.1125,0.1,0,0,0
P13744,Q01881,0.325,0.0875,0.05,0,0,0
P13744,Q0DEV5,0.21041666666666667,0.175,0.1375,0,0,0
P13744,Q2I6V8,0.35625,0.125,0.125,0,0,0
P13744,Q39453,0.3,0.1875,0.0875,0,0,0
P13744,Q39649,0.3617021276595745,0.1625,0.125,0,0,0
P13744,Q41115,0.25116279069767444,0.3125,0.2875,0,0,0
P13744,Q41258,0.4166666666666667,0.1,0.075,0,0,0
P13744,Q45W87,0.2846715328467153,0.0875,0.05,0,0,0
P13744,Q647G3,0.3674698795180723,0.175,0.175,0,0,0
P13744,Q647G5,0.28994082840236685,0.1125,0.1125,0,0,0
P13744,Q647G9,0.296551724137931,0.2,0.0625,0,0,0
P13744,Q6TPK4,0.3448275862068966,0.125,0.075,0,0,0
P13744,Q6VT83,0.2929936305732484,0.2625,0.1375,0,0,0
P13744,Q7X8H9,0.2641509433962264,0.1125,0.05,0,0,0
P13744,Q84T21,0.27672955974842767,0.1125,0.0875,0,0,0
P13744,Q84T91,0.3142857142857143,0.125,0.125,0,0,0
P13744,Q8GT39,0.3435114503816794,0.15,0.15,0,0,0
P13744,Q8H4L8,0.3057324840764331,0.175,0.075,0,0,0
P13744,Q8L5E0,0.32894736842105265,0.2625,0.2625,0,0,0
P13744,Q8S4P9,0.171875,0.2625,0.2375,0,0,0
P13744,Q8SAE7,0.3181818181818182,0.225,0.05,0,0,0
P13744,Q90YK9,0.3302752293577982,0.125,0.125,0,0,0
P13744,Q91482,0.3119266055045872,0.1625,0.1625,0,0,0
P13744,Q93YG7,0.33587786259541985,0.1125,0.1125,0,0,0
P13744,Q948T6,0.2508591065292096,0.1125,0.1,0,0,0
P13744,Q94JN3,0.3511450381679389,0.1125,0.1125,0,0,0
P13744,Q9ATH2,0.3217391304347826,0.15,0.15,0,0,0
P13744,Q9AVK8,0.20588235294117646,0.2875,0.2875,0,0,0
P13744,Q9AXI0,0.2840909090909091,0.125,0.0625,0,0,0
P13744,Q9FSG7,0.23577235772357724,0.1,0.0625,0,0,0
P13744,Q9FSY7,0.20416666666666666,0.275,0.1875,0,0,0
P13744,Q9FUJ9,0.3072289156626506,0.1125,0.1125,0,0,0
P13744,Q9M5X7,0.3652173913043478,0.1125,0.0625,0,0,0
P13744,Q9M5X8,0.37606837606837606,0.15,0.0625,0,0,0
P13744,Q9M7R0,0.2982456140350877,0.1625,0.1875,0,0,0
P13744,Q9SQI9,0.3053435114503817,0.2,0.2,0,0,0
P13744,Q9XF39,0.3435114503816794,0.1,0.075,0,0,0
P13744,Q9XHP0,0.39433551198257083,0.4875,0.4875,1,4,1
P13744,Q9XHP1,0.3108108108108108,0.125,0.1125,0,0,0
P13744,Q9XHP2,0.32413793103448274,0.125,0.0625,0,0,0
P13744,T2DN75,0.2755905511811024,0.15,0.1125,0,0,0
P13744,V5XVK5,0.21212121212121213,0.1125,0.1125,0,0,0
P13744,V7AEY9,0.29213483146067415,0.375,0.375,1,0,0
P13744,V7B793,0.3870967741935484,0.1125,0.075,0,0,0
P13744,V7CAE0,0.33125,0.125,0.0875,0,0,0
P13744,V7CE49,0.2625,0.1,0.0625,0,0,0
P13744,V7CEG9,0.3458646616541353,0.0875,0.0875,0,0,0
P13744,W5X2N3,0.2849740932642487,0.2125,0.2125,0,0,0
P13744,W8PPL3,0.20316622691292877,0.0875,0.0875,0,0,0
P16348,P19121,0.324468085106383,0.1625,0.1625,0,0,0
P16348,P24337,0.275,0.2375,0.2375,0,0,0
P16348,P25974,0.30319148936170215,0.225,0.225,0,0,0
P16348,P26987,0.22151898734177214,0.0875,0.0875,0,0,0
P16348,P29835,0.15053763440860216,0.1375,0.0625,0,0,0
P16348,P30941,0.75,0.825,0.775,1,55,41
P16348,P43211,0.1761006289308176,0.1125,0.075,0,0,0
P16348,P43237,0.35638297872340424,0.1125,0.075,0,0,0
P16348,P49231,0.24427480916030533,0.125,0.125,0,0,0
P16348,P50694,0.2765957446808511,0.2875,0.2875,0,0,0
P16348,P80026,0.2018348623853211,0.075,0.075,0,0,0
P16348,P81370,0.20212765957446807,0.1375,0.1375,0,0,0
P16348,P81402,0.2857142857142857,0.175,0.175,0,0,0
P16348,P84177,0.2595419847328244,0.1375,0.1375,0,0,0
P16348,P84527,0.2393617021276596,0.125,0.0875,0,0,0
P16348,P85524,0.2,0.0875,0.0875,0,0,0
P16348,P85894,0.26373626373626374,0.15,0.0625,0,0,0
P16348,P86137,0.25,0.1,0.1,0,0,0
P16348,P86888,0.3968253968253968,0.1,0.1,0,0,0
P16348,P87498,0.40425531914893614,0.1375,0.1,0,0,0
P16348,P93594,0.30319148936170215,0.1625,0.1625,0,0,0
P16348,Q004B5,0.2712765957446808,0.175,0.175,0,0,0
P16348,Q01881,0.15625,0.0625,0.0625,0,0,0
P16348,Q0DEV5,0.3191489361702128,0.0875,0.05,0,0,0
P16348,Q2I6V8,0.18125,0.0875,0.0875,0,0,0
P16348,Q39453,0.20625,0.125,0.05,0,0,0
P16348,Q39649,0.16312056737588654,0.0375,0.0375,0,0,0
P16348,Q41115,0.2553191489361702,0.125,0.125,0,0,0
P16348,Q41258,0.25,0.1,0.05,0,0,0
P16348,Q45W87,0.16058394160583941,0.075,0.075,0,0,0
P16348,Q647G3,0.25301204819277107,0.225,0.25,0,0,0
P16348,Q647G5,0.23076923076923078,0.1,0.0875,0,0,0
P16348,Q647G9,0.16551724137931034,0.075,0.075,0,0,0
P16348,Q6TPK4,0.25,0.0625,0.0625,0,0,0
P16348,Q6VT83,0.2229299363057325,0.1125,0.1125,0,0,0
P16348,Q7X8H9,0.23270440251572327,0.1125,0.1125,0,0,0
P16348,Q84T21,0.20754716981132076,0.0625,0.0625,0,0,0
P16348,Q84T91,0.2,0.0875,0.0875,0,0,0
P16348,Q8GT39,0.24427480916030533,0.125,0.125,0,0,0
P16348,Q8H4L8,0.1464968152866242,0.1,0.05,0,0,0
P16348,Q8L5E0,0.20394736842105263,0.1125,0.1125,0,0,0
P16348,Q8S4P9,0.30851063829787234,0.075,0.075,0,0,0
P16348,Q8SAE7,0.18831168831168832,0.05,0.0375,0,0,0
P16348,Q90YK9,0.1926605504587156,0.0625,0.0625,0,0,0
P16348,Q91482,0.1559633027522936,0.1,0.1,0,0,0
P16348,Q93YG7,0.2366412213740458,0.15,0.15,0,0,0
P16348,Q948T6,0.2553191489361702,0.15,0.15,0,0,0
P16348,Q94JN3,0.26717557251908397,0.1125,0.1125,0,0,0
P16348,Q9ATH2,0.21739130434782608,0.075,0.05,0,0,0
P16348,Q9AVK8,0.31382978723404253,0.1125,0.05,0,0,0
P16348,Q9AXI0,0.18181818181818182,0.075,0.075,0,0,0
P16348,Q9FSG7,0.20212765957446807,0.15,0.0875,0,0,0
P16348,Q9FSY7,0.3191489361702128,0.1125,0.1125,0,0,0
P16348,Q9FUJ9,0.1927710843373494,0.0875,0.0625,0,0,0
P16348,Q9M5X7,0.22608695652173913,0.1125,0.1125,0,0,0
P16348,Q9M5X8,0.24786324786324787,0.0875,0.0875,0,0,0
P16348,Q9M7R0,0.19298245614035087,0.075,0.0625,0,0,0
P16348,Q9SQI9,0.21374045801526717,0.1125,0.1125,0,0,0
P16348,Q9XF39,0.22900763358778625,0.1375,0.1375,0,0,0
P16348,Q9XHP0,0.2712765957446808,0.1625,0.1,0,0,0
P16348,Q9XHP1,0.13513513513513514,0.0625,0.0375,0,0,0
P16348,Q9XHP2,0.2,0.0875,0.0875,0,0,0
P16348,T2DN75,0.2127659574468085,0.1,0.1,0,0,0
P16348,V5XVK5,0.25,0.15,0.15,0,0,0
P16348,V7AEY9,0.2712765957446808,0.1625,0.1,0,0,0
P16348,V7B793,0.23387096774193547,0.125,0.05,0,0,0
P16348,V7CAE0,0.175,0.0625,0.0625,0,0,0
P16348,V7CE49,0.15,0.1125,0.1125,0,0,0
P16348,V7CEG9,0.2556390977443609,0.125,0.0625,0,0,0
P16348,W5X2N3,0.17553191489361702,0.1,0.05,0,0,0
P16348,W8PPL3,0.2712765957446808,0.1875,0.1875,0,0,0
P19121,P24337,0.375,0.0875,0.075,0,0,0
P19121,P25974,0.23006833712984054,0.125,0.125,0,0,0
P19121,P26987,0.34810126582278483,0.1,0.075,0,0,0
P19121,P29835,0.3064516129032258,0.1125,0.0875,0,0,0
P19121,P30941,0.3438914027149321,0.15,0.15,0,0,0
P19121,P43211,0.3333333333333333,0.125,0.0875,0,0,0
P19121,P43237,0.18892508143322476,0.2375,0.125,0,0,0
P19121,P49231,0.33587786259541985,0.1375,0.1375,0,0,0
P19121,P50694,0.27346938775510204,0.15,0.15,0,0,0
P19121,P80026,0.3394495412844037,0.225,0.075,0,0,0
P19121,P81370,0.28888888888888886,0.1375,0.125,0,0,0
P19121,P81402,0.3626373626373626,0.1375,0.1375,0,0,0
P19121,P84177,0.37404580152671757,0.1125,0.1125,0,0,0
P19121,P84527,0.27230046948356806,0.1625,0.0875,0,0,0
P19121,P85524,0.32,0.25,0.1375,0,0,0
P19121,P85894,0.37362637362637363,0.125,0.1125,0,0,0
P19121,P86137,0.3695652173913043,0.15,0.15,0,0,0
P19121,P86888,0.4603174603174603,0.1375,0.05,0,0,0
P19121,P87498,0.3008130081300813,0.225,0.1625,0,0,0
P19121,P93594,0.20079522862823063,0.1375,0.125,0,0,0
P19121,Q004B5,0.25842696629213485,0.15,0.075,0,0,0
P19121,Q01881,0.3,0.1,0.1,0,0,0
P19121,Q0DEV5,0.20689655172413793,0.1625,0.1625,0,0,0
P19121,Q2I6V8,0.36875,0.1125,0.075,0,0,0
P19121,Q39453,0.275,0.0875,0.0625,0,0,0
P19121,Q39649,0.3191489361702128,0.1875,0.0875,0,0,0
P19121,Q41115,0.22325581395348837,0.15,0.075,0,0,0
P19121,Q41258,0.3333333333333333,0.1,0.1,0,0,0
P19121,Q45W87,0.34306569343065696,0.0875,0.075,0,0,0
P19121,Q647G3,0.3253012048192771,0.175,0.0875,0,0,0
P19121,Q647G5,0.3609467455621302,0.1125,0.1,0,0,0
P19121,Q647G9,0.31724137931034485,0.225,0.1375,0,0,0
P19121,Q6TPK4,0.3706896551724138,0.125,0.1,0,0,0
P19121,Q6VT83,0.2929936305732484,0.1625,0.1375,0,0,0
P19121,Q7X8H9,0.31446540880503143,0.175,0.1375,0,0,0
P19121,Q84T21,0.31446540880503143,0.0875,0.0625,0,0,0
P19121,Q84T91,0.36428571428571427,0.0875,0.0875,0,0,0
P19121,Q8GT39,0.33587786259541985,0.1375,0.125,0,0,0
P19121,Q8H4L8,0.3248407643312102,0.175,0.1125,0,0,0
P19121,Q8L5E0,0.28289473684210525,0.1,0.1,0,0,0
P19121,Q8S4P9,0.20758928571428573,0.175,0.1375,0,0,0
P19121,Q8SAE7,0.2987012987012987,0.1375,0.1,0,0,0
P19121,Q90YK9,0.3853211009174312,0.1375,0.1375,0,0,0
P19121,Q91482,0.3577981651376147,0.125,0.0625,0,0,0
P19121,Q93YG7,0.3511450381679389,0.1375,0.1375,0,0,0
P19121,Q948T6,0.2611683848797251,0.125,0.0875,0,0,0
P19121,Q94JN3,0.35877862595419846,0.2,0.2,0,0,0
P19121,Q9ATH2,0.3130434782608696,0.1,0.0875,0,0,0
P19121,Q9AVK8,0.22058823529411764,0.125,0.1125,0,0,0
P19121,Q9AXI0,0.30113636363636365,0.1125,0.075,0,0,0
P19121,Q9FSG7,0.2926829268292683,0.125,0.125,0,0,0
P19121,Q9FSY7,0.19349593495934958,0.2375,0.2375,0,0,0
P19121,Q9FUJ9,0.28313253012048195,0.1625,0.0875,0,0,0
P19121,Q9M5X7,0.34782608695652173,0.0875,0.0875,0,0,0
P19121,Q9M5X8,0.3333333333333333,0.1375,0.0625,0,0,0
P19121,Q9M7R0,0.32748538011695905,0.1625,0.1,0,0,0
P19121,Q9SQI9,0.366412213740458,0.1375,0.075,0,0,0
P19121,Q9XF39,0.35877862595419846,0.1,0.1,0,0,0
P19121,Q9XHP0,0.20261437908496732,0.15,0.15,0,0,0
P19121,Q9XHP1,0.3581081081081081,0.1,0.075,0,0,0
P19121,Q9XHP2,0.32413793103448274,0.1125,0.1125,0,0,0
P19121,T2DN75,0.2637795275590551,0.1625,0.1625,0,0,0
P19121,V5XVK5,0.2727272727272727,0.175,0.25,0,0,0
P19121,V7AEY9,0.2612359550561798,0.2125,0.2125,0,0,0
P19121,V7B793,0.3629032258064516,0.1875,0.1875,0,0,0
P19121,V7CAE0,0.33125,0.1375,0.1,0,0,0
P19121,V7CE49,0.3375,0.1375,0.1375,0,0,0
P19121,V7CEG9,0.3533834586466165,0.1625,0.0625,0,0,0
P19121,W5X2N3,0.29533678756476683,0.175,0.15,0,0,0
P19121,W8PPL3,0.21372031662269128,0.1375,0.1375,0,0,0
P24337,P25974,0.3375,0.05,0.05,0,0,0
P24337,P26987,0.2875,0.075,0.075,0,0,0
P24337,P29835,0.2875,0.125,0.125,0,0,0
P24337,P30941,0.3125,0.0375,0.0375,0,0,0
P24337,P43211,0.2625,0.0625,0.0625,0,0,0
P24337,P43237,0.3,0.0875,0.0875,0,0,0
P24337,P49231,0.2,0.0625,0.0625,0,0,0
P24337,P50694,0.325,0.0625,0.0625,0,0,0
P24337,P80026,0.15,0.05,0.05,0,0,0
P24337,P81370,0.375,0.0875,0.0875,0,0,0
P24337,P81402,0.1875,0.1625,0.1625,0,0,0
P24337,P84177,0.25,0.0625,0.0625,0,0,0
P24337,P84527,0.325,0.0625,0.0625,0,0,0
P24337,P85524,0.2125,0.0625,0.0625,0,0,0
P24337,P85894,0.275,0.2375,0.2375,0,0,0
P24337,P86137,0.2625,0.1875,0.1875,0,0,0
P24337,P86888,0.25396825396825395,0.0625,0.0625,0,0,0
P24337,P87498,0.5625,0.1,0.1,0,0,0
P24337,P93594,0.325,0.05,0.05,0,0,0
P24337,Q004B5,0.2875,0.0875,0.0875,0,0,0
P24337,Q01881,0.25,0.15,0.15,0,0,0
P24337,Q0DEV5,0.425,0.1,0.1,0,0,0
P24337,Q2I6V8,0.225,0.0625,0.0625,0,0,0
P24337,Q39453,0.2375,0.0625,0.0625,0,0,0
P24337,Q39649,0.25,0.05,0.05,0,0,0
P24337,Q41115,0.275,0.1,0.1,0,0,0
P24337,Q41258,0.2375,0.1125,0.1125,0,0,0
P24337,Q45W87,0.2875,0.05,0.05,0,0,0
P24337,Q647G3,0.2625,0.05,0.05,0,0,0
P24337,Q647G5,0.2375,0.0375,0.0375,0,0,0
P24337,Q647G9,0.2125,0.1,0.1,0,0,0
P24337,Q6TPK4,0.275,0.05,0.05,0,0,0
P24337,Q6VT83,0.1875,0.05,0.05,0,0,0
P24337,Q7X8H9,0.3,0.0875,0.0875,0,0,0
P24337,Q84T21,0.3,0.0875,0.0875,0,0,0
P24337,Q84T91,0.275,0.05,0.05,0,0,0
P24337,Q8GT39,0.2375,0.1375,0.1375,0,0,0
P24337,Q8H4L8,0.2875,0.1875,0.1875,0,0,0
P24337,Q8L5E0,0.2625,0.125,0.125,0,0,0
P24337,Q8S4P9,0.3625,0.1,0.1,0,0,0
P24337,Q8SAE7,0.275,0.1,0.1,0,0,0
P24337,Q90YK9,0.2,0.05,0.05,0,0,0
P24337,Q91482,0.15,0.0625,0.0625,0,0,0
P24337,Q93YG7,0.225,0.0625,0.0625,0,0,0
P24337,Q948T6,0.3125,0.0625,0.0625,0,0,0
P24337,Q94JN3,0.2375,0.0625,0.0625,0,0,0
P24337,Q9ATH2,0.3125,0.2625,0.2625,0,0,0
P24337,Q9AVK8,0.275,0.1,0.1,0,0,0
P24337,Q9AXI0,0.225,0.075,0.075,0,0,0
P24337,Q9FSG7,0.35,0.075,0.075,0,0,0
P24337,Q9FSY7,0.4125,0.1,0.1,0,0,0
P24337,Q9FUJ9,0.2875,0.1,0.1,0,0,0
P24337,Q9M5X7,0.275,0.2125,0.2125,0,0,0
P24337,Q9M5X8,0.2375,0.175,0.175,0,0,0
P24337,Q9M7R0,0.25,0.05,0.05,0,0,0
P24337,Q9SQI9,0.2,0.0625,0.0625,0,0,0
P24337,Q9XF39,0.2,0.0625,0.0625,0,0,0
P24337,Q9XHP0,0.4375,0.0875,0.0875,0,0,0
P24337,Q9XHP1,0.2375,0.125,0.125,0,0,0
P24337,Q9XHP2,0.2,0.05,0.05,0,0,0
P24337,T2DN75,0.2875,0.05,0.05,0,0,0
P24337,V5XVK5,0.35,0.0875,0.0875,0,0,0
P24337,V7AEY9,0.375,0.0625,0.0625,0,0,0
P24337,V7B793,0.275,0.0875,0.0875,0,0,0
P24337,V7CAE0,0.2875,0.0375,0.0375,0,0,0
P24337,V7CE49,0.2375,0.0625,0.0625,0,0,0
P24337,V7CEG9,0.525,0.4875,0.475,1,0,0
P24337,W5X2N3,0.275,0.05,0.05,0,0,0
P24337,W8PPL3,0.35,0.1375,0.1375,0,0,0
P25974,P26987,0.27848101265822783,0.1375,0.0625,0,0,0
P25974,P29835,0.27419354838709675,0.175,0.175,0,0,0
P25974,P30941,0.2669683257918552,0.15,0.15,0,0,0
P25974,P43211,0.3333333333333333,0.1375,0.075,0,0,0
P25974,P43237,0.5603644646924829,0.6375,0.6375,1,11,2
P25974,P49231,0.3282442748091603,0.1125,0.1,0,0,0
P25974,P50694,0.22040816326530613,0.125,0.075,0,0,0
P25974,P80026,0.3302752293577982,0.1375,0.1375,0,0,0
P25974,P81370,0.2222222222222222,0.1375,0.1375,0,0,0
P25974,P81402,0.2967032967032967,0.1125,0.0875,0,0,0
P25974,P84177,0.2824427480916031,0.075,0.075,0,0,0
P25974,P84527,0.25821596244131456,0.0875,0.0625,0,0,0
P25974,P85524,0.24,0.2875,0.2625,0,0,0
P25974,P85894,0.31868131868131866,0.1375,0.075,0,0,0
P25974,P86137,0.34782608695652173,0.0625,0.025,0,0,0
P25974,P86888,0.3492063492063492,0.05,0.0375,0,0,0
P25974,P87498,0.3553530751708428,0.225,0.2375,0,0,0
P25974,P93594,0.2072892938496583,0.1625,0.125,0,0,0
P25974,Q004B5,0.19101123595505617,0.2375,0.2375,0,0,0
P25974,Q01881,0.31875,0.075,0.05,0,0,0
P25974,Q0DEV5,0.2255125284738041,0.2,0.1,0,0,0
P25974,Q2I6V8,0.33125,0.225,0.1375,0,0,0
P25974,Q39453,0.26875,0.1875,0.075,0,0,0
P25974,Q39649,0.3262411347517731,0.275,0.2625,0,0,0
P25974,Q41115,0.5767441860465117,0.6875,0.6875,1,22,7
P25974,Q41258,0.2727272727272727,0.0875,0.075,0,0,0
P25974,Q45W87,0.35766423357664234,0.1625,0.15,0,0,0
P25974,Q647G3,0.25301204819277107,0.1125,0.1125,0,0,0
P25974,Q647G5,0.31952662721893493,0.1375,0.075,0,0,0
P25974,Q647G9,0.296551724137931,0.1625,0.125,0,0,0
P25974,Q6TPK4,0.31896551724137934,0.125,0.125,0,0,0
P25974,Q6VT83,0.29936305732484075,0.1125,0.1125,0,0,0
P25974,Q7X8H9,0.29559748427672955,0.0875,0.0625,0,0,0
P25974,Q84T21,0.27044025157232704,0.175,0.075,0,0,0
P25974,Q84T91,0.3,0.125,0.0875,0,0,0
P25974,Q8GT39,0.3511450381679389,0.1125,0.0875,0,0,0
P25974,Q8H4L8,0.3057324840764331,0.1,0.075,0,0,0
P25974,Q8L5E0,0.29605263157894735,0.1125,0.075,0,0,0
P25974,Q8S4P9,0.3348519362186788,0.45,0.4375,1,1,0
P25974,Q8SAE7,0.2857142857142857,0.1625,0.125,0,0,0
P25974,Q90YK9,0.3302752293577982,0.1625,0.1625,0,0,0
P25974,Q91482,0.3577981651376147,0.15,0.15,0,0,0
P25974,Q93YG7,0.3511450381679389,0.1125,0.1125,0,0,0
P25974,Q948T6,0.23367697594501718,0.2125,0.1,0,0,0
P25974,Q94JN3,0.32061068702290074,0.0875,0.0875,0,0,0
P25974,Q9ATH2,0.28695652173913044,0.0625,0.0375,0,0,0
P25974,Q9AVK8,0.24829157175398633,0.3375,0.35,0,0,0
P25974,Q9AXI0,0.2784090909090909,0.125,0.0625,0,0,0
P25974,Q9FSG7,0.23577235772357724,0.1125,0.075,0,0,0
P25974,Q9FSY7,0.2505694760820046,0.25,0.2375,0,0,0
P25974,Q9FUJ9,0.2891566265060241,0.1875,0.1875,0,0,0
P25974,Q9M5X7,0.22608695652173913,0.075,0.075,0,0,0
P25974,Q9M5X8,0.23931623931623933,0.125,0.0875,0,0,0
P25974,Q9M7R0,0.26900584795321636,0.275,0.1375,0,0,0
P25974,Q9SQI9,0.32061068702290074,0.1125,0.0875,0,0,0
P25974,Q9XF39,0.2900763358778626,0.075,0.075,0,0,0
P25974,Q9XHP0,0.21867881548974943,0.3,0.2625,0,0,0
P25974,Q9XHP1,0.27702702702702703,0.1875,0.1875,0,0,0
P25974,Q9XHP2,0.3448275862068966,0.1375,0.0875,0,0,0
P25974,T2DN75,0.2637795275590551,0.1625,0.1625,0,2,0
P25974,V5XVK5,0.23376623376623376,0.175,0.175,0,0,0
P25974,V7AEY9,0.21348314606741572,0.2625,0.2625,0,0,0
P25974,V7B793,0.2903225806451613,0.15,0.0625,0,0,0
P25974,V7CAE0,0.31875,0.2,0.1625,0,0,0
P25974,V7CE49,0.275,0.1,0.1,0,0,0
P25974,V7CEG9,0.3233082706766917,0.1,0.1,0,0,0
P25974,W5X2N3,0.2849740932642487,0.2,0.2,0,0,0
P25974,W8PPL3,0.1820580474934037,0.1125,0.1125,0,0,0
P26987,P29835,0.16455696202531644,0.1125,0.1125,0,0,0
P26987,P30941,0.27848101265822783,0.0875,0.0625,0,0,0
P26987,P43211,0.5443037974683544,0.6,0.5875,1,9,7
P26987,P43237,0.310126582278481,0.0875,0.0875,0,0,0
P26987,P49231,0.25190839694656486,0.1,0.0875,0,0,0
P26987,P50694,0.25949367088607594,0.1875,0.1875,0,0,0
P26987,P80026,0.30275229357798167,0.0875,0.0875,0,0,0
P26987,P81370,0.25949367088607594,0.0875,0.0875,0,0,0
P26987,P81402,0.27472527472527475,0.1125,0.1125,0,0,0
P26987,P84177,0.22137404580152673,0.1,0.1,0,0,0
P26987,P84527,0.22784810126582278,0.0875,0.0875,0,0,0
P26987,P85524,0.24,0.1875,0.1875,0,0,0
P26987,P85894,0.27472527472527475,0.15,0.15,0,0,0
P26987,P86137,0.16304347826086957,0.075,0.0625,0,0,0
P26987,P86888,0.25396825396825395,0.0375,0.0375,0,0,0
P26987,P87498,0.44936708860759494,0.1375,0.125,0,0,0
P26987,P93594,0.2974683544303797,0.2125,0.1625,0,0,0
P26987,Q004B5,0.2848101265822785,0.0875,0.075,0,0,0
P26987,Q01881,0.1962025316455696,0.075,0.075,0,0,0
P26987,Q0DEV5,0.3924050632911392,0.1625,0.1,0,0,0
P26987,Q2I6V8,0.5506329113924051,0.575,0.575,1,6,4
P26987,Q39453,0.5253164556962026,0.5375,0.5375,1,16,12
P26987,Q39649,0.2127659574468085,0.1,0.0625,0,0,0
P26987,Q41115,0.31645569620253167,0.125,0.0875,0,0,0
P26987,Q41258,0.1590909090909091,0.0375,0.0375,0,0,0
P26987,Q45W87,0.20437956204379562,0.225,0.225,0,0,0
P26987,Q647G3,0.1962025316455696,0.1375,0.125,0,0,0
P26987,Q647G5,0.14556962025316456,0.1375,0.0625,0,0,0
P26987,Q647G9,0.15862068965517243,0.075,0.075,0,0,0
P26987,Q6TPK4,0.25862068965517243,0.1,0.1,0,0,0
P26987,Q6VT83,0.7070063694267515,0.8,0.8,1,20,8
P26987,Q7X8H9,0.189873417721519,0.1375,0.1375,0,0,0
P26987,Q84T21,0.18354430379746836,0.0875,0.0875,0,0,0
P26987,Q84T91,0.20714285714285716,0.1125,0.1125,0,0,0
P26987,Q8GT39,0.22900763358778625,0.1,0.1,0,0,0
P26987,Q8H4L8,0.15286624203821655,0.1125,0.1125,0,0,0
P26987,Q8L5E0,0.20394736842105263,0.1625,0.1625,0,0,0
P26987,Q8S4P9,0.31645569620253167,0.15,0.1,0,0,0
P26987,Q8SAE7,0.4025974025974026,0.425,0.425,1,1,0
P26987,Q90YK9,0.29357798165137616,0.2625,0.2625,0,0,0
P26987,Q91482,0.28440366972477066,0.0875,0.0875,0,0,0
P26987,Q93YG7,0.25190839694656486,0.1,0.1,0,0,0
P26987,Q948T6,0.2721518987341772,0.15,0.075,0,0,0
P26987,Q94JN3,0.21374045801526717,0.0875,0.0875,0,0,0
P26987,Q9ATH2,0.2608695652173913,0.1125,0.1,0,0,0
P26987,Q9AVK8,0.379746835443038,0.15,0.1375,0,0,0
P26987,Q9AXI0,0.18354430379746836,0.15,0.15,0,0,0
P26987,Q9FSG7,0.25316455696202533,0.2125,0.1625,0,0,0
P26987,Q9FSY7,0.37341772151898733,0.2375,0.2375,0,0,0
P26987,Q9FUJ9,0.17088607594936708,0.15,0.15,0,0,0
P26987,Q9M5X7,0.25217391304347825,0.0875,0.0875,0,0,0
P26987,Q9M5X8,0.2564102564102564,0.1,0.1,0,0,0
P26987,Q9M7R0,0.18354430379746836,0.1,0.1,0,0,0
P26987,Q9SQI9,0.21374045801526717,0.0875,0.0875,0,0,0
P26987,Q9XF39,0.2366412213740458,0.1375,0.075,0,0,0
P26987,Q9XHP0,0.3037974683544304,0.15,0.15,0,0,0
P26987,Q9XHP1,0.1554054054054054,0.15,0.15,0,0,0
P26987,Q9XHP2,0.20689655172413793,0.125,0.075,0,0,0
P26987,T2DN75,0.22151898734177214,0.0875,0.0875,0,0,0
P26987,V5XVK5,0.20253164556962025,0.1,0.1,0,0,0
P26987,V7AEY9,0.27848101265822783,0.2375,0.2375,0,0,0
P26987,V7B793,0.21774193548387097,0.0625,0.0625,0,0,0
P26987,V7CAE0,0.35443037974683544,0.3875,0.3875,1,0,0
P26987,V7CE49,0.16455696202531644,0.075,0.075,0,0,0
P26987,V7CEG9,0.18796992481203006,0.0875,0.0875,0,0,0
P26987,W5X2N3,0.22784810126582278,0.25,0.2375,0,0,0
P26987,W8PPL3,0.3227848101265823,0.1875,0.125,0,0,0
P29835,P30941,0.20430107526881722,0.0875,0.0625,0,0,0
P29835,P43211,0.16352201257861634,0.1125,0.1125,0,0,0
P29835,P43237,0.3387096774193548,0.225,0.225,0,0,0
P29835,P49231,0.21374045801526717,0.1625,0.1625,0,0,0
P29835,P50694,0.1827956989247312,0.075,0.0625,0,0,0
P29835,P80026,0.2018348623853211,0.075,0.0375,0,0,0
P29835,P81370,0.1827956989247312,0.0625,0.05,0,0,0
P29835,P81402,0.27472527472527475,0.075,0.0625,0,0,0
P29835,P84177,0.21374045801526717,0.0625,0.0625,0,0,0
P29835,P84527,0.1935483870967742,0.15,0.1375,0,0,0
P29835,P85524,0.16,0.0625,0.05,0,0,0
P29835,P85894,0.26373626373626374,0.075,0.05,0,0,0
P29835,P86137,0.2608695652173913,0.1125,0.1125,0,0,0
P29835,P86888,0.2698412698412698,0.1,0.1,0,0,0
P29835,P87498,0.43010752688172044,0.1625,0.1625,0,1,0
P29835,P93594,0.2903225806451613,0.125,0.125,0,0,0
P29835,Q004B5,0.23655913978494625,0.1375,0.0625,0,0,0
P29835,Q01881,0.31875,0.325,0.3125,0,0,0
P29835,Q0DEV5,0.2849462365591398,0.075,0.075,0,0,0
P29835,Q2I6V8,0.19375,0.125,0.125,0,0,0
P29835,Q39453,0.16875,0.1125,0.05,0,0,0
P29835,Q39649,0.3262411347517731,0.275,0.2625,1,0,0
P29835,Q41115,0.2849462365591398,0.1125,0.0875,0,0,0
P29835,Q41258,0.24242424242424243,0.125,0.125,0,0,0
P29835,Q45W87,0.1897810218978102,0.1375,0.1375,0,0,0
P29835,Q647G3,0.20481927710843373,0.125,0.125,0,0,0
P29835,Q647G5,0.15384615384615385,0.0875,0.0875,0,0,0
P29835,Q647G9,0.22758620689655173,0.2375,0.2125,1,0,0
P29835,Q6TPK4,0.20689655172413793,0.0875,0.0875,0,0,0
P29835,Q6VT83,0.20382165605095542,0.1,0.1,0,0,0
P29835,Q7X8H9,0.2389937106918239,0.2125,0.2375,0,0,0
P29835,Q84T21,0.22012578616352202,0.175,0.175,0,0,0
P29835,Q84T91,0.17142857142857143,0.075,0.0625,0,0,0
P29835,Q8GT39,0.22137404580152673,0.1125,0.05,0,0,0
P29835,Q8H4L8,0.29936305732484075,0.2875,0.325,0,0,0
P29835,Q8L5E0,0.19736842105263158,0.075,0.075,0,0,0
P29835,Q8S4P9,0.2903225806451613,0.1875,0.1875,0,0,0
P29835,Q8SAE7,0.16883116883116883,0.05,0.05,0,0,0
P29835,Q90YK9,0.21100917431192662,0.075,0.0375,0,0,0
P29835,Q91482,0.22018348623853212,0.05,0.05,0,0,0
P29835,Q93YG7,0.22900763358778625,0.075,0.05,0,0,0
P29835,Q948T6,0.22580645161290322,0.075,0.075,0,0,0
P29835,Q94JN3,0.19083969465648856,0.1125,0.05,0,0,0
P29835,Q9ATH2,0.2608695652173913,0.075,0.075,0,0,0
P29835,Q9AVK8,0.27419354838709675,0.25,0.2375,0,0,0
P29835,Q9AXI0,0.17045454545454544,0.0625,0.0625,0,0,0
P29835,Q9FSG7,0.20430107526881722,0.15,0.15,0,0,0
P29835,Q9FSY7,0.2903225806451613,0.0875,0.05,0,0,0
P29835,Q9FUJ9,0.20481927710843373,0.15,0.0875,0,0,0
P29835,Q9M5X7,0.28695652173913044,0.1125,0.1125,0,0,0
P29835,Q9M5X8,0.2222222222222222,0.075,0.05,0,0,0
P29835,Q9M7R0,0.17543859649122806,0.075,0.075,0,0,0
P29835,Q9SQI9,0.22137404580152673,0.1125,0.05,0,0,0
P29835,Q9XF39,0.22137404580152673,0.0625,0.0625,0,0,0
P29835,Q9XHP0,0.25268817204301075,0.225,0.1625,0,0,0
P29835,Q9XHP1,0.32432432432432434,0.3375,0.3,1,0,0
P29835,Q9XHP2,0.15172413793103448,0.175,0.175,0,0,0
P29835,T2DN75,0.20967741935483872,0.0625,0.0625,0,0,0
P29835,V5XVK5,0.20967741935483872,0.175,0.175,0,0,0
P29835,V7AEY9,0.22580645161290322,0.1375,0.1,0,0,0
P29835,V7B793,0.24193548387096775,0.0625,0.0625,0,0,0
P29835,V7CAE0,0.16875,0.0875,0.0875,0,0,0
P29835,V7CE49,0.2,0.1,0.075,0,0,0
P29835,V7CEG9,0.20300751879699247,0.1,0.1,0,0,0
P29835,W5X2N3,0.1989247311827957,0.0625,0.05,0,0,0
P29835,W8PPL3,0.23655913978494625,0.1,0.1,0,0,0
P30941,P43211,0.24528301886792453,0.1125,0.0625,0,0,0
P30941,P43237,0.3212669683257919,0.2,0.1125,0,0,0
P30941,P49231,0.22900763358778625,0.0875,0.0875,0,0,0
P30941,P50694,0.2398190045248869,0.35,0.2875,0,0,0
P30941,P80026,0.22018348623853212,0.075,0.05,0,0,0
P30941,P81370,0.22171945701357465,0.1375,0.1,0,0,0
P30941,P81402,0.2857142857142857,0.0625,0.0625,0,0,0
P30941,P84177,0.21374045801526717,0.0625,0.0625,0,0,0
P30941,P84527,0.19718309859154928,0.075,0.075,0,0,0
P30941,P85524,0.23333333333333334,0.15,0.15,0,0,0
P30941,P85894,0.2967032967032967,0.075,0.075,0,0,0
P30941,P86137,0.22826086956521738,0.1375,0.0875,0,0,0
P30941,P86888,0.3968253968253968,0.0875,0.0875,0,0,0
P30941,P87498,0.4298642533936652,0.2625,0.2,0,0,0
P30941,P93594,0.27601809954751133,0.2125,0.2125,0,0,0
P30941,Q004B5,0.2895927601809955,0.25,0.2375,0,0,0
P30941,Q01881,0.2,0.0625,0.0625,0,0,0
P30941,Q0DEV5,0.2850678733031674,0.1375,0.1,0,0,0
P30941,Q2I6V8,0.2375,0.1375,0.1375,0,0,0
P30941,Q39453,0.2125,0.1,0.0375,0,0,0
P30941,Q39649,0.22695035460992907,0.125,0.0625,0,0,0
P30941,Q41115,0.28054298642533937,0.0875,0.075,0,0,0
P30941,Q41258,0.25757575757575757,0.15,0.15,0,0,0
P30941,Q45W87,0.21897810218978103,0.075,0.0625,0,0,0
P30941,Q647G3,0.2469879518072289,0.1125,0.1,0,0,0
P30941,Q647G5,0.1952662721893491,0.1375,0.1125,0,0,0
P30941,Q647G9,0.2206896551724138,0.075,0.05,0,0,0
P30941,Q6TPK4,0.31896551724137934,0.1,0.05,0,0,0
P30941,Q6VT83,0.267515923566879,0.0875,0.0875,0,0,0
P30941,Q7X8H9,0.1761006289308176,0.1375,0.1375,0,0,0
P30941,Q84T21,0.2641509433962264,0.15,0.1,0,0,0
P30941,Q84T91,0.22142857142857142,0.0875,0.0875,0,0,0
P30941,Q8GT39,0.2366412213740458,0.0625,0.05,0,0,0
P30941,Q8H4L8,0.18471337579617833,0.075,0.05,0,0,0
P30941,Q8L5E0,0.18421052631578946,0.0625,0.05,0,0,0
P30941,Q8S4P9,0.2986425339366516,0.0875,0.0875,0,0,0
P30941,Q8SAE7,0.24675324675324675,0.075,0.075,0,0,0
P30941,Q90YK9,0.24770642201834864,0.05,0.0375,0,0,0
P30941,Q91482,0.3119266055045872,0.1,0.075,0,0,0
P30941,Q93YG7,0.22900763358778625,0.0875,0.0875,0,0,0
P30941,Q948T6,0.248868778280543,0.0625,0.05,0,0,0
P30941,Q94JN3,0.2748091603053435,0.1125,0.1125,0,0,0
P30941,Q9ATH2,0.24347826086956523,0.075,0.075,0,0,0
P30941,Q9AVK8,0.2895927601809955,0.1625,0.125,0,0,0
P30941,Q9AXI0,0.22727272727272727,0.1,0.1,0,0,0
P30941,Q9FSG7,0.24434389140271492,0.2875,0.2875,0,0,0
P30941,Q9FSY7,0.33031674208144796,0.075,0.0625,0,0,0
P30941,Q9FUJ9,0.20481927710843373,0.1125,0.1125,0,0,0
P30941,Q9M5X7,0.26956521739130435,0.1125,0.075,0,0,0
P30941,Q9M5X8,0.23931623931623933,0.075,0.075,0,0,0
P30941,Q9M7R0,0.2046783625730994,0.1875,0.1875,0,0,0
P30941,Q9SQI9,0.25190839694656486,0.0875,0.0625,0,0,0
P30941,Q9XF39,0.20610687022900764,0.175,0.0625,0,0,0
P30941,Q9XHP0,0.2579185520361991,0.125,0.125,0,0,0
P30941,Q9XHP1,0.19594594594594594,0.1,0.1,0,0,0
P30941,Q9XHP2,0.19310344827586207,0.1125,0.0625,0,0,0
P30941,T2DN75,0.2171945701357466,0.2375,0.0875,0,0,0
P30941,V5XVK5,0.24434389140271492,0.1125,0.1125,0,0,0
P30941,V7AEY9,0.25339366515837103,0.1125,0.1,0,0,0
P30941,V7B793,0.2903225806451613,0.125,0.1,0,0,0
P30941,V7CAE0,0.21875,0.0875,0.0625,0,0,0
P30941,V7CE49,0.2,0.15,0.0625,0,0,0
P30941,V7CEG9,0.24060150375939848,0.1125,0.1125,0,0,0
P30941,W5X2N3,0.19170984455958548,0.075,0.0375,0,0,0
P30941,W8PPL3,0.23529411764705882,0.15,0.1,0,0,0
P43211,P43237,0.33962264150943394,0.1125,0.0875,0,0,0
P43211,P49231,0.22900763358778625,0.0875,0.0875,0,0,0
P43211,P50694,0.2138364779874214,0.0625,0.05,0,0,0
P43211,P80026,0.22018348623853212,0.175,0.075,0,0,0
P43211,P81370,0.2138364779874214,0.075,0.075,0,0,0
P43211,P81402,0.16483516483516483,0.075,0.0375,0,0,0
P43211,P84177,0.25190839694656486,0.175,0.175,0,0,0
P43211,P84527,0.2138364779874214,0.0875,0.0875,0,0,0
P43211,P85524,0.22666666666666666,0.225,0.225,0,0,0
P43211,P85894,0.21978021978021978,0.0875,0.0625,0,0,0
P43211,P86137,0.15217391304347827,0.1,0.1,0,0,0
P43211,P86888,0.31746031746031744,0.0625,0.0375,0,0,0
P43211,P87498,0.4276729559748428,0.2625,0.1875,0,0,0
P43211,P93594,0.3522012578616352,0.1,0.1,0,0,0
P43211,Q004B5,0.2893081761006289,0.0625,0.0625,0,0,0
P43211,Q01881,0.18238993710691823,0.075,0.0625,0,0,0
P43211,Q0DEV5,0.3270440251572327,0.175,0.1125,0,0,0
P43211,Q2I6V8,0.8301886792452831,0.875,0.875,1,52,34
P43211,Q39453,0.5786163522012578,0.6375,0.6375,1,10,7
P43211,Q39649,0.1773049645390071,0.075,0.075,0,0,0
P43211,Q41115,0.33962264150943394,0.2,0.1375,0,0,0
P43211,Q41258,0.16666666666666666,0.0625,0.025,0,0,0
P43211,Q45W87,0.18248175182481752,0.125,0.125,0,0,0
P43211,Q647G3,0.16981132075471697,0.2,0.2,0,0,0
P43211,Q647G5,0.16352201257861634,0.0875,0.0875,0,0,0
P43211,Q647G9,0.16551724137931034,0.05,0.05,0,0,0
P43211,Q6TPK4,0.25,0.125,0.0875,0,0,0
P43211,Q6VT83,0.49044585987261147,0.525,0.525,1,6,4
P43211,Q7X8H9,0.18238993710691823,0.125,0.05,0,0,0
P43211,Q84T21,0.1509433962264151,0.05,0.05,0,0,0
P43211,Q84T91,0.15714285714285714,0.1,0.1,0,0,0
P43211,Q8GT39,0.1984732824427481,0.1,0.1,0,0,0
P43211,Q8H4L8,0.17197452229299362,0.125,0.125,0,0,0
P43211,Q8L5E0,0.20394736842105263,0.075,0.0625,0,0,0
P43211,Q8S4P9,0.3270440251572327,0.1,0.0625,0,0,0
P43211,Q8SAE7,0.38311688311688313,0.4375,0.4375,1,0,0
P43211,Q90YK9,0.23853211009174313,0.125,0.05,0,0,0
P43211,Q91482,0.27522935779816515,0.125,0.125,0,0,0
P43211,Q93YG7,0.25190839694656486,0.1,0.1,0,0,0
P43211,Q948T6,0.2830188679245283,0.175,0.175,0,0,0
P43211,Q94JN3,0.20610687022900764,0.0875,0.0875,0,0,0
P43211,Q9ATH2,0.22608695652173913,0.1125,0.1125,0,0,0
P43211,Q9AVK8,0.2830188679245283,0.1125,0.1,0,0,0
P43211,Q9AXI0,0.14465408805031446,0.0875,0.0875,0,0,0
P43211,Q9FSG7,0.22012578616352202,0.1125,0.1125,0,0,0
P43211,Q9FSY7,0.4088050314465409,0.125,0.1125,0,0,0
P43211,Q9FUJ9,0.20754716981132076,0.1,0.05,0,0,0
P43211,Q9M5X7,0.20869565217391303,0.0875,0.0875,0,0,0
P43211,Q9M5X8,0.1794871794871795,0.0625,0.0625,0,0,0
P43211,Q9M7R0,0.20754716981132076,0.15,0.0625,0,0,0
P43211,Q9SQI9,0.2595419847328244,0.1625,0.1625,0,0,0
P43211,Q9XF39,0.25190839694656486,0.1875,0.1875,0,0,0
P43211,Q9XHP0,0.2641509433962264,0.0875,0.0875,0,0,0
P43211,Q9XHP1,0.16216216216216217,0.075,0.05,0,0,0
P43211,Q9XHP2,0.16551724137931034,0.0875,0.0875,0,0,0
P43211,T2DN75,0.25157232704402516,0.1125,0.0875,0,0,0
P43211,V5XVK5,0.16352201257861634,0.075,0.05,0,0,0
P43211,V7AEY9,0.2893081761006289,0.125,0.1,0,0,0
P43211,V7B793,0.20967741935483872,0.0625,0.0625,0,0,0
P43211,V7CAE0,0.4276729559748428,0.475,0.4625,1,0,0
P43211,V7CE49,0.20125786163522014,0.1125,0.0875,0,0,0
P43211,V7CEG9,0.16541353383458646,0.0625,0.0625,0,0,0
P43211,W5X2N3,0.25157232704402516,0.075,0.075,0,0,0
P43211,W8PPL3,0.2641509433962264,0.0875,0.0875,0,0,0
P43237,P49231,0.31297709923664124,0.15,0.15,0,0,0
P43237,P50694,0.2857142857142857,0.25,0.25,0,0,0
P43237,P80026,0.3486238532110092,0.1,0.075,0,0,0
P43237,P81370,0.32,0.1625,0.1375,0,0,0
P43237,P81402,0.3956043956043956,0.1,0.075,0,0,0
P43237,P84177,0.3435114503816794,0.1625,0.1125,0,0,0
P43237,P84527,0.3004694835680751,0.175,0.175,0,0,0
P43237,P85524,0.32666666666666666,0.2375,0.075,0,0,0
P43237,P85894,0.3956043956043956,0.1375,0.0625,0,0,0
P43237,P86137,0.31521739130434784,0.15,0.15,0,0,0
P43237,P86888,0.3968253968253968,0.0875,0.0875,0,0,0
P43237,P87498,0.3127035830618892,0.25,0.2,0,0,0
P43237,P93594,0.22266401590457258,0.1625,0.1625,0,0,0
P43237,Q004B5,0.26685393258426965,0.3,0.2875,0,0,0
P43237,Q01881,0.30625,0.1875,0.1875,0,0,0
P43237,Q0DEV5,0.1986863711001642,0.175,0.1,0,0,0
P43237,Q2I6V8,0.34375,0.2125,0.2125,0,0,0
P43237,Q39453,0.34375,0.2375,0.175,0,0,0
P43237,Q39649,0.375886524822695,0.2875,0.2625,0,0,0
P43237,Q41115,0.4720930232558139,0.575,0.55,1,6,2
P43237,Q41258,0.42424242424242425,0.1375,0.1375,0,0,0
P43237,Q45W87,0.3284671532846715,0.1125,0.0875,0,0,0
P43237,Q647G3,0.3132530120481928,0.1875,0.1125,0,0,0
P43237,Q647G5,0.30177514792899407,0.1,0.075,0,0,0
P43237,Q647G9,0.3310344827586207,0.2125,0.2125,0,2,0
P43237,Q6TPK4,0.3706896551724138,0.0875,0.0875,0,0,0
P43237,Q6VT83,0.3057324840764331,0.1375,0.1125,0,0,0
P43237,Q7X8H9,0.31446540880503143,0.1375,0.1375,0,0,0
P43237,Q84T21,0.3270440251572327,0.175,0.175,0,0,0
P43237,Q84T91,0.37857142857142856,0.1,0.1,0,0,0
P43237,Q8GT39,0.3511450381679389,0.1375,0.1375,0,0,0
P43237,Q8H4L8,0.35668789808917195,0.175,0.175,0,0,0
P43237,Q8L5E0,0.35526315789473684,0.1625,0.1,0,0,0
P43237,Q8S4P9,0.38839285714285715,0.4625,0.4625,1,1,0
P43237,Q8SAE7,0.3246753246753247,0.1,0.0875,0,0,0
P43237,Q90YK9,0.3669724770642202,0.15,0.15,0,0,0
P43237,Q91482,0.3944954128440367,0.15,0.0875,0,0,0
P43237,Q93YG7,0.3053435114503817,0.1375,0.1375,0,0,0
P43237,Q948T6,0.2646048109965636,0.1,0.0625,0,0,0
P43237,Q94JN3,0.31297709923664124,0.1375,0.1375,0,0,0
P43237,Q9ATH2,0.3217391304347826,0.1125,0.1125,0,0,0
P43237,Q9AVK8,0.25210084033613445,0.3,0.3,0,1,0
P43237,Q9AXI0,0.26136363636363635,0.1375,0.1,0,0,0
P43237,Q9FSG7,0.2601626016260163,0.1375,0.1375,0,0,0
P43237,Q9FSY7,0.23127035830618892,0.25,0.2625,0,0,0
P43237,Q9FUJ9,0.3433734939759036,0.175,0.125,0,0,0
P43237,Q9M5X7,0.30434782608695654,0.0875,0.0875,0,0,0
P43237,Q9M5X8,0.3247863247863248,0.1125,0.1125,0,0,0
P43237,Q9M7R0,0.30994152046783624,0.25,0.1125,0,0,0
P43237,Q9SQI9,0.31297709923664124,0.1375,0.1375,0,0,0
P43237,Q9XF39,0.33587786259541985,0.1875,0.1875,0,0,0
P43237,Q9XHP0,0.23965141612200436,0.375,0.3125,0,0,0
P43237,Q9XHP1,0.30405405405405406,0.15,0.125,0,0,0
P43237,Q9XHP2,0.2896551724137931,0.1875,0.1875,0,0,0
P43237,T2DN75,0.25984251968503935,0.0875,0.075,0,0,0
P43237,V5XVK5,0.2813852813852814,0.15,0.075,0,0,0
P43237,V7AEY9,0.2556179775280899,0.2875,0.2875,0,0,0
P43237,V7B793,0.3387096774193548,0.125,0.0625,0,0,0
P43237,V7CAE0,0.34375,0.2125,0.2125,0,0,0
P43237,V7CE49,0.28125,0.1625,0.125,0,0,0
P43237,V7CEG9,0.3233082706766917,0.15,0.0875,0,0,0
P43237,W5X2N3,0.34196891191709844,0.2,0.2,0,0,0
P43237,W8PPL3,0.24010554089709762,0.1625,0.1625,0,0,0
P49231,P50694,0.29770992366412213,0.2125,0.2125,0,0,0
P49231,P80026,0.1834862385321101,0.0625,0.05,0,0,0
P49231,P81370,0.2748091603053435,0.0625,0.0625,0,0,0
P49231,P81402,0.25274725274725274,0.0625,0.0375,0,0,0
P49231,P84177,0.7862595419847328,0.8375,0.8375,1,37,24
P49231,P84527,0.2824427480916031,0.1125,0.1125,0,0,0
P49231,P85524,0.183206106870229,0.0625,0.0625,0,0,0
P49231,P85894,0.24175824175824176,0.1125,0.1125,0,0,0
P49231,P86137,0.2391304347826087,0.075,0.0625,0,0,0
P49231,P86888,0.30158730158730157,0.0375,0.0375,0,0,0
P49231,P87498,0.42748091603053434,0.1375,0.1375,0,0,0
P49231,P93594,0.32061068702290074,0.125,0.1,0,0,0
P49231,Q004B5,0.31297709923664124,0.1125,0.1125,0,0,0
P49231,Q01881,0.1984732824427481,0.075,0.075,0,0,0
P49231,Q0DEV5,0.37404580152671757,0.15,0.15,0,0,0
P49231,Q2I6V8,0.2595419847328244,0.175,0.1,0,0,0
P49231,Q39453,0.24427480916030533,0.0875,0.0875,0,0,0
P49231,Q39649,0.20610687022900764,0.1,0.1,0,0,0
P49231,Q41115,0.29770992366412213,0.1,0.1,0,0,0
P49231,Q41258,0.16030534351145037,0.0875,0.05,0,0,0
P49231,Q45W87,0.22137404580152673,0.05,0.05,0,0,0
P49231,Q647G3,0.2366412213740458,0.1,0.1,0,0,0
P49231,Q647G5,0.22900763358778625,0.0875,0.0875,0,0,0
P49231,Q647G9,0.17557251908396945,0.05,0.05,0,0,0
P49231,Q6TPK4,0.22413793103448276,0.0875,0.0875,0,0,0
P49231,Q6VT83,0.22137404580152673,0.0875,0.0875,0,0,0
P49231,Q7X8H9,0.2366412213740458,0.0625,0.0625,0,0,0
P49231,Q84T21,0.21374045801526717,0.0875,0.0875,0,0,0
P49231,Q84T91,0.183206106870229,0.1125,0.1125,0,0,0
P49231,Q8GT39,0.8625954198473282,0.9125,0.9125,1,46,32
P49231,Q8H4L8,0.24427480916030533,0.1375,0.1375,0,0,0
P49231,Q8L5E0,0.2748091603053435,0.1625,0.1625,0,0,0
P49231,Q8S4P9,0.31297709923664124,0.0625,0.0375,0,0,0
P49231,Q8SAE7,0.20610687022900764,0.0625,0.0625,0,0,0
P49231,Q90YK9,0.23853211009174313,0.075,0.075,0,0,0
P49231,Q91482,0.1834862385321101,0.05,0.0375,0,0,0
P49231,Q93YG7,0.8702290076335878,0.8875,0.8875,1,54,41
P49231,Q948T6,0.2748091603053435,0.175,0.175,0,0,0
P49231,Q94JN3,0.7938931297709924,0.85,0.85,1,26,11
P49231,Q9ATH2,0.21739130434782608,0.0625,0.0625,0,0,0
P49231,Q9AVK8,0.2824427480916031,0.1875,0.0375,0,0,0
P49231,Q9AXI0,0.1984732824427481,0.0875,0.0875,0,0,0
P49231,Q9FSG7,0.2824427480916031,0.075,0.075,0,0,0
P49231,Q9FSY7,0.4198473282442748,0.1375,0.125,0,0,0
P49231,Q9FUJ9,0.21374045801526717,0.0875,0.075,0,0,0
P49231,Q9M5X7,0.19130434782608696,0.0625,0.0625,0,0,0
P49231,Q9M5X8,0.2564102564102564,0.175,0.0625,0,0,0
P49231,Q9M7R0,0.183206106870229,0.075,0.075,0,0,0
P49231,Q9SQI9,0.8320610687022901,0.85,0.85,1,42,26
P49231,Q9XF39,0.8015267175572519,0.8375,0.8375,1,39,24
P49231,Q9XHP0,0.32061068702290074,0.1,0.1,0,0,0
P49231,Q9XHP1,0.15267175572519084,0.0875,0.05,0,0,0
P49231,Q9XHP2,0.22137404580152673,0.1,0.1,0,0,0
P49231,T2DN75,0.25190839694656486,0.125,0.1125,0,0,0
P49231,V5XVK5,0.2366412213740458,0.1125,0.1125,0,0,0
P49231,V7AEY9,0.3282442748091603,0.275,0.2625,0,0,0
P49231,V7B793,0.20161290322580644,0.0625,0.0625,0,0,0
P49231,V7CAE0,0.2366412213740458,0.0625,0.0625,0,0,0
P49231,V7CE49,0.20610687022900764,0.0875,0.0875,0,0,0
P49231,V7CEG9,0.20610687022900764,0.075,0.075,0,0,0
P49231,W5X2N3,0.26717557251908397,0.075,0.0625,0,0,0
P49231,W8PPL3,0.3435114503816794,0.175,0.175,0,0,0
P50694,P80026,0.25688073394495414,0.0625,0.0375,0,0,0
P50694,P81370,0.4177777777777778,0.4375,0.4375,1,4,0
P50694,P81402,0.2857142857142857,0.125,0.125,0,0,0
P50694,P84177,0.2595419847328244,0.225,0.225,0,0,0
P50694,P84527,0.22065727699530516,0.1875,0.1125,0,0,0
P50694,P85524,0.23333333333333334,0.1,0.05,0,0,0
P50694,P85894,0.32967032967032966,0.0875,0.075,0,0,0
P50694,P86137,0.29347826086956524,0.1125,0.1125,0,0,0
P50694,P86888,0.36507936507936506,0.0875,0.05,0,0,0
P50694,P87498,0.40408163265306124,0.1125,0.1125,0,0,0
P50694,P93594,0.2897959183673469,0.2375,0.2375,0,0,0
P50694,Q004B5,0.20816326530612245,0.2,0.075,0,0,0
P50694,Q01881,0.24375,0.125,0.0625,0,0,0
P50694,Q0DEV5,0.2857142857142857,0.225,0.225,0,0,0
P50694,Q2I6V8,0.2125,0.0625,0.0625,0,0,0
P50694,Q39453,0.225,0.1,0.0875,0,0,0
P50694,Q39649,0.24113475177304963,0.0875,0.075,0,0,0
P50694,Q41115,0.24489795918367346,0.1125,0.1125,0,0,0
P50694,Q41258,0.24242424242424243,0.1125,0.1125,0,0,0
P50694,Q45W87,0.22627737226277372,0.1875,0.1875,0,0,0
P50694,Q647G3,0.21686746987951808,0.0875,0.05,0,0,0
P50694,Q647G5,0.23668639053254437,0.125,0.125,0,0,0
P50694,Q647G9,0.23448275862068965,0.1125,0.075,0,0,0
P50694,Q6TPK4,0.27586206896551724,0.075,0.075,0,0,0
P50694,Q6VT83,0.22929936305732485,0.1875,0.1875,0,0,0
P50694,Q7X8H9,0.27044025157232704,0.0625,0.05,0,0,0
P50694,Q84T21,0.20754716981132076,0.1125,0.1125,0,0,0
P50694,Q84T91,0.20714285714285716,0.2,0.2,0,0,0
P50694,Q8GT39,0.26717557251908397,0.2375,0.2375,0,0,0
P50694,Q8H4L8,0.24203821656050956,0.1125,0.075,0,0,0
P50694,Q8L5E0,0.2631578947368421,0.15,0.1,0,0,0
P50694,Q8S4P9,0.20408163265306123,0.175,0.1125,0,0,0
P50694,Q8SAE7,0.22077922077922077,0.1,0.075,0,0,0
P50694,Q90YK9,0.26605504587155965,0.15,0.15,0,0,0
P50694,Q91482,0.23853211009174313,0.075,0.05,0,0,0
P50694,Q93YG7,0.25190839694656486,0.2,0.2,0,0,0
P50694,Q948T6,0.1836734693877551,0.0875,0.0875,0,0,0
P50694,Q94JN3,0.25190839694656486,0.225,0.225,0,0,0
P50694,Q9ATH2,0.28695652173913044,0.175,0.0625,0,0,0
P50694,Q9AVK8,0.3020408163265306,0.1375,0.0875,0,0,0
P50694,Q9AXI0,0.22727272727272727,0.1875,0.1875,0,0,0
P50694,Q9FSG7,0.726530612244898,0.7875,0.7875,1,28,12
P50694,Q9FSY7,0.27755102040816326,0.15,0.15,0,0,0
P50694,Q9FUJ9,0.2469879518072289,0.075,0.0625,0,0,0
P50694,Q9M5X7,0.30434782608695654,0.125,0.0875,0,0,0
P50694,Q9M5X8,0.3162393162393162,0.125,0.075,0,0,0
P50694,Q9M7R0,0.21052631578947367,0.075,0.0625,0,0,0
P50694,Q9SQI9,0.2748091603053435,0.2125,0.2125,0,0,0
P50694,Q9XF39,0.26717557251908397,0.125,0.125,0,0,0
P50694,Q9XHP0,0.27346938775510204,0.075,0.05,0,0,0
P50694,Q9XHP1,0.22972972972972974,0.0875,0.075,0,0,0
P50694,Q9XHP2,0.19310344827586207,0.175,0.175,0,0,0
P50694,T2DN75,0.3836734693877551,0.5625,0.5375,1,4,1
P50694,V5XVK5,0.41125541125541126,0.475,0.475,1,4,0
P50694,V7AEY9,0.24081632653061225,0.1375,0.125,0,0,0
P50694,V7B793,0.2903225806451613,0.075,0.075,0,0,0
P50694,V7CAE0,0.2375,0.125,0.075,0,0,0
P50694,V7CE49,0.2125,0.125,0.075,0,0,0
P50694,V7CEG9,0.3157894736842105,0.2,0.2,0,0,0
P50694,W5X2N3,0.2694300518134715,0.125,0.0875,0,0,0
P50694,W8PPL3,0.2571428571428571,0.2375,0.125,0,0,0
P80026,P81370,0.26605504587155965,0.05,0.05,0,0,0
P80026,P81402,0.15384615384615385,0.0375,0.0375,0,0,0
P80026,P84177,0.21100917431192662,0.075,0.075,0,0,0
P80026,P84527,0.2018348623853211,0.0875,0.0875,0,0,0
P80026,P85524,0.1926605504587156,0.1625,0.1625,0,0,0
P80026,P85894,0.2087912087912088,0.05,0.0375,0,0,0
P80026,P86137,0.18478260869565216,0.0625,0.0625,0,0,0
P80026,P86888,0.25396825396825395,0.05,0.0375,0,0,0
P80026,P87498,0.5137614678899083,0.2625,0.2625,0,0,0
P80026,P93594,0.3669724770642202,0.0875,0.0875,0,0,0
P80026,Q004B5,0.29357798165137616,0.1125,0.1125,0,0,0
P80026,Q01881,0.22935779816513763,0.05,0.0375,0,0,0
P80026,Q0DEV5,0.44954128440366975,0.1,0.1,0,0,0
P80026,Q2I6V8,0.23853211009174313,0.125,0.125,0,0,0
P80026,Q39453,0.29357798165137616,0.125,0.125,0,0,0
P80026,Q39649,0.1559633027522936,0.0625,0.05,0,0,0
P80026,Q41115,0.3302752293577982,0.075,0.075,0,0,0
P80026,Q41258,0.1926605504587156,0.0375,0.0375,0,0,0
P80026,Q45W87,0.22018348623853212,0.0875,0.0625,0,0,0
P80026,Q647G3,0.23853211009174313,0.1625,0.1625,0,0,0
P80026,Q647G5,0.25688073394495414,0.0625,0.0625,0,0,0
P80026,Q647G9,0.11009174311926606,0.05,0.05,0,0,0
P80026,Q6TPK4,0.1926605504587156,0.075,0.075,0,0,0
P80026,Q6VT83,0.24770642201834864,0.2125,0.2125,0,0,0
P80026,Q7X8H9,0.21100917431192662,0.1,0.1,0,0,0
P80026,Q84T21,0.1926605504587156,0.05,0.05,0,0,0
P80026,Q84T91,0.23853211009174313,0.125,0.125,0,0,0
P80026,Q8GT39,0.2018348623853211,0.0625,0.0625,0,0,0
P80026,Q8H4L8,0.1651376146788991,0.05,0.05,0,0,0
P80026,Q8L5E0,0.21100917431192662,0.075,0.075,0,0,0
P80026,Q8S4P9,0.3119266055045872,0.1875,0.1875,0,0,0
P80026,Q8SAE7,0.22018348623853212,0.1,0.1,0,0,0
P80026,Q90YK9,0.5229357798165137,0.6125,0.6125,1,2,0
P80026,Q91482,0.5137614678899083,0.5875,0.5875,1,0,0
P80026,Q93YG7,0.2018348623853211,0.05,0.05,0,0,0
P80026,Q948T6,0.3119266055045872,0.2375,0.1625,0,0,0
P80026,Q94JN3,0.1651376146788991,0.125,0.125,0,0,0
P80026,Q9ATH2,0.1926605504587156,0.0625,0.0375,0,0,0
P80026,Q9AVK8,0.3761467889908257,0.2,0.2,0,0,0
P80026,Q9AXI0,0.21100917431192662,0.05,0.0375,0,0,0
P80026,Q9FSG7,0.28440366972477066,0.1125,0.1125,0,0,0
P80026,Q9FSY7,0.3761467889908257,0.1625,0.1625,0,0,0
P80026,Q9FUJ9,0.22018348623853212,0.075,0.075,0,0,0
P80026,Q9M5X7,0.14678899082568808,0.05,0.05,0,0,0
P80026,Q9M5X8,0.14678899082568808,0.05,0.0375,0,0,0
P80026,Q9M7R0,0.28440366972477066,0.3,0.3,0,0,0
P80026,Q9SQI9,0.13761467889908258,0.05,0.05,0,0,0
P80026,Q9XF39,0.1834862385321101,0.05,0.05,0,0,0
P80026,Q9XHP0,0.27522935779816515,0.125,0.125,0,0,0
P80026,Q9XHP1,0.1743119266055046,0.0625,0.0625,0,0,0
P80026,Q9XHP2,0.28440366972477066,0.1,0.1,0,0,0
P80026,T2DN75,0.23853211009174313,0.0375,0.0375,0,0,0
P80026,V5XVK5,0.1834862385321101,0.0625,0.0625,0,0,0
P80026,V7AEY9,0.3119266055045872,0.15,0.15,0,0,0
P80026,V7B793,0.21100917431192662,0.1,0.1,0,0,0
P80026,V7CAE0,0.26605504587155965,0.2375,0.2375,0,0,0
P80026,V7CE49,0.22935779816513763,0.0625,0.0625,0,0,0
P80026,V7CEG9,0.22935779816513763,0.0375,0.0375,0,0,0
P80026,W5X2N3,0.24770642201834864,0.1375,0.1,0,0,0
P80026,W8PPL3,0.3486238532110092,0.175,0.175,0,1,0
P81370,P81402,0.31868131868131866,0.1375,0.1375,0,0,0
P81370,P84177,0.25190839694656486,0.0625,0.0625,0,0,0
P81370,P84527,0.24413145539906103,0.1375,0.1375,0,0,0
P81370,P85524,0.21333333333333335,0.0875,0.05,0,0,0
P81370,P85894,0.31868131868131866,0.1875,0.1875,0,0,0
P81370,P86137,0.2717391304347826,0.1875,0.1,0,0,0
P81370,P86888,0.42857142857142855,0.2,0.2,0,0,0
P81370,P87498,0.41333333333333333,0.1125,0.0875,0,0,0
P81370,P93594,0.28444444444444444,0.175,0.175,0,0,0
P81370,Q004B5,0.26222222222222225,0.0875,0.0625,0,0,0
P81370,Q01881,0.2625,0.125,0.125,0,0,0
P81370,Q0DEV5,0.31555555555555553,0.1875,0.1875,0,0,0
P81370,Q2I6V8,0.25,0.05,0.05,0,0,0
P81370,Q39453,0.2125,0.075,0.0625,0,0,0
P81370,Q39649,0.2127659574468085,0.0875,0.0625,0,0,0
P81370,Q41115,0.27555555555555555,0.2,0.2,0,0,0
P81370,Q41258,0.30303030303030304,0.0625,0.0625,0,0,0
P81370,Q45W87,0.22627737226277372,0.125,0.125,0,0,0
P81370,Q647G3,0.21084337349397592,0.1625,0.1625,0,0,0
P81370,Q647G5,0.23076923076923078,0.1,0.1,0,0,0
P81370,Q647G9,0.2482758620689655,0.175,0.0625,0,0,0
P81370,Q6TPK4,0.3017241379310345,0.0875,0.075,0,0,0
P81370,Q6VT83,0.24203821656050956,0.1,0.1,0,0,0
P81370,Q7X8H9,0.2578616352201258,0.1375,0.1,0,0,0
P81370,Q84T21,0.2389937106918239,0.0875,0.075,0,0,0
P81370,Q84T91,0.2571428571428571,0.1,0.075,0,0,0
P81370,Q8GT39,0.2595419847328244,0.0625,0.0625,0,0,0
P81370,Q8H4L8,0.2229299363057325,0.1125,0.1125,0,0,0
P81370,Q8L5E0,0.2565789473684211,0.1125,0.1125,0,0,0
P81370,Q8S4P9,0.30666666666666664,0.15,0.15,0,0,0
P81370,Q8SAE7,0.24025974025974026,0.125,0.125,0,0,0
P81370,Q90YK9,0.24770642201834864,0.075,0.075,0,0,0
P81370,Q91482,0.28440366972477066,0.1125,0.1125,0,0,0
P81370,Q93YG7,0.26717557251908397,0.0625,0.0625,0,0,0
P81370,Q948T6,0.21333333333333335,0.075,0.0625,0,0,0
P81370,Q94JN3,0.2595419847328244,0.075,0.075,0,0,0
P81370,Q9ATH2,0.3130434782608696,0.0875,0.0875,0,0,0
P81370,Q9AVK8,0.2577777777777778,0.125,0.075,0,0,0
P81370,Q9AXI0,0.22727272727272727,0.0875,0.0625,0,0,0
P81370,Q9FSG7,0.38666666666666666,0.4625,0.4125,1,2,0
P81370,Q9FSY7,0.31555555555555553,0.125,0.0875,0,0,0
P81370,Q9FUJ9,0.18674698795180722,0.1125,0.1125,0,0,0
P81370,Q9M5X7,0.2782608695652174,0.1125,0.1125,0,0,0
P81370,Q9M5X8,0.2564102564102564,0.1,0.1,0,0,0
P81370,Q9M7R0,0.23976608187134502,0.275,0.275,0,0,0
P81370,Q9SQI9,0.2366412213740458,0.1125,0.0875,0,0,0
P81370,Q9XF39,0.2595419847328244,0.0625,0.0625,0,0,0
P81370,Q9XHP0,0.27555555555555555,0.1375,0.0625,0,0,0
P81370,Q9XHP1,0.22297297297297297,0.1375,0.0625,0,0,0
P81370,Q9XHP2,0.22758620689655173,0.1125,0.075,0,0,0
P81370,T2DN75,0.3288888888888889,0.4375,0.45,1,3,1
P81370,V5XVK5,0.6977777777777778,0.825,0.825,1,33,17
P81370,V7AEY9,0.24,0.15,0.0375,0,0,0
P81370,V7B793,0.27419354838709675,0.2,0.2,0,0,0
P81370,V7CAE0,0.2,0.0875,0.0875,0,0,0
P81370,V7CE49,0.225,0.1,0.1,0,0,0
P81370,V7CEG9,0.3233082706766917,0.1625,0.1625,0,0,0
P81370,W5X2N3,0.19689119170984457,0.15,0.125,0,0,0
P81370,W8PPL3,0.26666666666666666,0.2125,0.1625,0,0,0
P81402,P84177,0.1978021978021978,0.0375,0.0375,0,0,0
P81402,P84527,0.27472527472527475,0.1625,0.1625,0,0,0
P81402,P85524,0.17582417582417584,0.075,0.075,0,0,0
P81402,P85894,0.6813186813186813,0.6875,0.6875,1,10,4
P81402,P86137,0.4725274725274725,0.5,0.4875,1,7,5
P81402,P86888,0.2698412698412698,0.05,0.05,0,0,0
P81402,P87498,0.4835164835164835,0.0875,0.0875,0,0,0
P81402,P93594,0.37362637362637363,0.1125,0.1125,0,0,0
P81402,Q004B5,0.2857142857142857,0.0875,0.05,0,0,0
P81402,Q01881,0.2967032967032967,0.1,0.1,0,0,0
P81402,Q0DEV5,0.4175824175824176,0.075,0.075,0,0,0
P81402,Q2I6V8,0.18681318681318682,0.05,0.05,0,0,0
P81402,Q39453,0.17582417582417584,0.05,0.05,0,0,0
P81402,Q39649,0.24175824175824176,0.2,0.2,0,0,0
P81402,Q41115,0.3516483516483517,0.05,0.05,0,0,0
P81402,Q41258,0.2857142857142857,0.275,0.275,1,0,0
P81402,Q45W87,0.24175824175824176,0.1,0.1,0,0,0
P81402,Q647G3,0.21978021978021978,0.1125,0.1125,0,0,0
P81402,Q647G5,0.25274725274725274,0.0625,0.0625,0,0,0
P81402,Q647G9,0.18681318681318682,0.0875,0.0875,0,0,0
P81402,Q6TPK4,0.21978021978021978,0.1375,0.1375,0,0,0
P81402,Q6VT83,0.17582417582417584,0.075,0.075,0,0,0
P81402,Q7X8H9,0.26373626373626374,0.2,0.2,0,0,0
P81402,Q84T21,0.21978021978021978,0.05,0.05,0,0,0
P81402,Q84T91,0.21978021978021978,0.1,0.1,0,0,0
P81402,Q8GT39,0.1978021978021978,0.0375,0.0375,0,0,0
P81402,Q8H4L8,0.2967032967032967,0.1,0.1,0,0,0
P81402,Q8L5E0,0.25274725274725274,0.1,0.1,0,0,0
P81402,Q8S4P9,0.3076923076923077,0.0625,0.0625,0,0,0
P81402,Q8SAE7,0.2087912087912088,0.0625,0.0625,0,0,0
P81402,Q90YK9,0.16483516483516483,0.05,0.05,0,0,0
P81402,Q91482,0.17582417582417584,0.0375,0.0375,0,0,0
P81402,Q93YG7,0.2087912087912088,0.0375,0.0375,0,0,0
P81402,Q948T6,0.2857142857142857,0.075,0.075,0,0,0
P81402,Q94JN3,0.2087912087912088,0.05,0.05,0,0,0
P81402,Q9ATH2,0.5934065934065934,0.625,0.625,1,4,0
P81402,Q9AVK8,0.37362637362637363,0.1625,0.1625,0,0,0
P81402,Q9AXI0,0.1978021978021978,0.0875,0.0875,0,0,0
P81402,Q9FSG7,0.2967032967032967,0.0875,0.0875,0,1,0
P81402,Q9FSY7,0.3516483516483517,0.075,0.075,0,0,0
P81402,Q9FUJ9,0.27472527472527475,0.0625,0.0625,0,0,0
P81402,Q9M5X7,0.8021978021978022,0.8,0.8,1,18,8
P81402,Q9M5X8,0.8791208791208791,0.8875,0.8875,1,36,26
P81402,Q9M7R0,0.18681318681318682,0.05,0.05,0,0,0
P81402,Q9SQI9,0.24175824175824176,0.0625,0.0625,0,0,0
P81402,Q9XF39,0.18681318681318682,0.075,0.075,0,0,0
P81402,Q9XHP0,0.3956043956043956,0.1875,0.1875,0,0,0
P81402,Q9XHP1,0.23076923076923078,0.175,0.175,0,0,0
P81402,Q9XHP2,0.24175824175824176,0.0875,0.0875,0,0,0
P81402,T2DN75,0.3626373626373626,0.0875,0.0875,0,0,0
P81402,V5XVK5,0.2967032967032967,0.0875,0.0875,0,0,0
P81402,V7AEY9,0.31868131868131866,0.075,0.075,0,0,0
P81402,V7B793,0.27472527472527475,0.275,0.275,1,0,0
P81402,V7CAE0,0.23076923076923078,0.0625,0.05,0,0,0
P81402,V7CE49,0.17582417582417584,0.1375,0.1375,0,0,0
P81402,V7CEG9,0.26373626373626374,0.1625,0.1625,0,0,0
P81402,W5X2N3,0.1978021978021978,0.1125,0.1125,0,0,0
P81402,W8PPL3,0.3626373626373626,0.1625,0.1625,0,0,0
P84177,P84527,0.24427480916030533,0.0625,0.0625,0,0,0
P84177,P85524,0.19083969465648856,0.1,0.1,0,0,0
P84177,P85894,0.2087912087912088,0.1,0.1,0,0,0
P84177,P86137,0.22826086956521738,0.0875,0.075,0,0,0
P84177,P86888,0.2222222222222222,0.025,0.025,0,0,0
P84177,P87498,0.4961832061068702,0.1,0.0875,0,0,0
P84177,P93594,0.3282442748091603,0.1125,0.1125,0,0,0
P84177,Q004B5,0.31297709923664124,0.1,0.1,0,0,0
P84177,Q01881,0.2595419847328244,0.075,0.0625,0,0,0
P84177,Q0DEV5,0.3816793893129771,0.1625,0.125,0,0,0
P84177,Q2I6V8,0.2748091603053435,0.075,0.075,0,0,0
P84177,Q39453,0.24427480916030533,0.0625,0.0625,0,0,0
P84177,Q39649,0.17557251908396945,0.125,0.125,0,0,0
P84177,Q41115,0.31297709923664124,0.0875,0.0875,0,0,0
P84177,Q41258,0.183206106870229,0.0625,0.0625,0,0,0
P84177,Q45W87,0.20610687022900764,0.15,0.15,0,0,0
P84177,Q647G3,0.20610687022900764,0.0625,0.0625,0,0,0
P84177,Q647G5,0.19083969465648856,0.075,0.075,0,0,0
P84177,Q647G9,0.13740458015267176,0.05,0.05,0,0,0
P84177,Q6TPK4,0.19827586206896552,0.1,0.1,0,0,0
P84177,Q6VT83,0.20610687022900764,0.0875,0.0875,0,0,0
P84177,Q7X8H9,0.2366412213740458,0.1625,0.075,0,0,0
P84177,Q84T21,0.20610687022900764,0.2125,0.2125,0,0,0
P84177,Q84T91,0.22137404580152673,0.0875,0.0875,0,0,0
P84177,Q8GT39,0.7786259541984732,0.8125,0.8125,1,34,22
P84177,Q8H4L8,0.2366412213740458,0.15,0.15,0,0,0
P84177,Q8L5E0,0.21374045801526717,0.225,0.225,0,0,0
P84177,Q8S4P9,0.3282442748091603,0.1625,0.05,0,0,0
P84177,Q8SAE7,0.24427480916030533,0.075,0.075,0,0,0
P84177,Q90YK9,0.1834862385321101,0.0875,0.0875,0,0,0
P84177,Q91482,0.21100917431192662,0.075,0.05,0,0,0
P84177,Q93YG7,0.7786259541984732,0.8625,0.8625,1,38,28
P84177,Q948T6,0.2595419847328244,0.1625,0.1625,0,0,0
P84177,Q94JN3,0.7938931297709924,0.85,0.85,1,30,15
P84177,Q9ATH2,0.22608695652173913,0.0625,0.0625,0,0,0
P84177,Q9AVK8,0.2824427480916031,0.15,0.15,0,0,0
P84177,Q9AXI0,0.2366412213740458,0.1375,0.1375,0,0,0
P84177,Q9FSG7,0.24427480916030533,0.0625,0.0625,0,0,0
P84177,Q9FSY7,0.3969465648854962,0.15,0.15,0,0,0
P84177,Q9FUJ9,0.21374045801526717,0.225,0.2,0,0,0
P84177,Q9M5X7,0.21739130434782608,0.075,0.05,0,0,0
P84177,Q9M5X8,0.19658119658119658,0.075,0.05,0,0,0
P84177,Q9M7R0,0.19083969465648856,0.0875,0.0625,0,0,0
P84177,Q9SQI9,0.732824427480916,0.7875,0.7875,1,30,21
P84177,Q9XF39,0.9694656488549618,0.975,0.975,1,107,99
P84177,Q9XHP0,0.26717557251908397,0.0625,0.0625,0,0,0
P84177,Q9XHP1,0.15267175572519084,0.0375,0.0375,0,0,0
P84177,Q9XHP2,0.1984732824427481,0.075,0.075,0,0,0
P84177,T2DN75,0.22137404580152673,0.125,0.125,0,0,0
P84177,V5XVK5,0.24427480916030533,0.1,0.1,0,0,0
P84177,V7AEY9,0.2824427480916031,0.25,0.25,0,0,0
P84177,V7B793,0.1935483870967742,0.1125,0.075,0,0,0
P84177,V7CAE0,0.20610687022900764,0.05,0.05,0,0,0
P84177,V7CE49,0.21374045801526717,0.0875,0.0875,0,0,0
P84177,V7CEG9,0.20610687022900764,0.1,0.1,0,0,0
P84177,W5X2N3,0.21374045801526717,0.05,0.0375,0,0,0
P84177,W8PPL3,0.32061068702290074,0.1,0.0625,0,0,0
P84527,P85524,0.17333333333333334,0.0625,0.0625,0,0,0
P84527,P85894,0.27472527472527475,0.2375,0.1875,0,0,0
P84527,P86137,0.25,0.1375,0.075,0,0,0
P84527,P86888,0.3968253968253968,0.1125,0.1125,0,0,0
P84527,P87498,0.41784037558685444,0.2125,0.2125,0,0,0
P84527,P93594,0.29577464788732394,0.125,0.125,0,0,0
P84527,Q004B5,0.2676056338028169,0.1375,0.1375,0,0,0
P84527,Q01881,0.23125,0.1125,0.1125,0,0,0
P84527,Q0DEV5,0.30985915492957744,0.1,0.1,0,0,0
P84527,Q2I6V8,0.1875,0.1375,0.1125,0,0,0
P84527,Q39453,0.25,0.1375,0.1125,0,0,0
P84527,Q39649,0.2198581560283688,0.1,0.1,0,0,0
P84527,Q41115,0.30985915492957744,0.125,0.125,0,0,0
P84527,Q41258,0.23484848484848486,0.1,0.1,0,0,0
P84527,Q45W87,0.23357664233576642,0.075,0.05,0,0,0
P84527,Q647G3,0.20481927710843373,0.0875,0.075,0,0,0
P84527,Q647G5,0.20710059171597633,0.1125,0.1125,0,0,0
P84527,Q647G9,0.21379310344827587,0.1375,0.1375,0,0,0
P84527,Q6TPK4,0.27586206896551724,0.15,0.15,0,0,0
P84527,Q6VT83,0.28662420382165604,0.0875,0.05,0,0,0
P84527,Q7X8H9,0.2578616352201258,0.15,0.15,0,0,0
P84527,Q84T21,0.18867924528301888,0.0875,0.075,0,0,0
P84527,Q84T91,0.22142857142857142,0.125,0.075,0,0,0
P84527,Q8GT39,0.2824427480916031,0.1125,0.1125,0,0,0
P84527,Q8H4L8,0.25477707006369427,0.1125,0.0875,0,0,0
P84527,Q8L5E0,0.2236842105263158,0.1125,0.1125,0,0,0
P84527,Q8S4P9,0.24882629107981222,0.1125,0.075,0,0,0
P84527,Q8SAE7,0.21428571428571427,0.075,0.05,0,0,0
P84527,Q90YK9,0.26605504587155965,0.075,0.075,0,0,0
P84527,Q91482,0.25688073394495414,0.075,0.075,0,0,0
P84527,Q93YG7,0.26717557251908397,0.1125,0.0625,0,0,0
P84527,Q948T6,0.20657276995305165,0.075,0.075,0,0,0
P84527,Q94JN3,0.2748091603053435,0.1,0.075,0,0,0
P84527,Q9ATH2,0.2608695652173913,0.2,0.1625,0,0,0
P84527,Q9AVK8,0.24882629107981222,0.1125,0.0625,0,0,0
P84527,Q9AXI0,0.21022727272727273,0.1875,0.1875,0,0,0
P84527,Q9FSG7,0.23943661971830985,0.25,0.2125,0,0,0
P84527,Q9FSY7,0.3192488262910798,0.1625,0.1,0,0,0
P84527,Q9FUJ9,0.21686746987951808,0.0625,0.05,0,0,0
P84527,Q9M5X7,0.3391304347826087,0.1875,0.175,0,0,0
P84527,Q9M5X8,0.3076923076923077,0.2125,0.2125,0,0,0
P84527,Q9M7R0,0.21637426900584794,0.1875,0.0875,0,0,0
P84527,Q9SQI9,0.2595419847328244,0.1,0.075,0,0,0
P84527,Q9XF39,0.21374045801526717,0.0625,0.0625,0,0,0
P84527,Q9XHP0,0.3051643192488263,0.175,0.175,0,0,0
P84527,Q9XHP1,0.14864864864864866,0.1125,0.0625,0,0,0
P84527,Q9XHP2,0.21379310344827587,0.1125,0.1125,0,0,0
P84527,T2DN75,0.23943661971830985,0.3,0.2625,0,0,0
P84527,V5XVK5,0.2300469483568075,0.2125,0.2125,0,0,0
P84527,V7AEY9,0.22535211267605634,0.1375,0.1375,0,0,0
P84527,V7B793,0.25806451612903225,0.3375,0.325,0,0,0
P84527,V7CAE0,0.18125,0.1,0.1,0,0,0
P84527,V7CE49,0.18125,0.1,0.1,0,0,0
P84527,V7CEG9,0.2932330827067669,0.1375,0.1375,0,0,0
P84527,W5X2N3,0.20207253886010362,0.1125,0.1125,0,0,0
P84527,W8PPL3,0.24882629107981222,0.1375,0.1,0,0,0
P85524,P85894,0.23076923076923078,0.05,0.05,0,0,0
P85524,P86137,0.16304347826086957,0.0625,0.05,0,0,0
P85524,P86888,0.15873015873015872,0.05,0.05,0,0,0
P85524,P87498,0.46,0.125,0.125,0,0,0
P85524,P93594,0.28,0.0625,0.05,0,0,0
P85524,Q004B5,0.29333333333333333,0.0875,0.0875,0,0,0
P85524,Q01881,0.17333333333333334,0.0625,0.0625,0,0,0
P85524,Q0DEV5,0.32,0.1125,0.1,0,0,0
P85524,Q2I6V8,0.25333333333333335,0.275,0.2375,0,0,0
P85524,Q39453,0.20666666666666667,0.25,0.2625,0,0,0
P85524,Q39649,0.1347517730496454,0.0625,0.0625,0,0,0
P85524,Q41115,0.3,0.1125,0.0875,0,0,0
P85524,Q41258,0.14393939393939395,0.0625,0.0625,0,0,0
P85524,Q45W87,0.15328467153284672,0.05,0.0375,0,0,0
P85524,Q647G3,0.13333333333333333,0.15,0.1375,0,0,0
P85524,Q647G5,0.20666666666666667,0.075,0.075,0,0,0
P85524,Q647G9,0.14482758620689656,0.0625,0.0625,0,0,0
P85524,Q6TPK4,0.20689655172413793,0.1,0.1,0,0,0
P85524,Q6VT83,0.23333333333333334,0.2625,0.2,0,0,0
P85524,Q7X8H9,0.15333333333333332,0.05,0.05,0,0,0
P85524,Q84T21,0.18666666666666668,0.05,0.05,0,0,0
P85524,Q84T91,0.12857142857142856,0.05,0.025,0,0,0
P85524,Q8GT39,0.16793893129770993,0.125,0.125,0,0,0
P85524,Q8H4L8,0.12,0.075,0.05,0,0,0
P85524,Q8L5E0,0.2,0.075,0.075,0,0,0
P85524,Q8S4P9,0.24666666666666667,0.0625,0.0625,0,0,0
P85524,Q8SAE7,0.24,0.225,0.225,0,0,0
P85524,Q90YK9,0.21100917431192662,0.1,0.1,0,0,0
P85524,Q91482,0.1834862385321101,0.125,0.125,0,0,0
P85524,Q93YG7,0.16793893129770993,0.0625,0.0625,0,0,0
P85524,Q948T6,0.26666666666666666,0.1125,0.05,0,0,0
P85524,Q94JN3,0.2366412213740458,0.0875,0.05,0,0,0
P85524,Q9ATH2,0.19130434782608696,0.05,0.05,0,0,0
P85524,Q9AVK8,0.30666666666666664,0.175,0.1125,0,0,0
P85524,Q9AXI0,0.19333333333333333,0.05,0.05,0,0,0
P85524,Q9FSG7,0.22666666666666666,0.05,0.05,0,0,0
P85524,Q9FSY7,0.38,0.225,0.075,0,0,0
P85524,Q9FUJ9,0.2,0.1,0.0625,0,0,0
P85524,Q9M5X7,0.1826086956521739,0.0625,0.0625,0,0,0
P85524,Q9M5X8,0.1794871794871795,0.075,0.075,0,0,0
P85524,Q9M7R0,0.21333333333333335,0.125,0.1,0,0,0
P85524,Q9SQI9,0.16030534351145037,0.0875,0.075,0,0,0
P85524,Q9XF39,0.19083969465648856,0.1,0.05,0,0,0
P85524,Q9XHP0,0.23333333333333334,0.0875,0.0875,0,0,0
P85524,Q9XHP1,0.10135135135135136,0.0875,0.0875,0,0,0
P85524,Q9XHP2,0.1310344827586207,0.125,0.125,0,0,0
P85524,T2DN75,0.22666666666666666,0.0625,0.0625,0,0,0
P85524,V5XVK5,0.18,0.0625,0.0625,0,0,0
P85524,V7AEY9,0.3,0.0875,0.0875,0,0,0
P85524,V7B793,0.20161290322580644,0.0625,0.0625,0,0,0
P85524,V7CAE0,0.20666666666666667,0.25,0.25,0,0,0
P85524,V7CE49,0.16666666666666666,0.0625,0.0625,0,0,0
P85524,V7CEG9,0.12781954887218044,0.05,0.05,0,0,0
P85524,W5X2N3,0.18666666666666668,0.075,0.05,0,0,0
P85524,W8PPL3,0.30666666666666664,0.3,0.2625,0,0,0
P85894,P86137,0.4835164835164835,0.5125,0.5,1,5,3
P85894,P86888,0.25396825396825395,0.0875,0.0875,0,0,0
P85894,P87498,0.4945054945054945,0.1,0.1,0,0,0
P85894,P93594,0.4065934065934066,0.0875,0.0875,0,0,0
P85894,Q004B5,0.4175824175824176,0.075,0.075,0,0,0
P85894,Q01881,0.2857142857142857,0.0875,0.0875,0,0,0
P85894,Q0DEV5,0.4945054945054945,0.0875,0.0875,0,0,0
P85894,Q2I6V8,0.21978021978021978,0.075,0.075,0,0,0
P85894,Q39453,0.24175824175824176,0.1375,0.1375,0,0,0
P85894,Q39649,0.23076923076923078,0.1625,0.1625,0,0,0
P85894,Q41115,0.27472527472527475,0.05,0.05,0,0,0
P85894,Q41258,0.2857142857142857,0.2625,0.2625,1,0,0
P85894,Q45W87,0.21978021978021978,0.075,0.075,0,0,0
P85894,Q647G3,0.25274725274725274,0.1125,0.1125,0,0,0
P85894,Q647G5,0.2857142857142857,0.125,0.125,0,0,0
P85894,Q647G9,0.18681318681318682,0.0375,0.0375,0,0,0
P85894,Q6TPK4,0.21978021978021978,0.075,0.075,0,0,0
P85894,Q6VT83,0.1978021978021978,0.0625,0.0625,0,0,0
P85894,Q7X8H9,0.24175824175824176,0.175,0.175,0,0,0
P85894,Q84T21,0.1978021978021978,0.0875,0.0875,0,0,0
P85894,Q84T91,0.15384615384615385,0.075,0.075,0,0,0
P85894,Q8GT39,0.18681318681318682,0.1,0.1,0,0,0
P85894,Q8H4L8,0.27472527472527475,0.0875,0.0875,0,0,0
P85894,Q8L5E0,0.1978021978021978,0.0875,0.0875,0,0,0
P85894,Q8S4P9,0.27472527472527475,0.0875,0.0875,0,0,0
P85894,Q8SAE7,0.2087912087912088,0.0375,0.0375,0,0,0
P85894,Q90YK9,0.25274725274725274,0.1625,0.1625,0,0,0
P85894,Q91482,0.16483516483516483,0.0625,0.0625,0,0,0
P85894,Q93YG7,0.23076923076923078,0.1125,0.1125,0,0,0
P85894,Q948T6,0.23076923076923078,0.0625,0.0625,0,0,0
P85894,Q94JN3,0.18681318681318682,0.125,0.125,0,0,0
P85894,Q9ATH2,0.6263736263736264,0.6625,0.6625,1,11,6
P85894,Q9AVK8,0.32967032967032966,0.0625,0.0625,0,0,0
P85894,Q9AXI0,0.26373626373626374,0.15,0.15,0,0,0
P85894,Q9FSG7,0.3516483516483517,0.1625,0.1625,0,0,0
P85894,Q9FSY7,0.3956043956043956,0.2,0.2,0,0,0
P85894,Q9FUJ9,0.25274725274725274,0.1,0.1,0,0,0
P85894,Q9M5X7,0.7032967032967034,0.7125,0.7125,1,11,3
P85894,Q9M5X8,0.7032967032967034,0.7125,0.7125,1,12,3
P85894,Q9M7R0,0.26373626373626374,0.0625,0.0625,0,0,0
P85894,Q9SQI9,0.17582417582417584,0.05,0.05,0,0,0
P85894,Q9XF39,0.2087912087912088,0.1,0.1,0,0,0
P85894,Q9XHP0,0.32967032967032966,0.2,0.2,0,0,0
P85894,Q9XHP1,0.25274725274725274,0.2,0.2,0,0,0
P85894,Q9XHP2,0.31868131868131866,0.1125,0.1125,0,0,0
P85894,T2DN75,0.32967032967032966,0.125,0.125,0,0,0
P85894,V5XVK5,0.3516483516483517,0.0875,0.0875,0,0,0
P85894,V7AEY9,0.2857142857142857,0.05,0.05,0,0,0
P85894,V7B793,0.27472527472527475,0.275,0.275,1,0,0
P85894,V7CAE0,0.25274725274725274,0.1625,0.1625,0,0,0
P85894,V7CE49,0.23076923076923078,0.0625,0.0625,0,0,0
P85894,V7CEG9,0.32967032967032966,0.3,0.3,0,0,0
P85894,W5X2N3,0.27472527472527475,0.0625,0.0375,0,0,0
P85894,W8PPL3,0.3626373626373626,0.0875,0.0875,0,0,0
P86137,P86888,0.2698412698412698,0.0625,0.0625,0,0,0
P86137,P87498,0.5,0.15,0.15,0,0,0
P86137,P93594,0.32608695652173914,0.1125,0.1125,0,0,0
P86137,Q004B5,0.3695652173913043,0.1125,0.1125,0,0,0
P86137,Q01881,0.2717391304347826,0.125,0.125,0,0,0
P86137,Q0DEV5,0.358695652173913,0.1375,0.1375,0,0,0
P86137,Q2I6V8,0.15217391304347827,0.075,0.075,0,0,0
P86137,Q39453,0.22826086956521738,0.1,0.1,0,0,0
P86137,Q39649,0.2717391304347826,0.125,0.125,0,0,0
P86137,Q41115,0.22826086956521738,0.05,0.0375,0,0,0
P86137,Q41258,0.2608695652173913,0.2375,0.2375,1,0,0
P86137,Q45W87,0.1956521739130435,0.0625,0.0625,0,0,0
P86137,Q647G3,0.2826086956521739,0.1375,0.1375,0,0,0
P86137,Q647G5,0.2608695652173913,0.1625,0.1625,0,0,0
P86137,Q647G9,0.2717391304347826,0.1125,0.1125,0,0,0
P86137,Q6TPK4,0.2391304347826087,0.0625,0.0625,0,0,0
P86137,Q6VT83,0.15217391304347827,0.1375,0.1375,0,0,0
P86137,Q7X8H9,0.2608695652173913,0.0875,0.0875,0,0,0
P86137,Q84T21,0.1956521739130435,0.1125,0.1125,0,0,0
P86137,Q84T91,0.22826086956521738,0.1,0.1,0,0,0
P86137,Q8GT39,0.1956521739130435,0.0875,0.0625,0,0,0
P86137,Q8H4L8,0.2717391304347826,0.1375,0.1375,0,0,0
P86137,Q8L5E0,0.2826086956521739,0.075,0.075,0,0,0
P86137,Q8S4P9,0.32608695652173914,0.075,0.075,0,0,0
P86137,Q8SAE7,0.20652173913043478,0.0625,0.0625,0,0,0
P86137,Q90YK9,0.17391304347826086,0.075,0.075,0,0,0
P86137,Q91482,0.1956521739130435,0.075,0.075,0,0,0
P86137,Q93YG7,0.20652173913043478,0.1,0.0625,0,0,0
P86137,Q948T6,0.2608695652173913,0.05,0.05,0,0,0
P86137,Q94JN3,0.1956521739130435,0.0875,0.0875,0,0,0
P86137,Q9ATH2,0.42391304347826086,0.4625,0.4625,1,1,0
P86137,Q9AVK8,0.31521739130434784,0.1125,0.1125,0,0,0
P86137,Q9AXI0,0.31521739130434784,0.15,0.15,0,0,0
P86137,Q9FSG7,0.2826086956521739,0.0875,0.075,0,0,0
P86137,Q9FSY7,0.34782608695652173,0.1125,0.0875,0,0,0
P86137,Q9FUJ9,0.21739130434782608,0.125,0.125,0,0,0
P86137,Q9M5X7,0.42391304347826086,0.4375,0.425,1,1,0
P86137,Q9M5X8,0.44565217391304346,0.4625,0.45,1,2,0
P86137,Q9M7R0,0.21739130434782608,0.05,0.05,0,0,0
P86137,Q9SQI9,0.18478260869565216,0.075,0.075,0,0,0
P86137,Q9XF39,0.22826086956521738,0.075,0.075,0,0,0
P86137,Q9XHP0,0.358695652173913,0.1,0.1,0,0,0
P86137,Q9XHP1,0.21739130434782608,0.125,0.125,0,0,0
P86137,Q9XHP2,0.29347826086956524,0.1125,0.1125,0,0,0
P86137,T2DN75,0.31521739130434784,0.125,0.125,0,0,0
P86137,V5XVK5,0.2608695652173913,0.0625,0.0625,0,0,0
P86137,V7AEY9,0.2608695652173913,0.15,0.15,0,0,0
P86137,V7B793,0.2826086956521739,0.2875,0.2625,1,0,0
P86137,V7CAE0,0.17391304347826086,0.05,0.05,0,0,0
P86137,V7CE49,0.18478260869565216,0.1,0.1,0,0,0
P86137,V7CEG9,0.22826086956521738,0.225,0.225,0,0,0
P86137,W5X2N3,0.25,0.1,0.1,0,0,0
P86137,W8PPL3,0.33695652173913043,0.1875,0.1875,0,0,0
P86888,P87498,0.4603174603174603,0.05,0.05,0,0,0
P86888,P93594,0.3968253968253968,0.05,0.05,0,0,0
P86888,Q004B5,0.36507936507936506,0.0875,0.0875,0,0,0
P86888,Q01881,0.2857142857142857,0.1,0.1,0,0,0
P86888,Q0DEV5,0.36507936507936506,0.0625,0.0625,0,0,0
P86888,Q2I6V8,0.3492063492063492,0.0375,0.0375,0,0,0
P86888,Q39453,0.23809523809523808,0.0625,0.0625,0,0,0
P86888,Q39649,0.2698412698412698,0.125,0.125,0,0,0
P86888,Q41115,0.2857142857142857,0.1,0.1,0,0,0
P86888,Q41258,0.2698412698412698,0.1,0.1,0,0,0
P86888,Q45W87,0.19047619047619047,0.0375,0.0375,0,0,0
P86888,Q647G3,0.2698412698412698,0.125,0.125,0,0,0
P86888,Q647G5,0.25396825396825395,0.0375,0.0375,0,0,0
P86888,Q647G9,0.2222222222222222,0.0625,0.0625,0,0,0
P86888,Q6TPK4,0.20634920634920634,0.025,0.025,0,0,0
P86888,Q6VT83,0.2222222222222222,0.0625,0.0625,0,0,0
P86888,Q7X8H9,0.2857142857142857,0.05,0.05,0,0,0
P86888,Q84T21,0.14285714285714285,0.0375,0.0375,0,0,0
P86888,Q84T91,0.20634920634920634,0.05,0.05,0,0,0
P86888,Q8GT39,0.31746031746031744,0.0375,0.0375,0,0,0
P86888,Q8H4L8,0.2698412698412698,0.1,0.1,0,0,0
P86888,Q8L5E0,0.25396825396825395,0.05,0.05,0,0,0
P86888,Q8S4P9,0.3492063492063492,0.0625,0.0625,0,0,0
P86888,Q8SAE7,0.23809523809523808,0.05,0.05,0,0,0
P86888,Q90YK9,0.19047619047619047,0.075,0.075,0,0,0
P86888,Q91482,0.20634920634920634,0.05,0.05,0,0,0
P86888,Q93YG7,0.2698412698412698,0.0375,0.0375,0,0,0
P86888,Q948T6,0.2857142857142857,0.0375,0.0375,0,0,0
P86888,Q94JN3,0.31746031746031744,0.0375,0.0375,0,0,0
P86888,Q9ATH2,0.31746031746031744,0.0875,0.0875,0,0,0
P86888,Q9AVK8,0.4444444444444444,0.0625,0.0625,0,0,0
P86888,Q9AXI0,0.20634920634920634,0.0375,0.0375,0,0,0
P86888,Q9FSG7,0.4603174603174603,0.1,0.1,0,0,0
P86888,Q9FSY7,0.3492063492063492,0.1125,0.1125,0,0,0
P86888,Q9FUJ9,0.19047619047619047,0.0875,0.0875,0,0,0
P86888,Q9M5X7,0.31746031746031744,0.0625,0.0625,0,0,0
P86888,Q9M5X8,0.23809523809523808,0.05,0.05,0,0,0
P86888,Q9M7R0,0.30158730158730157,0.0375,0.0375,0,0,0
P86888,Q9SQI9,0.2222222222222222,0.0375,0.0375,0,0,0
P86888,Q9XF39,0.2222222222222222,0.025,0.025,0,0,0
P86888,Q9XHP0,0.38095238095238093,0.075,0.075,0,0,0
P86888,Q9XHP1,0.25396825396825395,0.05,0.05,0,0,0
P86888,Q9XHP2,0.19047619047619047,0.0375,0.0375,0,0,0
P86888,T2DN75,0.36507936507936506,0.1125,0.1125,0,0,0
P86888,V5XVK5,0.3968253968253968,0.1,0.1,0,0,0
P86888,V7AEY9,0.31746031746031744,0.075,0.075,0,0,0
P86888,V7B793,0.36507936507936506,0.125,0.125,0,0,0
P86888,V7CAE0,0.30158730158730157,0.05,0.05,0,0,0
P86888,V7CE49,0.2222222222222222,0.0375,0.0375,0,0,0
P86888,V7CEG9,0.30158730158730157,0.075,0.075,0,0,0
P86888,W5X2N3,0.2857142857142857,0.05,0.05,0,0,0
P86888,W8PPL3,0.4126984126984127,0.1125,0.1125,0,0,0
P87498,P93594,0.33399602385685884,0.2,0.1125,0,0,0
P87498,Q004B5,0.3398876404494382,0.2375,0.2375,0,0,0
P87498,Q01881,0.40625,0.2125,0.175,0,0,0
P87498,Q0DEV5,0.3333333333333333,0.2375,0.2125,0,0,0
P87498,Q2I6V8,0.4,0.175,0.175,0,0,0
P87498,Q39453,0.50625,0.1875,0.1875,0,0,0
P87498,Q39649,0.4397163120567376,0.15,0.1,0,0,0
P87498,Q41115,0.3488372093023256,0.2375,0.175,0,0,0
P87498,Q41258,0.45454545454545453,0.1625,0.1375,0,0,0
P87498,Q45W87,0.4744525547445255,0.225,0.15,0,0,0
P87498,Q647G3,0.463855421686747,0.15,0.1375,0,0,0
P87498,Q647G5,0.39644970414201186,0.2125,0.15,0,0,0
P87498,Q647G9,0.38620689655172413,0.2,0.2375,0,0,0
P87498,Q6TPK4,0.5086206896551724,0.225,0.2,0,0,0
P87498,Q6VT83,0.40764331210191085,0.2375,0.175,0,0,0
P87498,Q7X8H9,0.4025157232704403,0.2625,0.2625,0,0,0
P87498,Q84T21,0.4968553459119497,0.2625,0.2625,0,0,0
P87498,Q84T91,0.4714285714285714,0.2375,0.125,0,0,0
P87498,Q8GT39,0.4580152671755725,0.15,0.1125,0,0,0
P87498,Q8H4L8,0.45222929936305734,0.225,0.2,0,0,0
P87498,Q8L5E0,0.40131578947368424,0.1125,0.0625,0,0,0
P87498,Q8S4P9,0.33705357142857145,0.25,0.225,0,1,0
P87498,Q8SAE7,0.43506493506493504,0.2625,0.2375,0,0,0
P87498,Q90YK9,0.47706422018348627,0.275,0.275,0,0,0
P87498,Q91482,0.3944954128440367,0.1375,0.1375,0,0,0
P87498,Q93YG7,0.44274809160305345,0.125,0.1,0,0,0
P87498,Q948T6,0.35738831615120276,0.275,0.1375,0,0,0
P87498,Q94JN3,0.48854961832061067,0.1375,0.1375,0,0,0
P87498,Q9ATH2,0.4434782608695652,0.2125,0.2125,0,0,0
P87498,Q9AVK8,0.33403361344537813,0.275,0.275,0,0,0
P87498,Q9AXI0,0.4034090909090909,0.175,0.1625,0,0,0
P87498,Q9FSG7,0.3699186991869919,0.1625,0.125,0,0,0
P87498,Q9FSY7,0.2994011976047904,0.3,0.2,0,0,0
P87498,Q9FUJ9,0.3855421686746988,0.35,0.2,0,0,0
P87498,Q9M5X7,0.46956521739130436,0.1375,0.0875,0,0,0
P87498,Q9M5X8,0.452991452991453,0.1375,0.1375,0,0,0
P87498,Q9M7R0,0.38596491228070173,0.2125,0.15,0,0,0
P87498,Q9SQI9,0.45038167938931295,0.1125,0.1125,0,0,0
P87498,Q9XF39,0.48091603053435117,0.1625,0.075,0,0,0
P87498,Q9XHP0,0.35076252723311546,0.2375,0.1,0,0,0
P87498,Q9XHP1,0.38513513513513514,0.2375,0.2375,0,0,0
P87498,Q9XHP2,0.42758620689655175,0.1875,0.1125,0,0,0
P87498,T2DN75,0.36220472440944884,0.2375,0.2375,0,0,0
P87498,V5XVK5,0.3463203463203463,0.2375,0.0875,0,0,0
P87498,V7AEY9,0.36797752808988765,0.1875,0.0875,0,0,0
P87498,V7B793,0.5161290322580645,0.175,0.1125,0,0,0
P87498,V7CAE0,0.425,0.1875,0.1875,0,0,0
P87498,V7CE49,0.44375,0.1875,0.1625,0,1,0
P87498,V7CEG9,0.41353383458646614,0.125,0.125,0,0,0
P87498,W5X2N3,0.38860103626943004,0.1875,0.1625,0,0,0
P87498,W8PPL3,0.3324538258575198,0.2625,0.225,0,0,0
P93594,Q004B5,0.2752808988764045,0.2375,0.0875,0,0,0
P93594,Q01881,0.35,0.125,0.0625,0,0,0
P93594,Q0DEV5,0.22664015904572565,0.2125,0.2125,0,0,0
P93594,Q2I6V8,0.31875,0.1125,0.1125,0,0,0
P93594,Q39453,0.35,0.125,0.125,0,0,0
P93594,Q39649,0.2765957446808511,0.1625,0.1125,0,0,0
P93594,Q41115,0.1813953488372093,0.1625,0.0875,0,0,0
P93594,Q41258,0.29545454545454547,0.1125,0.075,0,0,0
P93594,Q45W87,0.34306569343065696,0.125,0.0875,0,0,0
P93594,Q647G3,0.30120481927710846,0.15,0.15,0,0,0
P93594,Q647G5,0.3076923076923077,0.1,0.0875,0,0,0
P93594,Q647G9,0.2896551724137931,0.15,0.1125,0,0,0
P93594,Q6TPK4,0.3275862068965517,0.2125,0.2125,0,0,0
P93594,Q6VT83,0.3184713375796178,0.15,0.15,0,0,0
P93594,Q7X8H9,0.3333333333333333,0.1125,0.075,0,0,0
P93594,Q84T21,0.2641509433962264,0.15,0.15,0,0,0
P93594,Q84T91,0.3142857142857143,0.1,0.0875,0,0,0
P93594,Q8GT39,0.33587786259541985,0.125,0.1,0,0,0
P93594,Q8H4L8,0.37579617834394907,0.1125,0.0875,0,0,0
P93594,Q8L5E0,0.35526315789473684,0.125,0.0875,0,0,0
P93594,Q8S4P9,0.19196428571428573,0.15,0.15,0,0,0
P93594,Q8SAE7,0.34415584415584416,0.2375,0.0875,0,0,0
P93594,Q90YK9,0.3853211009174312,0.1375,0.1125,0,0,0
P93594,Q91482,0.3486238532110092,0.125,0.1,0,0,0
P93594,Q93YG7,0.3282442748091603,0.1125,0.1,0,0,0
P93594,Q948T6,0.24054982817869416,0.2,0.0875,0,0,0
P93594,Q94JN3,0.29770992366412213,0.1125,0.0875,0,0,0
P93594,Q9ATH2,0.3652173913043478,0.075,0.0625,0,0,0
P93594,Q9AVK8,0.19957983193277312,0.175,0.1125,0,0,0
P93594,Q9AXI0,0.3409090909090909,0.1875,0.1,0,0,0
P93594,Q9FSG7,0.27235772357723576,0.1375,0.0625,0,0,0
P93594,Q9FSY7,0.23260437375745527,0.225,0.15,0,0,0
P93594,Q9FUJ9,0.30120481927710846,0.1625,0.1,0,0,0
P93594,Q9M5X7,0.3739130434782609,0.1375,0.1375,0,0,0
P93594,Q9M5X8,0.4188034188034188,0.15,0.15,0,0,0
P93594,Q9M7R0,0.3508771929824561,0.1625,0.1625,0,0,0
P93594,Q9SQI9,0.29770992366412213,0.125,0.1,0,0,0
P93594,Q9XF39,0.32061068702290074,0.175,0.1125,0,0,0
P93594,Q9XHP0,0.19172113289760348,0.1875,0.125,0,0,0
P93594,Q9XHP1,0.2905405405405405,0.075,0.05,0,0,0
P93594,Q9XHP2,0.32413793103448274,0.1375,0.1375,0,0,0
P93594,T2DN75,0.2440944881889764,0.1375,0.0625,0,0,0
P93594,V5XVK5,0.2510822510822511,0.1125,0.0875,0,0,0
P93594,V7AEY9,0.2303370786516854,0.0875,0.0625,0,0,0
P93594,V7B793,0.31451612903225806,0.1,0.1,0,0,0
P93594,V7CAE0,0.31875,0.0875,0.075,0,0,0
P93594,V7CE49,0.31875,0.1,0.075,0,0,0
P93594,V7CEG9,0.3233082706766917,0.225,0.0625,0,0,0
P93594,W5X2N3,0.30569948186528495,0.15,0.15,0,0,0
P93594,W8PPL3,0.20052770448548812,0.2,0.075,0,0,0
Q004B5,Q01881,0.3,0.0875,0.05,0,0,0
Q004B5,Q0DEV5,0.2640449438202247,0.1375,0.0625,0,0,0
Q004B5,Q2I6V8,0.3125,0.1,0.1,0,0,0
Q004B5,Q39453,0.275,0.1375,0.1375,0,0,0
Q004B5,Q39649,0.3191489361702128,0.1,0.1,0,0,0
Q004B5,Q41115,0.22752808988764045,0.225,0.225,0,0,0
Q004B5,Q41258,0.29545454545454547,0.075,0.05,0,0,0
Q004B5,Q45W87,0.3284671532846715,0.075,0.0375,0,0,0
Q004B5,Q647G3,0.2289156626506024,0.125,0.075,0,0,0
Q004B5,Q647G5,0.26627218934911245,0.1375,0.1375,0,0,0
Q004B5,Q647G9,0.2689655172413793,0.0875,0.0625,0,0,0
Q004B5,Q6TPK4,0.3275862068965517,0.1625,0.0625,0,0,0
Q004B5,Q6VT83,0.2611464968152866,0.125,0.075,0,0,0
Q004B5,Q7X8H9,0.3081761006289308,0.075,0.05,0,0,0
Q004B5,Q84T21,0.32075471698113206,0.2125,0.2125,0,0,0
Q004B5,Q84T91,0.34285714285714286,0.1,0.1,0,0,0
Q004B5,Q8GT39,0.3053435114503817,0.1,0.1,0,0,0
Q004B5,Q8H4L8,0.27388535031847133,0.1,0.05,0,0,0
Q004B5,Q8L5E0,0.3355263157894737,0.1375,0.1375,0,0,0
Q004B5,Q8S4P9,0.21910112359550563,0.2375,0.1375,0,0,0
Q004B5,Q8SAE7,0.33116883116883117,0.25,0.3,0,0,0
Q004B5,Q90YK9,0.3119266055045872,0.175,0.175,0,0,0
Q004B5,Q91482,0.3669724770642202,0.175,0.0875,0,0,0
Q004B5,Q93YG7,0.26717557251908397,0.1625,0.1,0,0,0
Q004B5,Q948T6,0.20618556701030927,0.2,0.175,0,0,0
Q004B5,Q94JN3,0.29770992366412213,0.125,0.1,0,0,0
Q004B5,Q9ATH2,0.30434782608695654,0.075,0.0375,0,0,0
Q004B5,Q9AVK8,0.23595505617977527,0.1625,0.0875,0,0,0
Q004B5,Q9AXI0,0.2897727272727273,0.1625,0.1625,0,0,0
Q004B5,Q9FSG7,0.21951219512195122,0.0875,0.0625,0,0,0
Q004B5,Q9FSY7,0.2808988764044944,0.2,0.225,0,0,0
Q004B5,Q9FUJ9,0.28313253012048195,0.1125,0.1125,0,0,0
Q004B5,Q9M5X7,0.2956521739130435,0.075,0.0375,0,0,0
Q004B5,Q9M5X8,0.358974358974359,0.1,0.0375,0,0,0
Q004B5,Q9M7R0,0.2573099415204678,0.15,0.075,0,0,0
Q004B5,Q9SQI9,0.29770992366412213,0.1125,0.1125,0,0,0
Q004B5,Q9XF39,0.3053435114503817,0.1,0.1,0,0,0
Q004B5,Q9XHP0,0.19662921348314608,0.2,0.2,0,0,0
Q004B5,Q9XHP1,0.23648648648648649,0.0875,0.0625,0,0,0
Q004B5,Q9XHP2,0.2827586206896552,0.1375,0.125,0,0,0
Q004B5,T2DN75,0.2047244094488189,0.125,0.0875,0,0,0
Q004B5,V5XVK5,0.22943722943722944,0.1,0.1,0,0,0
Q004B5,V7AEY9,0.1797752808988764,0.1125,0.075,0,0,0
Q004B5,V7B793,0.2903225806451613,0.125,0.075,0,0,0
Q004B5,V7CAE0,0.30625,0.1375,0.1375,0,0,0
Q004B5,V7CE49,0.3125,0.1125,0.05,0,0,0
Q004B5,V7CEG9,0.3157894736842105,0.0875,0.05,0,0,0
Q004B5,W5X2N3,0.24352331606217617,0.2,0.075,0,0,0
Q004B5,W8PPL3,0.1797752808988764,0.2,0.2,0,0,0
Q01881,Q0DEV5,0.325,0.175,0.175,0,0,0
Q01881,Q2I6V8,0.1625,0.0875,0.0875,0,0,0
Q01881,Q39453,0.2,0.0875,0.0875,0,0,0
Q01881,Q39649,0.28368794326241137,0.25,0.25,0,0,0
Q01881,Q41115,0.275,0.125,0.125,0,0,0
Q01881,Q41258,0.24242424242424243,0.275,0.2625,0,0,0
Q01881,Q45W87,0.21897810218978103,0.1,0.1,0,0,0
Q01881,Q647G3,0.1625,0.0875,0.0875,0,0,0
Q01881,Q647G5,0.1625,0.1,0.1,0,0,0
Q01881,Q647G9,0.2689655172413793,0.1375,0.2375,0,0,0
Q01881,Q6TPK4,0.2413793103448276,0.0625,0.0625,0,0,0
Q01881,Q6VT83,0.1910828025477707,0.075,0.0625,0,0,0
Q01881,Q7X8H9,0.3018867924528302,0.3625,0.35,0,0,0
Q01881,Q84T21,0.15723270440251572,0.0875,0.0875,0,0,0
Q01881,Q84T91,0.20714285714285716,0.1,0.1,0,0,0
Q01881,Q8GT39,0.24427480916030533,0.075,0.075,0,0,0
Q01881,Q8H4L8,0.7898089171974523,0.825,0.825,0,32,16
Q01881,Q8L5E0,0.19078947368421054,0.0875,0.0875,0,0,0
Q01881,Q8S4P9,0.35,0.1125,0.0625,0,0,0
Q01881,Q8SAE7,0.2077922077922078,0.075,0.075,0,0,0
Q01881,Q90YK9,0.22935779816513763,0.075,0.05,0,0,0
Q01881,Q91482,0.1743119266055046,0.05,0.05,0,0,0
Q01881,Q93YG7,0.22900763358778625,0.075,0.075,0,0,0
Q01881,Q948T6,0.29375,0.175,0.075,0,0,0
Q01881,Q94JN3,0.19083969465648856,0.075,0.075,0,0,0
Q01881,Q9ATH2,0.3391304347826087,0.125,0.1,0,0,0
Q01881,Q9AVK8,0.30625,0.1375,0.0875,0,0,0
Q01881,Q9AXI0,0.1875,0.125,0.075,0,0,0
Q01881,Q9FSG7,0.24375,0.1375,0.0625,0,0,0
Q01881,Q9FSY7,0.34375,0.1125,0.0875,0,0,0
Q01881,Q9FUJ9,0.18125,0.075,0.075,0,0,0
Q01881,Q9M5X7,0.28695652173913044,0.2375,0.0875,0,0,0
Q01881,Q9M5X8,0.3076923076923077,0.275,0.0875,0,0,0
Q01881,Q9M7R0,0.175,0.1,0.0875,0,0,0
Q01881,Q9SQI9,0.17557251908396945,0.075,0.075,0,0,0
Q01881,Q9XF39,0.20610687022900764,0.125,0.125,0,0,0
Q01881,Q9XHP0,0.35,0.2,0.2,0,0,0
Q01881,Q9XHP1,0.25,0.2375,0.2375,0,0,0
Q01881,Q9XHP2,0.19310344827586207,0.1,0.1,0,0,0
Q01881,T2DN75,0.275,0.1875,0.1875,0,0,0
Q01881,V5XVK5,0.24375,0.075,0.0625,0,0,0
Q01881,V7AEY9,0.2875,0.075,0.075,0,0,0
Q01881,V7B793,0.3225806451612903,0.125,0.1,0,0,0
Q01881,V7CAE0,0.19375,0.1125,0.1125,0,0,0
Q01881,V7CE49,0.16875,0.125,0.125,0,0,0
Q01881,V7CEG9,0.21804511278195488,0.1125,0.1125,0,0,0
Q01881,W5X2N3,0.23125,0.075,0.075,0,0,0
Q01881,W8PPL3,0.24375,0.05,0.05,0,0,0
Q0DEV5,Q2I6V8,0.375,0.1875,0.1875,0,0,0
Q0DEV5,Q39453,0.3125,0.175,0.175,0,0,0
Q0DEV5,Q39649,0.3262411347517731,0.1125,0.0625,0,0,0
Q0DEV5,Q41115,0.20465116279069767,0.1625,0.0875,0,0,0
Q0DEV5,Q41258,0.3484848484848485,0.0875,0.05,0,0,0
Q0DEV5,Q45W87,0.36496350364963503,0.125,0.1125,0,0,0
Q0DEV5,Q647G3,0.3313253012048193,0.225,0.175,0,0,0
Q0DEV5,Q647G5,0.3254437869822485,0.15,0.15,0,0,0
Q0DEV5,Q647G9,0.30344827586206896,0.0625,0.0625,0,0,0
Q0DEV5,Q6TPK4,0.3706896551724138,0.225,0.225,0,0,0
Q0DEV5,Q6VT83,0.3885350318471338,0.175,0.125,0,0,0
Q0DEV5,Q7X8H9,0.3710691823899371,0.1125,0.0625,0,0,0
Q0DEV5,Q84T21,0.36477987421383645,0.275,0.275,0,0,0
Q0DEV5,Q84T91,0.35714285714285715,0.175,0.175,0,0,0
Q0DEV5,Q8GT39,0.37404580152671757,0.1875,0.125,0,0,0
Q0DEV5,Q8H4L8,0.35668789808917195,0.15,0.15,0,0,0
Q0DEV5,Q8L5E0,0.40131578947368424,0.1375,0.1375,0,0,0
Q0DEV5,Q8S4P9,0.234375,0.1875,0.1875,0,0,0
Q0DEV5,Q8SAE7,0.3116883116883117,0.125,0.0625,0,0,0
Q0DEV5,Q90YK9,0.3394495412844037,0.1875,0.0625,0,0,0
Q0DEV5,Q91482,0.3669724770642202,0.1,0.1,0,0,0
Q0DEV5,Q93YG7,0.3435114503816794,0.1875,0.1875,0,0,0
Q0DEV5,Q948T6,0.3127147766323024,0.1375,0.0875,0,0,0
Q0DEV5,Q94JN3,0.3816793893129771,0.2125,0.1875,0,0,0
Q0DEV5,Q9ATH2,0.4260869565217391,0.175,0.1125,0,0,0
Q0DEV5,Q9AVK8,0.226890756302521,0.125,0.125,0,0,0
Q0DEV5,Q9AXI0,0.32954545454545453,0.2125,0.15,0,0,0
Q0DEV5,Q9FSG7,0.3008130081300813,0.175,0.075,0,0,0
Q0DEV5,Q9FSY7,0.17405582922824303,0.2125,0.225,0,0,0
Q0DEV5,Q9FUJ9,0.3674698795180723,0.15,0.15,0,0,0
Q0DEV5,Q9M5X7,0.3565217391304348,0.2125,0.2125,0,0,0
Q0DEV5,Q9M5X8,0.36752136752136755,0.15,0.1375,0,0,0
Q0DEV5,Q9M7R0,0.3742690058479532,0.2875,0.2375,0,0,0
Q0DEV5,Q9SQI9,0.3969465648854962,0.1875,0.15,0,0,0
Q0DEV5,Q9XF39,0.37404580152671757,0.225,0.225,0,0,0
Q0DEV5,Q9XHP0,0.22440087145969498,0.225,0.1625,0,0,0
Q0DEV5,Q9XHP1,0.34459459459459457,0.1,0.075,0,0,0
Q0DEV5,Q9XHP2,0.35172413793103446,0.1875,0.1875,0,0,0
Q0DEV5,T2DN75,0.2677165354330709,0.1875,0.1875,0,0,0
Q0DEV5,V5XVK5,0.2943722943722944,0.1625,0.1125,0,0,0
Q0DEV5,V7AEY9,0.26685393258426965,0.2375,0.1375,0,0,0
Q0DEV5,V7B793,0.31451612903225806,0.1125,0.0625,0,0,0
Q0DEV5,V7CAE0,0.375,0.1125,0.1125,0,0,0
Q0DEV5,V7CE49,0.35625,0.1625,0.15,0,0,0
Q0DEV5,V7CEG9,0.3533834586466165,0.15,0.1,0,0,0
Q0DEV5,W5X2N3,0.31088082901554404,0.1625,0.0875,0,0,0
Q0DEV5,W8PPL3,0.2559366754617414,0.225,0.2,0,0,0
Q2I6V8,Q39453,0.59375,0.6125,0.6125,1,8,4
Q2I6V8,Q39649,0.16312056737588654,0.0875,0.05,0,0,0
Q2I6V8,Q41115,0.35625,0.225,0.2,0,0,0
Q2I6V8,Q41258,0.14393939393939395,0.0375,0.025,0,0,0
Q2I6V8,Q45W87,0.20437956204379562,0.1875,0.1875,0,0,0
Q2I6V8,Q647G3,0.1875,0.1,0.1,0,0,0
Q2I6V8,Q647G5,0.16875,0.1,0.1,0,0,0
Q2I6V8,Q647G9,0.14482758620689656,0.075,0.075,0,0,0
Q2I6V8,Q6TPK4,0.23275862068965517,0.05,0.0375,0,0,0
Q2I6V8,Q6VT83,0.5031847133757962,0.5375,0.5375,1,4,1
Q2I6V8,Q7X8H9,0.1761006289308176,0.1125,0.1125,0,0,0
Q2I6V8,Q84T21,0.16352201257861634,0.0625,0.0625,0,0,0
Q2I6V8,Q84T91,0.17857142857142858,0.1125,0.1125,0,0,0
Q2I6V8,Q8GT39,0.22900763358778625,0.1,0.1,0,0,0
Q2I6V8,Q8H4L8,0.1592356687898089,0.0875,0.0375,0,0,0
Q2I6V8,Q8L5E0,0.21052631578947367,0.1875,0.2,0,0,0
Q2I6V8,Q8S4P9,0.325,0.1375,0.0875,0,0,0
Q2I6V8,Q8SAE7,0.42857142857142855,0.475,0.475,1,3,1
Q2I6V8,Q90YK9,0.23853211009174313,0.1,0.05,0,0,0
Q2I6V8,Q91482,0.27522935779816515,0.0875,0.0875,0,0,0
Q2I6V8,Q93YG7,0.26717557251908397,0.1,0.1,0,0,0
Q2I6V8,Q948T6,0.3,0.15,0.15,0,0,0
Q2I6V8,Q94JN3,0.25190839694656486,0.0875,0.075,0,0,0
Q2I6V8,Q9ATH2,0.2,0.05,0.05,0,0,0
Q2I6V8,Q9AVK8,0.31875,0.1125,0.1,0,0,0
Q2I6V8,Q9AXI0,0.15,0.0625,0.0625,0,0,0
Q2I6V8,Q9FSG7,0.24375,0.1,0.075,0,0,0
Q2I6V8,Q9FSY7,0.3375,0.1625,0.1625,0,0,0
Q2I6V8,Q9FUJ9,0.20625,0.1375,0.0625,0,0,0
Q2I6V8,Q9M5X7,0.1391304347826087,0.0625,0.0625,0,0,0
Q2I6V8,Q9M5X8,0.18803418803418803,0.0625,0.0625,0,0,0
Q2I6V8,Q9M7R0,0.2125,0.1125,0.1125,0,0,0
Q2I6V8,Q9SQI9,0.25190839694656486,0.1,0.1,0,0,0
Q2I6V8,Q9XF39,0.2748091603053435,0.225,0.225,0,0,0
Q2I6V8,Q9XHP0,0.2875,0.125,0.125,0,0,0
Q2I6V8,Q9XHP1,0.1554054054054054,0.0875,0.0875,0,0,0
Q2I6V8,Q9XHP2,0.20689655172413793,0.0875,0.0875,0,0,0
Q2I6V8,T2DN75,0.26875,0.125,0.125,0,0,0
Q2I6V8,V5XVK5,0.19375,0.0875,0.0875,0,0,0
Q2I6V8,V7AEY9,0.29375,0.175,0.175,0,0,0
Q2I6V8,V7B793,0.21774193548387097,0.0875,0.0875,0,0,0
Q2I6V8,V7CAE0,0.45625,0.525,0.525,1,0,0
Q2I6V8,V7CE49,0.1875,0.0875,0.0875,0,0,0
Q2I6V8,V7CEG9,0.19548872180451127,0.0625,0.0625,0,0,0
Q2I6V8,W5X2N3,0.20625,0.125,0.125,0,0,0
Q2I6V8,W8PPL3,0.33125,0.175,0.175,0,0,0
Q39453,Q39649,0.1702127659574468,0.0625,0.0625,0,0,0
Q39453,Q41115,0.2875,0.1125,0.1125,0,0,0
Q39453,Q41258,0.15151515151515152,0.0375,0.0375,0,0,0
Q39453,Q45W87,0.2116788321167883,0.1375,0.075,0,0,0
Q39453,Q647G3,0.15625,0.1,0.0875,0,0,0
Q39453,Q647G5,0.15,0.0875,0.0875,0,0,0
Q39453,Q647G9,0.15172413793103448,0.05,0.0375,0,0,0
Q39453,Q6TPK4,0.19827586206896552,0.125,0.125,0,0,0
Q39453,Q6VT83,0.4968152866242038,0.5125,0.5125,1,10,5
Q39453,Q7X8H9,0.1949685534591195,0.1,0.0875,0,0,0
Q39453,Q84T21,0.1761006289308176,0.125,0.125,0,0,0
Q39453,Q84T91,0.2,0.075,0.075,0,0,0
Q39453,Q8GT39,0.25190839694656486,0.225,0.225,0,0,0
Q39453,Q8H4L8,0.21019108280254778,0.1,0.1,0,0,0
Q39453,Q8L5E0,0.19736842105263158,0.1125,0.1125,0,0,0
Q39453,Q8S4P9,0.29375,0.1125,0.1125,0,0,0
Q39453,Q8SAE7,0.38311688311688313,0.3875,0.3875,1,3,1
Q39453,Q90YK9,0.27522935779816515,0.0625,0.05,0,0,0
Q39453,Q91482,0.26605504587155965,0.1125,0.1125,0,0,0
Q39453,Q93YG7,0.22900763358778625,0.1375,0.1375,0,0,0
Q39453,Q948T6,0.25625,0.125,0.0875,0,0,0
Q39453,Q94JN3,0.21374045801526717,0.125,0.125,0,0,0
Q39453,Q9ATH2,0.23478260869565218,0.05,0.0375,0,0,0
Q39453,Q9AVK8,0.30625,0.1125,0.0875,0,0,0
Q39453,Q9AXI0,0.175,0.075,0.075,0,0,0
Q39453,Q9FSG7,0.28125,0.275,0.1,0,0,0
Q39453,Q9FSY7,0.3625,0.2875,0.125,0,0,0
Q39453,Q9FUJ9,0.18125,0.0875,0.0625,0,0,0
Q39453,Q9M5X7,0.22608695652173913,0.0625,0.0625,0,0,0
Q39453,Q9M5X8,0.23076923076923078,0.1,0.1,0,0,0
Q39453,Q9M7R0,0.19375,0.1125,0.05,0,0,0
Q39453,Q9SQI9,0.2595419847328244,0.15,0.15,0,0,0
Q39453,Q9XF39,0.24427480916030533,0.0875,0.0875,0,0,0
Q39453,Q9XHP0,0.225,0.1375,0.1375,0,0,0
Q39453,Q9XHP1,0.1554054054054054,0.05,0.05,0,0,0
Q39453,Q9XHP2,0.23448275862068965,0.125,0.125,0,0,0
Q39453,T2DN75,0.275,0.1625,0.1625,0,0,0
Q39453,V5XVK5,0.2125,0.15,0.1,0,0,0
Q39453,V7AEY9,0.325,0.125,0.1,0,0,0
Q39453,V7B793,0.20161290322580644,0.075,0.075,0,0,0
Q39453,V7CAE0,0.4,0.475,0.475,1,0,0
Q39453,V7CE49,0.2,0.0875,0.0875,0,0,0
Q39453,V7CEG9,0.15789473684210525,0.0625,0.0625,0,0,0
Q39453,W5X2N3,0.20625,0.0875,0.0875,0,0,0
Q39453,W8PPL3,0.3,0.1375,0.1,0,0,0
Q39649,Q41115,0.2695035460992908,0.0875,0.0875,0,0,0
Q39649,Q41258,0.22727272727272727,0.075,0.075,0,0,0
Q39649,Q45W87,0.16058394160583941,0.125,0.125,0,0,0
Q39649,Q647G3,0.14184397163120568,0.0625,0.0625,0,0,0
Q39649,Q647G5,0.14893617021276595,0.075,0.075,0,0,0
Q39649,Q647G9,0.3404255319148936,0.3,0.3125,1,0,0
Q39649,Q6TPK4,0.1724137931034483,0.05,0.05,0,0,0
Q39649,Q6VT83,0.1773049645390071,0.0875,0.05,0,0,0
Q39649,Q7X8H9,0.2553191489361702,0.15,0.15,0,0,0
Q39649,Q84T21,0.1702127659574468,0.0875,0.075,0,0,0
Q39649,Q84T91,0.15,0.125,0.125,0,0,0
Q39649,Q8GT39,0.19083969465648856,0.1,0.0375,0,0,0
Q39649,Q8H4L8,0.23404255319148937,0.2625,0.2625,0,0,0
Q39649,Q8L5E0,0.1347517730496454,0.075,0.075,0,0,0
Q39649,Q8S4P9,0.3120567375886525,0.25,0.15,0,0,0
Q39649,Q8SAE7,0.1773049645390071,0.075,0.075,0,0,0
Q39649,Q90YK9,0.1559633027522936,0.075,0.05,0,0,0
Q39649,Q91482,0.1743119266055046,0.0625,0.0625,0,0,0
Q39649,Q93YG7,0.17557251908396945,0.0875,0.0875,0,0,0
Q39649,Q948T6,0.2553191489361702,0.0875,0.0875,0,0,0
Q39649,Q94JN3,0.183206106870229,0.075,0.05,0,0,0
Q39649,Q9ATH2,0.2608695652173913,0.2375,0.2375,0,0,0
Q39649,Q9AVK8,0.2978723404255319,0.125,0.1,0,0,0
Q39649,Q9AXI0,0.19148936170212766,0.075,0.075,0,0,0
Q39649,Q9FSG7,0.2553191489361702,0.125,0.125,0,0,0
Q39649,Q9FSY7,0.36879432624113473,0.1125,0.0875,0,0,0
Q39649,Q9FUJ9,0.15602836879432624,0.0625,0.0625,0,0,0
Q39649,Q9M5X7,0.23478260869565218,0.1625,0.1625,0,0,0
Q39649,Q9M5X8,0.23076923076923078,0.1625,0.1625,0,0,0
Q39649,Q9M7R0,0.16312056737588654,0.0875,0.05,0,0,0
Q39649,Q9SQI9,0.19083969465648856,0.05,0.0375,0,0,0
Q39649,Q9XF39,0.16030534351145037,0.125,0.125,0,0,0
Q39649,Q9XHP0,0.3617021276595745,0.2625,0.2875,0,0,0
Q39649,Q9XHP1,0.3829787234042553,0.45,0.375,1,0,0
Q39649,Q9XHP2,0.14893617021276595,0.075,0.075,0,0,0
Q39649,T2DN75,0.24822695035460993,0.0875,0.0625,0,0,0
Q39649,V5XVK5,0.22695035460992907,0.0625,0.05,0,0,0
Q39649,V7AEY9,0.2907801418439716,0.1125,0.1125,0,0,0
Q39649,V7B793,0.25,0.2125,0.2125,0,0,0
Q39649,V7CAE0,0.18439716312056736,0.1,0.075,0,0,0
Q39649,V7CE49,0.1773049645390071,0.0875,0.0875,0,0,0
Q39649,V7CEG9,0.21052631578947367,0.1125,0.1125,0,0,0
Q39649,W5X2N3,0.24822695035460993,0.225,0.225,0,0,0
Q39649,W8PPL3,0.2127659574468085,0.0625,0.0625,0,0,0
Q41115,Q41258,0.30303030303030304,0.075,0.05,0,0,0
Q41115,Q45W87,0.29927007299270075,0.1375,0.1,0,0,0
Q41115,Q647G3,0.23493975903614459,0.1,0.0875,0,0,0
Q41115,Q647G5,0.2603550295857988,0.2,0.1125,0,0,0
Q41115,Q647G9,0.33793103448275863,0.1625,0.1625,0,0,0
Q41115,Q6TPK4,0.3275862068965517,0.15,0.0625,0,0,0
Q41115,Q6VT83,0.2611464968152866,0.15,0.05,0,0,0
Q41115,Q7X8H9,0.24528301886792453,0.1125,0.0625,0,0,0
Q41115,Q84T21,0.2641509433962264,0.075,0.05,0,0,0
Q41115,Q84T91,0.2642857142857143,0.0875,0.0875,0,0,0
Q41115,Q8GT39,0.3053435114503817,0.0875,0.075,0,0,0
Q41115,Q8H4L8,0.24203821656050956,0.0875,0.0875,0,0,0
Q41115,Q8L5E0,0.2565789473684211,0.175,0.1625,0,0,0
Q41115,Q8S4P9,0.3186046511627907,0.4125,0.4,1,0,0
Q41115,Q8SAE7,0.2792207792207792,0.1875,0.1875,0,0,0
Q41115,Q90YK9,0.3577981651376147,0.2375,0.125,0,0,0
Q41115,Q91482,0.3486238532110092,0.1375,0.075,0,0,0
Q41115,Q93YG7,0.3511450381679389,0.1625,0.1625,0,0,0
Q41115,Q948T6,0.23024054982817868,0.1125,0.1125,0,0,0
Q41115,Q94JN3,0.3435114503816794,0.0875,0.075,0,0,0
Q41115,Q9ATH2,0.3565217391304348,0.0625,0.0625,0,0,0
Q41115,Q9AVK8,0.24883720930232558,0.3,0.325,0,0,0
Q41115,Q9AXI0,0.2727272727272727,0.1125,0.1125,0,0,0
Q41115,Q9FSG7,0.26422764227642276,0.15,0.1375,0,0,0
Q41115,Q9FSY7,0.22325581395348837,0.1625,0.1625,0,0,0
Q41115,Q9FUJ9,0.28313253012048195,0.1375,0.1375,0,0,0
Q41115,Q9M5X7,0.3130434782608696,0.1125,0.1,0,0,0
Q41115,Q9M5X8,0.3504273504273504,0.075,0.0625,0,0,0
Q41115,Q9M7R0,0.2982456140350877,0.25,0.25,0,0,0
Q41115,Q9SQI9,0.31297709923664124,0.125,0.125,0,0,0
Q41115,Q9XF39,0.32061068702290074,0.0875,0.0875,0,0,0
Q41115,Q9XHP0,0.23255813953488372,0.2875,0.2375,0,0,0
Q41115,Q9XHP1,0.2635135135135135,0.1375,0.1375,0,0,0
Q41115,Q9XHP2,0.35172413793103446,0.1625,0.0875,0,0,0
Q41115,T2DN75,0.2283464566929134,0.1375,0.075,0,0,0
Q41115,V5XVK5,0.23809523809523808,0.1,0.1,0,0,0
Q41115,V7AEY9,0.1853932584269663,0.2625,0.2625,0,0,0
Q41115,V7B793,0.3387096774193548,0.1125,0.1125,0,0,0
Q41115,V7CAE0,0.3625,0.1875,0.1625,0,0,0
Q41115,V7CE49,0.2875,0.1,0.075,0,0,0
Q41115,V7CEG9,0.3007518796992481,0.0875,0.0875,0,0,0
Q41115,W5X2N3,0.25906735751295334,0.1625,0.1625,0,0,0
Q41115,W8PPL3,0.16358839050131926,0.2,0.2,0,0,0
Q41258,Q45W87,0.1893939393939394,0.0875,0.0625,0,0,0
Q41258,Q647G3,0.19696969696969696,0.075,0.0625,0,0,0
Q41258,Q647G5,0.14393939393939395,0.0875,0.0875,0,0,0
Q41258,Q647G9,0.22727272727272727,0.175,0.1625,0,0,0
Q41258,Q6TPK4,0.15517241379310345,0.05,0.0375,0,0,0
Q41258,Q6VT83,0.18181818181818182,0.0625,0.0625,0,0,0
Q41258,Q7X8H9,0.22727272727272727,0.1875,0.1875,0,0,0
Q41258,Q84T21,0.25757575757575757,0.1125,0.075,0,0,0
Q41258,Q84T91,0.1893939393939394,0.075,0.075,0,0,0
Q41258,Q8GT39,0.183206106870229,0.1,0.1,0,0,0
Q41258,Q8H4L8,0.25,0.2625,0.2625,0,0,0
Q41258,Q8L5E0,0.20454545454545456,0.0625,0.0625,0,0,0
Q41258,Q8S4P9,0.3333333333333333,0.15,0.15,0,0,0
Q41258,Q8SAE7,0.22727272727272727,0.0625,0.0625,0,0,0
Q41258,Q90YK9,0.1926605504587156,0.05,0.05,0,0,0
Q41258,Q91482,0.11926605504587157,0.05,0.05,0,0,0
Q41258,Q93YG7,0.183206106870229,0.0875,0.0625,0,0,0
Q41258,Q948T6,0.22727272727272727,0.0625,0.0625,0,0,0
Q41258,Q94JN3,0.13740458015267176,0.0625,0.05,0,0,0
Q41258,Q9ATH2,0.3130434782608696,0.3625,0.35,1,0,0
Q41258,Q9AVK8,0.2878787878787879,0.1375,0.1375,0,0,0
Q41258,Q9AXI0,0.16666666666666666,0.0875,0.0625,0,0,0
Q41258,Q9FSG7,0.26515151515151514,0.15,0.15,0,0,0
Q41258,Q9FSY7,0.3939393939393939,0.075,0.075,0,0,0
Q41258,Q9FUJ9,0.22727272727272727,0.0375,0.0375,0,0,0
Q41258,Q9M5X7,0.2608695652173913,0.275,0.275,1,0,0
Q41258,Q9M5X8,0.2564102564102564,0.3,0.3,1,0,0
Q41258,Q9M7R0,0.15151515151515152,0.0625,0.0625,0,0,0
Q41258,Q9SQI9,0.1984732824427481,0.0875,0.0625,0,0,0
Q41258,Q9XF39,0.183206106870229,0.0875,0.0625,0,0,0
Q41258,Q9XHP0,0.3484848484848485,0.1375,0.075,0,0,0
Q41258,Q9XHP1,0.20454545454545456,0.1875,0.1875,0,0,0
Q41258,Q9XHP2,0.16666666666666666,0.075,0.075,0,0,0
Q41258,T2DN75,0.2727272727272727,0.1,0.0875,0,0,0
Q41258,V5XVK5,0.32575757575757575,0.0625,0.0625,0,0,0
Q41258,V7AEY9,0.3106060606060606,0.05,0.05,0,0,0
Q41258,V7B793,0.23387096774193547,0.25,0.25,1,0,0
Q41258,V7CAE0,0.18181818181818182,0.05,0.0375,0,0,0
Q41258,V7CE49,0.21212121212121213,0.075,0.075,0,0,0
Q41258,V7CEG9,0.24242424242424243,0.225,0.225,0,0,0
Q41258,W5X2N3,0.21212121212121213,0.1125,0.1125,0,0,0
Q41258,W8PPL3,0.2727272727272727,0.075,0.075,0,0,0
Q45W87,Q647G3,0.5109489051094891,0.675,0.675,1,3,0
Q45W87,Q647G5,0.38686131386861317,0.475,0.475,1,0,0
Q45W87,Q647G9,0.15328467153284672,0.0875,0.0875,0,0,0
Q45W87,Q6TPK4,0.23275862068965517,0.1125,0.1125,0,0,0
Q45W87,Q6VT83,0.2116788321167883,0.1375,0.1375,0,0,0
Q45W87,Q7X8H9,0.23357664233576642,0.1625,0.1625,0,0,0
Q45W87,Q84T21,0.40145985401459855,0.525,0.5125,1,4,2
Q45W87,Q84T91,0.7226277372262774,0.8125,0.8125,1,25,17
Q45W87,Q8GT39,0.20610687022900764,0.0875,0.0875,0,0,0
Q45W87,Q8H4L8,0.21897810218978103,0.1,0.1,0,0,0
Q45W87,Q8L5E0,0.23357664233576642,0.0875,0.0875,0,0,0
Q45W87,Q8S4P9,0.29927007299270075,0.0875,0.0875,0,0,0
Q45W87,Q8SAE7,0.21897810218978103,0.15,0.15,0,0,0
Q45W87,Q90YK9,0.22935779816513763,0.0875,0.0875,0,0,0
Q45W87,Q91482,0.21100917431192662,0.0875,0.0625,0,0,0
Q45W87,Q93YG7,0.21374045801526717,0.0625,0.0625,0,0,0
Q45W87,Q948T6,0.2773722627737226,0.05,0.05,0,0,0
Q45W87,Q94JN3,0.17557251908396945,0.125,0.125,0,0,0
Q45W87,Q9ATH2,0.25217391304347825,0.1,0.1,0,0,0
Q45W87,Q9AVK8,0.2846715328467153,0.075,0.075,0,0,0
Q45W87,Q9AXI0,0.38686131386861317,0.4375,0.4375,1,0,0
Q45W87,Q9FSG7,0.23357664233576642,0.075,0.075,0,0,0
Q45W87,Q9FSY7,0.31386861313868614,0.15,0.1125,0,0,0
Q45W87,Q9FUJ9,0.41605839416058393,0.5125,0.5,1,6,4
Q45W87,Q9M5X7,0.2,0.05,0.05,0,0,0
Q45W87,Q9M5X8,0.23076923076923078,0.0875,0.0875,0,0,0
Q45W87,Q9M7R0,0.19708029197080293,0.075,0.075,0,0,0
Q45W87,Q9SQI9,0.183206106870229,0.0625,0.0625,0,0,0
Q45W87,Q9XF39,0.21374045801526717,0.1,0.1,0,0,0
Q45W87,Q9XHP0,0.30656934306569344,0.075,0.075,0,0,0
Q45W87,Q9XHP1,0.10948905109489052,0.075,0.075,0,0,0
Q45W87,Q9XHP2,0.7007299270072993,0.8125,0.8125,1,20,12
Q45W87,T2DN75,0.31386861313868614,0.2,0.2,0,0,0
Q45W87,V5XVK5,0.2116788321167883,0.0625,0.05,0,0,0
Q45W87,V7AEY9,0.32116788321167883,0.175,0.175,0,0,0
Q45W87,V7B793,0.20967741935483872,0.0875,0.0875,0,0,0
Q45W87,V7CAE0,0.19708029197080293,0.0625,0.05,0,0,0
Q45W87,V7CE49,0.40145985401459855,0.5,0.5,1,0,0
Q45W87,V7CEG9,0.18796992481203006,0.1,0.1,0,0,0
Q45W87,W5X2N3,0.2116788321167883,0.075,0.075,0,0,0
Q45W87,W8PPL3,0.29927007299270075,0.2,0.275,0,0,0
Q647G3,Q647G5,0.3132530120481928,0.425,0.425,1,0,0
Q647G3,Q647G9,0.14482758620689656,0.1,0.0875,0,0,0
Q647G3,Q6TPK4,0.21551724137931033,0.125,0.125,0,0,0
Q647G3,Q6VT83,0.21019108280254778,0.125,0.125,0,0,0
Q647G3,Q7X8H9,0.22012578616352202,0.125,0.125,0,0,0
Q647G3,Q84T21,0.3710691823899371,0.475,0.475,1,1,0
Q647G3,Q84T91,0.5214285714285715,0.6625,0.6625,1,0,0
Q647G3,Q8GT39,0.20610687022900764,0.1125,0.1125,0,0,0
Q647G3,Q8H4L8,0.17197452229299362,0.0875,0.0875,0,0,0
Q647G3,Q8L5E0,0.2236842105263158,0.1125,0.1,0,0,0
Q647G3,Q8S4P9,0.30120481927710846,0.075,0.075,0,0,0
Q647G3,Q8SAE7,0.21428571428571427,0.0875,0.0875,0,0,0
Q647G3,Q90YK9,0.25688073394495414,0.125,0.125,0,0,0
Q647G3,Q91482,0.2018348623853211,0.1125,0.1,0,0,0
Q647G3,Q93YG7,0.2366412213740458,0.15,0.1125,0,0,0
Q647G3,Q948T6,0.2289156626506024,0.075,0.075,0,0,0
Q647G3,Q94JN3,0.21374045801526717,0.1375,0.1375,0,0,0
Q647G3,Q9ATH2,0.23478260869565218,0.1125,0.1125,0,0,0
Q647G3,Q9AVK8,0.3192771084337349,0.0875,0.0875,0,0,0
Q647G3,Q9AXI0,0.39156626506024095,0.475,0.475,1,0,0
Q647G3,Q9FSG7,0.24096385542168675,0.075,0.075,0,0,0
Q647G3,Q9FSY7,0.35542168674698793,0.1375,0.075,0,0,0
Q647G3,Q9FUJ9,0.3614457831325301,0.475,0.4875,1,1,0
Q647G3,Q9M5X7,0.1826086956521739,0.1375,0.1375,0,0,0
Q647G3,Q9M5X8,0.2222222222222222,0.0875,0.075,0,0,0
Q647G3,Q9M7R0,0.13855421686746988,0.075,0.075,0,0,0
Q647G3,Q9SQI9,0.2366412213740458,0.1,0.1,0,0,0
Q647G3,Q9XF39,0.19083969465648856,0.0625,0.0625,0,0,0
Q647G3,Q9XHP0,0.2891566265060241,0.1625,0.1625,0,0,0
Q647G3,Q9XHP1,0.16216216216216217,0.1125,0.1125,0,0,0
Q647G3,Q9XHP2,0.5241379310344828,0.6875,0.6875,1,6,4
Q647G3,T2DN75,0.20481927710843373,0.2125,0.2125,0,0,0
Q647G3,V5XVK5,0.21084337349397592,0.1,0.1,0,0,0
Q647G3,V7AEY9,0.25903614457831325,0.0875,0.0625,0,0,0
Q647G3,V7B793,0.1935483870967742,0.075,0.075,0,0,0
Q647G3,V7CAE0,0.1625,0.0875,0.075,0,0,0
Q647G3,V7CE49,0.39375,0.5375,0.5375,1,0,0
Q647G3,V7CEG9,0.22556390977443608,0.2375,0.2375,0,0,0
Q647G3,W5X2N3,0.20481927710843373,0.075,0.075,0,0,0
Q647G3,W8PPL3,0.2710843373493976,0.2,0.2,0,0,0
Q647G5,Q647G9,0.16551724137931034,0.1,0.1,0,0,0
Q647G5,Q6TPK4,0.2413793103448276,0.1,0.1,0,0,0
Q647G5,Q6VT83,0.17834394904458598,0.1,0.05,0,0,0
Q647G5,Q7X8H9,0.22641509433962265,0.15,0.1375,0,0,0
Q647G5,Q84T21,0.5911949685534591,0.7125,0.7125,1,4,0
Q647G5,Q84T91,0.37142857142857144,0.4625,0.4625,1,0,0
Q647G5,Q8GT39,0.2366412213740458,0.075,0.075,0,0,0
Q647G5,Q8H4L8,0.15286624203821655,0.1125,0.1,0,0,0
Q647G5,Q8L5E0,0.23684210526315788,0.2,0.2,0,0,0
Q647G5,Q8S4P9,0.2781065088757396,0.1375,0.1375,0,0,0
Q647G5,Q8SAE7,0.22077922077922077,0.0875,0.0875,0,0,0
Q647G5,Q90YK9,0.24770642201834864,0.0625,0.0625,0,0,0
Q647G5,Q91482,0.2018348623853211,0.075,0.0625,0,0,0
Q647G5,Q93YG7,0.2366412213740458,0.1625,0.1625,0,0,0
Q647G5,Q948T6,0.21893491124260356,0.1125,0.1125,0,0,0
Q647G5,Q94JN3,0.24427480916030533,0.075,0.075,0,0,0
Q647G5,Q9ATH2,0.2,0.075,0.075,0,0,0
Q647G5,Q9AVK8,0.28402366863905326,0.1,0.0875,0,0,0
Q647G5,Q9AXI0,0.621301775147929,0.6875,0.6625,1,18,7
Q647G5,Q9FSG7,0.1952662721893491,0.1,0.075,0,0,0
Q647G5,Q9FSY7,0.3254437869822485,0.1125,0.1125,0,0,0
Q647G5,Q9FUJ9,0.4819277108433735,0.65,0.65,1,3,0
Q647G5,Q9M5X7,0.1826086956521739,0.175,0.175,0,0,0
Q647G5,Q9M5X8,0.21367521367521367,0.175,0.175,0,0,0
Q647G5,Q9M7R0,0.17159763313609466,0.0875,0.0875,0,0,0
Q647G5,Q9SQI9,0.21374045801526717,0.1625,0.1625,0,0,0
Q647G5,Q9XF39,0.20610687022900764,0.175,0.175,0,0,0
Q647G5,Q9XHP0,0.30177514792899407,0.15,0.15,0,0,0
Q647G5,Q9XHP1,0.18243243243243243,0.1375,0.1375,0,0,0
Q647G5,Q9XHP2,0.35172413793103446,0.4875,0.4875,1,0,0
Q647G5,T2DN75,0.21301775147928995,0.075,0.05,0,0,0
Q647G5,V5XVK5,0.17159763313609466,0.075,0.075,0,0,0
Q647G5,V7AEY9,0.28994082840236685,0.1625,0.1625,0,0,0
Q647G5,V7B793,0.1774193548387097,0.075,0.075,0,0,0
Q647G5,V7CAE0,0.15,0.1375,0.1375,0,0,0
Q647G5,V7CE49,0.35625,0.425,0.425,1,0,0
Q647G5,V7CEG9,0.21804511278195488,0.075,0.075,0,0,0
Q647G5,W5X2N3,0.1952662721893491,0.075,0.075,0,0,0
Q647G5,W8PPL3,0.28402366863905326,0.175,0.175,0,0,0
Q647G9,Q6TPK4,0.19827586206896552,0.075,0.075,0,0,0
Q647G9,Q6VT83,0.1310344827586207,0.05,0.05,0,0,0
Q647G9,Q7X8H9,0.2413793103448276,0.2375,0.2375,0,0,0
Q647G9,Q84T21,0.21379310344827587,0.15,0.15,0,0,0
Q647G9,Q84T91,0.15,0.1875,0.1875,0,0,0
Q647G9,Q8GT39,0.16793893129770993,0.0875,0.0875,0,0,0
Q647G9,Q8H4L8,0.2413793103448276,0.1375,0.125,0,0,0
Q647G9,Q8L5E0,0.13793103448275862,0.0625,0.0625,0,0,0
Q647G9,Q8S4P9,0.30344827586206896,0.1625,0.1625,0,0,0
Q647G9,Q8SAE7,0.15862068965517243,0.0375,0.0375,0,0,0
Q647G9,Q90YK9,0.1926605504587156,0.05,0.0375,0,0,0
Q647G9,Q91482,0.1926605504587156,0.05,0.05,0,0,0
Q647G9,Q93YG7,0.12213740458015267,0.05,0.05,0,0,0
Q647G9,Q948T6,0.2206896551724138,0.05,0.05,0,0,0
Q647G9,Q94JN3,0.17557251908396945,0.0625,0.0625,0,0,0
Q647G9,Q9ATH2,0.19130434782608696,0.0625,0.0625,0,0,0
Q647G9,Q9AVK8,0.2620689655172414,0.1125,0.1125,0,0,0
Q647G9,Q9AXI0,0.1793103448275862,0.1375,0.1375,0,0,0
Q647G9,Q9FSG7,0.2620689655172414,0.1125,0.1125,0,0,0
Q647G9,Q9FSY7,0.33793103448275863,0.15,0.175,0,0,0
Q647G9,Q9FUJ9,0.16551724137931034,0.0625,0.05,0,0,0
Q647G9,Q9M5X7,0.25217391304347825,0.1125,0.1125,0,0,0
Q647G9,Q9M5X8,0.23076923076923078,0.2,0.2,0,0,0
Q647G9,Q9M7R0,0.19310344827586207,0.0875,0.0875,0,0,0
Q647G9,Q9SQI9,0.19083969465648856,0.05,0.05,0,0,0
Q647G9,Q9XF39,0.15267175572519084,0.05,0.05,0,0,0
Q647G9,Q9XHP0,0.38620689655172413,0.175,0.175,0,0,0
Q647G9,Q9XHP1,0.2689655172413793,0.3,0.2875,1,0,0
Q647G9,Q9XHP2,0.11724137931034483,0.0875,0.0875,0,0,0
Q647G9,T2DN75,0.2206896551724138,0.0625,0.0375,0,0,0
Q647G9,V5XVK5,0.2206896551724138,0.075,0.075,0,0,0
Q647G9,V7AEY9,0.2413793103448276,0.1,0.0875,0,0,0
Q647G9,V7B793,0.22580645161290322,0.225,0.2,0,0,0
Q647G9,V7CAE0,0.1793103448275862,0.075,0.075,0,0,0
Q647G9,V7CE49,0.12413793103448276,0.075,0.0625,0,0,0
Q647G9,V7CEG9,0.21052631578947367,0.0875,0.0875,0,0,0
Q647G9,W5X2N3,0.2206896551724138,0.075,0.0625,0,0,0
Q647G9,W8PPL3,0.23448275862068965,0.0375,0.0375,0,0,0
Q6TPK4,Q6VT83,0.27586206896551724,0.1,0.1,0,0,0
Q6TPK4,Q7X8H9,0.22413793103448276,0.0875,0.075,0,0,0
Q6TPK4,Q84T21,0.23275862068965517,0.1,0.1,0,0,0
Q6TPK4,Q84T91,0.1896551724137931,0.1125,0.1,0,0,0
Q6TPK4,Q8GT39,0.20689655172413793,0.1,0.1,0,0,0
Q6TPK4,Q8H4L8,0.23275862068965517,0.075,0.0625,0,0,0
Q6TPK4,Q8L5E0,0.22413793103448276,0.125,0.125,0,0,0
Q6TPK4,Q8S4P9,0.3275862068965517,0.2,0.1125,0,0,0
Q6TPK4,Q8SAE7,0.21551724137931033,0.125,0.1125,0,0,0
Q6TPK4,Q90YK9,0.1743119266055046,0.0875,0.0875,0,0,0
Q6TPK4,Q91482,0.1834862385321101,0.0875,0.0875,0,0,0
Q6TPK4,Q93YG7,0.20689655172413793,0.1,0.0875,0,0,0
Q6TPK4,Q948T6,0.31896551724137934,0.15,0.15,0,0,0
Q6TPK4,Q94JN3,0.1896551724137931,0.1,0.1,0,0,0
Q6TPK4,Q9ATH2,0.2,0.0875,0.0875,0,0,0
Q6TPK4,Q9AVK8,0.3448275862068966,0.1375,0.1375,0,0,0
Q6TPK4,Q9AXI0,0.20689655172413793,0.125,0.125,0,0,0
Q6TPK4,Q9FSG7,0.2672413793103448,0.1,0.0625,0,0,0
Q6TPK4,Q9FSY7,0.3879310344827586,0.0875,0.0875,0,0,0
Q6TPK4,Q9FUJ9,0.1896551724137931,0.1375,0.1375,0,0,0
Q6TPK4,Q9M5X7,0.17391304347826086,0.075,0.075,0,0,0
Q6TPK4,Q9M5X8,0.19827586206896552,0.075,0.075,0,0,0
Q6TPK4,Q9M7R0,0.19827586206896552,0.1125,0.1125,0,0,0
Q6TPK4,Q9SQI9,0.22413793103448276,0.2125,0.2125,0,0,0
Q6TPK4,Q9XF39,0.1896551724137931,0.1,0.1,0,0,0
Q6TPK4,Q9XHP0,0.3879310344827586,0.1875,0.1875,0,0,0
Q6TPK4,Q9XHP1,0.20689655172413793,0.125,0.125,0,0,0
Q6TPK4,Q9XHP2,0.20689655172413793,0.0875,0.0875,0,0,0
Q6TPK4,T2DN75,0.3017241379310345,0.1,0.05,0,0,0
Q6TPK4,V5XVK5,0.29310344827586204,0.1125,0.1125,0,0,0
Q6TPK4,V7AEY9,0.31896551724137934,0.125,0.125,0,0,0
Q6TPK4,V7B793,0.1896551724137931,0.0625,0.05,0,0,0
Q6TPK4,V7CAE0,0.23275862068965517,0.1,0.1,0,0,0
Q6TPK4,V7CE49,0.27586206896551724,0.15,0.15,0,0,0
Q6TPK4,V7CEG9,0.19827586206896552,0.1,0.075,0,0,0
Q6TPK4,W5X2N3,0.22413793103448276,0.0625,0.0625,0,0,0
Q6TPK4,W8PPL3,0.29310344827586204,0.15,0.1,0,0,0
Q6VT83,Q7X8H9,0.21019108280254778,0.0625,0.05,0,0,0
Q6VT83,Q84T21,0.20382165605095542,0.0875,0.05,0,0,0
Q6VT83,Q84T91,0.15714285714285714,0.1,0.0875,0,0,0
Q6VT83,Q8GT39,0.17557251908396945,0.1,0.1,0,0,0
Q6VT83,Q8H4L8,0.1337579617834395,0.1,0.1,0,0,0
Q6VT83,Q8L5E0,0.19078947368421054,0.075,0.075,0,0,0
Q6VT83,Q8S4P9,0.29936305732484075,0.175,0.175,0,0,0
Q6VT83,Q8SAE7,0.38961038961038963,0.4125,0.4,1,0,0
Q6VT83,Q90YK9,0.28440366972477066,0.225,0.225,0,0,0
Q6VT83,Q91482,0.26605504587155965,0.2,0.2375,0,0,0
Q6VT83,Q93YG7,0.22137404580152673,0.1,0.1,0,0,0
Q6VT83,Q948T6,0.267515923566879,0.1625,0.1625,0,0,0
Q6VT83,Q94JN3,0.19083969465648856,0.0875,0.0875,0,0,0
Q6VT83,Q9ATH2,0.23478260869565218,0.1,0.1,0,0,0
Q6VT83,Q9AVK8,0.4140127388535032,0.1,0.1,0,0,0
Q6VT83,Q9AXI0,0.21019108280254778,0.1625,0.1625,0,0,0
Q6VT83,Q9FSG7,0.2356687898089172,0.175,0.125,0,0,0
Q6VT83,Q9FSY7,0.36942675159235666,0.1625,0.1625,0,0,0
Q6VT83,Q9FUJ9,0.19745222929936307,0.125,0.0625,0,0,0
Q6VT83,Q9M5X7,0.21739130434782608,0.0625,0.0625,0,0,0
Q6VT83,Q9M5X8,0.2564102564102564,0.075,0.075,0,0,0
Q6VT83,Q9M7R0,0.21019108280254778,0.075,0.0625,0,0,0
Q6VT83,Q9SQI9,0.21374045801526717,0.1,0.1,0,0,0
Q6VT83,Q9XF39,0.20610687022900764,0.0875,0.075,0,0,0
Q6VT83,Q9XHP0,0.35668789808917195,0.1375,0.1375,0,0,0
Q6VT83,Q9XHP1,0.1554054054054054,0.075,0.05,0,0,0
Q6VT83,Q9XHP2,0.20689655172413793,0.0875,0.0875,0,0,0
Q6VT83,T2DN75,0.22929936305732485,0.075,0.075,0,0,0
Q6VT83,V5XVK5,0.21656050955414013,0.0875,0.0875,0,0,0
Q6VT83,V7AEY9,0.2929936305732484,0.2625,0.2625,0,0,0
Q6VT83,V7B793,0.2661290322580645,0.1125,0.1125,0,0,0
Q6VT83,V7CAE0,0.29936305732484075,0.3,0.3,1,0,0
Q6VT83,V7CE49,0.15286624203821655,0.0375,0.025,0,0,0
Q6VT83,V7CEG9,0.20300751879699247,0.0875,0.0875,0,0,0
Q6VT83,W5X2N3,0.2356687898089172,0.2125,0.2125,0,0,0
Q6VT83,W8PPL3,0.2356687898089172,0.1625,0.15,0,0,0
Q7X8H9,Q84T21,0.18238993710691823,0.125,0.125,0,0,0
Q7X8H9,Q84T91,0.22857142857142856,0.175,0.175,0,0,0
Q7X8H9,Q8GT39,0.21374045801526717,0.075,0.075,0,0,0
Q7X8H9,Q8H4L8,0.33121019108280253,0.3875,0.375,1,1,0
Q7X8H9,Q8L5E0,0.20394736842105263,0.0625,0.05,0,0,0
Q7X8H9,Q8S4P9,0.3018867924528302,0.0875,0.0625,0,0,0
Q7X8H9,Q8SAE7,0.16233766233766234,0.0875,0.0875,0,0,0
Q7X8H9,Q90YK9,0.25688073394495414,0.0875,0.075,0,0,0
Q7X8H9,Q91482,0.22018348623853212,0.05,0.05,0,0,0
Q7X8H9,Q93YG7,0.21374045801526717,0.075,0.075,0,0,0
Q7X8H9,Q948T6,0.2389937106918239,0.1125,0.1125,0,0,0
Q7X8H9,Q94JN3,0.22900763358778625,0.175,0.175,0,0,0
Q7X8H9,Q9ATH2,0.2608695652173913,0.1625,0.1625,0,0,0
Q7X8H9,Q9AVK8,0.32075471698113206,0.1125,0.1125,0,0,0
Q7X8H9,Q9AXI0,0.24528301886792453,0.125,0.125,0,0,0
Q7X8H9,Q9FSG7,0.29559748427672955,0.0875,0.0625,0,0,0
Q7X8H9,Q9FSY7,0.3836477987421384,0.125,0.125,0,0,0
Q7X8H9,Q9FUJ9,0.2138364779874214,0.15,0.15,0,0,0
Q7X8H9,Q9M5X7,0.2608695652173913,0.2,0.15,0,0,0
Q7X8H9,Q9M5X8,0.28205128205128205,0.2125,0.2,0,0,0
Q7X8H9,Q9M7R0,0.16981132075471697,0.125,0.125,0,0,0
Q7X8H9,Q9SQI9,0.22137404580152673,0.0625,0.0625,0,0,0
Q7X8H9,Q9XF39,0.22900763358778625,0.075,0.075,0,0,0
Q7X8H9,Q9XHP0,0.34591194968553457,0.2625,0.1625,0,0,0
Q7X8H9,Q9XHP1,0.25,0.1625,0.1625,0,1,0
Q7X8H9,Q9XHP2,0.18620689655172415,0.15,0.15,0,0,0
Q7X8H9,T2DN75,0.2830188679245283,0.1625,0.1,0,0,0
Q7X8H9,V5XVK5,0.23270440251572327,0.0875,0.075,0,0,0
Q7X8H9,V7AEY9,0.24528301886792453,0.125,0.125,0,0,0
Q7X8H9,V7B793,0.25,0.1,0.1,0,0,0
Q7X8H9,V7CAE0,0.1761006289308176,0.1125,0.1125,0,0,0
Q7X8H9,V7CE49,0.20125786163522014,0.075,0.075,0,0,0
Q7X8H9,V7CEG9,0.2781954887218045,0.3375,0.325,0,0,0
Q7X8H9,W5X2N3,0.20125786163522014,0.1125,0.1125,0,0,0
Q7X8H9,W8PPL3,0.24528301886792453,0.175,0.175,0,0,0
Q84T21,Q84T91,0.37857142857142856,0.475,0.475,1,4,2
Q84T21,Q8GT39,0.22900763358778625,0.1375,0.0875,0,0,0
Q84T21,Q8H4L8,0.1592356687898089,0.075,0.075,0,0,0
Q84T21,Q8L5E0,0.20394736842105263,0.075,0.0625,0,0,0
Q84T21,Q8S4P9,0.2893081761006289,0.125,0.1125,0,0,0
Q84T21,Q8SAE7,0.12337662337662338,0.125,0.1125,0,0,0
Q84T21,Q90YK9,0.24770642201834864,0.1375,0.1375,0,0,0
Q84T21,Q91482,0.1926605504587156,0.0625,0.0375,0,0,0
Q84T21,Q93YG7,0.20610687022900764,0.1375,0.1375,0,0,0
Q84T21,Q948T6,0.24528301886792453,0.1,0.1,0,0,0
Q84T21,Q94JN3,0.20610687022900764,0.1875,0.1875,0,0,0
Q84T21,Q9ATH2,0.23478260869565218,0.1875,0.1875,0,0,0
Q84T21,Q9AVK8,0.2389937106918239,0.075,0.0625,0,0,0
Q84T21,Q9AXI0,0.5283018867924528,0.575,0.5625,1,0,0
Q84T21,Q9FSG7,0.22641509433962265,0.0875,0.0875,0,0,0
Q84T21,Q9FSY7,0.3270440251572327,0.1,0.1,0,0,0
Q84T21,Q9FUJ9,0.5660377358490566,0.65,0.65,1,14,10
Q84T21,Q9M5X7,0.21739130434782608,0.1375,0.1375,0,0,0
Q84T21,Q9M5X8,0.2564102564102564,0.125,0.125,0,0,0
Q84T21,Q9M7R0,0.20754716981132076,0.075,0.075,0,0,0
Q84T21,Q9SQI9,0.20610687022900764,0.1875,0.175,0,0,0
Q84T21,Q9XF39,0.20610687022900764,0.175,0.175,0,0,0
Q84T21,Q9XHP0,0.3018867924528302,0.125,0.0625,0,0,0
Q84T21,Q9XHP1,0.18243243243243243,0.1125,0.1125,0,0,0
Q84T21,Q9XHP2,0.3724137931034483,0.525,0.525,1,5,2
Q84T21,T2DN75,0.22012578616352202,0.1,0.0625,0,0,0
Q84T21,V5XVK5,0.2138364779874214,0.0875,0.0875,0,0,0
Q84T21,V7AEY9,0.3018867924528302,0.0875,0.0875,0,0,0
Q84T21,V7B793,0.1935483870967742,0.075,0.075,0,0,0
Q84T21,V7CAE0,0.16352201257861634,0.0625,0.0375,0,0,0
Q84T21,V7CE49,0.31446540880503143,0.3875,0.3875,1,1,0
Q84T21,V7CEG9,0.22556390977443608,0.125,0.125,0,0,0
Q84T21,W5X2N3,0.20125786163522014,0.15,0.0875,0,0,0
Q84T21,W8PPL3,0.2893081761006289,0.0875,0.0625,0,0,0
Q84T91,Q8GT39,0.22137404580152673,0.125,0.125,0,0,0
Q84T91,Q8H4L8,0.21428571428571427,0.075,0.075,0,0,0
Q84T91,Q8L5E0,0.24285714285714285,0.1,0.0625,0,0,0
Q84T91,Q8S4P9,0.3142857142857143,0.0625,0.0625,0,0,0
Q84T91,Q8SAE7,0.15,0.175,0.175,0,0,0
Q84T91,Q90YK9,0.24770642201834864,0.125,0.125,0,0,0
Q84T91,Q91482,0.22018348623853212,0.0875,0.0625,0,0,0
Q84T91,Q93YG7,0.19083969465648856,0.1375,0.125,0,0,0
Q84T91,Q948T6,0.2,0.125,0.1,0,0,0
Q84T91,Q94JN3,0.20610687022900764,0.125,0.125,0,0,0
Q84T91,Q9ATH2,0.20869565217391303,0.05,0.05,0,0,0
Q84T91,Q9AVK8,0.3142857142857143,0.1,0.1,0,0,0
Q84T91,Q9AXI0,0.38571428571428573,0.475,0.4625,1,0,0
Q84T91,Q9FSG7,0.18571428571428572,0.1375,0.1375,0,0,0
Q84T91,Q9FSY7,0.3142857142857143,0.1125,0.1125,0,0,0
Q84T91,Q9FUJ9,0.39285714285714285,0.475,0.4625,1,6,4
Q84T91,Q9M5X7,0.2,0.1625,0.1625,0,0,0
Q84T91,Q9M5X8,0.1794871794871795,0.0875,0.0875,0,0,0
Q84T91,Q9M7R0,0.22142857142857142,0.0875,0.0625,0,0,0
Q84T91,Q9SQI9,0.16030534351145037,0.15,0.1125,0,0,0
Q84T91,Q9XF39,0.1984732824427481,0.0875,0.0875,0,0,0
Q84T91,Q9XHP0,0.3,0.075,0.075,0,0,0
Q84T91,Q9XHP1,0.17142857142857143,0.1125,0.1125,0,0,0
Q84T91,Q9XHP2,0.7785714285714286,0.8375,0.8375,1,41,25
Q84T91,T2DN75,0.30714285714285716,0.0875,0.075,0,0,0
Q84T91,V5XVK5,0.24285714285714285,0.1125,0.05,0,0,0
Q84T91,V7AEY9,0.32142857142857145,0.2125,0.0625,0,0,0
Q84T91,V7B793,0.23387096774193547,0.05,0.05,0,0,0
Q84T91,V7CAE0,0.17857142857142858,0.0625,0.0625,0,0,0
Q84T91,V7CE49,0.4357142857142857,0.5125,0.5125,1,0,0
Q84T91,V7CEG9,0.18045112781954886,0.1875,0.1875,0,0,0
Q84T91,W5X2N3,0.16428571428571428,0.1,0.05,0,0,0
Q84T91,W8PPL3,0.2785714285714286,0.3,0.3,0,0,0
Q8GT39,Q8H4L8,0.22137404580152673,0.125,0.125,0,0,0
Q8GT39,Q8L5E0,0.26717557251908397,0.1125,0.1125,0,0,0
Q8GT39,Q8S4P9,0.2824427480916031,0.075,0.05,0,0,0
Q8GT39,Q8SAE7,0.20610687022900764,0.0625,0.05,0,0,0
Q8GT39,Q90YK9,0.21100917431192662,0.0875,0.0875,0,0,0
Q8GT39,Q91482,0.2018348623853211,0.05,0.05,0,0,0
Q8GT39,Q93YG7,0.816793893129771,0.85,0.85,1,41,34
Q8GT39,Q948T6,0.25190839694656486,0.175,0.15,0,0,0
Q8GT39,Q94JN3,0.8015267175572519,0.85,0.85,1,47,37
Q8GT39,Q9ATH2,0.24347826086956523,0.1375,0.1375,0,0,0
Q8GT39,Q9AVK8,0.3435114503816794,0.2,0.2,0,0,0
Q8GT39,Q9AXI0,0.21374045801526717,0.1625,0.075,0,0,0
Q8GT39,Q9FSG7,0.2748091603053435,0.0875,0.0875,0,0,0
Q8GT39,Q9FSY7,0.3816793893129771,0.1375,0.1375,0,0,0
Q8GT39,Q9FUJ9,0.1984732824427481,0.1125,0.1125,0,0,0
Q8GT39,Q9M5X7,0.24347826086956523,0.05,0.05,0,0,0
Q8GT39,Q9M5X8,0.21367521367521367,0.0625,0.05,0,0,0
Q8GT39,Q9M7R0,0.22137404580152673,0.15,0.125,0,0,0
Q8GT39,Q9SQI9,0.7938931297709924,0.8375,0.8375,1,38,32
Q8GT39,Q9XF39,0.7938931297709924,0.8125,0.8125,1,34,22
Q8GT39,Q9XHP0,0.3053435114503817,0.0625,0.0625,0,0,0
Q8GT39,Q9XHP1,0.15267175572519084,0.05,0.05,0,0,0
Q8GT39,Q9XHP2,0.1984732824427481,0.225,0.225,0,0,0
Q8GT39,T2DN75,0.22900763358778625,0.125,0.125,0,0,0
Q8GT39,V5XVK5,0.2595419847328244,0.0875,0.0875,0,0,0
Q8GT39,V7AEY9,0.2595419847328244,0.275,0.2625,0,0,0
Q8GT39,V7B793,0.18548387096774194,0.1125,0.0625,0,0,0
Q8GT39,V7CAE0,0.22900763358778625,0.0625,0.0625,0,0,0
Q8GT39,V7CE49,0.22900763358778625,0.1,0.1,0,0,0
Q8GT39,V7CEG9,0.21374045801526717,0.075,0.0625,0,0,0
Q8GT39,W5X2N3,0.2900763358778626,0.0875,0.0875,0,0,0
Q8GT39,W8PPL3,0.3053435114503817,0.1375,0.1125,0,0,0
Q8H4L8,Q8L5E0,0.19736842105263158,0.0875,0.0375,0,0,0
Q8H4L8,Q8S4P9,0.3184713375796178,0.175,0.175,0,0,0
Q8H4L8,Q8SAE7,0.22077922077922077,0.075,0.075,0,0,0
Q8H4L8,Q90YK9,0.22935779816513763,0.0625,0.05,0,0,0
Q8H4L8,Q91482,0.1743119266055046,0.0625,0.0625,0,0,0
Q8H4L8,Q93YG7,0.20610687022900764,0.1125,0.075,0,0,0
Q8H4L8,Q948T6,0.24203821656050956,0.125,0.0375,0,0,0
Q8H4L8,Q94JN3,0.1984732824427481,0.2,0.2,0,0,0
Q8H4L8,Q9ATH2,0.3130434782608696,0.1,0.1,0,0,0
Q8H4L8,Q9AVK8,0.3057324840764331,0.1625,0.1625,0,1,0
Q8H4L8,Q9AXI0,0.18471337579617833,0.1125,0.1125,0,0,0
Q8H4L8,Q9FSG7,0.25477707006369427,0.175,0.175,0,0,0
Q8H4L8,Q9FSY7,0.3184713375796178,0.075,0.075,0,0,0
Q8H4L8,Q9FUJ9,0.17834394904458598,0.1,0.075,0,0,0
Q8H4L8,Q9M5X7,0.2956521739130435,0.2625,0.0875,0,0,0
Q8H4L8,Q9M5X8,0.29914529914529914,0.2875,0.275,0,0,0
Q8H4L8,Q9M7R0,0.1910828025477707,0.075,0.075,0,0,0
Q8H4L8,Q9SQI9,0.22137404580152673,0.0875,0.0875,0,0,0
Q8H4L8,Q9XF39,0.24427480916030533,0.1625,0.1625,0,0,0
Q8H4L8,Q9XHP0,0.36942675159235666,0.2375,0.2375,0,0,0
Q8H4L8,Q9XHP1,0.2635135135135135,0.2375,0.2375,0,0,0
Q8H4L8,Q9XHP2,0.15172413793103448,0.1,0.1,0,0,0
Q8H4L8,T2DN75,0.20382165605095542,0.225,0.1375,0,0,0
Q8H4L8,V5XVK5,0.24203821656050956,0.0625,0.0625,0,0,0
Q8H4L8,V7AEY9,0.33121019108280253,0.0875,0.05,0,0,0
Q8H4L8,V7B793,0.2903225806451613,0.1,0.0625,0,0,0
Q8H4L8,V7CAE0,0.12738853503184713,0.0875,0.0875,0,0,0
Q8H4L8,V7CE49,0.15286624203821655,0.0875,0.0875,0,0,0
Q8H4L8,V7CEG9,0.19548872180451127,0.0875,0.0875,0,0,0
Q8H4L8,W5X2N3,0.24203821656050956,0.1875,0.1875,0,0,0
Q8H4L8,W8PPL3,0.28662420382165604,0.075,0.075,0,0,0
Q8L5E0,Q8S4P9,0.34210526315789475,0.125,0.075,0,0,0
Q8L5E0,Q8SAE7,0.2236842105263158,0.125,0.125,0,0,0
Q8L5E0,Q90YK9,0.1743119266055046,0.0875,0.0625,0,0,0
Q8L5E0,Q91482,0.2018348623853211,0.0875,0.075,0,0,0
Q8L5E0,Q93YG7,0.22900763358778625,0.2125,0.2125,0,0,0
Q8L5E0,Q948T6,0.26973684210526316,0.0875,0.0625,0,0,0
Q8L5E0,Q94JN3,0.19083969465648856,0.175,0.175,0,0,0
Q8L5E0,Q9ATH2,0.22608695652173913,0.125,0.125,0,0,0
Q8L5E0,Q9AVK8,0.3157894736842105,0.175,0.175,0,0,0
Q8L5E0,Q9AXI0,0.21710526315789475,0.075,0.0625,0,0,0
Q8L5E0,Q9FSG7,0.2565789473684211,0.0875,0.0875,0,0,0
Q8L5E0,Q9FSY7,0.40131578947368424,0.1125,0.1,0,0,0
Q8L5E0,Q9FUJ9,0.21710526315789475,0.1,0.0875,0,0,0
Q8L5E0,Q9M5X7,0.22608695652173913,0.175,0.175,0,0,0
Q8L5E0,Q9M5X8,0.19658119658119658,0.1,0.1,0,0,0
Q8L5E0,Q9M7R0,0.23684210526315788,0.1625,0.1625,0,0,0
Q8L5E0,Q9SQI9,0.22137404580152673,0.2125,0.2125,0,0,0
Q8L5E0,Q9XF39,0.20610687022900764,0.225,0.225,0,0,0
Q8L5E0,Q9XHP0,0.34210526315789475,0.0875,0.0875,0,0,0
Q8L5E0,Q9XHP1,0.13513513513513514,0.075,0.075,0,0,0
Q8L5E0,Q9XHP2,0.2206896551724138,0.1125,0.1125,0,0,0
Q8L5E0,T2DN75,0.29605263157894735,0.15,0.1,0,0,0
Q8L5E0,V5XVK5,0.28289473684210525,0.0875,0.075,0,0,0
Q8L5E0,V7AEY9,0.3223684210526316,0.175,0.15,0,0,0
Q8L5E0,V7B793,0.25,0.05,0.05,0,0,0
Q8L5E0,V7CAE0,0.19736842105263158,0.0875,0.0875,0,0,0
Q8L5E0,V7CE49,0.20394736842105263,0.1125,0.1125,0,0,0
Q8L5E0,V7CEG9,0.23308270676691728,0.05,0.0375,0,0,0
Q8L5E0,W5X2N3,0.18421052631578946,0.125,0.125,0,0,0
Q8L5E0,W8PPL3,0.28289473684210525,0.2,0.2,0,0,0
Q8S4P9,Q8SAE7,0.3051948051948052,0.1375,0.05,0,0,0
Q8S4P9,Q90YK9,0.3211009174311927,0.1875,0.1125,0,0,0
Q8S4P9,Q91482,0.3119266055045872,0.1125,0.1125,0,0,0
Q8S4P9,Q93YG7,0.29770992366412213,0.075,0.075,0,0,0
Q8S4P9,Q948T6,0.21649484536082475,0.125,0.125,0,0,0
Q8S4P9,Q94JN3,0.31297709923664124,0.125,0.0875,0,0,0
Q8S4P9,Q9ATH2,0.3652173913043478,0.1125,0.0875,0,0,0
Q8S4P9,Q9AVK8,0.22991071428571427,0.3,0.3,0,0,0
Q8S4P9,Q9AXI0,0.26136363636363635,0.15,0.1,0,0,0
Q8S4P9,Q9FSG7,0.2601626016260163,0.125,0.125,0,0,0
Q8S4P9,Q9FSY7,0.23883928571428573,0.2125,0.2625,0,0,0
Q8S4P9,Q9FUJ9,0.3132530120481928,0.175,0.075,0,0,0
Q8S4P9,Q9M5X7,0.3130434782608696,0.1125,0.1125,0,0,0
Q8S4P9,Q9M5X8,0.3247863247863248,0.075,0.0625,0,0,0
Q8S4P9,Q9M7R0,0.30409356725146197,0.1625,0.1375,0,0,0
Q8S4P9,Q9SQI9,0.29770992366412213,0.1375,0.0625,0,0,0
Q8S4P9,Q9XF39,0.3282442748091603,0.125,0.05,0,0,0
Q8S4P9,Q9XHP0,0.21428571428571427,0.3625,0.325,0,0,0
Q8S4P9,Q9XHP1,0.2635135135135135,0.2,0.2,0,0,0
Q8S4P9,Q9XHP2,0.33793103448275863,0.275,0.2625,0,0,0
Q8S4P9,T2DN75,0.23622047244094488,0.1125,0.075,0,0,0
Q8S4P9,V5XVK5,0.21645021645021645,0.125,0.125,0,0,0
Q8S4P9,V7AEY9,0.23595505617977527,0.275,0.2625,0,0,0
Q8S4P9,V7B793,0.25806451612903225,0.1125,0.075,0,0,0
Q8S4P9,V7CAE0,0.24375,0.15,0.15,0,0,0
Q8S4P9,V7CE49,0.3,0.15,0.075,0,0,0
Q8S4P9,V7CEG9,0.2932330827067669,0.075,0.075,0,0,0
Q8S4P9,W5X2N3,0.29015544041450775,0.2125,0.0875,0,0,0
Q8S4P9,W8PPL3,0.20052770448548812,0.1375,0.1,0,0,0
Q8SAE7,Q90YK9,0.23853211009174313,0.075,0.05,0,0,0
Q8SAE7,Q91482,0.22935779816513763,0.15,0.15,0,0,0
Q8SAE7,Q93YG7,0.20610687022900764,0.0625,0.0625,0,0,0
Q8SAE7,Q948T6,0.2532467532467532,0.1375,0.1375,0,0,0
Q8SAE7,Q94JN3,0.1984732824427481,0.15,0.0875,0,0,0
Q8SAE7,Q9ATH2,0.24347826086956523,0.0875,0.0875,0,0,0
Q8SAE7,Q9AVK8,0.2922077922077922,0.125,0.125,0,0,0
Q8SAE7,Q9AXI0,0.21428571428571427,0.175,0.15,0,0,0
Q8SAE7,Q9FSG7,0.2662337662337662,0.1375,0.1375,0,0,0
Q8SAE7,Q9FSY7,0.4025974025974026,0.25,0.225,0,0,0
Q8SAE7,Q9FUJ9,0.23376623376623376,0.0625,0.05,0,0,0
Q8SAE7,Q9M5X7,0.17391304347826086,0.0625,0.0625,0,0,0
Q8SAE7,Q9M5X8,0.19658119658119658,0.0625,0.0625,0,0,0
Q8SAE7,Q9M7R0,0.22077922077922077,0.1375,0.1,0,0,0
Q8SAE7,Q9SQI9,0.21374045801526717,0.0875,0.0875,0,0,0
Q8SAE7,Q9XF39,0.21374045801526717,0.1125,0.1125,0,0,0
Q8SAE7,Q9XHP0,0.3116883116883117,0.1,0.075,0,0,0
Q8SAE7,Q9XHP1,0.11486486486486487,0.075,0.075,0,0,0
Q8SAE7,Q9XHP2,0.19310344827586207,0.15,0.075,0,0,0
Q8SAE7,T2DN75,0.24675324675324675,0.0625,0.0625,0,0,0
Q8SAE7,V5XVK5,0.21428571428571427,0.0625,0.05,0,0,0
Q8SAE7,V7AEY9,0.3181818181818182,0.1625,0.1625,0,0,0
Q8SAE7,V7B793,0.20161290322580644,0.1125,0.1125,0,0,0
Q8SAE7,V7CAE0,0.37662337662337664,0.4375,0.425,1,0,0
Q8SAE7,V7CE49,0.22077922077922077,0.0625,0.05,0,0,0
Q8SAE7,V7CEG9,0.18045112781954886,0.0375,0.0375,0,0,0
Q8SAE7,W5X2N3,0.2532467532467532,0.2125,0.2,0,0,0
Q8SAE7,W8PPL3,0.3116883116883117,0.275,0.25,0,0,0
Q90YK9,Q91482,0.5871559633027523,0.6375,0.6375,1,5,2
Q90YK9,Q93YG7,0.2018348623853211,0.075,0.075,0,0,0
Q90YK9,Q948T6,0.3119266055045872,0.15,0.15,0,0,0
Q90YK9,Q94JN3,0.1743119266055046,0.075,0.075,0,0,0
Q90YK9,Q9ATH2,0.1926605504587156,0.0625,0.0625,0,0,0
Q90YK9,Q9AVK8,0.3486238532110092,0.1,0.1,0,0,0
Q90YK9,Q9AXI0,0.1926605504587156,0.0625,0.0625,0,0,0
Q90YK9,Q9FSG7,0.24770642201834864,0.1375,0.125,0,0,0
Q90YK9,Q9FSY7,0.43119266055045874,0.2375,0.2375,0,0,0
Q90YK9,Q9FUJ9,0.23853211009174313,0.0625,0.0625,0,0,0
Q90YK9,Q9M5X7,0.2018348623853211,0.0625,0.0625,0,0,0
Q90YK9,Q9M5X8,0.1743119266055046,0.075,0.075,0,0,0
Q90YK9,Q9M7R0,0.3302752293577982,0.2625,0.2625,0,1,0
Q90YK9,Q9SQI9,0.22935779816513763,0.0625,0.0625,0,0,0
Q90YK9,Q9XF39,0.1926605504587156,0.0875,0.0875,0,0,0
Q90YK9,Q9XHP0,0.3211009174311927,0.0875,0.0875,0,0,0
Q90YK9,Q9XHP1,0.1834862385321101,0.0375,0.0375,0,0,0
Q90YK9,Q9XHP2,0.22935779816513763,0.125,0.1,0,0,0
Q90YK9,T2DN75,0.23853211009174313,0.075,0.075,0,0,0
Q90YK9,V5XVK5,0.22935779816513763,0.0875,0.0875,0,0,0
Q90YK9,V7AEY9,0.3394495412844037,0.125,0.125,0,0,0
Q90YK9,V7B793,0.21100917431192662,0.05,0.05,0,0,0
Q90YK9,V7CAE0,0.24770642201834864,0.1375,0.1375,0,0,0
Q90YK9,V7CE49,0.25688073394495414,0.125,0.125,0,0,0
Q90YK9,V7CEG9,0.22935779816513763,0.0625,0.0625,0,0,0
Q90YK9,W5X2N3,0.3211009174311927,0.05,0.05,0,0,0
Q90YK9,W8PPL3,0.3486238532110092,0.2125,0.2125,0,0,0
Q91482,Q93YG7,0.1743119266055046,0.0375,0.0375,0,0,0
Q91482,Q948T6,0.3302752293577982,0.1625,0.1625,0,0,0
Q91482,Q94JN3,0.1559633027522936,0.0625,0.0625,0,0,0
Q91482,Q9ATH2,0.1926605504587156,0.075,0.075,0,0,0
Q91482,Q9AVK8,0.3486238532110092,0.1875,0.1875,0,0,0
Q91482,Q9AXI0,0.22935779816513763,0.05,0.05,0,0,0
Q91482,Q9FSG7,0.23853211009174313,0.1125,0.075,0,0,0
Q91482,Q9FSY7,0.3577981651376147,0.1125,0.1125,0,0,0
Q91482,Q9FUJ9,0.24770642201834864,0.1375,0.1375,0,0,0
Q91482,Q9M5X7,0.1926605504587156,0.0625,0.05,0,0,0
Q91482,Q9M5X8,0.1743119266055046,0.0625,0.0625,0,0,0
Q91482,Q9M7R0,0.25688073394495414,0.275,0.275,0,0,0
Q91482,Q9SQI9,0.1743119266055046,0.0375,0.0375,0,0,0
Q91482,Q9XF39,0.1834862385321101,0.05,0.05,0,0,0
Q91482,Q9XHP0,0.28440366972477066,0.1,0.075,0,0,0
Q91482,Q9XHP1,0.1651376146788991,0.05,0.05,0,0,0
Q91482,Q9XHP2,0.24770642201834864,0.1,0.1,0,0,0
Q91482,T2DN75,0.24770642201834864,0.0875,0.05,0,0,0
Q91482,V5XVK5,0.22018348623853212,0.05,0.05,0,0,0
Q91482,V7AEY9,0.3577981651376147,0.175,0.175,0,0,0
Q91482,V7B793,0.1834862385321101,0.1,0.1,0,0,0
Q91482,V7CAE0,0.1926605504587156,0.0625,0.0625,0,0,0
Q91482,V7CE49,0.1926605504587156,0.05,0.05,0,0,0
Q91482,V7CEG9,0.1743119266055046,0.075,0.075,0,0,0
Q91482,W5X2N3,0.26605504587155965,0.075,0.075,0,0,0
Q91482,W8PPL3,0.28440366972477066,0.0875,0.0875,0,0,0
Q93YG7,Q948T6,0.29770992366412213,0.075,0.075,0,0,0
Q93YG7,Q94JN3,0.7709923664122137,0.85,0.85,1,29,18
Q93YG7,Q9ATH2,0.2782608695652174,0.075,0.075,0,0,0
Q93YG7,Q9AVK8,0.25190839694656486,0.1,0.075,0,0,0
Q93YG7,Q9AXI0,0.21374045801526717,0.1125,0.075,0,0,0
Q93YG7,Q9FSG7,0.26717557251908397,0.0625,0.0625,0,0,0
Q93YG7,Q9FSY7,0.42748091603053434,0.125,0.1125,0,0,0
Q93YG7,Q9FUJ9,0.2366412213740458,0.2125,0.2125,0,0,0
Q93YG7,Q9M5X7,0.20869565217391303,0.05,0.05,0,0,0
Q93YG7,Q9M5X8,0.2222222222222222,0.075,0.05,0,0,0
Q93YG7,Q9M7R0,0.1984732824427481,0.1125,0.1125,0,0,0
Q93YG7,Q9SQI9,0.8473282442748091,0.8875,0.8875,1,47,34
Q93YG7,Q9XF39,0.7938931297709924,0.8625,0.8625,1,39,28
Q93YG7,Q9XHP0,0.2900763358778626,0.075,0.075,0,0,0
Q93YG7,Q9XHP1,0.19083969465648856,0.05,0.05,0,0,0
Q93YG7,Q9XHP2,0.1984732824427481,0.1125,0.1125,0,0,0
Q93YG7,T2DN75,0.24427480916030533,0.075,0.0625,0,0,0
Q93YG7,V5XVK5,0.24427480916030533,0.0875,0.0875,0,0,0
Q93YG7,V7AEY9,0.26717557251908397,0.225,0.1375,0,0,0
Q93YG7,V7B793,0.20967741935483872,0.0625,0.0625,0,0,0
Q93YG7,V7CAE0,0.24427480916030533,0.0625,0.0625,0,0,0
Q93YG7,V7CE49,0.183206106870229,0.0875,0.0875,0,0,0
Q93YG7,V7CEG9,0.17557251908396945,0.075,0.0625,0,0,0
Q93YG7,W5X2N3,0.22137404580152673,0.05,0.0375,0,0,0
Q93YG7,W8PPL3,0.29770992366412213,0.1375,0.1375,0,0,0
Q948T6,Q94JN3,0.24427480916030533,0.175,0.175,0,0,0
Q948T6,Q9ATH2,0.2608695652173913,0.0875,0.075,0,0,0
Q948T6,Q9AVK8,0.2542955326460481,0.25,0.25,0,0,0
Q948T6,Q9AXI0,0.2727272727272727,0.0875,0.075,0,0,0
Q948T6,Q9FSG7,0.21138211382113822,0.15,0.15,0,0,0
Q948T6,Q9FSY7,0.3127147766323024,0.15,0.15,0,0,0
Q948T6,Q9FUJ9,0.2469879518072289,0.1375,0.1375,0,0,0
Q948T6,Q9M5X7,0.2608695652173913,0.075,0.0625,0,0,0
Q948T6,Q9M5X8,0.29914529914529914,0.1,0.0625,0,0,0
Q948T6,Q9M7R0,0.26900584795321636,0.1125,0.075,0,0,0
Q948T6,Q9SQI9,0.2595419847328244,0.15,0.15,0,0,0
Q948T6,Q9XF39,0.25190839694656486,0.1625,0.1625,0,0,0
Q948T6,Q9XHP0,0.21993127147766323,0.1,0.1,0,0,0
Q948T6,Q9XHP1,0.1891891891891892,0.1125,0.1,0,0,0
Q948T6,Q9XHP2,0.25517241379310346,0.15,0.1,0,0,0
Q948T6,T2DN75,0.1889763779527559,0.0875,0.0875,0,0,0
Q948T6,V5XVK5,0.22510822510822512,0.175,0.175,0,0,0
Q948T6,V7AEY9,0.24054982817869416,0.225,0.2625,0,0,0
Q948T6,V7B793,0.2903225806451613,0.1625,0.0625,0,0,0
Q948T6,V7CAE0,0.25625,0.15,0.15,0,0,0
Q948T6,V7CE49,0.24375,0.1,0.1,0,0,0
Q948T6,V7CEG9,0.3007518796992481,0.0875,0.05,0,0,0
Q948T6,W5X2N3,0.22279792746113988,0.2,0.125,0,0,0
Q948T6,W8PPL3,0.20962199312714777,0.2125,0.1375,0,0,0
Q94JN3,Q9ATH2,0.22608695652173913,0.075,0.075,0,0,0
Q94JN3,Q9AVK8,0.32061068702290074,0.2375,0.05,0,0,0
Q94JN3,Q9AXI0,0.22137404580152673,0.175,0.075,0,0,0
Q94JN3,Q9FSG7,0.26717557251908397,0.075,0.075,0,0,0
Q94JN3,Q9FSY7,0.3816793893129771,0.1375,0.1375,0,0,0
Q94JN3,Q9FUJ9,0.21374045801526717,0.075,0.075,0,0,0
Q94JN3,Q9M5X7,0.2608695652173913,0.05,0.05,0,0,0
Q94JN3,Q9M5X8,0.1794871794871795,0.0625,0.0625,0,0,0
Q94JN3,Q9M7R0,0.1984732824427481,0.1125,0.1,0,0,0
Q94JN3,Q9SQI9,0.7862595419847328,0.8625,0.8625,1,30,22
Q94JN3,Q9XF39,0.8091603053435115,0.85,0.85,1,32,16
Q94JN3,Q9XHP0,0.35877862595419846,0.1375,0.075,0,0,0
Q94JN3,Q9XHP1,0.1297709923664122,0.05,0.05,0,0,0
Q94JN3,Q9XHP2,0.22137404580152673,0.1125,0.1125,0,0,0
Q94JN3,T2DN75,0.26717557251908397,0.125,0.125,0,0,0
Q94JN3,V5XVK5,0.2748091603053435,0.2125,0.1125,0,0,0
Q94JN3,V7AEY9,0.25190839694656486,0.3125,0.3,0,0,0
Q94JN3,V7B793,0.21774193548387097,0.1375,0.1375,0,0,0
Q94JN3,V7CAE0,0.1984732824427481,0.0625,0.0625,0,0,0
Q94JN3,V7CE49,0.21374045801526717,0.1,0.1,0,0,0
Q94JN3,V7CEG9,0.24427480916030533,0.075,0.075,0,0,0
Q94JN3,W5X2N3,0.25190839694656486,0.0625,0.0625,0,0,0
Q94JN3,W8PPL3,0.33587786259541985,0.1625,0.1625,0,0,0
Q9ATH2,Q9AVK8,0.34782608695652173,0.05,0.05,0,0,0
Q9ATH2,Q9AXI0,0.1826086956521739,0.0375,0.0375,0,0,0
Q9ATH2,Q9FSG7,0.3652173913043478,0.1375,0.1375,0,0,0
Q9ATH2,Q9FSY7,0.4260869565217391,0.1,0.1,0,0,0
Q9ATH2,Q9FUJ9,0.1826086956521739,0.0875,0.0875,0,0,0
Q9ATH2,Q9M5X7,0.591304347826087,0.65,0.65,1,7,4
Q9ATH2,Q9M5X8,0.5652173913043478,0.6,0.6,1,9,4
Q9ATH2,Q9M7R0,0.1826086956521739,0.1125,0.1125,0,0,0
Q9ATH2,Q9SQI9,0.20869565217391303,0.075,0.075,0,0,0
Q9ATH2,Q9XF39,0.24347826086956523,0.0625,0.0625,0,0,0
Q9ATH2,Q9XHP0,0.3217391304347826,0.15,0.15,0,0,0
Q9ATH2,Q9XHP1,0.20869565217391303,0.1625,0.1625,0,0,0
Q9ATH2,Q9XHP2,0.20869565217391303,0.075,0.075,0,0,0
Q9ATH2,T2DN75,0.3130434782608696,0.1375,0.1375,0,0,0
Q9ATH2,V5XVK5,0.22608695652173913,0.1125,0.1125,0,0,0
Q9ATH2,V7AEY9,0.30434782608695654,0.1125,0.1125,0,0,0
Q9ATH2,V7B793,0.26956521739130435,0.3125,0.3,1,0,0
Q9ATH2,V7CAE0,0.24347826086956523,0.075,0.075,0,0,0
Q9ATH2,V7CE49,0.2608695652173913,0.0875,0.0875,0,0,0
Q9ATH2,V7CEG9,0.2956521739130435,0.3,0.1125,0,0,0
Q9ATH2,W5X2N3,0.1826086956521739,0.125,0.125,0,0,0
Q9ATH2,W8PPL3,0.3217391304347826,0.1875,0.1875,0,0,0
Q9AVK8,Q9AXI0,0.30113636363636365,0.125,0.075,0,0,0
Q9AVK8,Q9FSG7,0.2601626016260163,0.1625,0.0875,0,0,0
Q9AVK8,Q9FSY7,0.2184873949579832,0.2125,0.2125,0,0,0
Q9AVK8,Q9FUJ9,0.3373493975903614,0.1125,0.075,0,0,0
Q9AVK8,Q9M5X7,0.34782608695652173,0.0875,0.075,0,0,0
Q9AVK8,Q9M5X8,0.3333333333333333,0.0875,0.05,0,0,0
Q9AVK8,Q9M7R0,0.3391812865497076,0.175,0.2375,0,0,0
Q9AVK8,Q9SQI9,0.32061068702290074,0.1625,0.0875,0,0,0
Q9AVK8,Q9XF39,0.2900763358778626,0.2125,0.1375,0,0,0
Q9AVK8,Q9XHP0,0.2222222222222222,0.3,0.275,0,0,0
Q9AVK8,Q9XHP1,0.2702702702702703,0.1,0.0875,0,0,0
Q9AVK8,Q9XHP2,0.2896551724137931,0.175,0.1375,0,0,0
Q9AVK8,T2DN75,0.2440944881889764,0.125,0.0625,0,0,0
Q9AVK8,V5XVK5,0.26406926406926406,0.075,0.05,0,0,0
Q9AVK8,V7AEY9,0.2752808988764045,0.35,0.3375,0,0,0
Q9AVK8,V7B793,0.3225806451612903,0.1,0.0875,0,0,0
Q9AVK8,V7CAE0,0.2625,0.1375,0.1375,0,0,0
Q9AVK8,V7CE49,0.2625,0.075,0.075,0,0,0
Q9AVK8,V7CEG9,0.3533834586466165,0.075,0.0625,0,0,0
Q9AVK8,W5X2N3,0.29533678756476683,0.1375,0.125,0,0,0
Q9AVK8,W8PPL3,0.20580474934036938,0.15,0.1125,0,0,0
Q9AXI0,Q9FSG7,0.18181818181818182,0.1,0.0625,0,0,0
Q9AXI0,Q9FSY7,0.32954545454545453,0.15,0.1125,0,0,0
Q9AXI0,Q9FUJ9,0.4939759036144578,0.6125,0.6125,1,0,0
Q9AXI0,Q9M5X7,0.2608695652173913,0.175,0.1625,0,0,0
Q9AXI0,Q9M5X8,0.21367521367521367,0.1875,0.1875,0,0,0
Q9AXI0,Q9M7R0,0.1871345029239766,0.2125,0.2125,0,0,0
Q9AXI0,Q9SQI9,0.22900763358778625,0.1125,0.1125,0,0,0
Q9AXI0,Q9XF39,0.24427480916030533,0.1375,0.1375,0,0,0
Q9AXI0,Q9XHP0,0.3181818181818182,0.1125,0.075,0,0,0
Q9AXI0,Q9XHP1,0.16891891891891891,0.0625,0.0375,0,0,0
Q9AXI0,Q9XHP2,0.38620689655172413,0.5,0.5,1,0,0
Q9AXI0,T2DN75,0.25,0.1,0.1,0,0,0
Q9AXI0,V5XVK5,0.17613636363636365,0.125,0.125,0,0,0
Q9AXI0,V7AEY9,0.26704545454545453,0.1375,0.1375,0,0,0
Q9AXI0,V7B793,0.18548387096774194,0.0625,0.0625,0,0,0
Q9AXI0,V7CAE0,0.15625,0.0875,0.0875,0,0,0
Q9AXI0,V7CE49,0.31875,0.3625,0.3625,1,0,0
Q9AXI0,V7CEG9,0.22556390977443608,0.1625,0.0875,0,0,0
Q9AXI0,W5X2N3,0.20454545454545456,0.125,0.125,0,0,0
Q9AXI0,W8PPL3,0.2784090909090909,0.1625,0.1625,0,0,0
Q9FSG7,Q9FSY7,0.2967479674796748,0.225,0.1,0,0,0
Q9FSG7,Q9FUJ9,0.2289156626506024,0.1,0.075,0,0,0
Q9FSG7,Q9M5X7,0.33043478260869563,0.15,0.15,0,1,0
Q9FSG7,Q9M5X8,0.28205128205128205,0.1375,0.1375,0,1,0
Q9FSG7,Q9M7R0,0.1871345029239766,0.1125,0.0375,0,0,0
Q9FSG7,Q9SQI9,0.2748091603053435,0.075,0.075,0,0,0
Q9FSG7,Q9XF39,0.2824427480916031,0.175,0.175,0,0,0
Q9FSG7,Q9XHP0,0.27235772357723576,0.0875,0.05,0,0,0
Q9FSG7,Q9XHP1,0.22972972972972974,0.0875,0.0875,0,0,0
Q9FSG7,Q9XHP2,0.22758620689655173,0.1625,0.1625,0,0,0
Q9FSG7,T2DN75,0.3699186991869919,0.525,0.5125,1,3,1
Q9FSG7,V5XVK5,0.41125541125541126,0.4875,0.4875,1,2,0
Q9FSG7,V7AEY9,0.23983739837398374,0.15,0.15,0,0,0
Q9FSG7,V7B793,0.27419354838709675,0.175,0.175,0,0,0
Q9FSG7,V7CAE0,0.21875,0.075,0.075,0,0,0
Q9FSG7,V7CE49,0.25,0.1125,0.0625,0,0,0
Q9FSG7,V7CEG9,0.3308270676691729,0.125,0.125,0,0,0
Q9FSG7,W5X2N3,0.23834196891191708,0.1125,0.0875,0,0,0
Q9FSG7,W8PPL3,0.25203252032520324,0.25,0.25,0,0,0
Q9FSY7,Q9FUJ9,0.3192771084337349,0.1625,0.125,0,0,0
Q9FSY7,Q9M5X7,0.3826086956521739,0.1625,0.1625,0,0,0
Q9FSY7,Q9M5X8,0.3247863247863248,0.1625,0.0625,0,0,0
Q9FSY7,Q9M7R0,0.3216374269005848,0.225,0.1875,0,0,0
Q9FSY7,Q9SQI9,0.3893129770992366,0.175,0.125,0,0,0
Q9FSY7,Q9XF39,0.4351145038167939,0.2125,0.1375,0,0,0
Q9FSY7,Q9XHP0,0.1786492374727669,0.225,0.1,0,0,0
Q9FSY7,Q9XHP1,0.35135135135135137,0.1,0.1,0,0,0
Q9FSY7,Q9XHP2,0.30344827586206896,0.1375,0.1375,0,0,0
Q9FSY7,T2DN75,0.28346456692913385,0.1,0.1,0,0,0
Q9FSY7,V5XVK5,0.2943722943722944,0.1125,0.0875,0,0,0
Q9FSY7,V7AEY9,0.2556179775280899,0.2375,0.3,0,0,0
Q9FSY7,V7B793,0.3870967741935484,0.1375,0.125,0,0,0
Q9FSY7,V7CAE0,0.3625,0.225,0.1625,0,0,0
Q9FSY7,V7CE49,0.3125,0.1125,0.0625,0,0,0
Q9FSY7,V7CEG9,0.40601503759398494,0.1125,0.1125,0,0,0
Q9FSY7,W5X2N3,0.32642487046632124,0.225,0.225,0,0,0
Q9FSY7,W8PPL3,0.2612137203166227,0.1375,0.1,0,0,0
Q9FUJ9,Q9M5X7,0.20869565217391303,0.075,0.075,0,0,0
Q9FUJ9,Q9M5X8,0.21367521367521367,0.1375,0.0625,0,0,0
Q9FUJ9,Q9M7R0,0.21686746987951808,0.1,0.05,0,0,0
Q9FUJ9,Q9SQI9,0.22137404580152673,0.2,0.2,0,0,0
Q9FUJ9,Q9XF39,0.183206106870229,0.1375,0.1375,0,0,0
Q9FUJ9,Q9XHP0,0.3072289156626506,0.2,0.1875,0,0,0
Q9FUJ9,Q9XHP1,0.12162162162162163,0.1125,0.1125,0,0,0
Q9FUJ9,Q9XHP2,0.41379310344827586,0.5625,0.525,1,5,3
Q9FUJ9,T2DN75,0.25903614457831325,0.1,0.1,0,0,0
Q9FUJ9,V5XVK5,0.21084337349397592,0.05,0.05,0,0,0
Q9FUJ9,V7AEY9,0.2891566265060241,0.1625,0.1125,0,0,0
Q9FUJ9,V7B793,0.25806451612903225,0.1,0.075,0,0,0
Q9FUJ9,V7CAE0,0.1625,0.075,0.075,0,0,0
Q9FUJ9,V7CE49,0.2875,0.375,0.375,1,0,0
Q9FUJ9,V7CEG9,0.19548872180451127,0.25,0.225,0,0,0
Q9FUJ9,W5X2N3,0.1746987951807229,0.0625,0.0625,0,0,0
Q9FUJ9,W8PPL3,0.26506024096385544,0.125,0.1125,0,0,0
Q9M5X7,Q9M5X8,0.8260869565217391,0.8375,0.8375,1,34,24
Q9M5X7,Q9M7R0,0.17391304347826086,0.1375,0.1375,0,0,0
Q9M5X7,Q9SQI9,0.20869565217391303,0.05,0.05,0,0,0
Q9M5X7,Q9XF39,0.21739130434782608,0.05,0.05,0,0,0
Q9M5X7,Q9XHP0,0.33043478260869563,0.25,0.25,0,0,0
Q9M5X7,Q9XHP1,0.26956521739130435,0.0875,0.0875,0,0,0
Q9M5X7,Q9XHP2,0.21739130434782608,0.15,0.15,0,0,0
Q9M5X7,T2DN75,0.3391304347826087,0.05,0.05,0,0,0
Q9M5X7,V5XVK5,0.2782608695652174,0.1375,0.0875,0,0,0
Q9M5X7,V7AEY9,0.2956521739130435,0.0625,0.0625,0,0,0
Q9M5X7,V7B793,0.2782608695652174,0.3125,0.3125,1,0,0
Q9M5X7,V7CAE0,0.22608695652173913,0.1,0.1,0,0,0
Q9M5X7,V7CE49,0.2,0.075,0.075,0,0,0
Q9M5X7,V7CEG9,0.25217391304347825,0.2625,0.2375,0,0,0
Q9M5X7,W5X2N3,0.21739130434782608,0.1,0.1,0,0,0
Q9M5X7,W8PPL3,0.2956521739130435,0.0625,0.0625,0,0,0
Q9M5X8,Q9M7R0,0.17094017094017094,0.0625,0.0625,0,0,0
Q9M5X8,Q9SQI9,0.2222222222222222,0.0625,0.0625,0,0,0
Q9M5X8,Q9XF39,0.19658119658119658,0.075,0.05,0,0,0
Q9M5X8,Q9XHP0,0.37606837606837606,0.1875,0.15,0,0,0
Q9M5X8,Q9XHP1,0.24786324786324787,0.1625,0.1625,0,0,0
Q9M5X8,Q9XHP2,0.19658119658119658,0.075,0.075,0,0,0
Q9M5X8,T2DN75,0.358974358974359,0.0875,0.0625,0,0,0
Q9M5X8,V5XVK5,0.24786324786324787,0.125,0.075,0,0,0
Q9M5X8,V7AEY9,0.3333333333333333,0.1,0.1,0,0,0
Q9M5X8,V7B793,0.2564102564102564,0.275,0.275,1,0,0
Q9M5X8,V7CAE0,0.23931623931623933,0.075,0.075,0,0,0
Q9M5X8,V7CE49,0.19658119658119658,0.0625,0.0625,0,0,0
Q9M5X8,V7CEG9,0.26495726495726496,0.2,0.2,0,0,0
Q9M5X8,W5X2N3,0.19658119658119658,0.05,0.05,0,0,0
Q9M5X8,W8PPL3,0.26495726495726496,0.1125,0.1125,0,0,0
Q9M7R0,Q9SQI9,0.1984732824427481,0.1,0.1,0,0,0
Q9M7R0,Q9XF39,0.1984732824427481,0.0875,0.0625,0,0,0
Q9M7R0,Q9XHP0,0.30994152046783624,0.1375,0.1,0,0,0
Q9M7R0,Q9XHP1,0.17567567567567569,0.0625,0.0625,0,0,0
Q9M7R0,Q9XHP2,0.2206896551724138,0.0875,0.0875,0,0,0
Q9M7R0,T2DN75,0.19298245614035087,0.0875,0.0875,0,0,0
Q9M7R0,V5XVK5,0.23976608187134502,0.1375,0.1375,0,0,0
Q9M7R0,V7AEY9,0.30409356725146197,0.225,0.225,0,0,0
Q9M7R0,V7B793,0.25,0.1,0.1,0,0,0
Q9M7R0,V7CAE0,0.19375,0.1625,0.1625,0,0,0
Q9M7R0,V7CE49,0.175,0.075,0.075,0,0,0
Q9M7R0,V7CEG9,0.21052631578947367,0.05,0.0375,0,0,0
Q9M7R0,W5X2N3,0.2046783625730994,0.0875,0.0875,0,0,0
Q9M7R0,W8PPL3,0.30409356725146197,0.1375,0.1,0,0,0
Q9SQI9,Q9XF39,0.7480916030534351,0.7875,0.7875,1,31,21
Q9SQI9,Q9XHP0,0.33587786259541985,0.0875,0.0875,0,0,0
Q9SQI9,Q9XHP1,0.17557251908396945,0.05,0.05,0,0,0
Q9SQI9,Q9XHP2,0.21374045801526717,0.1875,0.1875,0,0,0
Q9SQI9,T2DN75,0.20610687022900764,0.125,0.125,0,0,0
Q9SQI9,V5XVK5,0.21374045801526717,0.1,0.1,0,0,0
Q9SQI9,V7AEY9,0.24427480916030533,0.2,0.2,0,0,0
Q9SQI9,V7B793,0.1935483870967742,0.1125,0.0875,0,0,0
Q9SQI9,V7CAE0,0.22900763358778625,0.0625,0.0625,0,0,0
Q9SQI9,V7CE49,0.2366412213740458,0.1,0.1,0,0,0
Q9SQI9,V7CEG9,0.16793893129770993,0.1125,0.1125,0,0,0
Q9SQI9,W5X2N3,0.1984732824427481,0.05,0.0375,0,0,0
Q9SQI9,W8PPL3,0.2900763358778626,0.1375,0.0875,0,0,0
Q9XF39,Q9XHP0,0.29770992366412213,0.125,0.125,0,0,0
Q9XF39,Q9XHP1,0.13740458015267176,0.05,0.0375,0,0,0
Q9XF39,Q9XHP2,0.1984732824427481,0.075,0.075,0,0,0
Q9XF39,T2DN75,0.25190839694656486,0.125,0.125,0,0,0
Q9XF39,V5XVK5,0.2366412213740458,0.1,0.1,0,0,0
Q9XF39,V7AEY9,0.29770992366412213,0.2375,0.2375,0,0,0
Q9XF39,V7B793,0.20161290322580644,0.125,0.125,0,0,0
Q9XF39,V7CAE0,0.1984732824427481,0.05,0.05,0,0,0
Q9XF39,V7CE49,0.21374045801526717,0.175,0.175,0,0,0
Q9XF39,V7CEG9,0.19083969465648856,0.1,0.1,0,0,0
Q9XF39,W5X2N3,0.22137404580152673,0.0875,0.0875,0,0,0
Q9XF39,W8PPL3,0.3282442748091603,0.1625,0.1625,0,0,0
Q9XHP0,Q9XHP1,0.31756756756756754,0.1625,0.1625,0,0,0
Q9XHP0,Q9XHP2,0.32413793103448274,0.125,0.125,0,0,0
Q9XHP0,T2DN75,0.28346456692913385,0.1625,0.1,0,0,0
Q9XHP0,V5XVK5,0.2857142857142857,0.1875,0.1625,0,0,0
Q9XHP0,V7AEY9,0.27808988764044945,0.325,0.325,1,0,0
Q9XHP0,V7B793,0.3387096774193548,0.125,0.125,0,0,0
Q9XHP0,V7CAE0,0.28125,0.1125,0.1125,0,0,0
Q9XHP0,V7CE49,0.2375,0.0875,0.0625,0,0,0
Q9XHP0,V7CEG9,0.3458646616541353,0.125,0.0875,0,0,0
Q9XHP0,W5X2N3,0.2694300518134715,0.225,0.225,0,0,0
Q9XHP0,W8PPL3,0.18997361477572558,0.125,0.125,0,0,0
Q9XHP1,Q9XHP2,0.13793103448275862,0.075,0.0625,0,0,0
Q9XHP1,T2DN75,0.22297297297297297,0.0625,0.0625,0,0,0
Q9XHP1,V5XVK5,0.23648648648648649,0.0625,0.0625,0,0,0
Q9XHP1,V7AEY9,0.22297297297297297,0.1,0.1,0,0,0
Q9XHP1,V7B793,0.20967741935483872,0.15,0.15,0,0,0
Q9XHP1,V7CAE0,0.14864864864864866,0.075,0.075,0,0,0
Q9XHP1,V7CE49,0.21621621621621623,0.0625,0.0375,0,0,0
Q9XHP1,V7CEG9,0.19548872180451127,0.1,0.1,0,0,0
Q9XHP1,W5X2N3,0.1891891891891892,0.15,0.05,0,0,0
Q9XHP1,W8PPL3,0.24324324324324326,0.1125,0.1125,0,0,0
Q9XHP2,T2DN75,0.2827586206896552,0.175,0.175,0,0,0
Q9XHP2,V5XVK5,0.22758620689655173,0.075,0.0625,0,0,0
Q9XHP2,V7AEY9,0.33793103448275863,0.1375,0.1,0,0,0
Q9XHP2,V7B793,0.25,0.075,0.05,0,0,0
Q9XHP2,V7CAE0,0.2482758620689655,0.0875,0.075,0,0,0
Q9XHP2,V7CE49,0.4068965517241379,0.5125,0.5125,1,0,0
Q9XHP2,V7CEG9,0.22556390977443608,0.0875,0.0875,0,0,0
Q9XHP2,W5X2N3,0.2,0.075,0.075,0,0,0
Q9XHP2,W8PPL3,0.3724137931034483,0.2875,0.3,0,0,0
T2DN75,V5XVK5,0.3333333333333333,0.4,0.4,1,2,0
T2DN75,V7AEY9,0.21653543307086615,0.1125,0.1125,0,0,0
T2DN75,V7B793,0.27419354838709675,0.0875,0.0875,0,0,0
T2DN75,V7CAE0,0.21875,0.1375,0.125,0,0,0
T2DN75,V7CE49,0.25,0.1125,0.1,0,0,0
T2DN75,V7CEG9,0.2932330827067669,0.1625,0.1625,0,0,0
T2DN75,W5X2N3,0.19170984455958548,0.075,0.075,0,0,0
T2DN75,W8PPL3,0.2125984251968504,0.1875,0.1875,0,0,0
V5XVK5,V7AEY9,0.2510822510822511,0.075,0.075,0,0,0
V5XVK5,V7B793,0.25806451612903225,0.2375,0.2125,0,0,0
V5XVK5,V7CAE0,0.20625,0.0875,0.0875,0,0,0
V5XVK5,V7CE49,0.19375,0.0875,0.075,0,0,0
V5XVK5,V7CEG9,0.3007518796992481,0.075,0.075,0,0,0
V5XVK5,W5X2N3,0.21761658031088082,0.1375,0.1375,0,0,0
V5XVK5,W8PPL3,0.22510822510822512,0.225,0.2125,0,0,0
V7AEY9,V7B793,0.2903225806451613,0.0875,0.075,0,0,0
V7AEY9,V7CAE0,0.3,0.125,0.125,0,0,0
V7AEY9,V7CE49,0.33125,0.1,0.1,0,0,0
V7AEY9,V7CEG9,0.2706766917293233,0.1,0.075,0,0,0
V7AEY9,W5X2N3,0.30569948186528495,0.1625,0.1375,0,0,0
V7AEY9,W8PPL3,0.21067415730337077,0.2125,0.15,0,0,0
V7B793,V7CAE0,0.18548387096774194,0.0875,0.075,0,0,0
V7B793,V7CE49,0.24193548387096775,0.1375,0.0625,0,0,0
V7B793,V7CEG9,0.23387096774193547,0.175,0.175,0,0,0
V7B793,W5X2N3,0.29838709677419356,0.125,0.125,0,0,0
V7B793,W8PPL3,0.3548387096774194,0.1,0.0875,0,0,0
V7CAE0,V7CE49,0.15,0.0625,0.0625,0,0,0
V7CAE0,V7CEG9,0.21052631578947367,0.1,0.1,0,0,0
V7CAE0,W5X2N3,0.21875,0.1375,0.1375,0,0,0
V7CAE0,W8PPL3,0.29375,0.075,0.075,0,0,0
V7CE49,V7CEG9,0.2556390977443609,0.1,0.1,0,0,0
V7CE49,W5X2N3,0.2125,0.0625,0.0625,0,0,0
V7CE49,W8PPL3,0.29375,0.0875,0.075,0,0,0
V7CEG9,W5X2N3,0.22556390977443608,0.0625,0.0625,0,0,0
V7CEG9,W8PPL3,0.3007518796992481,0.1625,0.1625,0,0,0
W5X2N3,W8PPL3,0.23834196891191708,0.1125,0.1125,0,0,0
